"","condObs","node3","condition.x","sem.x","prior.x","uprior.x","post.x","postces.x","postns.x","noInf.x","noInf_ns.x","cat.x","present_causes.x","condition.y","sem.y","prior.y","uprior.y","post.y","postces.y","postns.y","noInf.y","noInf_ns.y","cat.y","present_causes.y","newProb","postces_norm","count","count_norm","Relevant","choice","condVerb","cause"
"1","0000","br_f=0",NA,NA,0,0,0,0,0,0,0,NA,NA,"c00000",FALSE,0.0325893764089793,0.521430022543668,1,0.65741374476228,0.111111111111111,0.200156632544138,0.0579366691715187,"Pizza","br",0.32870687238114,0.154191339596517,NA,NA,"TRUE","ShortPizza","AbsentNoLazySee_pizza","br"
"2","0000","br_p=0","c00000",FALSE,0.0624994792816265,0.999991668506024,1,0.072731618064032,0.111111111111111,0.168155215675713,0.111110185389558,"Short","br",NA,NA,0,0,0,0,0,0,0,NA,NA,0.036365809032016,0.0478863283356445,3,0.09375,"TRUE","ShortPizza","AbsentNoLazySee_pizza","br"
"3","0000","C=0","c00000",FALSE,0.0624994792816265,0.999991668506024,1,0.426302360419073,0.111111111111111,0.413705738262952,0.111110185389558,"Short","C","c00000",FALSE,0.0325893764089793,0.521430022543668,1,0.0267713998961701,0.111111111111111,0.018722383504336,0.0579366691715187,"Pizza","C",0.226536880157622,0.10246428790754,20,0.625,"TRUE","ShortPizza","AbsentNoLazySee_pizza","C"
"4","0000","Cu=0","c00000",FALSE,0.0324266788441719,0.51882686150675,0.518831184145635,0.0576479093393118,0.057647909349515,0.0226534654189301,0.0288237145281528,"Short","Cu","c00000",FALSE,1.21653505163806e-10,1.9464560826209e-09,3.73291908495332e-09,9.94398588138298e-11,4.14768787217036e-10,3.47083335852079e-11,1.08136449034494e-10,"Pizza","Cu",0.0288239547193758,0.0464632940432375,NA,NA,"TRUE","ShortPizza","AbsentNoLazySee_pizza","Cu"
"5","0000","Cu=1","c00000",FALSE,0.0300728004374546,0.481164806999274,0.481168815854365,0.00962063450380423,0.0534632017615961,0.00549834212357313,0.0267313781666263,"Short","Cu","c00000",FALSE,0.0325893762873258,0.521430020597212,0.999999996267081,0.026437508789861,0.111111110696342,0.00930163870802684,0.0289683344776229,"Pizza","Cu",0.0180290716468326,0.044499728728643,NA,NA,"TRUE","ShortPizza","AbsentNoLazySee_pizza","Cu"
"6","0000","K=0","c00000",FALSE,0.0624994792816265,0.999991668506024,1,0.0721168156571308,0.111111111111111,0.058981702725105,0.111110185389558,"Short","K","c00000",FALSE,0.0325893764089793,0.521430022543668,1,0.040099556269026,0.111111111111111,0.0720949909057175,0.0579366691715187,"Pizza","K",0.0561081859630784,0.0518212113221559,NA,NA,"TRUE","ShortPizza","AbsentNoLazySee_pizza","K"
"7","0000","Ku_f=0",NA,NA,0,0,0,0,0,0,0,NA,NA,"c00000",FALSE,0.0325852060394022,0.521363296630436,0.999872032851298,0.0403399140786954,0.111096892539033,0.0121983121901857,0.0289646275905798,"Pizza","Ku",0.0201699570393477,0.0448824403500875,3,0.09375,"TRUE","ShortPizza","AbsentNoLazySee_pizza","Ku"
"8","0000","Ku_f=1",NA,NA,0,0,0,0,0,0,0,NA,NA,"c00000",FALSE,4.1703695770436e-06,6.67259132326976e-05,0.000127967148702316,2.84753564873458e-06,1.42185720780351e-05,9.25197115340559e-07,3.70699517959431e-06,"Pizza","Ku",1.42376782436729e-06,0.0414037932757484,NA,NA,"TRUE","ShortPizza","AbsentNoLazySee_pizza","Ku"
"9","0000","Ku_p=0","c00000",FALSE,0.0624994791932575,0.99999166709212,0.999999998586083,0.071958935999449,0.111111110954009,0.0356478300619328,0.0555550926162289,"Short","Ku",NA,NA,0,0,0,0,0,0,0,NA,NA,0.0359794679997245,0.0478123836719884,NA,NA,"TRUE","ShortPizza","AbsentNoLazySee_pizza","Ku"
"10","0000","Ku_p=1","c00000",FALSE,8.83690526102031e-11,1.41390484176325e-09,1.41391662180107e-09,9.61972107715382e-11,1.57101846866785e-10,3.6144856254952e-11,7.85502689868472e-11,"Short","Ku",NA,NA,0,0,0,0,0,0,0,NA,NA,4.80986053857691e-11,0.041403557486831,1,0.03125,"TRUE","ShortPizza","AbsentNoLazySee_pizza","Ku"
"11","0000","P=0","c00000",FALSE,0.0624994792816265,0.999991668506024,1,0.0716458406170301,0.111111111111111,0.0590220610607627,0.111110185389558,"Short","P","c00000",FALSE,0.0325893764089793,0.521430022543668,1,0.0835364547572122,0.111111111111111,0.0717949159920973,0.0579366691715187,"Pizza","P",0.0775911476871211,0.0564712352182127,1,0.03125,"TRUE","ShortPizza","AbsentNoLazySee_pizza","P"
"12","0000","Pu_f=0",NA,NA,0,0,0,0,0,0,0,NA,NA,"c00000",FALSE,0.0268836297140461,0.430138075424738,0.824920040711149,0.0324766704092226,0.0916577823012387,0.010033405987351,0.0238965597458188,"Pizza","Pu",0.0162383352046113,0.0441821184555994,1,0.03125,"TRUE","ShortPizza","AbsentNoLazySee_pizza","Pu"
"13","0000","Pu_f=1",NA,NA,0,0,0,0,0,0,0,NA,NA,"c00000",FALSE,0.00570574669493313,0.0912919471189302,0.175079959288851,0.00384382262166237,0.0194533288098723,0.00126126954176203,0.00507177483994056,"Pizza","Pu",0.00192191131083118,0.0417230799546511,NA,NA,"TRUE","ShortPizza","AbsentNoLazySee_pizza","Pu"
"14","0000","Pu_p=0","c00000",FALSE,0.0533623568742783,0.853797709988453,0.853804823458196,0.0615217986051983,0.0948672026064662,0.0254294449822594,0.0474332061104696,"Short","Pu",NA,NA,0,0,0,0,0,0,0,NA,NA,0.0307608993025991,0.0468246795055571,NA,NA,"TRUE","ShortPizza","AbsentNoLazySee_pizza","Pu"
"15","0000","Pu_p=1","c00000",FALSE,0.0091371224073482,0.146193958517571,0.146195176541804,0.0110193899547484,0.0162439085046449,0.00462138880762631,0.00812188658430951,"Short","Pu",NA,NA,0,0,0,0,0,0,0,NA,NA,0.00550969497737422,0.0423261706609757,NA,NA,"TRUE","ShortPizza","AbsentNoLazySee_pizza","Pu"
"16","0000","S=0","c00000",FALSE,0.0624994792816265,0.999991668506024,1,0.0727030787729391,0.111111111111111,0.061321966210315,0.111110185389558,"Short","S","c00000",FALSE,0.0325893764089793,0.521430022543668,1,0.0535320285540071,0.111111111111111,0.0856839591321089,0.0579366691715187,"Pizza","S",0.0631175536634731,0.0532947070431746,NA,NA,"TRUE","ShortPizza","AbsentNoLazySee_pizza","S"
"17","0000","Su=0","c00000",FALSE,4.11321418761128e-09,6.58114270017805e-08,6.58119753138564e-08,4.79089295276146e-09,7.3124417015396e-09,2.00768127567281e-09,3.65619038898781e-09,"Short","Su","c00000",FALSE,0.0299609992349638,0.47937598775942,0.919348650890684,0.034259099910764,0.102149850098965,0.00990113834182552,0.0266319993199678,"Pizza","Su",0.0171295523508285,0.0443399029751355,3,0.09375,"TRUE","ShortPizza","AbsentNoLazySee_pizza","Su"
"18","0000","Su=1","c00000",FALSE,0.0624994751684123,0.999991602694597,0.999999934188025,0.0727316131801928,0.111111103798669,0.0306028744863783,0.0555550890385887,"Short","Su","c00000",FALSE,0.00262837717401549,0.0420540347842479,0.0806513491093159,0.00128695231601048,0.00896126101214621,0.000388028625592791,0.00233633526579155,"Pizza","Su",0.0370092827481017,0.0480097414683004,NA,NA,"TRUE","ShortPizza","AbsentNoLazySee_pizza","Su"
"19","0001","br_f=0",NA,NA,0,0,0,0,0,0,0,NA,NA,"c00010",FALSE,0.0299609992349638,0.47937598775942,1,0.630319619689934,0.111111111111111,0.109577347086455,0.0266319993199678,"Pizza","br",0.315159809844967,0.146901592845936,NA,NA,"TRUE","ShortPizza","AbsentNoLazySee_hotdog","br"
"20","0001","br_p=0","c00010",FALSE,0.0624994792816265,0.999991668506024,1,0.0725868958608994,0.111111111111111,0.168734945296775,0.111110185389558,"Short","br",NA,NA,0,0,0,0,0,0,0,NA,NA,0.0362934479304497,0.0481488607980414,2,0.0666666666666667,"TRUE","ShortPizza","AbsentNoLazySee_hotdog","br"
"21","0001","C=0","c00010",FALSE,0.0624994792816265,0.999991668506024,1,0.428232919928587,0.111111111111111,0.414607819677764,0.111110185389558,"Short","C","c00010",FALSE,0.0299609992349638,0.47937598775942,1,0.0261492631010155,0.111111111111111,0.0074288361303946,0.0266319993199678,"Pizza","C",0.227191091514801,0.103325898152898,10,0.333333333333333,"TRUE","ShortPizza","AbsentNoLazySee_hotdog","C"
"22","0001","Cu=0","c00010",FALSE,0.0324266788441719,0.51882686150675,0.518831184145635,0.0576479065759818,0.057647909349515,0.022654138352033,0.0288237145281528,"Short","Cu","c00010",FALSE,1.11841985848468e-10,1.78947177357549e-09,3.73291908495332e-09,1.00630756897146e-10,4.14768787217036e-10,1.40692559879669e-11,4.97075492659859e-11,"Pizza","Cu",0.0288239533383063,0.0467315488188487,NA,NA,"TRUE","ShortPizza","AbsentNoLazySee_hotdog","Cu"
"23","0001","Cu=1","c00010",FALSE,0.0300728004374546,0.481164806999274,0.481168815854365,0.00936657544154301,0.0534632017615961,0.00540687335135708,0.0267313781666263,"Short","Cu","c00010",FALSE,0.0299609991231218,0.479375985969949,0.999999996267081,0.0268939378877,0.111111110696342,0.00376151163672295,0.0133159996102764,"Pizza","Cu",0.0181302566646215,0.0447747656265818,NA,NA,"TRUE","ShortPizza","AbsentNoLazySee_hotdog","Cu"
"24","0001","K=0","c00010",FALSE,0.0624994792816265,0.999991668506024,1,0.0719350068570184,0.111111111111111,0.0588453978058696,0.111110185389558,"Short","K","c00010",FALSE,0.0299609992349638,0.47937598775942,1,0.0406612242777772,0.111111111111111,0.0357187370651696,0.0266319993199678,"Pizza","K",0.0562981155673978,0.0521600120727071,3,0.1,"TRUE","ShortPizza","AbsentNoLazySee_hotdog","K"
"25","0001","Ku_f=0",NA,NA,0,0,0,0,0,0,0,NA,NA,"c00010",FALSE,0.0299571652113194,0.47931464338111,0.999872032851298,0.041221969862556,0.111096892539033,0.00514057827467999,0.0133142956494753,"Pizza","Ku",0.020610984931278,0.045221273398629,2,0.0666666666666667,"TRUE","ShortPizza","AbsentNoLazySee_hotdog","Ku"
"26","0001","Ku_f=1",NA,NA,0,0,0,0,0,0,0,NA,NA,"c00010",FALSE,3.83402364437059e-06,6.13443783099294e-05,0.000127967148702316,2.8722986570348e-06,1.42185720780351e-05,3.63727703261902e-07,1.70401050860915e-06,"Pizza","Ku",1.4361493285174e-06,0.0416428394307435,NA,NA,"TRUE","ShortPizza","AbsentNoLazySee_hotdog","Ku"
"27","0001","Ku_p=0","c00010",FALSE,0.0624994791932575,0.99999166709212,0.999999998586083,0.0718967112693937,0.111111110954009,0.0295788647047902,0.0555550926162289,"Short","Ku",NA,NA,0,0,0,0,0,0,0,NA,NA,0.0359483556346969,0.0480824434451783,NA,NA,"TRUE","ShortPizza","AbsentNoLazySee_hotdog","Ku"
"28","0001","Ku_p=1","c00010",FALSE,8.83690526102031e-11,1.41390484176325e-09,1.41391662180107e-09,1.06421647413134e-10,1.57101846866785e-10,4.44783695645807e-11,7.85502689868472e-11,"Short","Ku",NA,NA,0,0,0,0,0,0,0,NA,NA,5.32108237065672e-11,0.0416426002189504,NA,NA,"TRUE","ShortPizza","AbsentNoLazySee_hotdog","Ku"
"29","0001","P=0","c00010",FALSE,0.0624994792816265,0.999991668506024,1,0.0713620871338142,0.111111111111111,0.0588328466547061,0.111110185389558,"Short","P","c00010",FALSE,0.0299609992349638,0.47937598775942,1,0.0819986755426365,0.111111111111111,0.0354539931706036,0.0266319993199678,"Pizza","P",0.0766803813382253,0.0565907312042567,8,0.266666666666667,"TRUE","ShortPizza","AbsentNoLazySee_hotdog","P"
"30","0001","Pu_f=0",NA,NA,0,0,0,0,0,0,0,NA,NA,"c00010",FALSE,0.024715428708653,0.395446859338448,0.824920040711149,0.031505601750415,0.0916577823012388,0.00413202922051231,0.0109846349816236,"Pizza","Pu",0.0157528008752075,0.0443509837626219,2,0.0666666666666667,"TRUE","ShortPizza","AbsentNoLazySee_hotdog","Pu"
"31","0001","Pu_f=1",NA,NA,0,0,0,0,0,0,0,NA,NA,"c00010",FALSE,0.00524557052631076,0.0839291284209721,0.175079959288851,0.0037547257814048,0.0194533288098723,0.00049525208914556,0.00233136467836034,"Pizza","Pu",0.0018773628907024,0.0419564903958174,NA,NA,"TRUE","ShortPizza","AbsentNoLazySee_hotdog","Pu"
"32","0001","Pu_p=0","c00010",FALSE,0.0533623568742783,0.853797709988453,0.853804823458196,0.0609633259438492,0.0948672026064662,0.025313610489459,0.0474332061104696,"Short","Pu",NA,NA,0,0,0,0,0,0,0,NA,NA,0.0304816629719246,0.047042447794854,NA,NA,"TRUE","ShortPizza","AbsentNoLazySee_hotdog","Pu"
"33","0001","Pu_p=1","c00010",FALSE,0.0091371224073482,0.146193958517571,0.146195176541804,0.0109411061267468,0.0162439085046449,0.00457978151694959,0.00812188658430951,"Short","Pu",NA,NA,0,0,0,0,0,0,0,NA,NA,0.00547055306337338,0.0425638754357025,NA,NA,"TRUE","ShortPizza","AbsentNoLazySee_hotdog","Pu"
"34","0001","S=1","c00010",FALSE,0.0624994792816265,0.999991668506024,1,0.0726712048337873,0.111111111111111,0.0611526759205755,0.111110185389558,"Short","S","c00010",FALSE,0.0299609992349638,0.47937598775942,1,0.0269139109490414,0.111111111111111,0.00750806038805433,0.0266319993199678,"Pizza","S",0.0497925578914144,0.0508202002554709,NA,NA,"TRUE","ShortPizza","AbsentNoLazySee_hotdog","S"
"35","0001","Su=0","c00010",FALSE,4.11321418761128e-09,6.58114270017805e-08,6.58119753138564e-08,2.02428514829564e-09,7.3124417015396e-09,1.61610302137765e-09,3.65619038898781e-09,"Short","Su","c00010",FALSE,0.0299609992349638,0.47937598775942,1,0.0905781987582317,0.111111111111111,0.0206492259081073,0.0266319993199678,"Pizza","Su",0.0452891003912584,0.0499129300469418,1,0.0333333333333333,"TRUE","ShortPizza","AbsentNoLazySee_hotdog","Su"
"36","0001","Su=1","c00010",FALSE,0.0624994751684123,0.999991602694597,0.999999934188025,0.0723962578976721,0.111111103798669,0.0363499407740229,0.0555550890385887,"Short","Su",NA,NA,0,0,0,0,0,0,0,NA,NA,0.036198128948836,0.0481305062958202,NA,NA,"TRUE","ShortPizza","AbsentNoLazySee_hotdog","Su"
"37","0010","br_f=0",NA,NA,0,0,0,0,0,0,0,NA,NA,"c00100",FALSE,0.0325893764089793,0.521430022543668,1,0.655956150949145,0.111111111111111,0.200108730604535,0.0579366691715187,"Pizza","br",0.327978075474572,0.156160614860585,NA,NA,"TRUE","ShortPizza","AbsentNoSportySee_pizza","br"
"38","0010","br_p=0","c00100",FALSE,0.0324266788441719,0.51882686150675,1,0.111111154027659,0.111111111111111,0.0966640593482767,0.0288237145281528,"Short","br",NA,NA,0,0,0,0,0,0,0,NA,NA,0.0555555770138294,0.0525200534000069,NA,NA,"TRUE","ShortPizza","AbsentNoSportySee_pizza","br"
"39","0010","C=1","c00100",FALSE,0.0324266788441719,0.51882686150675,1,0.111111105744625,0.111111111111111,0.0203372912766836,0.0288237145281528,"Short","C","c00100",FALSE,0.0325893764089793,0.521430022543668,1,0.0266192740417911,0.111111111111111,0.0185910655604347,0.0579366691715187,"Pizza","C",0.0688651898932078,0.0553919079780917,1,0.032258064516129,"TRUE","ShortPizza","AbsentNoSportySee_pizza","C"
"40","0010","Cu=0","c00100",FALSE,0.0324266788441719,0.51882686150675,1,0.111111105751295,0.111111111111111,0.0203546156767754,0.0288237145281528,"Short","Cu","c00100",FALSE,1.21653505163806e-10,1.9464560826209e-09,3.73291908495332e-09,9.84612538350288e-11,4.14768787217036e-10,3.48438314773305e-11,1.08136449034494e-10,"Pizza","Cu",0.055555552924878,0.0525200483393951,NA,NA,"TRUE","ShortPizza","AbsentNoSportySee_pizza","Cu"
"41","0010","Cu=1",NA,NA,0,0,0,0,0,0,0,NA,NA,"c00100",FALSE,0.0325893762873258,0.521430020597212,0.999999996267081,0.0267155787154639,0.111111110696342,0.00935322140276172,0.0289683344776229,"Pizza","Cu",0.0133577893577319,0.0443629169026663,NA,NA,"TRUE","ShortPizza","AbsentNoSportySee_pizza","Cu"
"42","0010","K=0","c00100",FALSE,0.0324266788441719,0.51882686150675,1,0.111111105746494,0.111111111111111,0.0203422085812887,0.0288237145281528,"Short","K","c00100",FALSE,0.0325893764089793,0.521430022543668,1,0.0407264534975248,0.111111111111111,0.0723304316148086,0.0579366691715187,"Pizza","K",0.0759187796220095,0.0569770113379343,4,0.129032258064516,"TRUE","ShortPizza","AbsentNoSportySee_pizza","K"
"43","0010","Ku_f=0",NA,NA,0,0,0,0,0,0,0,NA,NA,"c00100",FALSE,0.0325852060394022,0.521363296630436,0.999872032851298,0.0409644506066451,0.111096892539033,0.0122159829706637,0.0289646275905798,"Pizza","Ku",0.0204822253033225,0.0456453463250219,6,0.193548387096774,"TRUE","ShortPizza","AbsentNoSportySee_pizza","Ku"
"44","0010","Ku_f=1",NA,NA,0,0,0,0,0,0,0,NA,NA,"c00100",FALSE,4.1703695770436e-06,6.67259132326976e-05,0.000127967148702316,2.85141579603057e-06,1.42185720780351e-05,9.20186862920528e-07,3.70699517959431e-06,"Pizza","Ku",1.42570789801529e-06,0.0420550073828234,1,0.032258064516129,"TRUE","ShortPizza","AbsentNoSportySee_pizza","Ku"
"45","0010","Ku_p=0","c00100",FALSE,0.0324266787983233,0.518826860773172,0.999999998586083,0.111111105604104,0.111111110954009,0.0113245131900434,0.0144118572436992,"Short","Ku",NA,NA,0,0,0,0,0,0,0,NA,NA,0.055555552802052,0.0525200483135918,1,0.032258064516129,"TRUE","ShortPizza","AbsentNoSportySee_pizza","Ku"
"46","0010","Ku_p=1","c00100",FALSE,4.58486202075796e-11,7.33577923321274e-10,1.41391662180107e-09,1.42396975863541e-10,1.57101846866785e-10,1.27503303416516e-11,2.03771645367021e-11,"Short","Ku",NA,NA,0,0,0,0,0,0,0,NA,NA,7.11984879317706e-11,0.0420547675628595,1,0.032258064516129,"TRUE","ShortPizza","AbsentNoSportySee_pizza","Ku"
"47","0010","P=0","c00100",FALSE,0.0324266788441719,0.51882686150675,1,0.111111105746484,0.111111111111111,0.0203422048380685,0.0288237145281528,"Short","P","c00100",FALSE,0.0325893764089793,0.521430022543668,1,0.0839184260153229,0.111111111111111,0.0719578221342644,0.0579366691715187,"Pizza","P",0.0975147658809034,0.0621177527488621,3,0.0967741935483871,"TRUE","ShortPizza","AbsentNoSportySee_pizza","P"
"48","0010","Pu_f=0",NA,NA,0,0,0,0,0,0,0,NA,NA,"c00100",FALSE,0.0268836297140461,0.430138075424738,0.824920040711149,0.0320753878069497,0.0916577823012387,0.0101052890076053,0.0238965597458188,"Pizza","Pu",0.0160376939034749,0.0448410284416028,2,0.0645161290322581,"TRUE","ShortPizza","AbsentNoSportySee_pizza","Pu"
"49","0010","Pu_f=1",NA,NA,0,0,0,0,0,0,0,NA,NA,"c00100",FALSE,0.00570574669493313,0.0912919471189302,0.175079959288851,0.00382319802379407,0.0194533288098723,0.0012599341012652,0.00507177483994056,"Pizza","Pu",0.00191159901189703,0.042377567514679,NA,NA,"TRUE","ShortPizza","AbsentNoSportySee_pizza","Pu"
"50","0010","Pu_p=0","c00100",FALSE,0.0276860548058838,0.442976876894141,0.853804823458196,0.0948671972565621,0.0948672026064662,0.0096689245495919,0.0123049132470595,"Short","Pu",NA,NA,0,0,0,0,0,0,0,NA,NA,0.0474335986282811,0.0508412052439143,NA,NA,"TRUE","ShortPizza","AbsentNoSportySee_pizza","Pu"
"51","0010","Pu_p=1","c00100",FALSE,0.00474062403828808,0.0758499846126093,0.146195176541804,0.0162439084899399,0.0162439085046449,0.0013183461585164,0.00210694401701693,"Short","Pu",NA,NA,0,0,0,0,0,0,0,NA,NA,0.00812195424496996,0.043443470972448,2,0.0645161290322581,"TRUE","ShortPizza","AbsentNoSportySee_pizza","Pu"
"52","0010","S=0","c00100",FALSE,0.0324266788441719,0.51882686150675,1,0.111111105746567,0.111111111111111,0.0203424967589256,0.0288237145281528,"Short","S","c00100",FALSE,0.0325893764089793,0.521430022543668,1,0.0540186195444328,0.111111111111111,0.0853044265367977,0.0579366691715187,"Pizza","S",0.0825648626454999,0.0585120203217705,NA,NA,"TRUE","ShortPizza","AbsentNoSportySee_pizza","S"
"53","0010","Su=0","c00100",FALSE,2.13406378760299e-09,3.41450206016478e-08,6.58119753138564e-08,1.95986518256347e-09,7.3124417015396e-09,5.4190306962815e-10,9.48472794490218e-10,"Short","Su","c00100",FALSE,0.0299609992349638,0.47937598775942,0.919348650890684,0.0339235843936522,0.102149850098965,0.00994130857729386,0.0266319993199678,"Pizza","Su",0.0169617931767587,0.0450070854059531,10,0.32258064516129,"TRUE","ShortPizza","AbsentNoSportySee_pizza","Su"
"54","0010","Su=1","c00100",FALSE,0.0324266767101081,0.51882682736173,0.999999934188025,0.111111103784008,0.111111103798669,0.0121119644414802,0.0144118563156036,"Short","Su","c00100",FALSE,0.00262837717401549,0.0420540347842479,0.0806513491093159,0.00125602489102137,0.00896126101214621,0.000385673478776825,0.00233633526579155,"Pizza","Su",0.0561835643375149,0.052652146947794,NA,NA,"TRUE","ShortPizza","AbsentNoSportySee_pizza","Su"
"55","0011","br_f=0",NA,NA,0,0,0,0,0,0,0,NA,NA,"c00110",FALSE,0.0299609992349638,0.47937598775942,1,0.625830716149268,0.111111111111111,0.109276442953305,0.0266319993199678,"Pizza","br",0.312915358074634,0.137702991968517,NA,NA,"TRUE","ShortPizza","AbsentNoSportySee_hotdog","br"
"56","0011","br_p=0","c00110",FALSE,0.0324266788441719,0.51882686150675,1,0.76133792917042,0.111111111111111,0.0782136604044134,0.0288237145281528,"Short","br",NA,NA,0,0,0,0,0,0,0,NA,NA,0.38066896458521,0.180569105364449,1,0.032258064516129,"TRUE","ShortPizza","AbsentNoSportySee_hotdog","br"
"57","0011","C=1","c00110",FALSE,0.0324266788441719,0.51882686150675,1,0.0297895536801637,0.111111111111111,0.0226467065979098,0.0288237145281528,"Short","C","c00110",FALSE,0.0299609992349638,0.47937598775942,1,0.0270151622549707,0.111111111111111,0.00747252296160956,0.0266319993199678,"Pizza","C",0.0284023579675672,0.0441259097778899,5,0.161290322580645,"TRUE","ShortPizza","AbsentNoSportySee_hotdog","C"
"58","0011","Cu=0","c00110",FALSE,0.0324266788441719,0.51882686150675,1,0.0298907877634911,0.111111111111111,0.0226543754962007,0.0288237145281528,"Short","Cu","c00110",FALSE,1.11841985848468e-10,1.78947177357549e-09,3.73291908495332e-09,9.98814817691851e-11,4.14768787217036e-10,1.39711771588489e-11,4.97075492659859e-11,"Pizza","Cu",0.0149453939316863,0.0418135009699795,NA,NA,"TRUE","ShortPizza","AbsentNoSportySee_hotdog","Cu"
"59","0011","Cu=1",NA,NA,0,0,0,0,0,0,0,NA,NA,"c00110",FALSE,0.0299609991231218,0.479375985969949,0.999999996267081,0.0273263440483678,0.111111110696342,0.00374565181104826,0.0133159996102764,"Pizza","Cu",0.0136631720241839,0.0415995932453406,1,0.032258064516129,"TRUE","ShortPizza","AbsentNoSportySee_hotdog","Cu"
"60","0011","K=0","c00110",FALSE,0.0324266788441719,0.51882686150675,1,0.0298184531667087,0.111111111111111,0.0226488761629471,0.0288237145281528,"Short","K","c00110",FALSE,0.0299609992349638,0.47937598775942,1,0.0410587126184802,0.111111111111111,0.0356070627428177,0.0266319993199678,"Pizza","K",0.0354385828925944,0.0453854710514639,7,0.225806451612903,"TRUE","ShortPizza","AbsentNoSportySee_hotdog","K"
"61","0011","Ku_f=0",NA,NA,0,0,0,0,0,0,0,NA,NA,"c00110",FALSE,0.0299571652113194,0.47931464338111,0.999872032851298,0.0408601330956972,0.111096892539033,0.00503136456309219,0.0133142956494753,"Pizza","Ku",0.0204300665478486,0.0427409709641096,3,0.0967741935483871,"TRUE","ShortPizza","AbsentNoSportySee_hotdog","Ku"
"62","0011","Ku_f=1",NA,NA,0,0,0,0,0,0,0,NA,NA,"c00110",FALSE,3.83402364437059e-06,6.13443783099294e-05,0.000127967148702316,2.82737598738526e-06,1.42185720780351e-05,3.63507397082638e-07,1.70401050860915e-06,"Pizza","Ku",1.41368799369263e-06,0.0393872971168896,NA,NA,"TRUE","ShortPizza","AbsentNoSportySee_hotdog","Ku"
"63","0011","Ku_p=0","c00110",FALSE,0.0324266787983233,0.518826860773172,0.999999998586083,0.0298181732268809,0.111111110954009,0.0113244301350255,0.0144118572436992,"Short","Ku",NA,NA,0,0,0,0,0,0,0,NA,NA,0.0149090866134404,0.0418074288665669,NA,NA,"TRUE","ShortPizza","AbsentNoSportySee_hotdog","Ku"
"64","0011","Ku_p=1","c00110",FALSE,4.58486202075796e-11,7.33577923321274e-10,1.41391662180107e-09,1.37420899073294e-10,1.57101846866785e-10,1.60118507791283e-11,2.03771645367021e-11,"Short","Ku",NA,NA,0,0,0,0,0,0,0,NA,NA,6.8710449536647e-11,0.0393870744029484,NA,NA,"TRUE","ShortPizza","AbsentNoSportySee_hotdog","Ku"
"65","0011","P=0","c00110",FALSE,0.0324266788441719,0.51882686150675,1,0.0298184644810627,0.111111111111111,0.0226488642590634,0.0288237145281528,"Short","P","c00110",FALSE,0.0299609992349638,0.47937598775942,1,0.0837788302840283,0.111111111111111,0.0358864117541213,0.0266319993199678,"Pizza","P",0.0567986473825455,0.0494336957017988,5,0.161290322580645,"TRUE","ShortPizza","AbsentNoSportySee_hotdog","P"
"66","0011","Pu_f=0",NA,NA,0,0,0,0,0,0,0,NA,NA,"c00110",FALSE,0.024715428708653,0.395446859338448,0.824920040711149,0.0330145982420251,0.0916577823012388,0.00422440206639085,0.0109846349816236,"Pizza","Pu",0.0165072991210125,0.0420755536169674,6,0.193548387096774,"TRUE","ShortPizza","AbsentNoSportySee_hotdog","Pu"
"67","0011","Pu_f=1",NA,NA,0,0,0,0,0,0,0,NA,NA,"c00110",FALSE,0.00524557052631076,0.0839291284209721,0.175079959288851,0.00378218967154372,0.0194533288098723,0.00049510414008321,0.00233136467836034,"Pizza","Pu",0.00189109483577186,0.0396861428717014,NA,NA,"TRUE","ShortPizza","AbsentNoSportySee_hotdog","Pu"
"68","0011","Pu_p=0","c00110",FALSE,0.0276860548058838,0.442976876894141,0.853804823458196,0.013574805094755,0.0948672026064662,0.00966887060326413,0.0123049132470595,"Short","Pu",NA,NA,0,0,0,0,0,0,0,NA,NA,0.00678740254737748,0.0404710665065338,NA,NA,"TRUE","ShortPizza","AbsentNoSportySee_hotdog","Pu"
"69","0011","Pu_p=1","c00110",FALSE,0.00474062403828808,0.0758499846126093,0.146195176541804,0.0162439084849638,0.0162439085046449,0.00165557977828273,0.00210694401701693,"Short","Pu",NA,NA,0,0,0,0,0,0,0,NA,NA,0.00812195424248191,0.0406876870965113,NA,NA,"TRUE","ShortPizza","AbsentNoSportySee_hotdog","Pu"
"70","0011","S=1","c00110",FALSE,0.0324266788441719,0.51882686150675,1,0.029817137030642,0.111111111111111,0.0226487767598949,0.0288237145281528,"Short","S","c00110",FALSE,0.0299609992349638,0.47937598775942,1,0.0270105068314075,0.111111111111111,0.00749570418230045,0.0266319993199678,"Pizza","S",0.0284138219310247,0.0441279332555526,NA,NA,"TRUE","ShortPizza","AbsentNoSportySee_hotdog","S"
"71","0011","Su=0","c00110",FALSE,2.13406378760299e-09,3.41450206016478e-08,6.58119753138564e-08,7.3124417015396e-09,7.3124417015396e-09,9.48472794490218e-10,9.48472794490218e-10,"Short","Su","c00110",FALSE,0.0299609992349638,0.47937598775942,1,0.0903199793283426,0.111111111111111,0.0206400053819257,0.0266319993199678,"Pizza","Su",0.0451599933203921,0.0471850768726716,1,0.032258064516129,"TRUE","ShortPizza","AbsentNoSportySee_hotdog","Su"
"72","0011","Su=1","c00110",FALSE,0.0324266767101081,0.51882682736173,0.999999934188025,0.0298907804510494,0.111111103798669,0.00824251768966791,0.0144118563156036,"Short","Su",NA,NA,0,0,0,0,0,0,0,NA,NA,0.0149453902255247,0.0418135003501091,NA,NA,"TRUE","ShortPizza","AbsentNoSportySee_hotdog","Su"
"73","0100","br_f=0",NA,NA,0,0,0,0,0,0,0,NA,NA,"c01000",FALSE,0.0325852060394022,0.521363296630436,1,0.416362490028264,0.111111111111111,0.0830000244390288,0.0289646275905798,"Pizza","br",0.208181245014132,0.098417854746534,NA,NA,"TRUE","ShortPizza","AbsentYesLazySee_pizza","br"
"74","0100","br_p=0","c01000",FALSE,0.0624994792816265,0.999991668506024,0.999999999999988,0.0760430960558778,0.11111111111111,0.082981575467193,0.111110185389558,"Short","br",NA,NA,0,0,0,0,0,0,0,NA,NA,0.0380215480279389,0.0498283176697383,NA,NA,"TRUE","ShortPizza","AbsentYesLazySee_pizza","br"
"75","0100","br_p=1","c01000",FALSE,7.3625236352634e-16,1.17800378164214e-14,1.17801359625531e-14,1.53119348863951e-16,1.30890399583923e-15,8.19031161400864e-17,6.54446545356747e-16,"Short","br",NA,NA,0,0,0,0,0,0,0,NA,NA,7.65596744319753e-17,0.0427982518966602,NA,NA,"TRUE","ShortPizza","AbsentYesLazySee_pizza","br"
"76","0100","C=0","c01000",FALSE,0.0624994792816273,0.999991668506036,1,0.410375028499702,0.111111111111111,0.355238465341628,0.166665278084339,"Short","C","c01000",FALSE,0.0325852060394022,0.521363296630436,1,0.0330188274269566,0.111111111111111,0.00979898631198396,0.0289646275905798,"Pizza","C",0.221696927963329,0.103885046953353,22,0.709677419354839,"TRUE","ShortPizza","AbsentYesLazySee_pizza","C"
"77","0100","Cu=0","c01000",FALSE,0.0324266788441723,0.518826861506756,0.518831184145635,0.0576479093495146,0.057647909349515,0.0348511711926759,0.0432355717922297,"Short","Cu","c01000",FALSE,1.21637937511621e-10,1.94620700018593e-09,3.73291908495332e-09,1.21147724419552e-10,4.14768787217036e-10,1.8272253493719e-11,5.40613055607204e-11,"Pizza","Cu",0.0288239547353312,0.0480284275947316,NA,NA,"TRUE","ShortPizza","AbsentYesLazySee_pizza","Cu"
"78","0100","Cu=1","c01000",FALSE,0.030072800437455,0.48116480699928,0.481168815854365,0.0112349689329831,0.0534632017615961,0.0151917564665928,0.04009706724994,"Short","Cu","c01000",FALSE,0.0325852059177643,0.521363294684229,0.999999996267081,0.0324472246090649,0.111111110696342,0.00489851572641515,0.0144823137412286,"Pizza","Cu",0.021841096771024,0.0467054866675585,NA,NA,"TRUE","ShortPizza","AbsentYesLazySee_pizza","Cu"
"79","0100","K=1","c01000",FALSE,0.0624994792816273,0.999991668506036,1,0.0753128945745906,0.111111111111111,0.270900158288146,0.166665278084339,"Short","K","c01000",FALSE,0.0325852060394022,0.521363296630436,1,0.0225112145137522,0.111111111111111,0.00724042057933259,0.0289646275905798,"Pizza","K",0.0489120545441714,0.052046912554974,NA,NA,"TRUE","ShortPizza","AbsentYesLazySee_pizza","K"
"80","0100","Ku_f=0",NA,NA,0,0,0,0,0,0,0,NA,NA,"c01000",FALSE,0.0325852060394022,0.521363296630436,1,0.278610462402704,0.111111111111111,0.0595876974371143,0.0289646275905798,"Pizza","Ku",0.139305231201352,0.0747177875064941,NA,NA,"TRUE","ShortPizza","AbsentYesLazySee_pizza","Ku"
"81","0100","Ku_p=0","c01000",FALSE,0.0624994791932575,0.99999166709212,0.999999998586072,0.0713471700318378,0.111111110954008,0.0351932599963473,0.0555550926162289,"Short","Ku",NA,NA,0,0,0,0,0,0,0,NA,NA,0.0356735850159189,0.0493625282189975,NA,NA,"TRUE","ShortPizza","AbsentYesLazySee_pizza","Ku"
"82","0100","Ku_p=1","c01000",FALSE,8.83697888625666e-11,1.41391662180107e-09,1.41392840193701e-09,1.51645605856545e-10,1.57103155770779e-10,3.31790687993656e-10,1.57101846866785e-10,"Short","Ku",NA,NA,0,0,0,0,0,0,0,NA,NA,7.58228029282726e-11,0.0427982519096406,2,0.0645161290322581,"TRUE","ShortPizza","AbsentYesLazySee_pizza","Ku"
"83","0100","P=0","c01000",FALSE,0.0624994792816273,0.999991668506036,1,0.0740615777111418,0.111111111111111,0.0969657867448221,0.166665278084339,"Short","P","c01000",FALSE,0.0325852060394022,0.521363296630436,1,0.0785187041140486,0.111111111111111,0.0334181683397849,0.0289646275905798,"Pizza","P",0.0762901409125952,0.0580705018712191,3,0.0967741935483871,"TRUE","ShortPizza","AbsentYesLazySee_pizza","P"
"84","0100","Pu_f=0",NA,NA,0,0,0,0,0,0,0,NA,NA,"c01000",FALSE,0.0268801894926049,0.430083031881678,0.824920040711149,0.0380148477491345,0.0916577823012388,0.00526760028441726,0.0119467508856022,"Pizza","Pu",0.0190074238745673,0.0461790833263807,NA,NA,"TRUE","ShortPizza","AbsentYesLazySee_pizza","Pu"
"85","0100","Pu_f=1",NA,NA,0,0,0,0,0,0,0,NA,NA,"c01000",FALSE,0.00570501654679737,0.0912802647487579,0.175079959288851,0.00452823346598717,0.0194533288098723,0.000665172041384803,0.00253556290968772,"Pizza","Pu",0.00226411673299358,0.0431876133078126,NA,NA,"TRUE","ShortPizza","AbsentYesLazySee_pizza","Pu"
"86","0100","Pu_p=0","c01000",FALSE,0.053362356874279,0.853797709988463,0.853804823458196,0.0629865656662213,0.0948672026064662,0.0431508678302238,0.0711498091657053,"Short","Pu",NA,NA,0,0,0,0,0,0,0,NA,NA,0.0314932828331107,0.0485439896302248,NA,NA,"TRUE","ShortPizza","AbsentYesLazySee_pizza","Pu"
"87","0100","Pu_p=1","c01000",FALSE,0.00913712240734831,0.146193958517573,0.146195176541804,0.0112823772353069,0.0162439085046449,0.00819917512333636,0.0121828298764644,"Short","Pu",NA,NA,0,0,0,0,0,0,0,NA,NA,0.00564118861765347,0.0437749621134698,NA,NA,"TRUE","ShortPizza","AbsentYesLazySee_pizza","Pu"
"88","0100","S=0","c01000",FALSE,0.0624994792816273,0.999991668506036,1,0.0748307343341395,0.111111111111111,0.105745871226893,0.166665278084339,"Short","S","c01000",FALSE,0.0325852060394022,0.521363296630436,1,0.0544703133521886,0.111111111111111,0.0393269732200868,0.0289646275905798,"Pizza","S",0.0646505238431641,0.0554288021794335,NA,NA,"TRUE","ShortPizza","AbsentYesLazySee_pizza","S"
"89","0100","Su=0","c01000",FALSE,4.11321418761133e-09,6.58114270017813e-08,6.58119753138564e-08,4.90564387818024e-09,7.3124417015396e-09,3.48560643790786e-09,5.48428558348178e-09,"Short","Su","c01000",FALSE,0.0299571652113194,0.47931464338111,0.919348650890684,0.0400066224969521,0.102149850098965,0.00531515003758043,0.0133142956494753,"Pizza","Su",0.020003313701298,0.0463634073326067,3,0.0967741935483871,"TRUE","ShortPizza","AbsentYesLazySee_pizza","Su"
"90","0100","Su=1","c01000",FALSE,0.0624994751684131,0.999991602694609,0.999999934188025,0.0748776725513954,0.111111103798669,0.0530195324397558,0.0833326335578841,"Short","Su","c01000",FALSE,0.00262804082808282,0.0420486532493251,0.0806513491093159,0.00151105971979951,0.00896126101214621,0.000205636680187037,0.00116801814581459,"Pizza","Su",0.0381943661355975,0.0498627745201715,1,0.032258064516129,"TRUE","ShortPizza","AbsentYesLazySee_pizza","Su"
"91","0101","br_f=0",NA,NA,0,0,0,0,0,0,0,NA,NA,"c01010",FALSE,0.0299571652113194,0.47931464338111,1,0.404801553427824,0.111111111111111,0.0440245209310516,0.0133142956494753,"Pizza","br",0.202400776713912,0.0963023609856669,NA,NA,"TRUE","ShortPizza","AbsentYesLazySee_hotdog","br"
"92","0101","br_p=0","c01010",FALSE,0.0624994792816265,0.999991668506024,0.999999999999988,0.0754018470324741,0.11111111111111,0.0829012943531514,0.111110185389558,"Short","br",NA,NA,0,0,0,0,0,0,0,NA,NA,0.0377009235162371,0.0498337977091742,2,0.0625,"TRUE","ShortPizza","AbsentYesLazySee_hotdog","br"
"93","0101","br_p=1","c01010",FALSE,7.3625236352634e-16,1.17800378164214e-14,1.17801359625531e-14,1.52461657901927e-16,1.30890399583923e-15,8.20095820150677e-17,6.54446545356747e-16,"Short","br",NA,NA,0,0,0,0,0,0,0,NA,NA,7.62308289509636e-17,0.0428578887078668,NA,NA,"TRUE","ShortPizza","AbsentYesLazySee_hotdog","br"
"94","0101","C=0","c01010",FALSE,0.0624994792816273,0.999991668506036,1,0.414030599624528,0.111111111111111,0.357114006829773,0.166665278084339,"Short","C","c01010",FALSE,0.0299571652113194,0.47931464338111,1,0.0333842601944953,0.111111111111111,0.00406463349157253,0.0133142956494753,"Pizza","C",0.223707429909511,0.104869786109961,3,0.09375,"TRUE","ShortPizza","AbsentYesLazySee_hotdog","C"
"95","0101","Cu=0","c01010",FALSE,0.0324266788441723,0.518826861506756,0.518831184145635,0.0576479093495146,0.057647909349515,0.0348764877585697,0.0432355717922297,"Short","Cu","c01010",FALSE,1.11827673748434e-10,1.78924277997494e-09,3.73291908495332e-09,1.21593870997076e-10,4.14768787217036e-10,7.51273004048145e-12,2.48505941663187e-11,"Pizza","Cu",0.0288239547355542,0.0480953523438491,NA,NA,"TRUE","ShortPizza","AbsentYesLazySee_hotdog","Cu"
"96","0101","Cu=1","c01010",FALSE,0.030072800437455,0.48116480699928,0.481168815854365,0.0108773836482218,0.0534632017615961,0.015134597010452,0.04009706724994,"Short","Cu","c01010",FALSE,0.0299571650994917,0.479314641591868,0.999999996267081,0.0329697538507574,0.111111110696342,0.00204541444183551,0.00665714779988705,"Pizza","Cu",0.0219235687494896,0.0467859995676691,NA,NA,"TRUE","ShortPizza","AbsentYesLazySee_hotdog","Cu"
"97","0101","K=1","c01010",FALSE,0.0624994792816273,0.999991668506036,1,0.0747859219385012,0.111111111111111,0.271545985002454,0.166665278084339,"Short","K","c01010",FALSE,0.0299571652113194,0.47931464338111,1,0.0225004772662252,0.111111111111111,0.0028471872087537,0.0133142956494753,"Pizza","K",0.0486431996023632,0.0520634166785157,3,0.09375,"TRUE","ShortPizza","AbsentYesLazySee_hotdog","K"
"98","0101","Ku_f=0",NA,NA,0,0,0,0,0,0,0,NA,NA,"c01010",FALSE,0.0299571652113194,0.47931464338111,1,0.270671115188071,0.111111111111111,0.0303359123284984,0.0133142956494753,"Pizza","Ku",0.135335557594036,0.0736432109687275,1,0.03125,"TRUE","ShortPizza","AbsentYesLazySee_hotdog","Ku"
"99","0101","Ku_p=0","c01010",FALSE,0.0624994791932575,0.99999166709212,0.999999998586072,0.0709704140464921,0.111111110954008,0.0351074237623158,0.0555550926162289,"Short","Ku",NA,NA,0,0,0,0,0,0,0,NA,NA,0.035485207023246,0.0493940789019673,NA,NA,"TRUE","ShortPizza","AbsentYesLazySee_hotdog","Ku"
"100","0101","Ku_p=1","c01010",FALSE,8.83697888625666e-11,1.41391662180107e-09,1.41392840193701e-09,1.53493710616647e-10,1.57103155770779e-10,3.30302876020626e-10,1.57101846866785e-10,"Short","Ku",NA,NA,0,0,0,0,0,0,0,NA,NA,7.67468553083236e-11,0.0428578887210236,NA,NA,"TRUE","ShortPizza","AbsentYesLazySee_hotdog","Ku"
"101","0101","P=0","c01010",FALSE,0.0624994792816273,0.999991668506036,1,0.0736600195663071,0.111111111111111,0.0965492923914213,0.166665278084339,"Short","P","c01010",FALSE,0.0299571652113194,0.47931464338111,1,0.0763373711783814,0.111111111111111,0.0162168187631313,0.0133142956494753,"Pizza","P",0.0749986953723442,0.057851796645423,8,0.25,"TRUE","ShortPizza","AbsentYesLazySee_hotdog","P"
"102","0101","Pu_f=0",NA,NA,0,0,0,0,0,0,0,NA,NA,"c01010",FALSE,0.0247122659457122,0.395396255131395,0.824920040711149,0.0366504433858863,0.0916577823012388,0.00220457489653161,0.00549161465460271,"Pizza","Pu",0.0183252216929431,0.0461174136631027,9,0.28125,"TRUE","ShortPizza","AbsentYesLazySee_hotdog","Pu"
"103","0101","Pu_f=1",NA,NA,0,0,0,0,0,0,0,NA,NA,"c01010",FALSE,0.00524489926560719,0.083918388249715,0.175079959288851,0.00450518849648226,0.0194533288098723,0.000268477844839586,0.00116553317013493,"Pizza","Pu",0.00225259424824113,0.0432457994287292,NA,NA,"TRUE","ShortPizza","AbsentYesLazySee_hotdog","Pu"
"104","0101","Pu_p=0","c01010",FALSE,0.053362356874279,0.853797709988463,0.853804823458196,0.0625144715453382,0.0948672026064662,0.0429665929563931,0.0711498091657053,"Short","Pu",NA,NA,0,0,0,0,0,0,0,NA,NA,0.0312572357726691,0.048565755913765,NA,NA,"TRUE","ShortPizza","AbsentYesLazySee_hotdog","Pu"
"105","0101","Pu_p=1","c01010",FALSE,0.00913712240734831,0.146193958517573,0.146195176541804,0.0113636339829753,0.0162439085046449,0.00815659989286503,0.0121828298764644,"Short","Pu",NA,NA,0,0,0,0,0,0,0,NA,NA,0.00568181699148767,0.043843084426071,NA,NA,"TRUE","ShortPizza","AbsentYesLazySee_hotdog","Pu"
"106","0101","S=1","c01010",FALSE,0.0624994792816273,0.999991668506036,1,0.0744567264074197,0.111111111111111,0.105884404467848,0.166665278084339,"Short","S","c01010",FALSE,0.0299571652113194,0.47931464338111,1,0.0325491159052972,0.111111111111111,0.004043287808738,0.0133142956494753,"Pizza","S",0.0535029211563584,0.0530853721692462,NA,NA,"TRUE","ShortPizza","AbsentYesLazySee_hotdog","S"
"107","0101","Su=0","c01010",FALSE,4.11321418761133e-09,6.58114270017813e-08,6.58119753138564e-08,4.89318581819554e-09,7.3124417015396e-09,3.46322359231779e-09,5.48428558348178e-09,"Short","Su","c01010",FALSE,0.0299571652113194,0.47931464338111,1,0.0856307209849856,0.111111111111111,0.0100323946745999,0.0133142956494753,"Pizza","Su",0.0428153629390857,0.050863785162154,2,0.0625,"TRUE","ShortPizza","AbsentYesLazySee_hotdog","Su"
"108","0101","Su=1","c01010",FALSE,0.0624994751684131,0.999991602694609,0.999999934188025,0.0742910678115486,0.111111103798669,0.0529026092748733,0.0833326335578841,"Short","Su",NA,NA,0,0,0,0,0,0,0,NA,NA,0.0371455339057743,0.0497232118970875,NA,NA,"TRUE","ShortPizza","AbsentYesLazySee_hotdog","Su"
"109","0110","br_f=0",NA,NA,0,0,0,0,0,0,0,NA,NA,"c01100",FALSE,0.0325852060394022,0.521363296630436,1,0.411725716685089,0.111111111111111,0.0829190127517596,0.0289646275905798,"Pizza","br",0.205862858342544,0.0989945529294496,NA,NA,"TRUE","ShortPizza","AbsentYesSportySee_pizza","br"
"110","0110","br_p=0","c01100",FALSE,0.0324266788866923,0.518826862187077,0.999999999999977,0.111111111041972,0.111111111111109,0.0365872358399944,0.0432355718489231,"Short","br",NA,NA,0,0,0,0,0,0,0,NA,NA,0.055555555520986,0.0542626213199232,1,0.0303030303030303,"TRUE","ShortPizza","AbsentYesSportySee_pizza","br"
"111","0110","br_p=1","c01100",FALSE,7.3625236352634e-16,1.17800378164214e-14,2.27051424568945e-14,3.76300878635206e-16,2.52279360632161e-15,1.05648465409342e-16,6.54446545356747e-16,"Short","br",NA,NA,0,0,0,0,0,0,0,NA,NA,1.88150439317603e-16,0.0434501104771818,NA,NA,"TRUE","ShortPizza","AbsentYesSportySee_pizza","br"
"112","0110","C=1","c01100",FALSE,0.0324266788866931,0.518826862187089,1,0.111111110995086,0.111111111111111,0.0418756950319053,0.0720592864148735,"Short","C","c01100",FALSE,0.0325852060394022,0.521363296630436,1,0.0328712037894236,0.111111111111111,0.00980555288174479,0.0289646275905798,"Pizza","C",0.0719911573922549,0.0579498524664021,NA,NA,"TRUE","ShortPizza","AbsentYesSportySee_pizza","C"
"113","0110","Cu=0","c01100",FALSE,0.0324266788441723,0.518826861506756,0.99999999868871,0.111111110965411,0.111111110965412,0.034890895421571,0.0432355717922297,"Short","Cu","c01100",FALSE,1.21637937511621e-10,1.94620700018593e-09,3.73291908495332e-09,1.22530928935786e-10,4.14768787217036e-10,1.83243267366812e-11,5.40613055607204e-11,"Pizza","Cu",0.0555555555439712,0.0542626213249121,1,0.0303030303030303,"TRUE","ShortPizza","AbsentYesSportySee_pizza","Cu"
"114","0110","Cu=1","c01100",FALSE,4.25207866643014e-11,6.80332586628823e-10,1.31129021300269e-09,2.68459623566894e-11,1.45698912555854e-10,8.69635397224284e-12,3.77962548127124e-11,"Short","Cu","c01100",FALSE,0.0325852059177643,0.521363294684229,0.999999996267081,0.0329609894529256,0.111111110696342,0.00486716826358496,0.0144823137412286,"Pizza","Cu",0.0164804947398858,0.0464109477038492,NA,NA,"TRUE","ShortPizza","AbsentYesSportySee_pizza","Cu"
"115","0110","K=1","c01100",FALSE,0.0324266788866931,0.518826862187089,1,0.111111111411894,0.111111111111111,0.169710311965096,0.0720592864148735,"Short","K","c01100",FALSE,0.0325852060394022,0.521363296630436,1,0.022889443957662,0.111111111111111,0.00718920174846577,0.0289646275905798,"Pizza","K",0.0670002776847781,0.0568044407605556,2,0.0606060606060606,"TRUE","ShortPizza","AbsentYesSportySee_pizza","K"
"116","0110","Ku_f=0",NA,NA,0,0,0,0,0,0,0,NA,NA,"c01100",FALSE,0.0325852060394022,0.521363296630436,1,0.283532493785588,0.111111111111111,0.059636589304738,0.0289646275905798,"Pizza","Ku",0.141766246892794,0.0766062282284987,NA,NA,"TRUE","ShortPizza","AbsentYesSportySee_pizza","Ku"
"117","0110","Ku_p=0","c01100",FALSE,0.0324266787983233,0.518826860773172,0.999999997274781,0.111111110808309,0.111111110808309,0.0144118572436992,0.0144118572436992,"Short","Ku",NA,NA,0,0,0,0,0,0,0,NA,NA,0.0555555554041545,0.0542626212945649,NA,NA,"TRUE","ShortPizza","AbsentYesSportySee_pizza","Ku"
"118","0110","Ku_p=1","c01100",FALSE,8.83697888625666e-11,1.41391662180107e-09,2.72521861308563e-09,5.97402680816231e-10,3.02802068120625e-10,4.21285681616188e-10,1.57101846866785e-10,"Short","Ku",NA,NA,0,0,0,0,0,0,0,NA,NA,2.98701340408116e-10,0.0434501105290961,1,0.0303030303030303,"TRUE","ShortPizza","AbsentYesSportySee_pizza","Ku"
"119","0110","P=0","c01100",FALSE,0.0324266788866931,0.518826862187089,1,0.111111111031935,0.111111111111111,0.0422363270212928,0.0720592864148735,"Short","P","c01100",FALSE,0.0325852060394022,0.521363296630436,1,0.0782409887625248,0.111111111111111,0.0332017192929127,0.0289646275905798,"Pizza","P",0.0946760498972299,0.0634541497507574,6,0.181818181818182,"TRUE","ShortPizza","AbsentYesSportySee_pizza","P"
"120","0110","Pu_f=0",NA,NA,0,0,0,0,0,0,0,NA,NA,"c01100",FALSE,0.0268801894926049,0.430083031881678,0.824920040711149,0.0373388055469803,0.0916577823012388,0.00520972812839101,0.0119467508856022,"Pizza","Pu",0.0186694027734902,0.0468190890493168,6,0.181818181818182,"TRUE","ShortPizza","AbsentYesSportySee_pizza","Pu"
"121","0110","Pu_f=1",NA,NA,0,0,0,0,0,0,0,NA,NA,"c01100",FALSE,0.00570501654679737,0.0912802647487579,0.175079959288851,0.0045975272370812,0.0194533288098723,0.000674213475339187,0.00253556290968772,"Pizza","Pu",0.0022987636185406,0.043851479085095,NA,NA,"TRUE","ShortPizza","AbsentYesSportySee_pizza","Pu"
"122","0110","Pu_p=0","c01100",FALSE,0.0276860548421886,0.442976877475017,0.853804823458196,0.094867202540417,0.0948672026064662,0.0191737330744557,0.0307622831579873,"Short","Pu",NA,NA,0,0,0,0,0,0,0,NA,NA,0.0474336012702085,0.0525280755698636,NA,NA,"TRUE","ShortPizza","AbsentYesSportySee_pizza","Pu"
"123","0110","Pu_p=1","c01100",FALSE,0.00474062404450447,0.0758499847120716,0.146195176541804,0.016243908496677,0.0162439085046449,0.00371365536236868,0.00526736004944941,"Short","Pu",NA,NA,0,0,0,0,0,0,0,NA,NA,0.00812195424833848,0.0448848899475352,3,0.0909090909090909,"TRUE","ShortPizza","AbsentYesSportySee_pizza","Pu"
"124","0110","S=0","c01100",FALSE,0.0324266788866931,0.518826862187089,1,0.111111111042076,0.111111111111111,0.0474999561616109,0.0720592864148735,"Short","S","c01100",FALSE,0.0325852060394022,0.521363296630436,1,0.0551072425224803,0.111111111111111,0.0396766796488418,0.0289646275905798,"Pizza","S",0.0831091767822781,0.0605851674439446,NA,NA,"TRUE","ShortPizza","AbsentYesSportySee_pizza","S"
"125","0110","Su=0","c01100",FALSE,2.13406379040139e-09,3.41450206464223e-08,6.58119753138564e-08,7.31244169694421e-09,7.3124417015396e-09,1.56526880706292e-09,2.37118198933488e-09,"Short","Su","c01100",FALSE,0.0299571652113194,0.47931464338111,0.919348650890684,0.0392119718367757,0.102149850098965,0.0052544705735188,0.0133142956494753,"Pizza","Su",0.0196059895746087,0.046994818579077,4,0.121212121212121,"TRUE","ShortPizza","AbsentYesSportySee_pizza","Su"
"126","0110","Su=1","c01100",FALSE,0.0324266767526293,0.518826828042068,0.999999934188025,0.111111103729531,0.111111103798669,0.0238056801975264,0.0360296408362547,"Short","Su","c01100",FALSE,0.00262804082808282,0.0420486532493251,0.0806513491093159,0.00152361630093929,0.00896126101214621,0.00020930052727975,0.00116801814581459,"Pizza","Su",0.0563173600152353,0.0544282235399771,NA,NA,"TRUE","ShortPizza","AbsentYesSportySee_pizza","Su"
"127","0111","br_f=0",NA,NA,0,0,0,0,0,0,0,NA,NA,"c01110",FALSE,0.0299571652113194,0.47931464338111,1,0.400832231590099,0.111111111111111,0.0436904068885802,0.0133142956494753,"Pizza","br",0.20041611579505,0.0969222199213989,1,0.032258064516129,"TRUE","ShortPizza","AbsentYesSportySee_hotdog","br"
"128","0111","br_p=0","c01110",FALSE,0.0324266788866923,0.518826862187077,0.999999999999977,0.222447901042359,0.111111111111109,0.0861025913062421,0.0432355718489231,"Short","br",NA,NA,0,0,0,0,0,0,0,NA,NA,0.111223950521179,0.0678391959504967,NA,NA,"TRUE","ShortPizza","AbsentYesSportySee_hotdog","br"
"129","0111","br_p=1","c01110",FALSE,7.3625236352634e-16,1.17800378164214e-14,2.27051424568945e-14,3.75617563232485e-16,2.52279360632161e-15,1.05700851330571e-16,6.54446545356747e-16,"Short","br",NA,NA,0,0,0,0,0,0,0,NA,NA,1.87808781616242e-16,0.043477533663947,NA,NA,"TRUE","ShortPizza","AbsentYesSportySee_hotdog","br"
"130","0111","C=1","c01110",FALSE,0.0324266788866931,0.518826862187089,1,0.0971867060109782,0.111111111111111,0.0357371751293316,0.0720592864148735,"Short","C","c01110",FALSE,0.0299571652113194,0.47931464338111,1,0.0327896573959942,0.111111111111111,0.00402806939229997,0.0133142956494753,"Pizza","C",0.0649881817034862,0.0563846559574611,2,0.0645161290322581,"TRUE","ShortPizza","AbsentYesSportySee_hotdog","C"
"131","0111","Cu=0","c01110",FALSE,0.0324266788441723,0.518826861506756,0.99999999868871,0.0972039194276149,0.111111110965412,0.0287219060355499,0.0432355717922297,"Short","Cu","c01110",FALSE,1.11827673748434e-10,1.78924277997494e-09,3.73291908495332e-09,1.24134630481751e-10,4.14768787217036e-10,7.68420005011515e-12,2.48505941663187e-11,"Pizza","Cu",0.0486019597758748,0.0528074445631449,NA,NA,"TRUE","ShortPizza","AbsentYesSportySee_hotdog","Cu"
"132","0111","Cu=1","c01110",FALSE,4.25207866643014e-11,6.80332586628823e-10,1.31129021300269e-09,2.70312335363544e-11,1.45698912555854e-10,8.71527359090886e-12,3.77962548127124e-11,"Short","Cu","c01110",FALSE,0.0299571650994917,0.479314641591868,0.999999996267081,0.0331272398371559,0.111111110696342,0.00203805486830054,0.00665714779988705,"Pizza","Cu",0.0165636199320936,0.0464556835819456,1,0.032258064516129,"TRUE","ShortPizza","AbsentYesSportySee_hotdog","Cu"
"133","0111","K=1","c01110",FALSE,0.0324266788866931,0.518826862187089,1,0.0971915719824797,0.111111111111111,0.163009660976176,0.0720592864148735,"Short","K","c01110",FALSE,0.0299571652113194,0.47931464338111,1,0.0223746060557341,0.111111111111111,0.00282346553311566,0.0133142956494753,"Pizza","K",0.0597830890191069,0.0552228431719861,1,0.032258064516129,"TRUE","ShortPizza","AbsentYesSportySee_hotdog","K"
"134","0111","Ku_f=0",NA,NA,0,0,0,0,0,0,0,NA,NA,"c01110",FALSE,0.0299571652113194,0.47931464338111,1,0.27630198969633,0.111111111111111,0.0306867380809245,0.0133142956494753,"Pizza","Ku",0.138150994848165,0.0755540516932979,NA,NA,"TRUE","ShortPizza","AbsentYesSportySee_hotdog","Ku"
"135","0111","Ku_p=0","c01110",FALSE,0.0324266787983233,0.518826860773172,0.999999997274781,0.0971916218612909,0.111111110808309,0.00823711501506902,0.0144118572436992,"Short","Ku",NA,NA,0,0,0,0,0,0,0,NA,NA,0.0485958109306454,0.0528061457599029,NA,NA,"TRUE","ShortPizza","AbsentYesSportySee_hotdog","Ku"
"136","0111","Ku_p=1","c01110",FALSE,8.83697888625666e-11,1.41391662180107e-09,2.72521861308563e-09,6.01834791670546e-10,3.02802068120625e-10,4.20694906299228e-10,1.57101846866785e-10,"Short","Ku",NA,NA,0,0,0,0,0,0,0,NA,NA,3.00917395835273e-10,0.0434775337162796,3,0.0967741935483871,"TRUE","ShortPizza","AbsentYesSportySee_hotdog","Ku"
"137","0111","P=0","c01110",FALSE,0.0324266788866931,0.518826862187089,1,0.0971915338108899,0.111111111111111,0.0361283122022893,0.0720592864148735,"Short","P","c01110",FALSE,0.0299571652113194,0.47931464338111,1,0.07589656956741,0.111111111111111,0.0161679747102242,0.0133142956494753,"Pizza","P",0.08654405168915,0.0614620888911545,6,0.193548387096774,"TRUE","ShortPizza","AbsentYesSportySee_hotdog","P"
"138","0111","Pu_f=0",NA,NA,0,0,0,0,0,0,0,NA,NA,"c01110",FALSE,0.0247122659457122,0.395396255131395,0.824920040711149,0.0370009320698965,0.0916577823012388,0.0022227863836657,0.00549161465460271,"Pizza","Pu",0.0185004660349483,0.0468169914088644,11,0.354838709677419,"TRUE","ShortPizza","AbsentYesSportySee_hotdog","Pu"
"139","0111","Pu_f=1",NA,NA,0,0,0,0,0,0,0,NA,NA,"c01110",FALSE,0.00524489926560719,0.083918388249715,0.175079959288851,0.00448518702364619,0.0194533288098723,0.000270506132687252,0.00116553317013493,"Pizza","Pu",0.0022425935118231,0.0438692979124659,NA,NA,"TRUE","ShortPizza","AbsentYesSportySee_hotdog","Pu"
"140","0111","Pu_p=0","c01110",FALSE,0.0276860548421886,0.442976877475017,0.853804823458196,0.0948671971917133,0.0948672026064662,0.0166030599519738,0.0307622831579873,"Short","Pu",NA,NA,0,0,0,0,0,0,0,NA,NA,0.0474335985958567,0.0525612276788067,NA,NA,"TRUE","ShortPizza","AbsentYesSportySee_hotdog","Pu"
"141","0111","Pu_p=1","c01110",FALSE,0.00474062404450447,0.0758499847120716,0.146195176541804,0.00232430757976004,0.0162439085046449,0.00327318523954294,0.00526736004944941,"Short","Pu",NA,NA,0,0,0,0,0,0,0,NA,NA,0.00116215378988002,0.0436801144813574,NA,NA,"TRUE","ShortPizza","AbsentYesSportySee_hotdog","Pu"
"142","0111","S=1","c01110",FALSE,0.0324266788866931,0.518826862187089,1,0.0971913209667828,0.111111111111111,0.0415767248457643,0.0720592864148735,"Short","S","c01110",FALSE,0.0299571652113194,0.47931464338111,1,0.0325671416922549,0.111111111111111,0.00405212459844884,0.0133142956494753,"Pizza","S",0.0648792313295189,0.056360088793643,NA,NA,"TRUE","ShortPizza","AbsentYesSportySee_hotdog","S"
"143","0111","Su=0","c01110",FALSE,2.13406379040139e-09,3.41450206464223e-08,6.58119753138564e-08,1.95986144037311e-09,7.3124417015396e-09,1.36576595550791e-09,2.37118198933488e-09,"Short","Su","c01110",FALSE,0.0299571652113194,0.47931464338111,1,0.084624444947344,0.111111111111111,0.0100437394200366,0.0133142956494753,"Pizza","Su",0.0423122234536027,0.0514954385034476,1,0.032258064516129,"TRUE","ShortPizza","AbsentYesSportySee_hotdog","Su"
"144","0111","Su=1","c01110",FALSE,0.0324266767526293,0.518826828042068,0.999999934188025,0.0972039175374033,0.111111103798669,0.0207596604725414,0.0360296408362547,"Short","Su",NA,NA,0,0,0,0,0,0,0,NA,NA,0.0486019587687017,0.0528074443503999,NA,NA,"TRUE","ShortPizza","AbsentYesSportySee_hotdog","Su"
"145","1000","br_f=0",NA,NA,0,0,0,0,0,0,0,NA,NA,"c10000",FALSE,0.0268836297140461,0.430138075424738,1,0.433089280939687,0.111111111111111,0.0688844011093422,0.0238965597458188,"Pizza","br",0.216544640469843,0.101781882055723,NA,NA,"TRUE","ShortPizza","HotdogNoLazySee_pizza","br"
"146","1000","br_p=0","c10000",FALSE,0.0624994792816265,0.999991668506024,0.999998781967103,0.0781926885584248,0.111110975774123,0.0828807994078911,0.111110185389558,"Short","br",NA,NA,0,0,0,0,0,0,0,NA,NA,0.0390963442792124,0.0500508219216473,NA,NA,"TRUE","ShortPizza","HotdogNoLazySee_pizza","br"
"147","1000","br_p=1","c10000",FALSE,7.61265145379964e-08,1.21802423260794e-06,1.2180328970481e-06,1.53206008234189e-08,1.353369885609e-07,8.45619932404008e-09,6.76680129226634e-08,"Short","br",NA,NA,0,0,0,0,0,0,0,NA,NA,7.66030041170943e-09,0.0428049427683505,NA,NA,"TRUE","ShortPizza","HotdogNoLazySee_pizza","br"
"148","1000","C=0","c10000",FALSE,0.0624995554081411,0.999992886530257,1,0.389946415589859,0.111111111111111,0.356629225225732,0.166665481088376,"Short","C","c10000",FALSE,0.0268836297140461,0.430138075424738,1,0.032107358983306,0.111111111111111,0.00810910196996383,0.0238965597458188,"Pizza","C",0.211026887286583,0.0995600619430071,18,0.580645161290323,"TRUE","ShortPizza","HotdogNoLazySee_pizza","C"
"149","1000","Cu=0","c10000",FALSE,0.0324267183409816,0.518827493455705,0.518831184145635,0.0576478666975799,0.057647909349515,0.0348496973462805,0.0432356244546421,"Short","Cu","c10000",FALSE,1.00354414432381e-10,1.6056706309181e-09,3.73291908495332e-09,1.2023830722677e-10,4.14768787217036e-10,1.51779874910546e-11,4.46019619699471e-11,"Pizza","Cu",0.0288239334089091,0.0480359305571755,NA,NA,"TRUE","ShortPizza","HotdogNoLazySee_pizza","Cu"
"150","1000","Cu=1","c10000",FALSE,0.0300728370671595,0.481165393074552,0.481168815854365,0.0129654954021618,0.0534632017615961,0.01510530877438,0.040097116089546,"Short","Cu","c10000",FALSE,0.0268836296136917,0.430138073819067,0.999999996267081,0.0322759432961692,0.111111110696342,0.00405311616769029,0.0119482798283074,"Pizza","Cu",0.0226207193491655,0.0468586876964604,NA,NA,"TRUE","ShortPizza","HotdogNoLazySee_pizza","Cu"
"151","1000","K=0","c10000",FALSE,0.0624995554081411,0.999992886530257,1,0.0761269061690014,0.111111111111111,0.0965312620193537,0.166665481088376,"Short","K","c10000",FALSE,0.0268836297140461,0.430138075424738,1,0.0454714189742314,0.111111111111111,0.0273812693365523,0.0238965597458188,"Pizza","K",0.0607991625716164,0.054589971886882,1,0.032258064516129,"TRUE","ShortPizza","HotdogNoLazySee_pizza","K"
"152","1000","Ku_f=0",NA,NA,0,0,0,0,0,0,0,NA,NA,"c10000",FALSE,0.0268801894926049,0.430083031881678,0.999872032851298,0.0461770083428846,0.111096892539033,0.00528444964023082,0.0119467508856022,"Pizza","Ku",0.0230885041714423,0.0469464489091664,4,0.129032258064516,"TRUE","ShortPizza","HotdogNoLazySee_pizza","Ku"
"153","1000","Ku_f=1",NA,NA,0,0,0,0,0,0,0,NA,NA,"c10000",FALSE,3.44022144127534e-06,5.50435430604055e-05,0.000127967148702316,3.33808397064284e-06,1.42185720780351e-05,4.04043077334972e-07,1.52898730723349e-06,"Pizza","Ku",1.66904198532142e-06,0.0428052272306874,NA,NA,"TRUE","ShortPizza","HotdogNoLazySee_pizza","Ku"
"154","1000","Ku_p=0","c10000",FALSE,0.0624995553197719,0.99999288511635,0.999999998586083,0.0758536939200937,0.111111110954009,0.0502403838371168,0.0833327404263625,"Short","Ku",NA,NA,0,0,0,0,0,0,0,NA,NA,0.0379268469600468,0.049817231506122,NA,NA,"TRUE","ShortPizza","HotdogNoLazySee_pizza","Ku"
"155","1000","Ku_p=1","c10000",FALSE,8.83691602467474e-11,1.41390656394796e-09,1.41391662180107e-09,1.1275370462609e-10,1.57101846866785e-10,7.86100179209149e-11,1.17825546995663e-10,"Short","Ku",NA,NA,0,0,0,0,0,0,0,NA,NA,5.63768523130449e-11,0.0428049414664085,NA,NA,"TRUE","ShortPizza","HotdogNoLazySee_pizza","Ku"
"156","1000","P=1","c10000",FALSE,0.0624995554081411,0.999992886530257,1,0.0794888179749096,0.111111111111111,0.272011717072107,0.166665481088376,"Short","P","c10000",FALSE,0.0268836297140461,0.430138075424738,1,0.0217519873638338,0.111111111111111,0.00593260234495501,0.0238965597458188,"Pizza","P",0.0506204026693717,0.0524119784301406,NA,NA,"TRUE","ShortPizza","HotdogNoLazySee_pizza","P"
"157","1000","Pu_f=0",NA,NA,0,0,0,0,0,0,0,NA,NA,"c10000",FALSE,0.0268836297140461,0.430138075424738,1,0.293642921128278,0.111111111111111,0.048969035419381,0.0238965597458188,"Pizza","Pu",0.146821460564139,0.0770103164521347,NA,NA,"TRUE","ShortPizza","HotdogNoLazySee_pizza","Pu"
"158","1000","Pu_p=0","c10000",FALSE,0.0533623568742783,0.853797709988453,0.853803783495834,0.060430405063674,0.0948670870550926,0.0300217813070338,0.0474332061104696,"Short","Pu",NA,NA,0,0,0,0,0,0,0,NA,NA,0.030215202531837,0.0483039994050561,NA,NA,"TRUE","ShortPizza","HotdogNoLazySee_pizza","Pu"
"159","1000","Pu_p=1","c10000",FALSE,0.00913719853386274,0.146195176541804,0.146196216504166,0.0159197239708826,0.0162440240560185,0.0342170003453692,0.0162439085046449,"Short","Pu",NA,NA,0,0,0,0,0,0,0,NA,NA,0.00795986198544129,0.0441897560418062,NA,NA,"TRUE","ShortPizza","HotdogNoLazySee_pizza","Pu"
"160","1000","S=0","c10000",FALSE,0.0624995554081411,0.999992886530257,1,0.0768520760084289,0.111111111111111,0.105669136578472,0.166665481088376,"Short","S","c10000",FALSE,0.0268836297140461,0.430138075424738,1,0.0545932516891318,0.111111111111111,0.032402827446086,0.0238965597458188,"Pizza","S",0.0657226638487804,0.0556757233772897,NA,NA,"TRUE","ShortPizza","HotdogNoLazySee_pizza","S"
"161","1000","Su=0","c10000",FALSE,4.11321919764758e-09,6.58115071623613e-08,6.58119753138564e-08,5.05237348237613e-09,7.3124417015396e-09,3.4791216930651e-09,5.48429226353011e-09,"Short","Su","c10000",FALSE,0.024715428708653,0.395446859338448,0.919348650890684,0.0394310007429657,0.102149850098965,0.00434657870537209,0.0109846349816236,"Pizza","Su",0.0197155028976696,0.0463173009588048,5,0.161290322580645,"TRUE","ShortPizza","HotdogNoLazySee_pizza","Su"
"162","1000","Su=1","c10000",FALSE,0.0624995512949219,0.99999282071875,0.999999934188025,0.0765758901592561,0.111111103798669,0.0528488426632562,0.0833327350598958,"Short","Su","c10000",FALSE,0.00216820100539311,0.0346912160862898,0.0806513491093159,0.00145649033530401,0.00896126101214621,0.000169391074192014,0.000963644891285828,"Pizza","Su",0.0390161902472801,0.0500347773931379,1,0.032258064516129,"TRUE","ShortPizza","HotdogNoLazySee_pizza","Su"
"163","1001","br_f=0",NA,NA,0,0,0,0,0,0,0,NA,NA,"c10010",FALSE,0.024715428708653,0.395446859338448,1,0.41995546185971,0.111111111111111,0.0361324359845622,0.0109846349816236,"Pizza","br",0.209977730929855,0.0993781172395546,1,0.03125,"TRUE","ShortPizza","HotdogNoLazySee_hotdog","br"
"164","1001","br_p=0","c10010",FALSE,0.0624994792816265,0.999991668506024,0.999998781967103,0.119646502406619,0.111110975774123,0.213307117224271,0.111110185389558,"Short","br",NA,NA,0,0,0,0,0,0,0,NA,NA,0.0598232512033093,0.0545061763093181,1,0.03125,"TRUE","ShortPizza","HotdogNoLazySee_hotdog","br"
"165","1001","br_p=1","c10010",FALSE,7.61265145379964e-08,1.21802423260794e-06,1.2180328970481e-06,1.51815005057611e-08,1.353369885609e-07,8.42343577609374e-09,6.76680129226634e-08,"Short","br",NA,NA,0,0,0,0,0,0,0,NA,NA,7.59075025288057e-09,0.0429064020860294,3,0.09375,"TRUE","ShortPizza","HotdogNoLazySee_hotdog","br"
"166","1001","C=0","c10010",FALSE,0.0624995554081411,0.999992886530257,1,0.385750221797647,0.111111111111111,0.34015722433989,0.166665481088376,"Short","C","c10010",FALSE,0.024715428708653,0.395446859338448,1,0.0322457537716136,0.111111111111111,0.0033257715749916,0.0109846349816236,"Pizza","C",0.20899798778463,0.0989894192687761,2,0.0625,"TRUE","ShortPizza","HotdogNoLazySee_hotdog","C"
"167","1001","Cu=0","c10010",FALSE,0.0324267183409816,0.518827493455705,0.518831184145635,0.0522545254455392,0.057647909349515,0.0263781738589096,0.0432356244546421,"Short","Cu","c10010",FALSE,9.22606955193341e-11,1.47617112830935e-09,3.73291908495332e-09,1.19135961805656e-10,4.14768787217036e-10,6.27102814208311e-12,2.05023767820743e-11,"Pizza","Cu",0.0261272627823376,0.0476332033932585,NA,NA,"TRUE","ShortPizza","HotdogNoLazySee_hotdog","Cu"
"168","1001","Cu=1","c10010",FALSE,0.0300728370671595,0.481165393074552,0.481168815854365,0.0130714142139818,0.0534632017615961,0.0151574650490845,0.040097116089546,"Short","Cu","c10010",FALSE,0.0247154286163923,0.395446857862277,0.999999996267081,0.0321692802456273,0.111111110696342,0.00166656195162918,0.00549231747030941,"Pizza","Cu",0.0226203472298046,0.0469696855881823,NA,NA,"TRUE","ShortPizza","HotdogNoLazySee_hotdog","Cu"
"169","1001","K=0","c10010",FALSE,0.0624995554081411,0.999992886530257,1,0.0706178947549029,0.111111111111111,0.0804023645151611,0.166665481088376,"Short","K","c10010",FALSE,0.024715428708653,0.395446859338448,1,0.0457062713161466,0.111111111111111,0.0132799258398692,0.0109846349816236,"Pizza","K",0.0581620830355247,0.0541452012179864,8,0.25,"TRUE","ShortPizza","HotdogNoLazySee_hotdog","K"
"170","1001","Ku_f=0",NA,NA,0,0,0,0,0,0,0,NA,NA,"c10010",FALSE,0.0247122659457122,0.395396255131395,0.999872032851298,0.0453544998665491,0.111096892539033,0.00223599435254243,0.00549161465460271,"Pizza","Ku",0.0226772499332746,0.0469803776133108,6,0.1875,"TRUE","ShortPizza","HotdogNoLazySee_hotdog","Ku"
"171","1001","Ku_f=1",NA,NA,0,0,0,0,0,0,0,NA,NA,"c10010",FALSE,3.16276294080169e-06,5.06042070528271e-05,0.000127967148702316,3.27676845641616e-06,1.42185720780351e-05,1.62540820636218e-07,7.02836209067043e-07,"Pizza","Ku",1.63838422820808e-06,0.042906681972865,NA,NA,"TRUE","ShortPizza","HotdogNoLazySee_hotdog","Ku"
"172","1001","Ku_p=0","c10010",FALSE,0.0624995553197719,0.99999288511635,0.999999998586083,0.0706779535637368,0.111111110954009,0.0399065208580622,0.0833327404263625,"Short","Ku",NA,NA,0,0,0,0,0,0,0,NA,NA,0.0353389767818684,0.0494210736007925,2,0.0625,"TRUE","ShortPizza","HotdogNoLazySee_hotdog","Ku"
"173","1001","Ku_p=1","c10010",FALSE,8.83691602467474e-11,1.41390656394796e-09,1.41391662180107e-09,5.27383468952236e-11,1.57101846866785e-10,7.0635135675576e-11,1.17825546995663e-10,"Short","Ku",NA,NA,0,0,0,0,0,0,0,NA,NA,2.63691734476118e-11,0.0429064007877879,NA,NA,"TRUE","ShortPizza","HotdogNoLazySee_hotdog","Ku"
"174","1001","P=1","c10010",FALSE,0.0624995554081411,0.999992886530257,1,0.0740865299886697,0.111111111111111,0.253704909248473,0.166665481088376,"Short","P","c10010",FALSE,0.024715428708653,0.395446859338448,1,0.0220985933636487,0.111111111111111,0.00235199314028079,0.0109846349816236,"Pizza","P",0.0480925616761592,0.0520076729234402,NA,NA,"TRUE","ShortPizza","HotdogNoLazySee_hotdog","P"
"175","1001","Pu_f=0",NA,NA,0,0,0,0,0,0,0,NA,NA,"c10010",FALSE,0.024715428708653,0.395446859338448,1,0.284307359676047,0.111111111111111,0.0252771757007379,0.0109846349816236,"Pizza","Pu",0.142153679838023,0.0757649463565361,1,0.03125,"TRUE","ShortPizza","HotdogNoLazySee_hotdog","Pu"
"176","1001","Pu_p=0","c10010",FALSE,0.0533623568742783,0.853797709988453,0.853803783495834,0.0604843659393229,0.0948670870550926,0.0198834873459994,0.0474332061104696,"Short","Pu",NA,NA,0,0,0,0,0,0,0,NA,NA,0.0302421829696615,0.0484237186816233,NA,NA,"TRUE","ShortPizza","HotdogNoLazySee_hotdog","Pu"
"177","1001","Pu_p=1","c10010",FALSE,0.00913719853386274,0.146195176541804,0.146196216504166,0.010451567477416,0.0162440240560185,0.0337894208283954,0.0162439085046449,"Short","Pu",NA,NA,0,0,0,0,0,0,0,NA,NA,0.00522578373870799,0.0438127185097574,NA,NA,"TRUE","ShortPizza","HotdogNoLazySee_hotdog","Pu"
"178","1001","S=1","c10010",FALSE,0.0624995554081411,0.999992886530257,1,0.0716173907344677,0.111111111111111,0.0894214427854997,0.166665481088376,"Short","S","c10010",FALSE,0.024715428708653,0.395446859338448,1,0.0319257796540441,0.111111111111111,0.00334159284966712,0.0109846349816236,"Pizza","S",0.0517715851942559,0.0527786819369416,NA,NA,"TRUE","ShortPizza","HotdogNoLazySee_hotdog","S"
"179","1001","Su=0","c10010",FALSE,4.11321919764758e-09,6.58115071623613e-08,6.58119753138564e-08,2.2948604497017e-09,7.3124417015396e-09,3.0940390740952e-09,5.48429226353011e-09,"Short","Su","c10010",FALSE,0.024715428708653,0.395446859338448,1,0.0862337233590221,0.111111111111111,0.00829987502628444,0.0109846349816236,"Pizza","Su",0.0431168628269413,0.0509828075240457,6,0.1875,"TRUE","ShortPizza","HotdogNoLazySee_hotdog","Su"
"180","1001","Su=1","c10010",FALSE,0.0624995512949219,0.99999282071875,0.999999934188025,0.0713416161485982,0.111111103798669,0.0424487209589225,0.0833327350598958,"Short","Su",NA,NA,0,0,0,0,0,0,0,NA,NA,0.0356708080742991,0.0494867149897943,NA,NA,"TRUE","ShortPizza","HotdogNoLazySee_hotdog","Su"
"181","1010","br_f=0",NA,NA,0,0,0,0,0,0,0,NA,NA,"c10100",FALSE,0.0268836297140461,0.430138075424738,1,0.437292748024437,0.111111111111111,0.0687259020387709,0.0238965597458188,"Pizza","br",0.218646374012218,0.0985747121590135,1,0.03125,"TRUE","ShortPizza","HotdogNoSportySee_pizza","br"
"182","1010","br_p=0","c10100",FALSE,0.036823177213232,0.589170835411712,0.999997932651039,0.676742305374597,0.111110881405671,0.0696864387377757,0.0490975696176427,"Short","br",NA,NA,0,0,0,0,0,0,0,NA,NA,0.338371152687299,0.159128790014692,NA,NA,"TRUE","ShortPizza","HotdogNoSportySee_pizza","br"
"183","1010","br_p=1","c10100",FALSE,7.61265145379964e-08,1.21802423260794e-06,2.0673489611475e-06,3.31328230617097e-08,2.297054401275e-07,1.09740052339808e-08,6.76680129226634e-08,"Short","br",NA,NA,0,0,0,0,0,0,0,NA,NA,1.65664115308549e-08,0.0411090926731046,NA,NA,"TRUE","ShortPizza","HotdogNoSportySee_pizza","br"
"184","1010","C=1","c10100",FALSE,0.0368232533397465,0.589172053435945,1,0.0290827375843079,0.111111111111111,0.044196731634967,0.0818294518661034,"Short","C","c10100",FALSE,0.0268836297140461,0.430138075424738,1,0.0314714709730018,0.111111111111111,0.00810018723127655,0.0238965597458188,"Pizza","C",0.0302771042786549,0.0464017735148715,NA,NA,"TRUE","ShortPizza","HotdogNoSportySee_pizza","C"
"185","1010","Cu=0","c10100",FALSE,0.0324267183409816,0.518827493455705,0.880604384457812,0.0263110252333293,0.0978449316064235,0.0318210588075782,0.0432356244546421,"Short","Cu","c10100",FALSE,1.00354414432381e-10,1.6056706309181e-09,3.73291908495332e-09,1.21320913897886e-10,4.14768787217036e-10,1.50669697806336e-11,4.46019619699471e-11,"Pizza","Cu",0.0131555126773251,0.0433302633886134,NA,NA,"TRUE","ShortPizza","HotdogNoSportySee_pizza","Cu"
"186","1010","Cu=1","c10100",FALSE,0.00439653499876497,0.0703445599802395,0.119395615542188,0.00237988407865787,0.0132661795046876,0.000901735503847199,0.00390803111001331,"Short","Cu","c10100",FALSE,0.0268836296136917,0.430138073819067,0.999999996267081,0.0318952678295398,0.111111110696342,0.0040429895082433,0.0119482798283074,"Pizza","Cu",0.0171375759540989,0.0440259647358775,NA,NA,"TRUE","ShortPizza","HotdogNoSportySee_pizza","Cu"
"187","1010","K=0","c10100",FALSE,0.0368232533397465,0.589172053435945,1,0.0327596615096824,0.111111111111111,0.0444067203405794,0.0818294518661034,"Short","K","c10100",FALSE,0.0268836297140461,0.430138075424738,1,0.0456163311099005,0.111111111111111,0.0274562667725918,0.0238965597458188,"Pizza","K",0.0391879963097914,0.0480855275321346,6,0.1875,"TRUE","ShortPizza","HotdogNoSportySee_pizza","K"
"188","1010","Ku_f=0",NA,NA,0,0,0,0,0,0,0,NA,NA,"c10100",FALSE,0.0268801894926049,0.430083031881678,0.999872032851298,0.0452976703578186,0.111096892539033,0.00516491170451213,0.0119467508856022,"Pizza","Ku",0.0226488351789093,0.0450072957499653,8,0.25,"TRUE","ShortPizza","HotdogNoSportySee_pizza","Ku"
"189","1010","Ku_f=1",NA,NA,0,0,0,0,0,0,0,NA,NA,"c10100",FALSE,3.44022144127534e-06,5.50435430604055e-05,0.000127967148702316,3.42187046726488e-06,1.42185720780351e-05,4.06538953781113e-07,1.52898730723349e-06,"Pizza","Ku",1.71093523363244e-06,0.0411093712899085,NA,NA,"TRUE","ShortPizza","HotdogNoSportySee_pizza","Ku"
"190","1010","Ku_p=0","c10100",FALSE,0.0368232532876815,0.589172052602905,0.999999998586083,0.0325829197825713,0.111111110954009,0.0220264008565221,0.0409147258752017,"Short","Ku",NA,NA,0,0,0,0,0,0,0,NA,NA,0.0162914598912856,0.0438772122977481,1,0.03125,"TRUE","ShortPizza","HotdogNoSportySee_pizza","Ku"
"191","1010","Ku_p=1","c10100",FALSE,5.20650099658593e-11,8.33040159453748e-10,1.41391662180107e-09,1.49952939487181e-10,1.57101846866785e-10,4.10189785502347e-11,5.7850011073177e-11,"Short","Ku",NA,NA,0,0,0,0,0,0,0,NA,NA,7.49764697435903e-11,0.041109089961313,NA,NA,"TRUE","ShortPizza","HotdogNoSportySee_pizza","Ku"
"192","1010","P=1","c10100",FALSE,0.0368232533397465,0.589172053435945,1,0.0663545186244785,0.111111111111111,0.187667500230366,0.0818294518661034,"Short","P","c10100",FALSE,0.0268836297140461,0.430138075424738,1,0.0221662006703638,0.111111111111111,0.00592946068676742,0.0238965597458188,"Pizza","P",0.0442603596474211,0.0490711213692008,1,0.03125,"TRUE","ShortPizza","HotdogNoSportySee_pizza","P"
"193","1010","Pu_f=0",NA,NA,0,0,0,0,0,0,0,NA,NA,"c10100",FALSE,0.0268836297140461,0.430138075424738,1,0.291893946094852,0.111111111111111,0.04911413601216,0.0238965597458188,"Pizza","Pu",0.145946973047426,0.0737010580952662,2,0.0625,"TRUE","ShortPizza","HotdogNoSportySee_pizza","Pu"
"194","1010","Pu_p=0","c10100",FALSE,0.0276860548058838,0.442976876894141,0.751863355213099,0.0119164183282134,0.0835403728014555,0.00966748604899341,0.0123049132470595,"Short","Pu",NA,NA,0,0,0,0,0,0,0,NA,NA,0.0059582091641067,0.0421006045459631,NA,NA,"TRUE","ShortPizza","HotdogNoSportySee_pizza","Pu"
"195","1010","Pu_p=1","c10100",FALSE,0.00913719853386274,0.146195176541804,0.248136644786901,0.0556701166524982,0.0275707383096556,0.0437687848562685,0.0162439085046449,"Short","Pu",NA,NA,0,0,0,0,0,0,0,NA,NA,0.0278350583262491,0.0459507190401264,4,0.125,"TRUE","ShortPizza","HotdogNoSportySee_pizza","Pu"
"196","1010","S=0","c10100",FALSE,0.0368232533397465,0.589172053435945,1,0.0329859212888597,0.111111111111111,0.0506061235908217,0.0818294518661034,"Short","S","c10100",FALSE,0.0268836297140461,0.430138075424738,1,0.0540267211072569,0.111111111111111,0.032440733166287,0.0238965597458188,"Pizza","S",0.0435063211980583,0.048923338300404,NA,NA,"TRUE","ShortPizza","HotdogNoSportySee_pizza","S"
"197","1010","Su=0","c10100",FALSE,2.42341103977128e-09,3.87745766363405e-08,6.58119753138564e-08,6.8926869540757e-09,7.3124417015396e-09,1.78163995360006e-09,2.6926789330792e-09,"Short","Su","c10100",FALSE,0.024715428708653,0.395446859338448,0.919348650890684,0.0388206985925048,0.102149850098965,0.00434135099691681,0.0109846349816236,"Pizza","Su",0.0194103527425959,0.0444280343586697,6,0.1875,"TRUE","ShortPizza","HotdogNoSportySee_pizza","Su"
"198","1010","Su=1","c10100",FALSE,0.0368232509163355,0.589172014661368,0.999999934188025,0.0332144513673411,0.111111103798669,0.0235483379631757,0.0409147232403728,"Short","Su","c10100",FALSE,0.00216820100539311,0.0346912160862898,0.0806513491093159,0.00151552324853719,0.00896126101214621,0.000174081278907617,0.000963644891285828,"Pizza","Su",0.0173649873079391,0.0440660309731281,1,0.03125,"TRUE","ShortPizza","HotdogNoSportySee_pizza","Su"
"199","1011","br_f=0",NA,NA,0,0,0,0,0,0,0,NA,NA,"c10110",FALSE,0.024715428708653,0.395446859338448,1,0.422459864165325,0.111111111111111,0.0364590687227415,0.0109846349816236,"Pizza","br",0.211229932082663,0.0958913059972246,1,0.032258064516129,"TRUE","ShortPizza","HotdogNoSportySee_hotdog","br"
"200","1011","br_p=0","c10110",FALSE,0.036823177213232,0.589170835411712,0.999997932651039,0.676157930843848,0.111110881405671,0.0975828242771606,0.0490975696176427,"Short","br",NA,NA,0,0,0,0,0,0,0,NA,NA,0.338078965421924,0.159271684911894,1,0.032258064516129,"TRUE","ShortPizza","HotdogNoSportySee_hotdog","br"
"201","1011","br_p=1","c10110",FALSE,7.61265145379964e-08,1.21802423260794e-06,2.0673489611475e-06,3.32803020294955e-08,2.297054401275e-07,1.09354138924351e-08,6.76680129226634e-08,"Short","br",NA,NA,0,0,0,0,0,0,0,NA,NA,1.66401510147477e-08,0.0411941254097307,2,0.0645161290322581,"TRUE","ShortPizza","HotdogNoSportySee_hotdog","br"
"202","1011","C=1","c10110",FALSE,0.0368232533397465,0.589172053435945,1,0.0290631478449123,0.111111111111111,0.0406811749601062,0.0818294518661034,"Short","C","c10110",FALSE,0.024715428708653,0.395446859338448,1,0.0321003840530987,0.111111111111111,0.0033534245396614,0.0109846349816236,"Pizza","C",0.0305817659490055,0.0465544528395738,4,0.129032258064516,"TRUE","ShortPizza","HotdogNoSportySee_hotdog","C"
"203","1011","Cu=0","c10110",FALSE,0.0324267183409816,0.518827493455705,0.880604384457812,0.0263013022343809,0.0978449316064235,0.0286960323932483,0.0432356244546421,"Short","Cu","c10110",FALSE,9.22606955193341e-11,1.47617112830935e-09,3.73291908495332e-09,1.17850357524275e-10,4.14768787217036e-10,6.20909324160428e-12,2.05023767820743e-11,"Pizza","Cu",0.0131506511761156,0.0434190461920567,NA,NA,"TRUE","ShortPizza","HotdogNoSportySee_hotdog","Cu"
"204","1011","Cu=1","c10110",FALSE,0.00439653499876497,0.0703445599802395,0.119395615542188,0.00236488569911101,0.0132661795046876,0.000899400599327246,0.00390803111001331,"Short","Cu","c10110",FALSE,0.0247154286163923,0.395446857862277,0.999999996267081,0.0321343713885715,0.111111110696342,0.00167573763386064,0.00549231747030941,"Pizza","Cu",0.0172496285438413,0.0441368090507993,2,0.0645161290322581,"TRUE","ShortPizza","HotdogNoSportySee_hotdog","Cu"
"205","1011","K=0","c10110",FALSE,0.0368232533397465,0.589172053435945,1,0.0324618138243609,0.111111111111111,0.0409396442011493,0.0818294518661034,"Short","K","c10110",FALSE,0.024715428708653,0.395446859338448,1,0.0451437876185789,0.111111111111111,0.0134266585675081,0.0109846349816236,"Pizza","K",0.0388028007214699,0.0481108053518035,7,0.225806451612903,"TRUE","ShortPizza","HotdogNoSportySee_hotdog","K"
"206","1011","Ku_f=0",NA,NA,0,0,0,0,0,0,0,NA,NA,"c10110",FALSE,0.0247122659457122,0.395396255131395,0.999872032851298,0.0449580685375405,0.111096892539033,0.00224343994094086,0.00549161465460271,"Pizza","Ku",0.0224790342687702,0.0450697698217171,3,0.0967741935483871,"TRUE","ShortPizza","HotdogNoSportySee_hotdog","Ku"
"207","1011","Ku_f=1",NA,NA,0,0,0,0,0,0,0,NA,NA,"c10110",FALSE,3.16276294080169e-06,5.06042070528271e-05,0.000127967148702316,3.26845483663194e-06,1.42185720780351e-05,1.6150222157966e-07,7.02836209067043e-07,"Pizza","Ku",1.63422741831597e-06,0.041194391950964,NA,NA,"TRUE","ShortPizza","HotdogNoSportySee_hotdog","Ku"
"208","1011","Ku_p=0","c10110",FALSE,0.0368232532876815,0.589172052602905,0.999999998586083,0.0328183362388001,0.111111110954009,0.0184494277129893,0.0409147258752017,"Short","Ku",NA,NA,0,0,0,0,0,0,0,NA,NA,0.0164091681194001,0.0439886772231188,1,0.032258064516129,"TRUE","ShortPizza","HotdogNoSportySee_hotdog","Ku"
"209","1011","Ku_p=1","c10110",FALSE,5.20650099658593e-11,8.33040159453748e-10,1.41391662180107e-09,1.50020966619759e-10,1.57101846866785e-10,4.07583972437087e-11,5.7850011073177e-11,"Short","Ku",NA,NA,0,0,0,0,0,0,0,NA,NA,7.50104833098795e-11,0.0411941226801848,NA,NA,"TRUE","ShortPizza","HotdogNoSportySee_hotdog","Ku"
"210","1011","P=1","c10110",FALSE,0.0368232533397465,0.589172053435945,1,0.0684886763147736,0.111111111111111,0.18602374553062,0.0818294518661034,"Short","P","c10110",FALSE,0.024715428708653,0.395446859338448,1,0.0214068199828938,0.111111111111111,0.00231988913790195,0.0109846349816236,"Pizza","P",0.0449477481488337,0.0493080120997885,NA,NA,"TRUE","ShortPizza","HotdogNoSportySee_hotdog","P"
"211","1011","Pu_f=0",NA,NA,0,0,0,0,0,0,0,NA,NA,"c10110",FALSE,0.024715428708653,0.395446859338448,1,0.284644320826662,0.111111111111111,0.0248486005264346,0.0109846349816236,"Pizza","Pu",0.142322160413331,0.0727904113381118,5,0.161290322580645,"TRUE","ShortPizza","HotdogNoSportySee_hotdog","Pu"
"212","1011","Pu_p=0","c10110",FALSE,0.0276860548058838,0.442976876894141,0.751863355213099,0.0122099545807958,0.0835403728014555,0.00704204914225949,0.0123049132470595,"Short","Pu",NA,NA,0,0,0,0,0,0,0,NA,NA,0.00610497729039789,0.0422124626814568,NA,NA,"TRUE","ShortPizza","HotdogNoSportySee_hotdog","Pu"
"213","1011","Pu_p=1","c10110",FALSE,0.00913719853386274,0.146195176541804,0.248136644786901,0.0539726099451611,0.0275707383096556,0.0434544005480572,0.0162439085046449,"Short","Pu",NA,NA,0,0,0,0,0,0,0,NA,NA,0.0269863049725805,0.0458897055693041,NA,NA,"TRUE","ShortPizza","HotdogNoSportySee_hotdog","Pu"
"214","1011","S=1","c10110",FALSE,0.0368232533397465,0.589172053435945,1,0.0330104032912835,0.111111111111111,0.0471337626452471,0.0818294518661034,"Short","S","c10110",FALSE,0.024715428708653,0.395446859338448,1,0.0319736789116176,0.111111111111111,0.00334153941273229,0.0109846349816236,"Pizza","S",0.0324920411014505,0.0469115426396677,NA,NA,"TRUE","ShortPizza","HotdogNoSportySee_hotdog","S"
"215","1011","Su=0","c10110",FALSE,2.42341103977128e-09,3.87745766363405e-08,6.58119753138564e-08,2.178319157565e-09,7.3124417015396e-09,1.54120712765512e-09,2.6926789330792e-09,"Short","Su","c10110",FALSE,0.024715428708653,0.395446859338448,1,0.0851754359430244,0.111111111111111,0.00826767467045223,0.0109846349816236,"Pizza","Su",0.0425877190606718,0.0488447288926213,1,0.032258064516129,"TRUE","ShortPizza","HotdogNoSportySee_hotdog","Su"
"216","1011","Su=1","c10110",FALSE,0.0368232509163355,0.589172014661368,0.999999934188025,0.0331509035739305,0.111111103798669,0.0235110830676041,0.0409147232403728,"Short","Su",NA,NA,0,0,0,0,0,0,0,NA,NA,0.0165754517869652,0.0440179453499827,NA,NA,"TRUE","ShortPizza","HotdogNoSportySee_hotdog","Su"
"217","1100","br_f=0",NA,NA,0,0,0,0,0,0,0,NA,NA,"c11000",FALSE,0.0268801894926049,0.430083031881678,1,0.318003915946552,0.111111111111111,0.029751000382511,0.0119467508856022,"Pizza","br",0.159001957973276,0.0854162067950281,NA,NA,"TRUE","ShortPizza","HotdogYesLazySee_pizza","br"
"218","1100","br_p=0","c11000",FALSE,0.0624994792816265,0.999991668506024,0.999998781967093,0.0785096625562097,0.111110975774121,0.137274602351796,0.111110185389558,"Short","br",NA,NA,0,0,0,0,0,0,0,NA,NA,0.0392548312781048,0.0529076187972463,1,0.03125,"TRUE","ShortPizza","HotdogYesLazySee_pizza","br"
"219","1100","br_p=1","c11000",FALSE,7.61265151666122e-08,1.21802424266579e-06,1.21803290710601e-06,1.85372180021208e-08,1.35336989678446e-07,1.96570482171916e-08,1.0150202022215e-07,"Short","br",NA,NA,0,0,0,0,0,0,0,NA,NA,9.2686090010604e-09,0.0452194843248425,NA,NA,"TRUE","ShortPizza","HotdogYesLazySee_pizza","br"
"220","1100","C=0","c11000",FALSE,0.0624995554081417,0.999992886530267,1,0.37950803715004,0.111111111111111,0.301705569103572,0.194443061269774,"Short","C","c11000",FALSE,0.0268801894926049,0.430083031881678,1,0.0360336351683468,0.111111111111111,0.00423170640332465,0.0119467508856022,"Pizza","C",0.207770836159194,0.103815093608851,23,0.71875,"TRUE","ShortPizza","HotdogYesLazySee_pizza","C"
"221","1100","Cu=0","c11000",FALSE,0.0324267183409819,0.51882749345571,0.518831184145635,0.0576478673737705,0.057647909349515,0.036217976765415,0.0504415618637496,"Short","Cu","c11000",FALSE,1.00341572364106e-10,1.6054651578257e-09,3.73291908495332e-09,1.37846700189592e-10,4.14768787217036e-10,8.04822304156727e-12,2.22981271920237e-11,"Pizza","Cu",0.0288239337558086,0.0507455414589542,NA,NA,"TRUE","ShortPizza","HotdogYesLazySee_pizza","Cu"
"222","1100","Cu=1","c11000",FALSE,0.0300728370671598,0.481165393074557,0.481168815854365,0.0145115648357509,0.0534632017615961,0.0226758100646948,0.0467799687711375,"Short","Cu","c11000",FALSE,0.0268801893922633,0.430083030276213,0.999999996267081,0.0363671469754198,0.111111110696342,0.00212384738148557,0.00597337542050295,"Pizza","Cu",0.0254393559055854,0.0500631620713078,NA,NA,"TRUE","ShortPizza","HotdogYesLazySee_pizza","Cu"
"223","1100","K=1","c11000",FALSE,0.0624995554081417,0.999992886530267,1,0.0788654978824101,0.111111111111111,0.237542162853319,0.194443061269774,"Short","K","c11000",FALSE,0.0268801894926049,0.430083031881678,1,0.0260489921041095,0.111111111111111,0.00316255118092438,0.0119467508856022,"Pizza","K",0.0524572449932598,0.0557767438699092,1,0.03125,"TRUE","ShortPizza","HotdogYesLazySee_pizza","K"
"224","1100","Ku_f=0",NA,NA,0,0,0,0,0,0,0,NA,NA,"c11000",FALSE,0.0268801894926049,0.430083031881678,1,0.228785517102957,0.111111111111111,0.0222534911390997,0.0119467508856022,"Pizza","Ku",0.114392758551478,0.0714572279506126,NA,NA,"TRUE","ShortPizza","HotdogYesLazySee_pizza","Ku"
"225","1100","Ku_p=0","c11000",FALSE,0.0624995553197719,0.99999288511635,0.999999998586073,0.074784622610961,0.111111110954008,0.0400441244823097,0.0833327404263625,"Short","Ku",NA,NA,0,0,0,0,0,0,0,NA,NA,0.0373923113054805,0.0525149174549403,NA,NA,"TRUE","ShortPizza","HotdogYesLazySee_pizza","Ku"
"226","1100","Ku_p=1","c11000",FALSE,8.83697888625666e-11,1.41391662180107e-09,1.41392667972571e-09,1.54901439937055e-10,1.57102964413967e-10,2.65262178083438e-10,1.57101846866785e-10,"Short","Ku",NA,NA,0,0,0,0,0,0,0,NA,NA,7.74507199685277e-11,0.0452194826623648,NA,NA,"TRUE","ShortPizza","HotdogYesLazySee_pizza","Ku"
"227","1100","P=1","c11000",FALSE,0.0624995554081417,0.999992886530267,1,0.0815480165308552,0.111111111111111,0.237336627049251,0.194443061269774,"Short","P","c11000",FALSE,0.0268801894926049,0.430083031881678,1,0.0264621590859588,0.111111111111111,0.00317541895385456,0.0119467508856022,"Pizza","P",0.054005087808407,0.0561231496557621,1,0.03125,"TRUE","ShortPizza","HotdogYesLazySee_pizza","P"
"228","1100","Pu_f=0",NA,NA,0,0,0,0,0,0,0,NA,NA,"c11000",FALSE,0.0268801894926049,0.430083031881678,1,0.230039539793265,0.111111111111111,0.0221291814369074,0.0119467508856022,"Pizza","Pu",0.115019769896632,0.071636670852494,NA,NA,"TRUE","ShortPizza","HotdogYesLazySee_pizza","Pu"
"229","1100","Pu_p=0","c11000",FALSE,0.053362356874279,0.853797709988463,0.853803783495835,0.0619507548096405,0.0948670870550928,0.0344745619008168,0.0711498091657053,"Short","Pu",NA,NA,0,0,0,0,0,0,0,NA,NA,0.0309753774048203,0.0511841306435363,NA,NA,"TRUE","ShortPizza","HotdogYesLazySee_pizza","Pu"
"230","1100","Pu_p=1","c11000",FALSE,0.00913719853386274,0.146195176541804,0.146196216504165,0.0157657914703469,0.0162440240560183,0.0274325489265021,0.0162439085046449,"Short","Pu",NA,NA,0,0,0,0,0,0,0,NA,NA,0.00788289573517344,0.0466680421875602,1,0.03125,"TRUE","ShortPizza","HotdogYesLazySee_pizza","Pu"
"231","1100","S=0","c11000",FALSE,0.0624995554081417,0.999992886530267,1,0.0783984692909852,0.111111111111111,0.123478493689683,0.194443061269774,"Short","S","c11000",FALSE,0.0268801894926049,0.430083031881678,1,0.0539557357367232,0.111111111111111,0.0148927421396446,0.0119467508856022,"Pizza","S",0.0661771025138542,0.0589232904483318,NA,NA,"TRUE","ShortPizza","HotdogYesLazySee_pizza","S"
"232","1100","Su=0","c11000",FALSE,4.11321919764762e-09,6.58115071623619e-08,6.58119753138564e-08,2.42963556345667e-09,7.3124417015396e-09,3.88731759414147e-09,6.39834097411852e-09,"Short","Su","c11000",FALSE,0.0247122659457122,0.395396255131395,0.919348650890684,0.0426004577395033,0.102149850098965,0.00230409991701043,0.00549161465460271,"Pizza","Su",0.0213002300845694,0.0492411150541905,4,0.125,"TRUE","ShortPizza","HotdogYesLazySee_pizza","Su"
"233","1100","Su=1","c11000",FALSE,0.0624995512949225,0.99999282071876,0.999999934188025,0.0785096943672745,0.111111103798669,0.0648406931469198,0.0972215242365461,"Short","Su","c11000",FALSE,0.00216792354689264,0.0346867767502822,0.0806513491093159,0.00170290020931831,0.00896126101214621,9.18275995336648e-05,0.000481760788198364,"Pizza","Su",0.0401062972882964,0.0530881221640684,NA,NA,"TRUE","ShortPizza","HotdogYesLazySee_pizza","Su"
"234","1101","br_f=0",NA,NA,0,0,0,0,0,0,0,NA,NA,"c11010",FALSE,0.0247122659457122,0.395396255131395,1,0.311377837357104,0.111111111111111,0.0153579361181435,0.00549161465460271,"Pizza","br",0.155688918678552,0.084408651078681,1,0.03125,"TRUE","ShortPizza","HotdogYesLazySee_hotdog","br"
"235","1101","br_p=0","c11010",FALSE,0.0624994792816265,0.999991668506024,0.999998781967093,0.0787425452260664,0.111110975774121,0.0899974786521607,0.111110185389558,"Short","br",NA,NA,0,0,0,0,0,0,0,NA,NA,0.0393712726130332,0.053005692477435,NA,NA,"TRUE","ShortPizza","HotdogYesLazySee_hotdog","br"
"236","1101","br_p=1","c11010",FALSE,7.61265151666122e-08,1.21802424266579e-06,1.21803290710601e-06,1.83822073466924e-08,1.35336989678446e-07,1.95479971086548e-08,1.0150202022215e-07,"Short","br",NA,NA,0,0,0,0,0,0,0,NA,NA,9.19110367334621e-09,0.0452822108697408,1,0.03125,"TRUE","ShortPizza","HotdogYesLazySee_hotdog","br"
"237","1101","C=0","c11010",FALSE,0.0624995554081417,0.999992886530267,1,0.376365439514904,0.111111111111111,0.304848751114251,0.194443061269774,"Short","C","c11010",FALSE,0.0247122659457122,0.395396255131395,1,0.0363615547083296,0.111111111111111,0.00178868577046017,0.00549161465460271,"Pizza","C",0.206363497111617,0.103375522837927,8,0.25,"TRUE","ShortPizza","HotdogYesLazySee_hotdog","C"
"238","1101","Cu=0","c11010",FALSE,0.0324267183409819,0.51882749345571,0.518831184145635,0.0576478698325692,0.057647909349515,0.0392259871361329,0.0504415618637496,"Short","Cu","c11010",FALSE,9.22488891811912e-11,1.47598222689906e-09,3.73291908495332e-09,1.31814763642019e-10,4.14768787217036e-10,3.25744149469278e-12,1.02498765756879e-11,"Pizza","Cu",0.028823934982192,0.050815933780249,NA,NA,"TRUE","ShortPizza","HotdogYesLazySee_hotdog","Cu"
"239","1101","Cu=1","c11010",FALSE,0.0300728370671598,0.481165393074557,0.481168815854365,0.0147249358018457,0.0534632017615961,0.0227973391858499,0.0467799687711375,"Short","Cu","c11010",FALSE,0.0247122658534633,0.395396253655413,0.999999996267081,0.0358594105421805,0.111111110696342,0.000886167289974841,0.00274580731705148,"Pizza","Cu",0.0252921731720131,0.0501031016449382,NA,NA,"TRUE","ShortPizza","HotdogYesLazySee_hotdog","Cu"
"240","1101","K=1","c11010",FALSE,0.0624995554081417,0.999992886530267,1,0.0795925066505971,0.111111111111111,0.243509292966774,0.194443061269774,"Short","K","c11010",FALSE,0.0247122659457122,0.395396255131395,1,0.0253222888432704,0.111111111111111,0.00125305675533212,0.00549161465460271,"Pizza","K",0.0524573977469337,0.0558541491411259,NA,NA,"TRUE","ShortPizza","HotdogYesLazySee_hotdog","K"
"241","1101","Ku_f=0",NA,NA,0,0,0,0,0,0,0,NA,NA,"c11010",FALSE,0.0247122659457122,0.395396255131395,1,0.225093085201442,0.111111111111111,0.0111426143694164,0.00549161465460271,"Pizza","Ku",0.112546542600721,0.0710298629094087,NA,NA,"TRUE","ShortPizza","HotdogYesLazySee_hotdog","Ku"
"242","1101","Ku_p=0","c11010",FALSE,0.0624995553197719,0.99999288511635,0.999999998586073,0.0751380811922918,0.111111110954008,0.0462000495165521,0.0833327404263625,"Short","Ku",NA,NA,0,0,0,0,0,0,0,NA,NA,0.0375690405961459,0.0526249522664691,NA,NA,"TRUE","ShortPizza","HotdogYesLazySee_hotdog","Ku"
"243","1101","Ku_p=1","c11010",FALSE,8.83697888625666e-11,1.41391662180107e-09,1.41392667972571e-09,1.5558027991767e-10,1.57102964413967e-10,2.65707968179886e-10,1.57101846866785e-10,"Short","Ku",NA,NA,0,0,0,0,0,0,0,NA,NA,7.77901399588349e-11,0.0452822092190569,1,0.03125,"TRUE","ShortPizza","HotdogYesLazySee_hotdog","Ku"
"244","1101","P=1","c11010",FALSE,0.0624995554081417,0.999992886530267,1,0.0820624798537444,0.111111111111111,0.244064198745301,0.194443061269774,"Short","P","c11010",FALSE,0.0247122659457122,0.395396255131395,1,0.0256459745127211,0.111111111111111,0.00125907540909244,0.00549161465460271,"Pizza","P",0.0538542271832327,0.056167097476521,1,0.03125,"TRUE","ShortPizza","HotdogYesLazySee_hotdog","P"
"245","1101","Pu_f=0",NA,NA,0,0,0,0,0,0,0,NA,NA,"c11010",FALSE,0.0247122659457122,0.395396255131395,1,0.223853175490884,0.111111111111111,0.0110789488942879,0.00549161465460271,"Pizza","Pu",0.111926587745442,0.0708539398946942,10,0.3125,"TRUE","ShortPizza","HotdogYesLazySee_hotdog","Pu"
"246","1101","Pu_p=0","c11010",FALSE,0.053362356874279,0.853797709988463,0.853803783495835,0.0620184216266363,0.0948670870550928,0.0396371113139967,0.0711498091657053,"Short","Pu",NA,NA,0,0,0,0,0,0,0,NA,NA,0.0310092108133181,0.0512620681204946,NA,NA,"TRUE","ShortPizza","HotdogYesLazySee_hotdog","Pu"
"247","1101","Pu_p=1","c11010",FALSE,0.00913719853386274,0.146195176541804,0.146196216504165,0.0161050105858764,0.0162440240560183,0.0274824175613094,0.0162439085046449,"Short","Pu",NA,NA,0,0,0,0,0,0,0,NA,NA,0.00805250529293822,0.0467644941855893,NA,NA,"TRUE","ShortPizza","HotdogYesLazySee_hotdog","Pu"
"248","1101","S=1","c11010",FALSE,0.0624995554081417,0.999992886530267,1,0.0788600870271385,0.111111111111111,0.130195031723411,0.194443061269774,"Short","S","c11010",FALSE,0.0247122659457122,0.395396255131395,1,0.0356340896877151,0.111111111111111,0.00176161018796582,0.00549161465460271,"Pizza","S",0.0572470883574268,0.0569345621564014,NA,NA,"TRUE","ShortPizza","HotdogYesLazySee_hotdog","S"
"249","1101","Su=0","c11010",FALSE,4.11321919764762e-09,6.58115071623619e-08,6.58119753138564e-08,5.21194734835757e-09,7.3124417015396e-09,4.27090049652134e-09,6.39834097411852e-09,"Short","Su","c11010",FALSE,0.0247122659457122,0.395396255131395,1,0.0808525835245391,0.111111111111111,0.0040238112956265,0.00549161465460271,"Pizza","Su",0.0404262943682432,0.0532298537696932,5,0.15625,"TRUE","ShortPizza","HotdogYesLazySee_hotdog","Su"
"250","1101","Su=1","c11010",FALSE,0.0624995512949225,0.99999282071876,0.999999934188025,0.0787425989385953,0.111111103798669,0.0649154320695512,0.0972215242365461,"Short","Su",NA,NA,0,0,0,0,0,0,0,NA,NA,0.0393712994692977,0.0530056981715749,NA,NA,"TRUE","ShortPizza","HotdogYesLazySee_hotdog","Su"
"251","1110","br_f=0",NA,NA,0,0,0,0,0,0,0,NA,NA,"c11100",FALSE,0.0268801894926049,0.430083031881678,1,0.31637995162373,0.111111111111111,0.029777298358029,0.0119467508856022,"Pizza","br",0.158189975811865,0.0815350557860489,1,0.0333333333333333,"TRUE","ShortPizza","HotdogYesSportySee_pizza","br"
"252","1110","br_p=0","c11100",FALSE,0.0368231772495362,0.589170835992578,0.999997932651024,0.677484698309813,0.111110881405669,0.0960806144319964,0.0572804979437229,"Short","br",NA,NA,0,0,0,0,0,0,0,NA,NA,0.338742349154906,0.167878844153092,4,0.133333333333333,"TRUE","ShortPizza","HotdogYesSportySee_pizza","br"
"253","1110","br_p=1","c11100",FALSE,7.61265151666122e-08,1.21802424266579e-06,2.06734897618043e-06,4.02723098281718e-08,2.29705441797825e-07,2.36800112608713e-08,1.0150202022215e-07,"Short","br",NA,NA,0,0,0,0,0,0,0,NA,NA,2.01361549140859e-08,0.0433052223987999,NA,NA,"TRUE","ShortPizza","HotdogYesSportySee_pizza","br"
"254","1110","C=1","c11100",FALSE,0.0368232533760513,0.589172054016821,1,0.029272700183618,0.111111111111111,0.0539676606889367,0.106378287530815,"Short","C","c11100",FALSE,0.0268801894926049,0.430083031881678,1,0.0357075300477114,0.111111111111111,0.00419140663268885,0.0119467508856022,"Pizza","C",0.0324901151156647,0.0493152625004895,NA,NA,"TRUE","ShortPizza","HotdogYesSportySee_pizza","C"
"255","1110","Cu=0","c11100",FALSE,0.0324267183409819,0.51882749345571,0.880604383589615,0.0263149384655628,0.0978449315099573,0.0338672252024348,0.0504415618637496,"Short","Cu","c11100",FALSE,1.00341572364106e-10,1.6054651578257e-09,3.73291908495332e-09,1.37529560858738e-10,4.14768787217036e-10,7.90447871274144e-12,2.22981271920237e-11,"Pizza","Cu",0.0131574693015462,0.0456454090747083,NA,NA,"TRUE","ShortPizza","HotdogYesSportySee_pizza","Cu"
"256","1110","Cu=1","c11100",FALSE,0.00439653503506942,0.0703445605611108,0.119395616410385,0.00273010884245687,0.0132661796011538,0.0017820436168416,0.0058620467134259,"Short","Cu","c11100",FALSE,0.0268801893922633,0.430083030276213,0.999999996267081,0.0362022205169047,0.111111110696342,0.00210120390022835,0.00597337542050295,"Pizza","Cu",0.0194661646796808,0.0468119173895003,NA,NA,"TRUE","ShortPizza","HotdogYesSportySee_pizza","Cu"
"257","1110","K=1","c11100",FALSE,0.0368232533760513,0.589172054016821,1,0.0344197195473966,0.111111111111111,0.157215989657116,0.106378287530815,"Short","K","c11100",FALSE,0.0268801894926049,0.430083031881678,1,0.0263723310189425,0.111111111111111,0.00316760886701178,0.0119467508856022,"Pizza","K",0.0303960252831695,0.0489039053840248,1,0.0333333333333333,"TRUE","ShortPizza","HotdogYesSportySee_pizza","K"
"258","1110","Ku_f=0",NA,NA,0,0,0,0,0,0,0,NA,NA,"c11100",FALSE,0.0268801894926049,0.430083031881678,1,0.227796183233885,0.111111111111111,0.0222254352496254,0.0119467508856022,"Pizza","Ku",0.113898091616942,0.0682969782531542,NA,NA,"TRUE","ShortPizza","HotdogYesSportySee_pizza","Ku"
"259","1110","Ku_p=0","c11100",FALSE,0.0368232532876815,0.589172052602905,0.999999997600163,0.0306202095855032,0.111111110844463,0.0163355348208106,0.0409147258752017,"Short","Ku",NA,NA,0,0,0,0,0,0,0,NA,NA,0.0153101047927516,0.0460401377601936,NA,NA,"TRUE","ShortPizza","HotdogYesSportySee_pizza","Ku"
"260","1110","Ku_p=1","c11100",FALSE,8.83697888625666e-11,1.41391662180107e-09,2.39983653698669e-09,4.85900062045138e-10,2.66648504109633e-10,3.21986288299403e-10,1.57101846866785e-10,"Short","Ku",NA,NA,0,0,0,0,0,0,0,NA,NA,2.42950031022569e-10,0.0433052189528814,NA,NA,"TRUE","ShortPizza","HotdogYesSportySee_pizza","Ku"
"261","1110","P=1","c11100",FALSE,0.0368232533760513,0.589172054016821,1,0.0655552901693321,0.111111111111111,0.156613605174745,0.106378287530815,"Short","P","c11100",FALSE,0.0268801894926049,0.430083031881678,1,0.0258525133105773,0.111111111111111,0.00316187947251284,0.0119467508856022,"Pizza","P",0.0457039017399547,0.0519919429768115,NA,NA,"TRUE","ShortPizza","HotdogYesSportySee_pizza","P"
"262","1110","Pu_f=0",NA,NA,0,0,0,0,0,0,0,NA,NA,"c11100",FALSE,0.0268801894926049,0.430083031881678,1,0.234126665263529,0.111111111111111,0.0223266276050399,0.0119467508856022,"Pizza","Pu",0.117063332631764,0.0691671810187166,12,0.4,"TRUE","ShortPizza","HotdogYesSportySee_pizza","Pu"
"263","1110","Pu_p=0","c11100",FALSE,0.0276860548421886,0.442976877475017,0.751863355457742,0.0119463637038914,0.083540372828638,0.0142898885068317,0.0307622831579873,"Short","Pu",NA,NA,0,0,0,0,0,0,0,NA,NA,0.00597318185194568,0.0443523583968079,NA,NA,"TRUE","ShortPizza","HotdogYesSportySee_pizza","Pu"
"264","1110","Pu_p=1","c11100",FALSE,0.00913719853386274,0.146195176541804,0.248136644542258,0.0537333227671361,0.0275707382824731,0.0329146082105434,0.0162439085046449,"Short","Pu",NA,NA,0,0,0,0,0,0,0,NA,NA,0.026866661383568,0.0482183571554375,2,0.0666666666666667,"TRUE","ShortPizza","HotdogYesSportySee_pizza","Pu"
"265","1110","S=0","c11100",FALSE,0.0368232533760513,0.589172054016821,1,0.0341752639757954,0.111111111111111,0.06322290215304,0.106378287530815,"Short","S","c11100",FALSE,0.0268801894926049,0.430083031881678,1,0.054159284634424,0.111111111111111,0.0148777261752307,0.0119467508856022,"Pizza","S",0.0441672743051097,0.0516733541007623,NA,NA,"TRUE","ShortPizza","HotdogYesSportySee_pizza","S"
"266","1110","Su=0","c11100",FALSE,2.42341104216057e-09,3.87745766745691e-08,6.58119753138564e-08,6.32475560409201e-09,7.3124417015396e-09,2.11622897991603e-09,3.50048261645415e-09,"Short","Su","c11100",FALSE,0.0247122659457122,0.395396255131395,0.919348650890684,0.0417137237508328,0.102149850098965,0.00223329900006662,0.00549161465460271,"Pizza","Su",0.0208568650377942,0.0470730484272799,3,0.1,"TRUE","ShortPizza","HotdogYesSportySee_pizza","Su"
"267","1110","Su=1","c11100",FALSE,0.0368232509526403,0.589172015242244,0.999999934188025,0.0337473373665293,0.111111103798669,0.0311503391723237,0.0531891402649248,"Short","Su","c11100",FALSE,0.00216792354689264,0.0346867767502822,0.0806513491093159,0.00168959646193429,0.00896126101214621,9.23334462034056e-05,0.000481760788198364,"Pizza","Su",0.0177184669142318,0.0464858062712913,NA,NA,"TRUE","ShortPizza","HotdogYesSportySee_pizza","Su"
"268","1111","br_f=0",NA,NA,0,0,0,0,0,0,0,NA,NA,"c11110",FALSE,0.0247122659457122,0.395396255131395,1,0.311714243006565,0.111111111111111,0.015330179279162,0.00549161465460271,"Pizza","br",0.155857121503282,0.0856180987793636,NA,NA,"TRUE","ShortPizza","HotdogYesSportySee_hotdog","br"
"269","1111","br_p=0","c11110",FALSE,0.0368231772495362,0.589170835992578,0.999997932651024,0.105349967922143,0.111110881405669,0.0472135749291267,0.0572804979437229,"Short","br",NA,NA,0,0,0,0,0,0,0,NA,NA,0.0526749839610713,0.0566656464823884,2,0.0645161290322581,"TRUE","ShortPizza","HotdogYesSportySee_hotdog","br"
"270","1111","br_p=1","c11110",FALSE,7.61265151666122e-08,1.21802424266579e-06,2.06734897618043e-06,4.0152160195916e-08,2.29705441797825e-07,2.36109134781478e-08,1.0150202022215e-07,"Short","br",NA,NA,0,0,0,0,0,0,0,NA,NA,2.0076080097958e-08,0.0459001456116311,NA,NA,"TRUE","ShortPizza","HotdogYesSportySee_hotdog","br"
"271","1111","C=1","c11110",FALSE,0.0368232533760513,0.589172054016821,1,0.100877886519204,0.111111111111111,0.0602816835897721,0.106378287530815,"Short","C","c11110",FALSE,0.0247122659457122,0.395396255131395,1,0.0357254006408295,0.111111111111111,0.00174442215104025,0.00549161465460271,"Pizza","C",0.0683016435800165,0.0603206671274594,2,0.0645161290322581,"TRUE","ShortPizza","HotdogYesSportySee_hotdog","C"
"272","1111","Cu=0","c11110",FALSE,0.0324267183409819,0.51882749345571,0.880604383589615,0.0978448646702159,0.0978449315099573,0.0392649324704406,0.0504415618637496,"Short","Cu","c11110",FALSE,9.22488891811912e-11,1.47598222689906e-09,3.73291908495332e-09,1.36552028051341e-10,4.14768787217036e-10,3.37451003263109e-12,1.02498765756879e-11,"Pizza","Cu",0.048922432403384,0.0558214351857714,NA,NA,"TRUE","ShortPizza","HotdogYesSportySee_hotdog","Cu"
"273","1111","Cu=1","c11110",FALSE,0.00439653503506942,0.0703445605611108,0.119395616410385,0.00273301637969068,0.0132661796011538,0.00177370207085205,0.0058620467134259,"Short","Cu","c11110",FALSE,0.0247122658534633,0.395396253655413,0.999999996267081,0.0362613835959597,0.111111110696342,0.000896100954982843,0.00274580731705148,"Pizza","Cu",0.0194971999878252,0.0496231276874351,3,0.0967741935483871,"TRUE","ShortPizza","HotdogYesSportySee_hotdog","Cu"
"274","1111","K=1","c11110",FALSE,0.0368232533760513,0.589172054016821,1,0.106038744674585,0.111111111111111,0.163341091239147,0.106378287530815,"Short","K","c11110",FALSE,0.0247122659457122,0.395396255131395,1,0.0258247067666009,0.111111111111111,0.00127587096796904,0.00549161465460271,"Pizza","K",0.065931725720593,0.0597515488114501,1,0.032258064516129,"TRUE","ShortPizza","HotdogYesSportySee_hotdog","K"
"275","1111","Ku_f=0",NA,NA,0,0,0,0,0,0,0,NA,NA,"c11110",FALSE,0.0247122659457122,0.395396255131395,1,0.224199539732128,0.111111111111111,0.0111719299691401,0.00549161465460271,"Pizza","Ku",0.112099769866064,0.0718706006278431,NA,NA,"TRUE","ShortPizza","HotdogYesSportySee_hotdog","Ku"
"276","1111","Ku_p=0","c11110",FALSE,0.0368232532876815,0.589172052602905,0.999999997600163,0.102267466813299,0.111111110844463,0.022467213626242,0.0409147258752017,"Short","Ku",NA,NA,0,0,0,0,0,0,0,NA,NA,0.0511337334066495,0.0563173772893936,NA,NA,"TRUE","ShortPizza","HotdogYesSportySee_hotdog","Ku"
"277","1111","Ku_p=1","c11110",FALSE,8.83697888625666e-11,1.41391662180107e-09,2.39983653698669e-09,4.94607763419634e-10,2.66648504109633e-10,3.23190881583477e-10,1.57101846866785e-10,"Short","Ku",NA,NA,0,0,0,0,0,0,0,NA,NA,2.47303881709817e-10,0.0459001419710564,NA,NA,"TRUE","ShortPizza","HotdogYesSportySee_hotdog","Ku"
"278","1111","P=1","c11110",FALSE,0.0368232533760513,0.589172054016821,1,0.137886784448183,0.111111111111111,0.163437932889654,0.106378287530815,"Short","P","c11110",FALSE,0.0247122659457122,0.395396255131395,1,0.0262237522807367,0.111111111111111,0.00128970408507905,0.00549161465460271,"Pizza","P",0.0820552683644599,0.0637321587791336,NA,NA,"TRUE","ShortPizza","HotdogYesSportySee_hotdog","P"
"279","1111","Pu_f=0",NA,NA,0,0,0,0,0,0,0,NA,NA,"c11110",FALSE,0.0247122659457122,0.395396255131395,1,0.22275728154848,0.111111111111111,0.0109788275298221,0.00549161465460271,"Pizza","Pu",0.11137864077424,0.0716635874140431,16,0.516129032258065,"TRUE","ShortPizza","HotdogYesSportySee_hotdog","Pu"
"280","1111","Pu_p=0","c11110",FALSE,0.0276860548421886,0.442976877475017,0.751863355457742,0.0835403727557401,0.083540372828638,0.0169020444024036,0.0307622831579873,"Short","Pu",NA,NA,0,0,0,0,0,0,0,NA,NA,0.04177018637787,0.0542470685293559,NA,NA,"TRUE","ShortPizza","HotdogYesSportySee_hotdog","Pu"
"281","1111","Pu_p=1","c11110",FALSE,0.00913719853386274,0.146195176541804,0.248136644542258,0.0527393676676395,0.0275707382824731,0.0332650261815016,0.0162439085046449,"Short","Pu",NA,NA,0,0,0,0,0,0,0,NA,NA,0.0263696838338197,0.0510061872737612,1,0.032258064516129,"TRUE","ShortPizza","HotdogYesSportySee_hotdog","Pu"
"282","1111","S=1","c11110",FALSE,0.0368232533760513,0.589172054016821,1,0.105371426819085,0.111111111111111,0.0693446798267662,0.106378287530815,"Short","S","c11110",FALSE,0.0247122659457122,0.395396255131395,1,0.0355642180012202,0.111111111111111,0.00176183057924248,0.00549161465460271,"Pizza","S",0.0704678224101526,0.0608455994464134,NA,NA,"TRUE","ShortPizza","HotdogYesSportySee_hotdog","S"
"283","1111","Su=0","c11110",FALSE,2.42341104216057e-09,3.87745766745691e-08,6.58119753138564e-08,6.92588369664219e-09,7.3124417015396e-09,2.27687705587831e-09,3.50048261645415e-09,"Short","Su","c11110",FALSE,0.0247122659457122,0.395396255131395,1,0.0817294742909289,0.111111111111111,0.00407167944992301,0.00549161465460271,"Pizza","Su",0.0408647406084063,0.0540509527732723,2,0.0645161290322581,"TRUE","ShortPizza","HotdogYesSportySee_hotdog","Su"
"284","1111","Su=1","c11110",FALSE,0.0368232509526403,0.589172015242244,0.999999934188025,0.105350053757564,0.111111103798669,0.0346449060541044,0.0531891402649248,"Short","Su",NA,NA,0,0,0,0,0,0,0,NA,NA,0.0526750268787818,0.0566656562102285,NA,NA,"TRUE","ShortPizza","HotdogYesSportySee_hotdog","Su"
"285","0001","br_p=1",NA,NA,NA,NA,NA,NA,NA,NA,NA,NA,NA,NA,NA,NA,NA,NA,NA,NA,NA,NA,NA,NA,NA,NA,2,0.0666666666666667,"FALSE","ShortPizza","AbsentNoLazySee_hotdog",NA
"286","0011","C=0",NA,NA,NA,NA,NA,NA,NA,NA,NA,NA,NA,NA,NA,NA,NA,NA,NA,NA,NA,NA,NA,NA,NA,NA,1,0.032258064516129,"FALSE","ShortPizza","AbsentNoSportySee_hotdog",NA
"287","0011","br_p=1",NA,NA,NA,NA,NA,NA,NA,NA,NA,NA,NA,NA,NA,NA,NA,NA,NA,NA,NA,NA,NA,NA,NA,NA,1,0.032258064516129,"FALSE","ShortPizza","AbsentNoSportySee_hotdog",NA
"288","0101","Ku_f=1",NA,NA,NA,NA,NA,NA,NA,NA,NA,NA,NA,NA,NA,NA,NA,NA,NA,NA,NA,NA,NA,NA,NA,NA,4,0.125,"FALSE","ShortPizza","AbsentYesLazySee_hotdog",NA
"289","0110","C=0",NA,NA,NA,NA,NA,NA,NA,NA,NA,NA,NA,NA,NA,NA,NA,NA,NA,NA,NA,NA,NA,NA,NA,NA,5,0.151515151515152,"FALSE","ShortPizza","AbsentYesSportySee_pizza",NA
"290","0110","K=0",NA,NA,NA,NA,NA,NA,NA,NA,NA,NA,NA,NA,NA,NA,NA,NA,NA,NA,NA,NA,NA,NA,NA,NA,1,0.0303030303030303,"FALSE","ShortPizza","AbsentYesSportySee_pizza",NA
"291","0110","Ku_f=1",NA,NA,NA,NA,NA,NA,NA,NA,NA,NA,NA,NA,NA,NA,NA,NA,NA,NA,NA,NA,NA,NA,NA,NA,3,0.0909090909090909,"FALSE","ShortPizza","AbsentYesSportySee_pizza",NA
"292","0111","C=0",NA,NA,NA,NA,NA,NA,NA,NA,NA,NA,NA,NA,NA,NA,NA,NA,NA,NA,NA,NA,NA,NA,NA,NA,3,0.0967741935483871,"FALSE","ShortPizza","AbsentYesSportySee_hotdog",NA
"293","0111","Ku_f=1",NA,NA,NA,NA,NA,NA,NA,NA,NA,NA,NA,NA,NA,NA,NA,NA,NA,NA,NA,NA,NA,NA,NA,NA,1,0.032258064516129,"FALSE","ShortPizza","AbsentYesSportySee_hotdog",NA
"294","0111","S=0",NA,NA,NA,NA,NA,NA,NA,NA,NA,NA,NA,NA,NA,NA,NA,NA,NA,NA,NA,NA,NA,NA,NA,NA,1,0.032258064516129,"FALSE","ShortPizza","AbsentYesSportySee_hotdog",NA
"295","1000","P=0",NA,NA,NA,NA,NA,NA,NA,NA,NA,NA,NA,NA,NA,NA,NA,NA,NA,NA,NA,NA,NA,NA,NA,NA,2,0.0645161290322581,"FALSE","ShortPizza","HotdogNoLazySee_pizza",NA
"296","1001","P=0",NA,NA,NA,NA,NA,NA,NA,NA,NA,NA,NA,NA,NA,NA,NA,NA,NA,NA,NA,NA,NA,NA,NA,NA,1,0.03125,"FALSE","ShortPizza","HotdogNoLazySee_hotdog",NA
"297","1001","Pu_f=1",NA,NA,NA,NA,NA,NA,NA,NA,NA,NA,NA,NA,NA,NA,NA,NA,NA,NA,NA,NA,NA,NA,NA,NA,1,0.03125,"FALSE","ShortPizza","HotdogNoLazySee_hotdog",NA
"298","1010","C=0",NA,NA,NA,NA,NA,NA,NA,NA,NA,NA,NA,NA,NA,NA,NA,NA,NA,NA,NA,NA,NA,NA,NA,NA,1,0.03125,"FALSE","ShortPizza","HotdogNoSportySee_pizza",NA
"299","1010","Pu_f=1",NA,NA,NA,NA,NA,NA,NA,NA,NA,NA,NA,NA,NA,NA,NA,NA,NA,NA,NA,NA,NA,NA,NA,NA,1,0.03125,"FALSE","ShortPizza","HotdogNoSportySee_pizza",NA
"300","1011","P=0",NA,NA,NA,NA,NA,NA,NA,NA,NA,NA,NA,NA,NA,NA,NA,NA,NA,NA,NA,NA,NA,NA,NA,NA,4,0.129032258064516,"FALSE","ShortPizza","HotdogNoSportySee_hotdog",NA
"301","1100","P=0",NA,NA,NA,NA,NA,NA,NA,NA,NA,NA,NA,NA,NA,NA,NA,NA,NA,NA,NA,NA,NA,NA,NA,NA,1,0.03125,"FALSE","ShortPizza","HotdogYesLazySee_pizza",NA
"302","1101","Ku_f=1",NA,NA,NA,NA,NA,NA,NA,NA,NA,NA,NA,NA,NA,NA,NA,NA,NA,NA,NA,NA,NA,NA,NA,NA,2,0.0625,"FALSE","ShortPizza","HotdogYesLazySee_hotdog",NA
"303","1101","P=0",NA,NA,NA,NA,NA,NA,NA,NA,NA,NA,NA,NA,NA,NA,NA,NA,NA,NA,NA,NA,NA,NA,NA,NA,1,0.03125,"FALSE","ShortPizza","HotdogYesLazySee_hotdog",NA
"304","1101","Pu_f=1",NA,NA,NA,NA,NA,NA,NA,NA,NA,NA,NA,NA,NA,NA,NA,NA,NA,NA,NA,NA,NA,NA,NA,NA,1,0.03125,"FALSE","ShortPizza","HotdogYesLazySee_hotdog",NA
"305","1101","S=0",NA,NA,NA,NA,NA,NA,NA,NA,NA,NA,NA,NA,NA,NA,NA,NA,NA,NA,NA,NA,NA,NA,NA,NA,1,0.03125,"FALSE","ShortPizza","HotdogYesLazySee_hotdog",NA
"306","1110","C=0",NA,NA,NA,NA,NA,NA,NA,NA,NA,NA,NA,NA,NA,NA,NA,NA,NA,NA,NA,NA,NA,NA,NA,NA,2,0.0666666666666667,"FALSE","ShortPizza","HotdogYesSportySee_pizza",NA
"307","1110","Ku_f=1",NA,NA,NA,NA,NA,NA,NA,NA,NA,NA,NA,NA,NA,NA,NA,NA,NA,NA,NA,NA,NA,NA,NA,NA,2,0.0666666666666667,"FALSE","ShortPizza","HotdogYesSportySee_pizza",NA
"308","1110","P=0",NA,NA,NA,NA,NA,NA,NA,NA,NA,NA,NA,NA,NA,NA,NA,NA,NA,NA,NA,NA,NA,NA,NA,NA,1,0.0333333333333333,"FALSE","ShortPizza","HotdogYesSportySee_pizza",NA
"309","1110","Pu_f=1",NA,NA,NA,NA,NA,NA,NA,NA,NA,NA,NA,NA,NA,NA,NA,NA,NA,NA,NA,NA,NA,NA,NA,NA,2,0.0666666666666667,"FALSE","ShortPizza","HotdogYesSportySee_pizza",NA
"310","1111","C=0",NA,NA,NA,NA,NA,NA,NA,NA,NA,NA,NA,NA,NA,NA,NA,NA,NA,NA,NA,NA,NA,NA,NA,NA,1,0.032258064516129,"FALSE","ShortPizza","HotdogYesSportySee_hotdog",NA
"311","1111","P=0",NA,NA,NA,NA,NA,NA,NA,NA,NA,NA,NA,NA,NA,NA,NA,NA,NA,NA,NA,NA,NA,NA,NA,NA,3,0.0967741935483871,"FALSE","ShortPizza","HotdogYesSportySee_hotdog",NA
"312","0000","br_f=0",NA,NA,0,0,0,0,0,0,0,NA,NA,"c00000",FALSE,0.0325893764089793,0.521430022543668,1,0.65741374476228,0.111111111111111,0.200156632544138,0.0579366691715187,"Pizza","br",0.32870687238114,0.144759673393404,1,0.0333333333333333,"TRUE","LongPizza","AbsentNoLazySee_pizza","br"
"313","0000","br_p=1","c00001",TRUE,5.20718373469923e-07,8.33149397551877e-06,1,0.785297022071942,0.111111111111111,5.46844811672712e-06,9.25721552835419e-07,"Long","br",NA,NA,0,0,0,0,0,0,0,NA,NA,0.392648511035971,0.186950055280286,1,0.0333333333333333,"TRUE","LongPizza","AbsentNoLazySee_pizza","br"
"314","0000","C=0","c00001",TRUE,5.20718373469923e-07,8.33149397551877e-06,1,0.0184703626545165,0.111111111111111,1.97361223077345e-07,9.25721552835419e-07,"Long","C","c00000",FALSE,0.0325893764089793,0.521430022543668,1,0.0267713998961701,0.111111111111111,0.018722383504336,0.0579366691715187,"Pizza","C",0.0226208812753433,0.0425521753416694,1,0.0333333333333333,"TRUE","LongPizza","AbsentNoLazySee_pizza","C"
"315","0000","Cu=0","c00001",TRUE,2.70164930313789e-07,4.32263888502063e-06,0.518831184145635,0.0107387029155912,0.057647909349515,5.72879701460387e-08,2.40146604723368e-07,"Long","Cu","c00000",FALSE,1.21653505163806e-10,1.9464560826209e-09,3.73291908495332e-09,9.94398588138298e-11,4.14768787217036e-10,3.47083335852079e-11,1.08136449034494e-10,"Pizza","Cu",0.00536935150751552,0.0397148375230793,NA,NA,"TRUE","LongPizza","AbsentNoLazySee_pizza","Cu"
"316","0000","Cu=1","c00001",TRUE,2.50553443156134e-07,4.00885509049814e-06,0.481168815854365,0.0111316162420717,0.0534632017615961,5.78363419715854e-08,2.22714171694341e-07,"Long","Cu","c00000",FALSE,0.0325893762873258,0.521430020597212,0.999999996267081,0.026437508789861,0.111111110696342,0.00930163870802684,0.0289683344776229,"Pizza","Cu",0.0187845625159664,0.0419041850180196,NA,NA,"TRUE","LongPizza","AbsentNoLazySee_pizza","Cu"
"317","0000","K=0","c00001",TRUE,5.20718373469923e-07,8.33149397551877e-06,1,0.0292224917116851,0.111111111111111,7.61992366010739e-07,9.25721552835419e-07,"Long","K","c00000",FALSE,0.0325893764089793,0.521430022543668,1,0.040099556269026,0.111111111111111,0.0720949909057175,0.0579366691715187,"Pizza","K",0.0346610239903555,0.0446516628690144,11,0.366666666666667,"TRUE","LongPizza","AbsentNoLazySee_pizza","K"
"318","0000","Ku_f=0",NA,NA,0,0,0,0,0,0,0,NA,NA,"c00000",FALSE,0.0325852060394022,0.521363296630436,0.999872032851298,0.0403399140786954,0.111096892539033,0.0121983121901857,0.0289646275905798,"Pizza","Ku",0.0201699570393477,0.0421370449415587,1,0.0333333333333333,"TRUE","LongPizza","AbsentNoLazySee_pizza","Ku"
"319","0000","Ku_f=1",NA,NA,0,0,0,0,0,0,0,NA,NA,"c00000",FALSE,4.1703695770436e-06,6.67259132326976e-05,0.000127967148702316,2.84753564873458e-06,1.42185720780351e-05,9.25197115340559e-07,3.70699517959431e-06,"Pizza","Ku",1.42376782436729e-06,0.0388711817896465,NA,NA,"TRUE","LongPizza","AbsentNoLazySee_pizza","Ku"
"320","0000","Ku_p=0","c00001",TRUE,5.20718372733671e-07,8.33149396373873e-06,0.999999998586083,0.0291565092753,0.111111110954009,1.33894926787854e-07,4.62860775763263e-07,"Long","Ku",NA,NA,0,0,0,0,0,0,0,NA,NA,0.01457825463765,0.0412050355727045,2,0.0666666666666667,"TRUE","LongPizza","AbsentNoLazySee_pizza","Ku"
"321","0000","Ku_p=1","c00001",TRUE,7.3625236352634e-16,1.17800378164214e-14,1.41391662180107e-09,2.96376837409969e-11,1.57101846866785e-10,1.35126965323404e-16,6.54446545356747e-16,"Long","Ku",NA,NA,0,0,0,0,0,0,0,NA,NA,1.48188418704985e-11,0.0388709604184292,NA,NA,"TRUE","LongPizza","AbsentNoLazySee_pizza","Ku"
"322","0000","P=0","c00001",TRUE,5.20718373469923e-07,8.33149397551877e-06,1,0.0462179666277442,0.111111111111111,7.59705796217836e-07,9.25721552835419e-07,"Long","P","c00000",FALSE,0.0325893764089793,0.521430022543668,1,0.0835364547572122,0.111111111111111,0.0717949159920973,0.0579366691715187,"Pizza","P",0.0648772106924782,0.0503881634717668,5,0.166666666666667,"TRUE","LongPizza","AbsentNoLazySee_pizza","P"
"323","0000","Pu_f=0",NA,NA,0,0,0,0,0,0,0,NA,NA,"c00000",FALSE,0.0268836297140461,0.430138075424738,0.824920040711149,0.0324766704092226,0.0916577823012387,0.010033405987351,0.0238965597458188,"Pizza","Pu",0.0162383352046113,0.0414795607470401,4,0.133333333333333,"TRUE","LongPizza","AbsentNoLazySee_pizza","Pu"
"324","0000","Pu_f=1",NA,NA,0,0,0,0,0,0,0,NA,NA,"c00000",FALSE,0.00570574669493313,0.0912919471189302,0.175079959288851,0.00384382262166237,0.0194533288098723,0.00126126954176203,0.00507177483994056,"Pizza","Pu",0.00192191131083118,0.0391709381539,NA,NA,"TRUE","LongPizza","AbsentNoLazySee_pizza","Pu"
"325","0000","Pu_p=0","c00001",TRUE,4.44591858931927e-07,7.11346974291083e-06,0.853804823458196,0.0237007553865506,0.0948672026064662,1.13838616304199e-07,3.95192763495046e-07,"Long","Pu",NA,NA,0,0,0,0,0,0,0,NA,NA,0.0118503776932753,0.0407578705654587,NA,NA,"TRUE","LongPizza","AbsentNoLazySee_pizza","Pu"
"326","0000","Pu_p=1","c00001",TRUE,7.61265145379964e-08,1.21802423260794e-06,0.146195176541804,0.00302738480658922,0.0162439085046449,1.40500161123214e-08,6.76680129226634e-08,"Long","Pu",NA,NA,0,0,0,0,0,0,0,NA,NA,0.00151369240329461,0.0391070290755667,NA,NA,"TRUE","LongPizza","AbsentNoLazySee_pizza","Pu"
"327","0000","S=0","c00001",TRUE,5.20718373469923e-07,8.33149397551877e-06,1,0.0216060014073096,0.111111111111111,2.27397856259073e-07,9.25721552835419e-07,"Long","S","c00000",FALSE,0.0325893764089793,0.521430022543668,1,0.0535320285540071,0.111111111111111,0.0856839591321089,0.0579366691715187,"Pizza","S",0.0375690149806583,0.0451740818915626,NA,NA,"TRUE","LongPizza","AbsentNoLazySee_pizza","S"
"328","0000","Su=0","c00001",TRUE,3.42695047402741e-14,5.48312075844385e-13,6.58119753138564e-08,1.40992836903938e-09,7.3124417015396e-09,7.46336619351943e-15,3.04617819913547e-14,"Long","Su","c00000",FALSE,0.0299609992349638,0.47937598775942,0.919348650890684,0.034259099910764,0.102149850098965,0.00990113834182552,0.0266319993199678,"Pizza","Su",0.0171295506603462,0.0416276935291539,NA,NA,"TRUE","LongPizza","AbsentNoLazySee_pizza","Su"
"329","0000","Su=1","c00001",TRUE,5.20718339200419e-07,8.3314934272067e-06,0.999999934188025,0.0214311854611342,0.111111103798669,1.13667522251145e-07,4.62860745955928e-07,"Long","Su","c00000",FALSE,0.00262837717401549,0.0420540347842479,0.0806513491093159,0.00128695231601048,0.00896126101214621,0.000388028625592791,0.00233633526579155,"Pizza","Su",0.0113590688885723,0.0406778504177401,NA,NA,"TRUE","LongPizza","AbsentNoLazySee_pizza","Su"
"330","0001","br_f=0",NA,NA,0,0,0,0,0,0,0,NA,NA,"c00010",FALSE,0.0299609992349638,0.47937598775942,1,0.630319619689934,0.111111111111111,0.109577347086455,0.0266319993199678,"Pizza","br",0.315159809844967,0.137896148689878,2,0.0645161290322581,"TRUE","LongPizza","AbsentNoLazySee_hotdog","br"
"331","0001","br_p=1","c00011",TRUE,5.20718373469923e-07,8.33149397551877e-06,1,0.784093408729844,0.111111111111111,5.4495528288305e-06,9.25721552835419e-07,"Long","br",NA,NA,0,0,0,0,0,0,0,NA,NA,0.392046704364922,0.187550554713504,NA,NA,"TRUE","LongPizza","AbsentNoLazySee_hotdog","br"
"332","0001","C=0","c00011",TRUE,5.20718373469923e-07,8.33149397551877e-06,1,0.0184188695027536,0.111111111111111,1.97675924483268e-07,9.25721552835419e-07,"Long","C","c00010",FALSE,0.0299609992349638,0.47937598775942,1,0.0261492631010155,0.111111111111111,0.0074288361303946,0.0266319993199678,"Pizza","C",0.0222840663018846,0.0427341292976339,NA,NA,"TRUE","LongPizza","AbsentNoLazySee_hotdog","C"
"333","0001","Cu=0","c00011",TRUE,2.70164930313789e-07,4.32263888502063e-06,0.518831184145635,0.010773276025418,0.057647909349515,5.73587568263992e-08,2.40146604723368e-07,"Long","Cu","c00010",FALSE,1.11841985848468e-10,1.78947177357549e-09,3.73291908495332e-09,1.00630756897146e-10,4.14768787217036e-10,1.40692559879669e-11,4.97075492659859e-11,"Pizza","Cu",0.00538663806302439,0.0399411918677852,NA,NA,"TRUE","LongPizza","AbsentNoLazySee_hotdog","Cu"
"334","0001","Cu=1","c00011",TRUE,2.50553443156134e-07,4.00885509049814e-06,0.481168815854365,0.0114693294028099,0.0534632017615961,5.87094667694198e-08,2.22714171694341e-07,"Long","Cu","c00010",FALSE,0.0299609991231218,0.479375985969949,0.999999996267081,0.0268939378877,0.111111110696342,0.00376151163672295,0.0133159996102764,"Pizza","Cu",0.019181633645255,0.042207087253143,1,0.032258064516129,"TRUE","LongPizza","AbsentNoLazySee_hotdog","Cu"
"335","0001","K=0","c00011",TRUE,5.20718373469923e-07,8.33149397551877e-06,1,0.0297826369806251,0.111111111111111,7.68124628974588e-07,9.25721552835419e-07,"Long","K","c00010",FALSE,0.0299609992349638,0.47937598775942,1,0.0406612242777772,0.111111111111111,0.0357187370651696,0.0266319993199678,"Pizza","K",0.0352219306292012,0.0450039083969318,8,0.258064516129032,"TRUE","LongPizza","AbsentNoLazySee_hotdog","K"
"336","0001","Ku_f=0",NA,NA,0,0,0,0,0,0,0,NA,NA,"c00010",FALSE,0.0299571652113194,0.47931464338111,0.999872032851298,0.041221969862556,0.111096892539033,0.00514057827467999,0.0133142956494753,"Pizza","Ku",0.020610984931278,0.0424490934353778,1,0.032258064516129,"TRUE","LongPizza","AbsentNoLazySee_hotdog","Ku"
"337","0001","Ku_f=1",NA,NA,0,0,0,0,0,0,0,NA,NA,"c00010",FALSE,3.83402364437059e-06,6.13443783099294e-05,0.000127967148702316,2.8722986570348e-06,1.42185720780351e-05,3.63727703261902e-07,1.70401050860915e-06,"Pizza","Ku",1.4361493285174e-06,0.0390900266413917,NA,NA,"TRUE","LongPizza","AbsentNoLazySee_hotdog","Ku"
"338","0001","Ku_p=0","c00011",TRUE,5.20718372733671e-07,8.33149396373873e-06,0.999999998586083,0.0296110353120049,0.111111110954009,1.34610818915287e-07,4.62860775763263e-07,"Long","Ku",NA,NA,0,0,0,0,0,0,0,NA,NA,0.0148055176560025,0.0414747035085051,2,0.0645161290322581,"TRUE","LongPizza","AbsentNoLazySee_hotdog","Ku"
"339","0001","Ku_p=1","c00011",TRUE,7.3625236352634e-16,1.17800378164214e-14,1.41391662180107e-09,3.03802049717857e-11,1.57101846866785e-10,1.3568410662876e-16,6.54446545356747e-16,"Long","Ku",NA,NA,0,0,0,0,0,0,0,NA,NA,1.51901024858929e-11,0.0390898020879498,NA,NA,"TRUE","LongPizza","AbsentNoLazySee_hotdog","Ku"
"340","0001","P=0","c00011",TRUE,5.20718373469923e-07,8.33149397551877e-06,1,0.0461954902778318,0.111111111111111,7.66459950499941e-07,9.25721552835419e-07,"Long","P","c00010",FALSE,0.0299609992349638,0.47937598775942,1,0.0819986755426365,0.111111111111111,0.0354539931706036,0.0266319993199678,"Pizza","P",0.0640970829102341,0.0505139708435547,10,0.32258064516129,"TRUE","LongPizza","AbsentNoLazySee_hotdog","P"
"341","0001","Pu_f=0",NA,NA,0,0,0,0,0,0,0,NA,NA,"c00010",FALSE,0.024715428708653,0.395446859338448,0.824920040711149,0.031505601750415,0.0916577823012388,0.00413202922051231,0.0109846349816236,"Pizza","Pu",0.0157528008752075,0.0416321547846447,7,0.225806451612903,"TRUE","LongPizza","AbsentNoLazySee_hotdog","Pu"
"342","0001","Pu_f=1",NA,NA,0,0,0,0,0,0,0,NA,NA,"c00010",FALSE,0.00524557052631076,0.0839291284209721,0.175079959288851,0.0037547257814048,0.0194533288098723,0.00049525208914556,0.00233136467836034,"Pizza","Pu",0.0018773628907024,0.0393844499984067,NA,NA,"TRUE","LongPizza","AbsentNoLazySee_hotdog","Pu"
"343","0001","Pu_p=0","c00011",TRUE,4.44591858931927e-07,7.11346974291083e-06,0.853804823458196,0.0237437945509601,0.0948672026064662,1.14215202130613e-07,3.95192763495046e-07,"Long","Pu",NA,NA,0,0,0,0,0,0,0,NA,NA,0.0118718972754801,0.0409908637230319,NA,NA,"TRUE","LongPizza","AbsentNoLazySee_hotdog","Pu"
"344","0001","Pu_p=1","c00011",TRUE,7.61265145379964e-08,1.21802423260794e-06,0.146195176541804,0.00301486797605994,0.0162439085046449,1.39939824405606e-08,6.76680129226634e-08,"Long","Pu",NA,NA,0,0,0,0,0,0,0,NA,NA,0.00150743398802997,0.0393262153089409,NA,NA,"TRUE","LongPizza","AbsentNoLazySee_hotdog","Pu"
"345","0001","S=1","c00011",TRUE,5.20718373469923e-07,8.33149397551877e-06,1,0.0213952956946599,0.111111111111111,2.2915645974007e-07,9.25721552835419e-07,"Long","S","c00010",FALSE,0.0299609992349638,0.47937598775942,1,0.0269139109490414,0.111111111111111,0.00750806038805433,0.0266319993199678,"Pizza","S",0.0241546033218507,0.043055071552579,NA,NA,"TRUE","LongPizza","AbsentNoLazySee_hotdog","S"
"346","0001","Su=0","c00011",TRUE,3.42695047402741e-14,5.48312075844385e-13,6.58119753138564e-08,1.41586522162503e-09,7.3124417015396e-09,7.49425304005187e-15,3.04617819913547e-14,"Long","Su","c00010",FALSE,0.0299609992349638,0.47937598775942,1,0.0905781987582317,0.111111111111111,0.0206492259081073,0.0266319993199678,"Pizza","Su",0.0452891000870485,0.0468531394492344,NA,NA,"TRUE","LongPizza","AbsentNoLazySee_hotdog","Su"
"347","0001","Su=1","c00011",TRUE,5.20718339200419e-07,8.3314934272067e-06,0.999999934188025,0.0215019941007876,0.111111103798669,1.14015020959739e-07,4.62860745955928e-07,"Long","Su",NA,NA,0,0,0,0,0,0,0,NA,NA,0.0107509970503938,0.040807488447507,NA,NA,"TRUE","LongPizza","AbsentNoLazySee_hotdog","Su"
"348","0010","br_f=0",NA,NA,0,0,0,0,0,0,0,NA,NA,"c00100",FALSE,0.0325893764089793,0.521430022543668,1,0.655956150949145,0.111111111111111,0.200108730604535,0.0579366691715187,"Pizza","br",0.327978075474572,0.146541281486911,NA,NA,"TRUE","LongPizza","AbsentNoSportySee_pizza","br"
"349","0010","br_p=0","c00101",TRUE,0.0300728004374546,0.481164806999274,0.999982685039315,0.031915489691047,0.111109187226591,0.00846820845932535,0.0267313781666263,"Long","br",NA,NA,0,0,0,0,0,0,0,NA,NA,0.0159577448455235,0.0420654126654721,NA,NA,"TRUE","LongPizza","AbsentNoSportySee_pizza","br"
"350","0010","br_p=1","c00101",TRUE,5.20718373469923e-07,8.33149397551877e-06,1.73149606846469e-05,1.01924309536966e-05,1.92388452051632e-06,3.80263970092132e-06,9.25721552835419e-07,"Long","br",NA,NA,0,0,0,0,0,0,0,NA,NA,5.09621547684832e-06,0.039465041574823,3,0.0967741935483871,"TRUE","LongPizza","AbsentNoSportySee_pizza","br"
"351","0010","C=1","c00101",TRUE,0.0300733211558281,0.48117313849325,1,0.31861803061226,0.111111111111111,0.097075446100199,0.0801955230822083,"Long","C","c00100",FALSE,0.0325893764089793,0.521430022543668,1,0.0266192740417911,0.111111111111111,0.0185910655604347,0.0579366691715187,"Pizza","C",0.172618652327026,0.0787178138439134,15,0.483870967741935,"TRUE","LongPizza","AbsentNoSportySee_pizza","C"
"352","0010","Cu=0","c00101",TRUE,2.70164930313789e-07,4.32263888502063e-06,8.98354155545047e-06,1.86863738275684e-07,9.98171283938941e-07,5.73086624776327e-08,2.40146604723368e-07,"Long","Cu","c00100",FALSE,1.21653505163806e-10,1.9464560826209e-09,3.73291908495332e-09,9.84612538350288e-11,4.14768787217036e-10,3.48438314773305e-11,1.08136449034494e-10,"Pizza","Cu",9.34810997647598e-08,0.0394642518502439,NA,NA,"TRUE","LongPizza","AbsentNoSportySee_pizza","Cu"
"353","0010","Cu=1","c00101",TRUE,0.0300730509908978,0.481168815854365,0.999991016458444,0.419007663622725,0.111110112939827,0.111853000341803,0.0534632017615961,"Long","Cu","c00100",FALSE,0.0325893762873258,0.521430020597212,0.999999996267081,0.0267155787154639,0.111111110696342,0.00935322140276172,0.0289683344776229,"Pizza","Cu",0.222861621169094,0.0962396424467816,5,0.161290322580645,"TRUE","LongPizza","AbsentNoSportySee_pizza","Cu"
"354","0010","K=0","c00101",TRUE,0.0300733211558281,0.48117313849325,1,0.0389711200312752,0.111111111111111,0.088292053739103,0.0801955230822083,"Long","K","c00100",FALSE,0.0325893764089793,0.521430022543668,1,0.0407264534975248,0.111111111111111,0.0723304316148086,0.0579366691715187,"Pizza","K",0.0398487867644,0.0462837079397184,5,0.161290322580645,"TRUE","LongPizza","AbsentNoSportySee_pizza","K"
"355","0010","Ku_f=0",NA,NA,0,0,0,0,0,0,0,NA,NA,"c00100",FALSE,0.0325852060394022,0.521363296630436,0.999872032851298,0.0409644506066451,0.111096892539033,0.0122159829706637,0.0289646275905798,"Pizza","Ku",0.0204822253033225,0.0428336399056459,NA,NA,"TRUE","LongPizza","AbsentNoSportySee_pizza","Ku"
"356","0010","Ku_f=1",NA,NA,0,0,0,0,0,0,0,NA,NA,"c00100",FALSE,4.1703695770436e-06,6.67259132326976e-05,0.000127967148702316,2.85141579603057e-06,1.42185720780351e-05,9.20186862920528e-07,3.70699517959431e-06,"Pizza","Ku",1.42570789801529e-06,0.0394644621521398,NA,NA,"TRUE","LongPizza","AbsentNoSportySee_pizza","Ku"
"357","0010","Ku_p=0","c00101",TRUE,0.0300733211133069,0.481173137812911,0.999999998586083,0.0395525009733962,0.111111110954009,0.0163490614580395,0.0400977614844092,"Long","Ku",NA,NA,0,0,0,0,0,0,0,NA,NA,0.0197762504866981,0.0427128526471275,NA,NA,"TRUE","LongPizza","AbsentNoSportySee_pizza","Ku"
"358","0010","Ku_p=1","c00101",TRUE,4.2521168654987e-11,6.80338698479792e-10,1.41391662180107e-09,4.09042555067035e-11,1.57101846866785e-10,1.37366137696751e-11,5.66948915399827e-11,"Long","Ku",NA,NA,0,0,0,0,0,0,0,NA,NA,2.04521277533517e-11,0.0394642370968285,NA,NA,"TRUE","LongPizza","AbsentNoSportySee_pizza","Ku"
"359","0010","P=0","c00101",TRUE,0.0300733211558281,0.48117313849325,1,0.0509754481998725,0.111111111111111,0.0883692201434752,0.0801955230822083,"Long","P","c00100",FALSE,0.0325893764089793,0.521430022543668,1,0.0839184260153229,0.111111111111111,0.0719578221342644,0.0579366691715187,"Pizza","P",0.0674469371075977,0.0516857761164939,2,0.0645161290322581,"TRUE","LongPizza","AbsentNoSportySee_pizza","P"
"360","0010","Pu_f=0",NA,NA,0,0,0,0,0,0,0,NA,NA,"c00100",FALSE,0.0268836297140461,0.430138075424738,0.824920040711149,0.0320753878069497,0.0916577823012387,0.0101052890076053,0.0238965597458188,"Pizza","Pu",0.0160376939034749,0.0420788671771682,NA,NA,"TRUE","LongPizza","AbsentNoSportySee_pizza","Pu"
"361","0010","Pu_f=1",NA,NA,0,0,0,0,0,0,0,NA,NA,"c00100",FALSE,0.00570574669493313,0.0912919471189302,0.175079959288851,0.00382319802379407,0.0194533288098723,0.0012599341012652,0.00507177483994056,"Pizza","Pu",0.00191159901189703,0.0397671529114,NA,NA,"TRUE","LongPizza","AbsentNoSportySee_pizza","Pu"
"362","0010","Pu_p=0","c00101",TRUE,0.0256767466602535,0.410827946564055,0.853804823458196,0.0331568647069015,0.0948672026064662,0.0140427007070831,0.0342356622136713,"Long","Pu",NA,NA,0,0,0,0,0,0,0,NA,NA,0.0165784323534508,0.0421699803240666,NA,NA,"TRUE","LongPizza","AbsentNoSportySee_pizza","Pu"
"363","0010","Pu_p=1","c00101",TRUE,0.00439657449557465,0.0703451919291944,0.146195176541804,0.0041599370542288,0.0162439085046449,0.00140803010383171,0.00586209932743287,"Long","Pu",NA,NA,0,0,0,0,0,0,0,NA,NA,0.0020799685271144,0.0397939442371015,NA,NA,"TRUE","LongPizza","AbsentNoSportySee_pizza","Pu"
"364","0010","S=0","c00101",TRUE,0.0300733211558281,0.48117313849325,1,0.0317165242661222,0.111111111111111,0.0247824367734416,0.0801955230822083,"Long","S","c00100",FALSE,0.0325893764089793,0.521430022543668,1,0.0540186195444328,0.111111111111111,0.0853044265367977,0.0579366691715187,"Pizza","S",0.0428675719052775,0.0468459781327096,NA,NA,"TRUE","LongPizza","AbsentNoSportySee_pizza","S"
"365","0010","Su=0","c00101",TRUE,1.97918466951303e-09,3.16669547122086e-08,6.58119753138564e-08,2.08185831904986e-09,7.3124417015396e-09,8.15285747841048e-10,2.63891289268405e-09,"Long","Su","c00100",FALSE,0.0299609992349638,0.47937598775942,0.919348650890684,0.0339235843936522,0.102149850098965,0.00994130857729386,0.0266319993199678,"Pizza","Su",0.0169617932377553,0.0422346952134925,NA,NA,"TRUE","LongPizza","AbsentNoSportySee_pizza","Su"
"366","0010","Su=1","c00101",TRUE,0.0300733191766434,0.481173106826295,0.999999934188025,0.0319160394247172,0.111111103798669,0.0123922215808373,0.0400977589021912,"Long","Su","c00100",FALSE,0.00262837717401549,0.0420540347842479,0.0806513491093159,0.00125602489102137,0.00896126101214621,0.000385673478776825,0.00233633526579155,"Pizza","Su",0.0165860321578693,0.0421712622779629,NA,NA,"TRUE","LongPizza","AbsentNoSportySee_pizza","Su"
"367","0011","br_f=0",NA,NA,0,0,0,0,0,0,0,NA,NA,"c00110",FALSE,0.0299609992349638,0.47937598775942,1,0.625830716149268,0.111111111111111,0.109276442953305,0.0266319993199678,"Pizza","br",0.312915358074634,0.138827988991586,NA,NA,"TRUE","LongPizza","AbsentNoSportySee_hotdog","br"
"368","0011","br_p=0","c00111",TRUE,0.0300728004374546,0.481164806999274,0.999982685039315,0.032100484198948,0.111109187226591,0.00846524929998046,0.0267313781666263,"Long","br",NA,NA,0,0,0,0,0,0,0,NA,NA,0.016050242099474,0.042341818454492,NA,NA,"TRUE","LongPizza","AbsentNoSportySee_hotdog","br"
"369","0011","br_p=1","c00111",TRUE,5.20718373469923e-07,8.33149397551877e-06,1.73149606846469e-05,1.01814406042338e-05,1.92388452051632e-06,3.80050940841426e-06,9.25721552835419e-07,"Long","br",NA,NA,0,0,0,0,0,0,0,NA,NA,5.0907203021169e-06,0.0397096649673061,2,0.0645161290322581,"TRUE","LongPizza","AbsentNoSportySee_hotdog","br"
"370","0011","C=1","c00111",TRUE,0.0300733211558281,0.48117313849325,1,0.320627621236958,0.111111111111111,0.0973305924246097,0.0801955230822083,"Long","C","c00110",FALSE,0.0299609992349638,0.47937598775942,1,0.0270151622549707,0.111111111111111,0.00747252296160956,0.0266319993199678,"Pizza","C",0.173821391745965,0.0795877202094926,9,0.290322580645161,"TRUE","LongPizza","AbsentNoSportySee_hotdog","C"
"371","0011","Cu=0","c00111",TRUE,2.70164930313789e-07,4.32263888502063e-06,8.98354155545047e-06,1.86248186353711e-07,9.98171283938941e-07,5.73435023381421e-08,2.40146604723368e-07,"Long","Cu","c00110",FALSE,1.11841985848468e-10,1.78947177357549e-09,3.73291908495332e-09,9.98814817691851e-11,4.14768787217036e-10,1.39711771588489e-11,4.97075492659859e-11,"Pizza","Cu",9.31740339177399e-08,0.0397088711716884,NA,NA,"TRUE","LongPizza","AbsentNoSportySee_hotdog","Cu"
"372","0011","Cu=1","c00111",TRUE,0.0300730509908978,0.481168815854365,0.999991016458444,0.414460134182478,0.111110112939827,0.111616102384469,0.0534632017615961,"Long","Cu","c00110",FALSE,0.0299609991231218,0.479375985969949,0.999999996267081,0.0273263440483678,0.111111110696342,0.00374565181104826,0.0133159996102764,"Pizza","Cu",0.220893239115423,0.0960767356347299,6,0.193548387096774,"TRUE","LongPizza","AbsentNoSportySee_hotdog","Cu"
"373","0011","K=0","c00111",TRUE,0.0300733211558281,0.48117313849325,1,0.0398055719313423,0.111111111111111,0.0882006221970138,0.0801955230822083,"Long","K","c00110",FALSE,0.0299609992349638,0.47937598775942,1,0.0410587126184802,0.111111111111111,0.0356070627428177,0.0266319993199678,"Pizza","K",0.0404321422749113,0.0466793934870666,4,0.129032258064516,"TRUE","LongPizza","AbsentNoSportySee_hotdog","K"
"374","0011","Ku_f=0",NA,NA,0,0,0,0,0,0,0,NA,NA,"c00110",FALSE,0.0299571652113194,0.47931464338111,0.999872032851298,0.0408601330956972,0.111096892539033,0.00503136456309219,0.0133142956494753,"Pizza","Ku",0.0204300665478486,0.0430901533922496,NA,NA,"TRUE","LongPizza","AbsentNoSportySee_hotdog","Ku"
"375","0011","Ku_f=1",NA,NA,0,0,0,0,0,0,0,NA,NA,"c00110",FALSE,3.83402364437059e-06,6.13443783099294e-05,0.000127967148702316,2.82737598738526e-06,1.42185720780351e-05,3.63507397082638e-07,1.70401050860915e-06,"Pizza","Ku",1.41368799369263e-06,0.0397090809167171,NA,NA,"TRUE","LongPizza","AbsentNoSportySee_hotdog","Ku"
"376","0011","Ku_p=0","c00111",TRUE,0.0300733211133069,0.481173137812911,0.999999998586083,0.0393388737024345,0.111111110954009,0.0163392306810553,0.0400977614844092,"Long","Ku",NA,NA,0,0,0,0,0,0,0,NA,NA,0.0196694368512173,0.0429592500299891,NA,NA,"TRUE","LongPizza","AbsentNoSportySee_hotdog","Ku"
"377","0011","Ku_p=1","c00111",TRUE,4.2521168654987e-11,6.80338698479792e-10,1.41391662180107e-09,4.04776495571477e-11,1.57101846866785e-10,1.3631651363054e-11,5.66948915399827e-11,"Long","Ku",NA,NA,0,0,0,0,0,0,0,NA,NA,2.02388247785739e-11,0.0397088563755629,NA,NA,"TRUE","LongPizza","AbsentNoSportySee_hotdog","Ku"
"378","0011","P=0","c00111",TRUE,0.0300733211558281,0.48117313849325,1,0.0511407355413801,0.111111111111111,0.0885955309815784,0.0801955230822083,"Long","P","c00110",FALSE,0.0299609992349638,0.47937598775942,1,0.0837788302840283,0.111111111111111,0.0358864117541213,0.0266319993199678,"Pizza","P",0.0674597829127042,0.0520088229805582,3,0.0967741935483871,"TRUE","LongPizza","AbsentNoSportySee_hotdog","P"
"379","0011","Pu_f=0",NA,NA,0,0,0,0,0,0,0,NA,NA,"c00110",FALSE,0.024715428708653,0.395446859338448,0.824920040711149,0.0330145982420251,0.0916577823012388,0.00422440206639085,0.0109846349816236,"Pizza","Pu",0.0165072991210125,0.0424192997613788,6,0.193548387096774,"TRUE","LongPizza","AbsentNoSportySee_hotdog","Pu"
"380","0011","Pu_f=1",NA,NA,0,0,0,0,0,0,0,NA,NA,"c00110",FALSE,0.00524557052631076,0.0839291284209721,0.175079959288851,0.00378218967154372,0.0194533288098723,0.00049510414008321,0.00233136467836034,"Pizza","Pu",0.00189109483577186,0.0400103681623035,NA,NA,"TRUE","LongPizza","AbsentNoSportySee_hotdog","Pu"
"381","0011","Pu_p=0","c00111",TRUE,0.0256767466602535,0.410827946564055,0.853804823458196,0.0339696522636238,0.0948672026064662,0.013961845154281,0.0342356622136713,"Long","Pu",NA,NA,0,0,0,0,0,0,0,NA,NA,0.0169848261318119,0.0425004026400114,NA,NA,"TRUE","LongPizza","AbsentNoSportySee_hotdog","Pu"
"382","0011","Pu_p=1","c00111",TRUE,0.00439657449557465,0.0703451919291944,0.146195176541804,0.00416959438111587,0.0162439085046449,0.00141512696010941,0.00586209932743287,"Long","Pu",NA,NA,0,0,0,0,0,0,0,NA,NA,0.00208479719055793,0.0400413805852263,NA,NA,"TRUE","LongPizza","AbsentNoSportySee_hotdog","Pu"
"383","0011","S=1","c00111",TRUE,0.0300733211558281,0.48117313849325,1,0.032275928318482,0.111111111111111,0.0248412995432057,0.0801955230822083,"Long","S","c00110",FALSE,0.0299609992349638,0.47937598775942,1,0.0270105068314075,0.111111111111111,0.00749570418230045,0.0266319993199678,"Pizza","S",0.0296432175749447,0.0447077612159823,NA,NA,"TRUE","LongPizza","AbsentNoSportySee_hotdog","S"
"384","0011","Su=0","c00111",TRUE,1.97918466951303e-09,3.16669547122086e-08,6.58119753138564e-08,2.11865588624394e-09,7.3124417015396e-09,8.18080014681582e-10,2.63891289268405e-09,"Long","Su","c00110",FALSE,0.0299609992349638,0.47937598775942,1,0.0903199793283426,0.111111111111111,0.0206400053819257,0.0266319993199678,"Pizza","Su",0.0451599907234992,0.0475705659765123,1,0.032258064516129,"TRUE","LongPizza","AbsentNoSportySee_hotdog","Su"
"385","0011","Su=1","c00111",TRUE,0.0300733191766434,0.481173106826295,0.999999934188025,0.0321010343953123,0.111111103798669,0.0123901104245917,0.0400977589021912,"Long","Su",NA,NA,0,0,0,0,0,0,0,NA,NA,0.0160505171976561,0.0423418650471467,NA,NA,"TRUE","LongPizza","AbsentNoSportySee_hotdog","Su"
"386","0100","br_f=0",NA,NA,0,0,0,0,0,0,0,NA,NA,"c01000",FALSE,0.0325852060394022,0.521363296630436,1,0.416362490028264,0.111111111111111,0.0830000244390288,0.0289646275905798,"Pizza","br",0.208181245014132,0.10436980968144,3,0.09375,"TRUE","LongPizza","AbsentYesLazySee_pizza","br"
"387","0100","br_p=1","c01001",TRUE,5.20718372733671e-07,8.33149396373873e-06,1,0.626339733795392,0.111111111111111,2.42774005404837e-06,4.62860775763263e-07,"Long","br",NA,NA,0,0,0,0,0,0,0,NA,NA,0.313169866897696,0.158839608555631,6,0.1875,"TRUE","LongPizza","AbsentYesLazySee_pizza","br"
"388","0100","C=0","c01001",TRUE,5.20718372733671e-07,8.33149396373873e-06,1,0.0252232688786381,0.111111111111111,1.1087460123415e-07,4.62860775763263e-07,"Long","C","c01000",FALSE,0.0325852060394022,0.521363296630436,1,0.0330188274269566,0.111111111111111,0.00979898631198396,0.0289646275905798,"Pizza","C",0.0291210481527974,0.05099357614686,1,0.03125,"TRUE","LongPizza","AbsentYesLazySee_pizza","C"
"389","0100","Cu=0","c01001",TRUE,2.70164929931799e-07,4.32263887890878e-06,0.518831184145635,0.0143755214880774,0.057647909349515,3.21618927782896e-08,1.20073302191911e-07,"Long","Cu","c01000",FALSE,1.21637937511621e-10,1.94620700018593e-09,3.73291908495332e-09,1.21147724419552e-10,4.14768787217036e-10,1.8272253493719e-11,5.40613055607204e-11,"Pizza","Cu",0.00718776080461256,0.0467103850311594,1,0.03125,"TRUE","LongPizza","AbsentYesLazySee_pizza","Cu"
"390","0100","Cu=1","c01001",TRUE,2.50553442801872e-07,4.00885508482996e-06,0.481168815854365,0.0147491383159378,0.0534632017615961,3.27290647242417e-08,1.11357085689721e-07,"Long","Cu","c01000",FALSE,0.0325852059177643,0.521363294684229,0.999999996267081,0.0324472246090649,0.111111110696342,0.00489851572641515,0.0144823137412286,"Pizza","Cu",0.0235981814625013,0.0498794053996883,4,0.125,"TRUE","LongPizza","AbsentYesLazySee_pizza","Cu"
"391","0100","K=1","c01001",TRUE,5.20718372733671e-07,8.33149396373873e-06,1,0.0214502748794388,0.111111111111111,9.66793874732797e-08,4.62860775763263e-07,"Long","K","c01000",FALSE,0.0325852060394022,0.521363296630436,1,0.0225112145137522,0.111111111111111,0.00724042057933259,0.0289646275905798,"Pizza","K",0.0219807446965955,0.0495577399321873,1,0.03125,"TRUE","LongPizza","AbsentYesLazySee_pizza","K"
"392","0100","Ku_f=0",NA,NA,0,0,0,0,0,0,0,NA,NA,"c01000",FALSE,0.0325852060394022,0.521363296630436,1,0.278610462402704,0.111111111111111,0.0595876974371143,0.0289646275905798,"Pizza","Ku",0.139305231201352,0.0792364483248984,3,0.09375,"TRUE","LongPizza","AbsentYesLazySee_pizza","Ku"
"393","0100","Ku_p=0","c01001",TRUE,5.20718372733671e-07,8.33149396373873e-06,1,0.153088542682461,0.111111111111111,6.29577608331386e-07,4.62860775763263e-07,"Long","Ku",NA,NA,0,0,0,0,0,0,0,NA,NA,0.0765442713412304,0.0616450268969198,NA,NA,"TRUE","LongPizza","AbsentYesLazySee_pizza","Ku"
"394","0100","P=0","c01001",TRUE,5.20718372733671e-07,8.33149396373873e-06,1,0.0527334703201771,0.111111111111111,3.86579168359664e-07,4.62860775763263e-07,"Long","P","c01000",FALSE,0.0325852060394022,0.521363296630436,1,0.0785187041140486,0.111111111111111,0.0334181683397849,0.0289646275905798,"Pizza","P",0.0656260872171129,0.0590107613563243,3,0.09375,"TRUE","LongPizza","AbsentYesLazySee_pizza","P"
"395","0100","Pu_f=0",NA,NA,0,0,0,0,0,0,0,NA,NA,"c01000",FALSE,0.0268801894926049,0.430083031881678,0.824920040711149,0.0380148477491345,0.0916577823012388,0.00526760028441726,0.0119467508856022,"Pizza","Pu",0.0190074238745673,0.0489718268138482,6,0.1875,"TRUE","LongPizza","AbsentYesLazySee_pizza","Pu"
"396","0100","Pu_f=1",NA,NA,0,0,0,0,0,0,0,NA,NA,"c01000",FALSE,0.00570501654679737,0.0912802647487579,0.175079959288851,0.00452823346598717,0.0194533288098723,0.000665172041384803,0.00253556290968772,"Pizza","Pu",0.00226411673299358,0.0457994435373606,1,0.03125,"TRUE","LongPizza","AbsentYesLazySee_pizza","Pu"
"397","0100","Pu_p=0","c01001",TRUE,4.44591858303311e-07,7.11346973285298e-06,0.853804823458196,0.0312609524425113,0.0948672026064662,6.52586725783776e-08,1.97596381468138e-07,"Long","Pu",NA,NA,0,0,0,0,0,0,0,NA,NA,0.0156304762212556,0.0483147732924834,NA,NA,"TRUE","LongPizza","AbsentYesLazySee_pizza","Pu"
"398","0100","Pu_p=1","c01001",TRUE,7.61265144303598e-08,1.21802423088576e-06,0.146195176541804,0.00374578811183214,0.0162439085046449,7.77953835041023e-09,3.38340064134932e-08,"Long","Pu",NA,NA,0,0,0,0,0,0,0,NA,NA,0.00187289405591607,0.04572782846322,NA,NA,"TRUE","LongPizza","AbsentYesLazySee_pizza","Pu"
"399","0100","S=0","c01001",TRUE,5.20718372733671e-07,8.33149396373873e-06,1,0.0284785856597382,0.111111111111111,1.26829429143397e-07,4.62860775763263e-07,"Long","S","c01000",FALSE,0.0325852060394022,0.521363296630436,1,0.0544703133521886,0.111111111111111,0.0393269732200868,0.0289646275905798,"Pizza","S",0.0414744495059634,0.05357664643537,NA,NA,"TRUE","LongPizza","AbsentYesLazySee_pizza","S"
"400","0100","Su=0","c01001",TRUE,3.42695046918198e-14,5.48312075069117e-13,6.58119753138564e-08,1.8965430142632e-09,7.3124417015396e-09,4.22479382709355e-15,1.52308909741421e-14,"Long","Su","c01000",FALSE,0.0299571652113194,0.47931464338111,0.919348650890684,0.0400066224969521,0.102149850098965,0.00531515003758043,0.0133142956494753,"Pizza","Su",0.0200033121967476,0.0491672977716065,NA,NA,"TRUE","LongPizza","AbsentYesLazySee_pizza","Su"
"401","0100","Su=1","c01001",TRUE,5.20718338464166e-07,8.33149341542666e-06,0.999999934188025,0.0285547215292532,0.111111103798669,6.36166222661973e-08,2.31430372650741e-07,"Long","Su","c01000",FALSE,0.00262804082808282,0.0420486532493251,0.0806513491093159,0.00151105971979951,0.00896126101214621,0.000205636680187037,0.00116801814581459,"Pizza","Su",0.0150328906245263,0.0481994223610023,1,0.03125,"TRUE","LongPizza","AbsentYesLazySee_pizza","Su"
"402","0101","br_f=0",NA,NA,0,0,0,0,0,0,0,NA,NA,"c01010",FALSE,0.0299571652113194,0.47931464338111,1,0.404801553427824,0.111111111111111,0.0440245209310516,0.0133142956494753,"Pizza","br",0.202400776713912,0.102167190312728,2,0.0645161290322581,"TRUE","LongPizza","AbsentYesLazySee_hotdog","br"
"403","0101","br_p=1","c01011",TRUE,5.20718372733671e-07,8.33149396373873e-06,1,0.625831451916236,0.111111111111111,2.43294219713286e-06,4.62860775763263e-07,"Long","br",NA,NA,0,0,0,0,0,0,0,NA,NA,0.312915725958118,0.158962828056821,3,0.0967741935483871,"TRUE","LongPizza","AbsentYesLazySee_hotdog","br"
"404","0101","C=0","c01011",TRUE,5.20718372733671e-07,8.33149396373873e-06,1,0.024885897364787,0.111111111111111,1.11645380353833e-07,4.62860775763263e-07,"Long","C","c01010",FALSE,0.0299571652113194,0.47931464338111,1,0.0333842601944953,0.111111111111111,0.00406463349157253,0.0133142956494753,"Pizza","C",0.0291350787796412,0.0510879062227272,NA,NA,"TRUE","LongPizza","AbsentYesLazySee_hotdog","C"
"405","0101","Cu=0","c01011",TRUE,2.70164929931799e-07,4.32263887890878e-06,0.518831184145635,0.0144404399568918,0.057647909349515,3.21830399606799e-08,1.20073302191911e-07,"Long","Cu","c01010",FALSE,1.11827673748434e-10,1.78924277997494e-09,3.73291908495332e-09,1.21593870997076e-10,4.14768787217036e-10,7.51273004048145e-12,2.48505941663187e-11,"Pizza","Cu",0.00722022003924282,0.046800241604819,NA,NA,"TRUE","LongPizza","AbsentYesLazySee_hotdog","Cu"
"406","0101","Cu=1","c01011",TRUE,2.50553442801872e-07,4.00885508482996e-06,0.481168815854365,0.0150212068541532,0.0534632017615961,3.2611387461669e-08,1.11357085689721e-07,"Long","Cu","c01010",FALSE,0.0299571650994917,0.479314641591868,0.999999996267081,0.0329697538507574,0.111111110696342,0.00204541444183551,0.00665714779988705,"Pizza","Cu",0.0239954803524553,0.0500483434173622,4,0.129032258064516,"TRUE","LongPizza","AbsentYesLazySee_hotdog","Cu"
"407","0101","K=1","c01011",TRUE,5.20718372733671e-07,8.33149396373873e-06,1,0.0213495281855966,0.111111111111111,9.57288404169429e-08,4.62860775763263e-07,"Long","K","c01010",FALSE,0.0299571652113194,0.47931464338111,1,0.0225004772662252,0.111111111111111,0.0028471872087537,0.0133142956494753,"Pizza","K",0.0219250027259109,0.0496355591965891,NA,NA,"TRUE","LongPizza","AbsentYesLazySee_hotdog","K"
"408","0101","Ku_f=0",NA,NA,0,0,0,0,0,0,0,NA,NA,"c01010",FALSE,0.0299571652113194,0.47931464338111,1,0.270671115188071,0.111111111111111,0.0303359123284984,0.0133142956494753,"Pizza","Ku",0.135335557594036,0.0781280944026097,1,0.032258064516129,"TRUE","LongPizza","AbsentYesLazySee_hotdog","Ku"
"409","0101","Ku_p=0","c01011",TRUE,5.20718372733671e-07,8.33149396373873e-06,1,0.153059781837695,0.111111111111111,6.2867492133615e-07,4.62860775763263e-07,"Long","Ku",NA,NA,0,0,0,0,0,0,0,NA,NA,0.0765298909188473,0.0617520423172567,NA,NA,"TRUE","LongPizza","AbsentYesLazySee_hotdog","Ku"
"410","0101","P=0","c01011",TRUE,5.20718372733671e-07,8.33149396373873e-06,1,0.0530501394626105,0.111111111111111,3.84186230047534e-07,4.62860775763263e-07,"Long","P","c01010",FALSE,0.0299571652113194,0.47931464338111,1,0.0763373711783814,0.111111111111111,0.0162168187631313,0.0133142956494753,"Pizza","P",0.0646937553204959,0.0588965494960449,7,0.225806451612903,"TRUE","LongPizza","AbsentYesLazySee_hotdog","P"
"411","0101","Pu_f=0",NA,NA,0,0,0,0,0,0,0,NA,NA,"c01010",FALSE,0.0247122659457122,0.395396255131395,0.824920040711149,0.0366504433858863,0.0916577823012388,0.00220457489653161,0.00549161465460271,"Pizza","Pu",0.0183252216929431,0.0489259715984563,10,0.32258064516129,"TRUE","LongPizza","AbsentYesLazySee_hotdog","Pu"
"412","0101","Pu_f=1",NA,NA,0,0,0,0,0,0,0,NA,NA,"c01010",FALSE,0.00524489926560719,0.083918388249715,0.175079959288851,0.00450518849648226,0.0194533288098723,0.000268477844839586,0.00116553317013493,"Pizza","Pu",0.00225259424824113,0.0458794755937359,NA,NA,"TRUE","LongPizza","AbsentYesLazySee_hotdog","Pu"
"413","0101","Pu_p=0","c01011",TRUE,4.44591858303311e-07,7.11346973285298e-06,0.853804823458196,0.031252107806138,0.0948672026064662,6.44312136198219e-08,1.97596381468138e-07,"Long","Pu",NA,NA,0,0,0,0,0,0,0,NA,NA,0.015626053903069,0.0484005753409533,NA,NA,"TRUE","LongPizza","AbsentYesLazySee_hotdog","Pu"
"414","0101","Pu_p=1","c01011",TRUE,7.61265144303598e-08,1.21802423088576e-06,0.146195176541804,0.00373923254276136,0.0162439085046449,7.73759771427416e-09,3.38340064134932e-08,"Long","Pu",NA,NA,0,0,0,0,0,0,0,NA,NA,0.00186961627138068,0.0458092460852111,NA,NA,"TRUE","LongPizza","AbsentYesLazySee_hotdog","Pu"
"415","0101","S=1","c01011",TRUE,5.20718372733671e-07,8.33149396373873e-06,1,0.0287150288636301,0.111111111111111,1.27504600972576e-07,4.62860775763263e-07,"Long","S","c01010",FALSE,0.0299571652113194,0.47931464338111,1,0.0325491159052972,0.111111111111111,0.004043287808738,0.0133142956494753,"Pizza","S",0.0306320723844636,0.0513947370290278,NA,NA,"TRUE","LongPizza","AbsentYesLazySee_hotdog","S"
"416","0101","Su=0","c01011",TRUE,3.42695046918198e-14,5.48312075069117e-13,6.58119753138564e-08,1.86257609647146e-09,7.3124417015396e-09,4.15977166571049e-15,1.52308909741421e-14,"Long","Su","c01010",FALSE,0.0299571652113194,0.47931464338111,1,0.0856307209849856,0.111111111111111,0.0100323946745999,0.0133142956494753,"Pizza","Su",0.0428153614237808,0.0539613975607841,1,0.032258064516129,"TRUE","LongPizza","AbsentYesLazySee_hotdog","Su"
"417","0101","Su=1","c01011",TRUE,5.20718338464166e-07,8.33149341542666e-06,0.999999934188025,0.0286551833469245,0.111111103798669,6.36625298011677e-08,2.31430372650741e-07,"Long","Su",NA,NA,0,0,0,0,0,0,0,NA,NA,0.0143275916734623,0.0481498417648741,1,0.032258064516129,"TRUE","LongPizza","AbsentYesLazySee_hotdog","Su"
"418","0110","br_f=0",NA,NA,0,0,0,0,0,0,0,NA,NA,"c01100",FALSE,0.0325852060394022,0.521363296630436,1,0.411725716685089,0.111111111111111,0.0829190127517596,0.0289646275905798,"Pizza","br",0.205862858342544,0.101582100205801,NA,NA,"TRUE","LongPizza","AbsentYesSportySee_pizza","br"
"419","0110","br_p=0","c01101",TRUE,0.0300728003949342,0.481164806318947,0.999982685039315,0.0360563903190581,0.111109187226591,0.00445859485019769,0.0133656890644152,"Long","br",NA,NA,0,0,0,0,0,0,0,NA,NA,0.0180281951595291,0.0479197955740518,NA,NA,"TRUE","LongPizza","AbsentYesSportySee_pizza","br"
"420","0110","br_p=1","c01101",TRUE,5.20718372733671e-07,8.33149396373873e-06,1.73149606846469e-05,7.44880361306954e-06,1.92388452051632e-06,1.63276989256607e-06,4.62860775763263e-07,"Long","br",NA,NA,0,0,0,0,0,0,0,NA,NA,3.72440180653477e-06,0.0445864858286421,3,0.0967741935483871,"TRUE","LongPizza","AbsentYesSportySee_pizza","br"
"421","0110","C=1","c01101",TRUE,0.0300733211133069,0.481173137812911,1,0.28107540192405,0.111111111111111,0.0454369243369482,0.0400977614844092,"Long","C","c01100",FALSE,0.0325852060394022,0.521363296630436,1,0.0328712037894236,0.111111111111111,0.00980555288174479,0.0289646275905798,"Pizza","C",0.156973302856737,0.0835386265747605,14,0.451612903225806,"TRUE","LongPizza","AbsentYesSportySee_pizza","C"
"422","0110","Cu=0","c01101",TRUE,2.70164929931799e-07,4.32263887890878e-06,8.98354155545047e-06,2.4892179544394e-07,9.98171283938941e-07,3.21519582533339e-08,1.20073302191911e-07,"Long","Cu","c01100",FALSE,1.21637937511621e-10,1.94620700018593e-09,3.73291908495332e-09,1.22530928935786e-10,4.14768787217036e-10,1.83243267366812e-11,5.40613055607204e-11,"Pizza","Cu",1.24522163186438e-07,0.0445858438093337,NA,NA,"TRUE","LongPizza","AbsentYesSportySee_pizza","Cu"
"423","0110","Cu=1","c01101",TRUE,0.030073050948377,0.481168815174032,0.999991016458444,0.366630897527071,0.111110112939827,0.0518909866206184,0.0267316008430018,"Long","Cu","c01100",FALSE,0.0325852059177643,0.521363294684229,0.999999996267081,0.0329609894529256,0.111111110696342,0.00486716826358496,0.0144823137412286,"Pizza","Cu",0.199795943489998,0.0991466117226781,8,0.258064516129032,"TRUE","LongPizza","AbsentYesSportySee_pizza","Cu"
"424","0110","K=1","c01101",TRUE,0.0300733211133069,0.481173137812911,1,0.0284439245181612,0.111111111111111,0.00963667834334408,0.0400977614844092,"Long","K","c01100",FALSE,0.0325852060394022,0.521363296630436,1,0.022889443957662,0.111111111111111,0.00718920174846577,0.0289646275905798,"Pizza","K",0.0256666842379116,0.0494065320965596,1,0.032258064516129,"TRUE","LongPizza","AbsentYesSportySee_pizza","K"
"425","0110","Ku_f=0",NA,NA,0,0,0,0,0,0,0,NA,NA,"c01100",FALSE,0.0325852060394022,0.521363296630436,1,0.283532493785588,0.111111111111111,0.059636589304738,0.0289646275905798,"Pizza","Ku",0.141766246892794,0.0786085832201461,1,0.032258064516129,"TRUE","LongPizza","AbsentYesSportySee_pizza","Ku"
"426","0110","Ku_p=0","c01101",TRUE,0.0300733211133069,0.481173137812911,1,0.120341702808182,0.111111111111111,0.0721628299892019,0.0400977614844092,"Long","Ku",NA,NA,0,0,0,0,0,0,0,NA,NA,0.0601708514040908,0.0567184362834051,NA,NA,"TRUE","LongPizza","AbsentYesSportySee_pizza","Ku"
"427","0110","P=0","c01101",TRUE,0.0300733211133069,0.481173137812911,1,0.0546377840616259,0.111111111111111,0.0404011184577479,0.0400977614844092,"Long","P","c01100",FALSE,0.0325852060394022,0.521363296630436,1,0.0782409887625248,0.111111111111111,0.0332017192929127,0.0289646275905798,"Pizza","P",0.0664393864120753,0.0581585820531701,3,0.0967741935483871,"TRUE","LongPizza","AbsentYesSportySee_pizza","P"
"428","0110","Pu_f=0",NA,NA,0,0,0,0,0,0,0,NA,NA,"c01100",FALSE,0.0268801894926049,0.430083031881678,0.824920040711149,0.0373388055469803,0.0916577823012388,0.00520972812839101,0.0119467508856022,"Pizza","Pu",0.0186694027734902,0.0480428594767376,NA,NA,"TRUE","LongPizza","AbsentYesSportySee_pizza","Pu"
"429","0110","Pu_f=1",NA,NA,0,0,0,0,0,0,0,NA,NA,"c01100",FALSE,0.00570501654679737,0.0912802647487579,0.175079959288851,0.0045975272370812,0.0194533288098723,0.000674213475339187,0.00253556290968772,"Pizza","Pu",0.0022987636185406,0.0449976812943365,NA,NA,"TRUE","LongPizza","AbsentYesSportySee_pizza","Pu"
"430","0110","Pu_p=0","c01101",TRUE,0.0256767466239487,0.410827945983179,0.853804823458196,0.036584437789982,0.0948672026064662,0.00689034446304057,0.0171178310826324,"Long","Pu",NA,NA,0,0,0,0,0,0,0,NA,NA,0.018292218894991,0.0479704301605311,NA,NA,"TRUE","LongPizza","AbsentYesSportySee_pizza","Pu"
"431","0110","Pu_p=1","c01101",TRUE,0.00439657448935826,0.0703451918297322,0.146195176541804,0.00462742876314,0.0162439085046449,0.000760745828918606,0.00293104965957218,"Long","Pu",NA,NA,0,0,0,0,0,0,0,NA,NA,0.00231371438157,0.0450003723734827,NA,NA,"TRUE","LongPizza","AbsentYesSportySee_pizza","Pu"
"432","0110","S=0","c01101",TRUE,0.0300733211133069,0.481173137812911,1,0.0355373622761102,0.111111111111111,0.0128350521291271,0.0400977614844092,"Long","S","c01100",FALSE,0.0325852060394022,0.521363296630436,1,0.0551072425224803,0.111111111111111,0.0396766796488418,0.0289646275905798,"Pizza","S",0.0453223023992953,0.0534477807647756,NA,NA,"TRUE","LongPizza","AbsentYesSportySee_pizza","S"
"433","0110","Su=0","c01101",TRUE,1.97918466671463e-09,3.16669546674341e-08,6.58119753138564e-08,2.38948535868762e-09,7.3124417015396e-09,4.25755781156561e-10,1.31945644447642e-09,"Long","Su","c01100",FALSE,0.0299571652113194,0.47931464338111,0.919348650890684,0.0392119718367757,0.102149850098965,0.0052544705735188,0.0133142956494753,"Pizza","Su",0.0196059871131305,0.0482231817992315,NA,NA,"TRUE","LongPizza","AbsentYesSportySee_pizza","Su"
"434","0110","Su=1","c01101",TRUE,0.0300733191341223,0.481173106145956,0.999999934188025,0.0360569698977257,0.111111103798669,0.00643685449595689,0.0200488794227482,"Long","Su","c01100",FALSE,0.00262804082808282,0.0420486532493251,0.0806513491093159,0.00152361630093929,0.00896126101214621,0.00020930052727975,0.00116801814581459,"Pizza","Su",0.0187902930993325,0.048066096762357,NA,NA,"TRUE","LongPizza","AbsentYesSportySee_pizza","Su"
"435","0111","br_f=0",NA,NA,0,0,0,0,0,0,0,NA,NA,"c01110",FALSE,0.0299571652113194,0.47931464338111,1,0.400832231590099,0.111111111111111,0.0436904068885802,0.0133142956494753,"Pizza","br",0.20041611579505,0.0995554238324201,1,0.03125,"TRUE","LongPizza","AbsentYesSportySee_hotdog","br"
"436","0111","br_p=0","c01111",TRUE,0.0300728003949342,0.481164806318947,0.999982685039315,0.0351231462715496,0.111109187226591,0.00443268738531128,0.0133656890644152,"Long","br",NA,NA,0,0,0,0,0,0,0,NA,NA,0.0175615731357748,0.0479086628981742,NA,NA,"TRUE","LongPizza","AbsentYesSportySee_hotdog","br"
"437","0111","br_p=1","c01111",TRUE,5.20718372733671e-07,8.33149396373873e-06,1.73149606846469e-05,7.53944575370547e-06,1.92388452051632e-06,1.64238840006047e-06,4.62860775763263e-07,"Long","br",NA,NA,0,0,0,0,0,0,0,NA,NA,3.76972287685273e-06,0.0446594141461597,NA,NA,"TRUE","LongPizza","AbsentYesSportySee_hotdog","br"
"438","0111","C=1","c01111",TRUE,0.0300733211133069,0.481173137812911,1,0.283823464111967,0.111111111111111,0.0460114096355284,0.0400977614844092,"Long","C","c01110",FALSE,0.0299571652113194,0.47931464338111,1,0.0327896573959942,0.111111111111111,0.00402806939229997,0.0133142956494753,"Pizza","C",0.158306560753981,0.0841226869641815,13,0.40625,"TRUE","LongPizza","AbsentYesSportySee_hotdog","C"
"439","0111","Cu=0","c01111",TRUE,2.70164929931799e-07,4.32263887890878e-06,8.98354155545047e-06,2.47878480837339e-07,9.98171283938941e-07,3.20193820698695e-08,1.20073302191911e-07,"Long","Cu","c01110",FALSE,1.11827673748434e-10,1.78924277997494e-09,3.73291908495332e-09,1.24134630481751e-10,4.14768787217036e-10,7.68420005011515e-12,2.48505941663187e-11,"Pizza","Cu",1.2400130773391e-07,0.0446587628877507,NA,NA,"TRUE","LongPizza","AbsentYesSportySee_hotdog","Cu"
"440","0111","Cu=1","c01111",TRUE,0.030073050948377,0.481168815174032,0.999991016458444,0.36408764234784,0.111110112939827,0.0514181989927108,0.0267316008430018,"Long","Cu","c01110",FALSE,0.0299571650994917,0.479314641591868,0.999999996267081,0.0331272398371559,0.111111110696342,0.00203805486830054,0.00665714779988705,"Pizza","Cu",0.198607441092498,0.0988377694628951,7,0.21875,"TRUE","LongPizza","AbsentYesSportySee_hotdog","Cu"
"441","0111","K=1","c01111",TRUE,0.0300733211133069,0.481173137812911,1,0.0285223977918767,0.111111111111111,0.00956944383907974,0.0400977614844092,"Long","K","c01110",FALSE,0.0299571652113194,0.47931464338111,1,0.0223746060557341,0.111111111111111,0.00282346553311566,0.0133142956494753,"Pizza","K",0.0254485019238054,0.0494441651934429,1,0.03125,"TRUE","LongPizza","AbsentYesSportySee_hotdog","K"
"442","0111","Ku_f=0",NA,NA,0,0,0,0,0,0,0,NA,NA,"c01110",FALSE,0.0299571652113194,0.47931464338111,1,0.27630198969633,0.111111111111111,0.0306867380809245,0.0133142956494753,"Pizza","Ku",0.138150994848165,0.0776067205712253,NA,NA,"TRUE","LongPizza","AbsentYesSportySee_hotdog","Ku"
"443","0111","Ku_p=0","c01111",TRUE,0.0300733211133069,0.481173137812911,1,0.121643443548319,0.111111111111111,0.0717188941491751,0.0400977614844092,"Long","Ku",NA,NA,0,0,0,0,0,0,0,NA,NA,0.0608217217741593,0.0569592976498627,1,0.03125,"TRUE","LongPizza","AbsentYesSportySee_hotdog","Ku"
"444","0111","P=0","c01111",TRUE,0.0300733211133069,0.481173137812911,1,0.054009688764589,0.111111111111111,0.0403084467736409,0.0400977614844092,"Long","P","c01110",FALSE,0.0299571652113194,0.47931464338111,1,0.07589656956741,0.111111111111111,0.0161679747102242,0.0133142956494753,"Pizza","P",0.0649531291659995,0.0579084066150727,3,0.09375,"TRUE","LongPizza","AbsentYesSportySee_hotdog","P"
"445","0111","Pu_f=0",NA,NA,0,0,0,0,0,0,0,NA,NA,"c01110",FALSE,0.0247122659457122,0.395396255131395,0.824920040711149,0.0370009320698965,0.0916577823012388,0.0022227863836657,0.00549161465460271,"Pizza","Pu",0.0185004660349483,0.0480889255946481,5,0.15625,"TRUE","LongPizza","AbsentYesSportySee_hotdog","Pu"
"446","0111","Pu_f=1",NA,NA,0,0,0,0,0,0,0,NA,NA,"c01110",FALSE,0.00524489926560719,0.083918388249715,0.175079959288851,0.00448518702364619,0.0194533288098723,0.000270506132687252,0.00116553317013493,"Pizza","Pu",0.0022425935118231,0.0450611485214443,NA,NA,"TRUE","LongPizza","AbsentYesSportySee_hotdog","Pu"
"447","0111","Pu_p=0","c01111",TRUE,0.0256767466239487,0.410827945983179,0.853804823458196,0.0368602658662664,0.0948672026064662,0.00704102835162857,0.0171178310826324,"Long","Pu",NA,NA,0,0,0,0,0,0,0,NA,NA,0.0184301329331332,0.0480753985243389,NA,NA,"TRUE","LongPizza","AbsentYesSportySee_hotdog","Pu"
"448","0111","Pu_p=1","c01111",TRUE,0.00439657448935826,0.0703451918297322,0.146195176541804,0.00458500409033052,0.0162439085046449,0.000749469522729928,0.00293104965957218,"Long","Pu",NA,NA,0,0,0,0,0,0,0,NA,NA,0.00229250204516526,0.0450701451627665,NA,NA,"TRUE","LongPizza","AbsentYesSportySee_hotdog","Pu"
"449","0111","S=1","c01111",TRUE,0.0300733211133069,0.481173137812911,1,0.0354821582954985,0.111111111111111,0.0127888329793728,0.0400977614844092,"Long","S","c01110",FALSE,0.0299571652113194,0.47931464338111,1,0.0325671416922549,0.111111111111111,0.00405212459844884,0.0133142956494753,"Pizza","S",0.0340246499938767,0.0511697557408076,NA,NA,"TRUE","LongPizza","AbsentYesSportySee_hotdog","S"
"450","0111","Su=0","c01111",TRUE,1.97918466671463e-09,3.16669546674341e-08,6.58119753138564e-08,2.36314740377124e-09,7.3124417015396e-09,4.22556978024693e-10,1.31945644447642e-09,"Long","Su","c01110",FALSE,0.0299571652113194,0.47931464338111,1,0.084624444947344,0.111111111111111,0.0100437394200366,0.0133142956494753,"Pizza","Su",0.0423122236552457,0.0528944777981729,NA,NA,"TRUE","LongPizza","AbsentYesSportySee_hotdog","Su"
"451","0111","Su=1","c01111",TRUE,0.0300733191341223,0.481173106145956,0.999999934188025,0.0358549992243809,0.111111103798669,0.00641963701165242,0.0200488794227482,"Long","Su",NA,NA,0,0,0,0,0,0,0,NA,NA,0.0179274996121905,0.0479788384366368,NA,NA,"TRUE","LongPizza","AbsentYesSportySee_hotdog","Su"
"452","1000","br_f=0",NA,NA,0,0,0,0,0,0,0,NA,NA,"c10000",FALSE,0.0268836297140461,0.430138075424738,1,0.433089280939687,0.111111111111111,0.0688844011093422,0.0238965597458188,"Pizza","br",0.216544640469843,0.107204535093476,5,0.15625,"TRUE","LongPizza","HotdogNoLazySee_pizza","br"
"453","1000","br_p=1","c10001",TRUE,4.44591858931927e-07,7.11346974291083e-06,1,0.646249244648694,0.111111111111111,2.07225806545721e-06,3.95192763495046e-07,"Long","br",NA,NA,0,0,0,0,0,0,0,NA,NA,0.323124622324347,0.16419561314658,5,0.15625,"TRUE","LongPizza","HotdogNoLazySee_pizza","br"
"454","1000","C=0","c10001",TRUE,4.44591858931927e-07,7.11346974291083e-06,1,0.023975380118359,0.111111111111111,9.45288099437488e-08,3.95192763495046e-07,"Long","C","c10000",FALSE,0.0268836297140461,0.430138075424738,1,0.032107358983306,0.111111111111111,0.00810910196996383,0.0238965597458188,"Pizza","C",0.0280413695508325,0.0504370220066886,1,0.03125,"TRUE","LongPizza","HotdogNoLazySee_pizza","C"
"455","1000","Cu=0","c10001",TRUE,2.30668120631161e-07,3.69068993009857e-06,0.518831184145635,0.013959782861103,0.057647909349515,2.74963358831162e-08,1.0251916472496e-07,"Long","Cu","c10000",FALSE,1.00354414432381e-10,1.6056706309181e-09,3.73291908495332e-09,1.2023830722677e-10,4.14768787217036e-10,1.51779874910546e-11,4.46019619699471e-11,"Pizza","Cu",0.00697989149067066,0.0463619721189278,NA,NA,"TRUE","LongPizza","HotdogNoLazySee_pizza","Cu"
"456","1000","Cu=1","c10001",TRUE,2.13923738300766e-07,3.42277981281226e-06,0.481168815854365,0.0144382109963693,0.0534632017615961,2.80463362395956e-08,9.50772170225627e-08,"Long","Cu","c10000",FALSE,0.0268836296136917,0.430138073819067,0.999999996267081,0.0322759432961692,0.111111110696342,0.00405311616769029,0.0119482798283074,"Pizza","Cu",0.0233570771462692,0.0495007736835909,NA,NA,"TRUE","LongPizza","HotdogNoLazySee_pizza","Cu"
"457","1000","K=0","c10001",TRUE,4.44591858931927e-07,7.11346974291083e-06,1,0.0365197632082714,0.111111111111111,3.29544768434114e-07,3.95192763495046e-07,"Long","K","c10000",FALSE,0.0268836297140461,0.430138075424738,1,0.0454714189742314,0.111111111111111,0.0273812693365523,0.0238965597458188,"Pizza","K",0.0409955910912514,0.0531194077172026,12,0.375,"TRUE","LongPizza","HotdogNoLazySee_pizza","K"
"458","1000","Ku_f=0",NA,NA,0,0,0,0,0,0,0,NA,NA,"c10000",FALSE,0.0268801894926049,0.430083031881678,0.999872032851298,0.0461770083428846,0.111096892539033,0.00528444964023082,0.0119467508856022,"Pizza","Ku",0.0230885041714423,0.0494476239576848,3,0.09375,"TRUE","LongPizza","HotdogNoLazySee_pizza","Ku"
"459","1000","Ku_f=1",NA,NA,0,0,0,0,0,0,0,NA,NA,"c10000",FALSE,3.44022144127534e-06,5.50435430604055e-05,0.000127967148702316,3.33808397064284e-06,1.42185720780351e-05,4.04043077334972e-07,1.52898730723349e-06,"Pizza","Ku",1.66904198532142e-06,0.0450857696099994,NA,NA,"TRUE","LongPizza","HotdogNoLazySee_pizza","Ku"
"460","1000","Ku_p=0","c10001",TRUE,4.44591858303311e-07,7.11346973285298e-06,0.999999998586083,0.036565287239517,0.111111110954009,6.57029140749624e-08,1.97596381468138e-07,"Long","Ku",NA,NA,0,0,0,0,0,0,0,NA,NA,0.0182826436197585,0.0485061486073789,NA,NA,"TRUE","LongPizza","HotdogNoLazySee_pizza","Ku"
"461","1000","Ku_p=1","c10001",TRUE,6.28615819261286e-16,1.00578531081806e-14,1.41391662180107e-09,3.55800391698409e-11,1.57101846866785e-10,6.39894994156062e-17,2.79384808560572e-16,"Long","Ku",NA,NA,0,0,0,0,0,0,0,NA,NA,1.77900195849204e-11,0.0450854686140428,NA,NA,"TRUE","LongPizza","HotdogNoLazySee_pizza","Ku"
"462","1000","P=1","c10001",TRUE,4.44591858931927e-07,7.11346974291083e-06,1,0.0206064554937594,0.111111111111111,8.21300160793278e-08,3.95192763495046e-07,"Long","P","c10000",FALSE,0.0268836297140461,0.430138075424738,1,0.0217519873638338,0.111111111111111,0.00593260234495501,0.0238965597458188,"Pizza","P",0.0211792214287966,0.0490714243486875,NA,NA,"TRUE","LongPizza","HotdogNoLazySee_pizza","P"
"463","1000","Pu_f=0",NA,NA,0,0,0,0,0,0,0,NA,NA,"c10000",FALSE,0.0268836297140461,0.430138075424738,1,0.293642921128278,0.111111111111111,0.048969035419381,0.0238965597458188,"Pizza","Pu",0.146821460564139,0.0811132099928425,3,0.09375,"TRUE","LongPizza","HotdogNoLazySee_pizza","Pu"
"464","1000","Pu_p=0","c10001",TRUE,4.44591858931927e-07,7.11346974291083e-06,1,0.152568523524454,0.111111111111111,5.39216757614223e-07,3.95192763495046e-07,"Long","Pu",NA,NA,0,0,0,0,0,0,0,NA,NA,0.0762842617622271,0.0611724569199647,NA,NA,"TRUE","LongPizza","HotdogNoLazySee_pizza","Pu"
"465","1000","S=0","c10001",TRUE,4.44591858931927e-07,7.11346974291083e-06,1,0.0273651130023554,0.111111111111111,1.08220760084722e-07,3.95192763495046e-07,"Long","S","c10000",FALSE,0.0268836297140461,0.430138075424738,1,0.0545932516891318,0.111111111111111,0.032402827446086,0.0238965597458188,"Pizza","S",0.0409791823457436,0.053115921340247,NA,NA,"TRUE","LongPizza","HotdogNoLazySee_pizza","S"
"466","1000","Su=0","c10001",TRUE,2.92594684447695e-14,4.68151495116312e-13,6.58119753138564e-08,1.86933523729818e-09,7.3124417015396e-09,3.58588864120199e-15,1.30042081976753e-14,"Long","Su","c10000",FALSE,0.024715428708653,0.395446859338448,0.919348650890684,0.0394310007429657,0.102149850098965,0.00434657870537209,0.0109846349816236,"Pizza","Su",0.0197155013061505,0.0487849564595846,NA,NA,"TRUE","LongPizza","HotdogNoLazySee_pizza","Su"
"467","1000","Su=1","c10001",TRUE,4.44591829672459e-07,7.11346927475934e-06,0.999999934188025,0.0277522370022016,0.111111103798669,5.41043681336963e-08,1.97596368743315e-07,"Long","Su","c10000",FALSE,0.00216820100539311,0.0346912160862898,0.0806513491093159,0.00145649033530401,0.00896126101214621,0.000169391074192014,0.000963644891285828,"Pizza","Su",0.0146043636687528,0.047797696383102,NA,NA,"TRUE","LongPizza","HotdogNoLazySee_pizza","Su"
"468","1001","br_f=0",NA,NA,0,0,0,0,0,0,0,NA,NA,"c10010",FALSE,0.024715428708653,0.395446859338448,1,0.41995546185971,0.111111111111111,0.0361324359845622,0.0109846349816236,"Pizza","br",0.209977730929855,0.104661847579352,3,0.0967741935483871,"TRUE","LongPizza","HotdogNoLazySee_hotdog","br"
"469","1001","br_p=1","c10011",TRUE,4.44591858931927e-07,7.11346974291083e-06,1,0.645004861638201,0.111111111111111,2.07749873724312e-06,3.95192763495046e-07,"Long","br",NA,NA,0,0,0,0,0,0,0,NA,NA,0.322502430819101,0.164158668917197,3,0.0967741935483871,"TRUE","LongPizza","HotdogNoLazySee_hotdog","br"
"470","1001","C=0","c10011",TRUE,4.44591858931927e-07,7.11346974291083e-06,1,0.0243718584450331,0.111111111111111,9.58076229951093e-08,3.95192763495046e-07,"Long","C","c10010",FALSE,0.024715428708653,0.395446859338448,1,0.0322457537716136,0.111111111111111,0.0033257715749916,0.0109846349816236,"Pizza","C",0.0283088061083233,0.0506054336369978,3,0.0967741935483871,"TRUE","LongPizza","HotdogNoLazySee_hotdog","C"
"471","1001","Cu=0","c10011",TRUE,2.30668120631161e-07,3.69068993009857e-06,0.518831184145635,0.0140087205559213,0.057647909349515,2.743022304851e-08,1.0251916472496e-07,"Long","Cu","c10010",FALSE,9.22606955193341e-11,1.47617112830935e-09,3.73291908495332e-09,1.19135961805656e-10,4.14768787217036e-10,6.27102814208311e-12,2.05023767820743e-11,"Pizza","Cu",0.00700436033752861,0.0464715906246173,NA,NA,"TRUE","LongPizza","HotdogNoLazySee_hotdog","Cu"
"472","1001","Cu=1","c10011",TRUE,2.13923738300766e-07,3.42277981281226e-06,0.481168815854365,0.0143793060832083,0.0534632017615961,2.76371179159943e-08,9.50772170225627e-08,"Long","Cu","c10010",FALSE,0.0247154286163923,0.395446857862277,0.999999996267081,0.0321692802456273,0.111111110696342,0.00166656195162918,0.00549231747030941,"Pizza","Cu",0.0232742931644178,0.0495965315512186,2,0.0645161290322581,"TRUE","LongPizza","HotdogNoLazySee_hotdog","Cu"
"473","1001","K=0","c10011",TRUE,4.44591858931927e-07,7.11346974291083e-06,1,0.0360197280541148,0.111111111111111,3.28571839336351e-07,3.95192763495046e-07,"Long","K","c10010",FALSE,0.024715428708653,0.395446859338448,1,0.0457062713161466,0.111111111111111,0.0132799258398692,0.0109846349816236,"Pizza","K",0.0408629996851307,0.0532115633517884,6,0.193548387096774,"TRUE","LongPizza","HotdogNoLazySee_hotdog","K"
"474","1001","Ku_f=0",NA,NA,0,0,0,0,0,0,0,NA,NA,"c10010",FALSE,0.0247122659457122,0.395396255131395,0.999872032851298,0.0453544998665491,0.111096892539033,0.00223599435254243,0.00549161465460271,"Pizza","Ku",0.0226772499332746,0.0494782277785762,1,0.032258064516129,"TRUE","LongPizza","HotdogNoLazySee_hotdog","Ku"
"475","1001","Ku_f=1",NA,NA,0,0,0,0,0,0,0,NA,NA,"c10010",FALSE,3.16276294080169e-06,5.06042070528271e-05,0.000127967148702316,3.27676845641616e-06,1.42185720780351e-05,1.62540820636218e-07,7.02836209067043e-07,"Pizza","Ku",1.63838422820808e-06,0.0451879421095767,NA,NA,"TRUE","LongPizza","HotdogNoLazySee_hotdog","Ku"
"476","1001","Ku_p=0","c10011",TRUE,4.44591858303311e-07,7.11346973285298e-06,0.999999998586083,0.0359409295831135,0.111111110954009,6.43712297130405e-08,1.97596381468138e-07,"Long","Ku",NA,NA,0,0,0,0,0,0,0,NA,NA,0.0179704647915568,0.048555408511693,1,0.032258064516129,"TRUE","LongPizza","HotdogNoLazySee_hotdog","Ku"
"477","1001","Ku_p=1","c10011",TRUE,6.28615819261286e-16,1.00578531081806e-14,1.41391662180107e-09,3.60396350918183e-11,1.57101846866785e-10,6.43251404911649e-17,2.79384808560572e-16,"Long","Ku",NA,NA,0,0,0,0,0,0,0,NA,NA,1.80198175459092e-11,0.0451876459729575,NA,NA,"TRUE","LongPizza","HotdogNoLazySee_hotdog","Ku"
"478","1001","P=1","c10011",TRUE,4.44591858931927e-07,7.11346974291083e-06,1,0.02085087048776,0.111111111111111,8.22905064194589e-08,3.95192763495046e-07,"Long","P","c10010",FALSE,0.024715428708653,0.395446859338448,1,0.0220985933636487,0.111111111111111,0.00235199314028079,0.0109846349816236,"Pizza","P",0.0214747319257044,0.0492408054061529,NA,NA,"TRUE","LongPizza","HotdogNoLazySee_hotdog","P"
"479","1001","Pu_f=0",NA,NA,0,0,0,0,0,0,0,NA,NA,"c10010",FALSE,0.024715428708653,0.395446859338448,1,0.284307359676047,0.111111111111111,0.0252771757007379,0.0109846349816236,"Pizza","Pu",0.142153679838023,0.0797932129093442,9,0.290322580645161,"TRUE","LongPizza","HotdogNoLazySee_hotdog","Pu"
"480","1001","Pu_p=0","c10011",TRUE,4.44591858931927e-07,7.11346974291083e-06,1,0.153804969236941,0.111111111111111,5.35870266099401e-07,3.95192763495046e-07,"Long","Pu",NA,NA,0,0,0,0,0,0,0,NA,NA,0.0769024846184704,0.0614628955715308,1,0.032258064516129,"TRUE","LongPizza","HotdogNoLazySee_hotdog","Pu"
"481","1001","S=1","c10011",TRUE,4.44591858931927e-07,7.11346974291083e-06,1,0.0279178113184055,0.111111111111111,1.08734445254129e-07,3.95192763495046e-07,"Long","S","c10010",FALSE,0.024715428708653,0.395446859338448,1,0.0319257796540441,0.111111111111111,0.00334159284966712,0.0109846349816236,"Pizza","S",0.0299217954862248,0.050932993308926,NA,NA,"TRUE","LongPizza","HotdogNoLazySee_hotdog","S"
"482","1001","Su=0","c10011",TRUE,2.92594684447695e-14,4.68151495116312e-13,6.58119753138564e-08,1.81665385190544e-09,7.3124417015396e-09,3.52309004031679e-15,1.30042081976753e-14,"Long","Su","c10010",FALSE,0.024715428708653,0.395446859338448,1,0.0862337233590221,0.111111111111111,0.00829987502628444,0.0109846349816236,"Pizza","Su",0.043116862587838,0.053693458614065,1,0.032258064516129,"TRUE","LongPizza","HotdogNoLazySee_hotdog","Su"
"483","1001","Su=1","c10011",TRUE,4.44591829672459e-07,7.11346927475934e-06,0.999999934188025,0.0277009427446081,0.111111103798669,5.42565349429561e-08,1.97596368743315e-07,"Long","Su",NA,NA,0,0,0,0,0,0,0,NA,NA,0.0138504713723041,0.0477617741560065,NA,NA,"TRUE","LongPizza","HotdogNoLazySee_hotdog","Su"
"484","1010","br_f=0",NA,NA,0,0,0,0,0,0,0,NA,NA,"c10100",FALSE,0.0268836297140461,0.430138075424738,1,0.437292748024437,0.111111111111111,0.0687259020387709,0.0238965597458188,"Pizza","br",0.218646374012218,0.106571222865259,2,0.0666666666666667,"TRUE","LongPizza","HotdogNoSportySee_pizza","br"
"485","1010","br_p=0","c10101",TRUE,0.0256763020683945,0.410820833094312,0.999982685039315,0.0352925007267841,0.111109187226591,0.00379681566850631,0.0114116898081753,"Long","br",NA,NA,0,0,0,0,0,0,0,NA,NA,0.0176462503633921,0.0476943540106726,NA,NA,"TRUE","LongPizza","HotdogNoSportySee_pizza","br"
"486","1010","br_p=1","c10101",TRUE,4.44591858931927e-07,7.11346974291083e-06,1.73149606846469e-05,7.65873692678705e-06,1.92388452051632e-06,1.39688076509767e-06,3.95192763495046e-07,"Long","br",NA,NA,0,0,0,0,0,0,0,NA,NA,3.82936846339352e-06,0.0444445943371884,NA,NA,"TRUE","LongPizza","HotdogNoSportySee_pizza","br"
"487","1010","C=1","c10101",TRUE,0.0256767466602535,0.410827946564055,1,0.289507907243786,0.111111111111111,0.0391334329678233,0.0342356622136713,"Long","C","c10100",FALSE,0.0268836297140461,0.430138075424738,1,0.0314714709730018,0.111111111111111,0.00810018723127655,0.0238965597458188,"Pizza","C",0.160489689108394,0.0844522918401573,10,0.333333333333333,"TRUE","LongPizza","HotdogNoSportySee_pizza","C"
"488","1010","Cu=0","c10101",TRUE,2.30668120631161e-07,3.69068993009857e-06,8.98354155545047e-06,2.42445172490327e-07,9.98171283938941e-07,2.743764786431e-08,1.0251916472496e-07,"Long","Cu","c10100",FALSE,1.00354414432381e-10,1.6056706309181e-09,3.73291908495332e-09,1.21320913897886e-10,4.14768787217036e-10,1.50669697806336e-11,4.46019619699471e-11,"Pizza","Cu",1.21283246702113e-07,0.0444439351247043,NA,NA,"TRUE","LongPizza","HotdogNoSportySee_pizza","Cu"
"489","1010","Cu=1","c10101",TRUE,0.0256765159921328,0.410824255874125,0.999991016458445,0.366202549574067,0.111110112939827,0.0439941383888052,0.0228235697707847,"Long","Cu","c10100",FALSE,0.0268836296136917,0.430138073819067,0.999999996267081,0.0318952678295398,0.111111110696342,0.0040429895082433,0.0119482798283074,"Pizza","Cu",0.199048908701803,0.0985361671218279,3,0.1,"TRUE","LongPizza","HotdogNoSportySee_pizza","Cu"
"490","1010","K=0","c10101",TRUE,0.0256767466602535,0.410827946564055,1,0.0430203816872381,0.111111111111111,0.0343917878477018,0.0342356622136713,"Long","K","c10100",FALSE,0.0268836297140461,0.430138075424738,1,0.0456163311099005,0.111111111111111,0.0274562667725918,0.0238965597458188,"Pizza","K",0.0443183563985693,0.0530641442414131,4,0.133333333333333,"TRUE","LongPizza","HotdogNoSportySee_pizza","K"
"491","1010","Ku_f=0",NA,NA,0,0,0,0,0,0,0,NA,NA,"c10100",FALSE,0.0268801894926049,0.430083031881678,0.999872032851298,0.0452976703578186,0.111096892539033,0.00516491170451213,0.0119467508856022,"Pizza","Ku",0.0226488351789093,0.048658346962199,1,0.0333333333333333,"TRUE","LongPizza","HotdogNoSportySee_pizza","Ku"
"492","1010","Ku_f=1",NA,NA,0,0,0,0,0,0,0,NA,NA,"c10100",FALSE,3.44022144127534e-06,5.50435430604055e-05,0.000127967148702316,3.42187046726488e-06,1.42185720780351e-05,4.06538953781113e-07,1.52898730723349e-06,"Pizza","Ku",1.71093523363244e-06,0.0444442177271619,NA,NA,"TRUE","LongPizza","HotdogNoSportySee_pizza","Ku"
"493","1010","Ku_p=0","c10101",TRUE,0.0256767466239487,0.410827945983179,0.999999998586083,0.0428665467101053,0.111111110954009,0.00697986849932978,0.0171178310826324,"Long","Ku",NA,NA,0,0,0,0,0,0,0,NA,NA,0.0214332733550527,0.048422332292105,NA,NA,"TRUE","LongPizza","HotdogNoSportySee_pizza","Ku"
"494","1010","Ku_p=1","c10101",TRUE,3.63047788967074e-11,5.80876462347318e-10,1.41391662180107e-09,4.50933848084422e-11,1.57101846866785e-10,6.19841500510208e-12,2.42031859311382e-11,"Long","Ku",NA,NA,0,0,0,0,0,0,0,NA,NA,2.25466924042211e-11,0.0444439135674988,NA,NA,"TRUE","LongPizza","HotdogNoSportySee_pizza","Ku"
"495","1010","P=1","c10101",TRUE,0.0256767466602535,0.410827946564055,1,0.0285365556608936,0.111111111111111,0.00826144821473153,0.0342356622136713,"Long","P","c10100",FALSE,0.0268836297140461,0.430138075424738,1,0.0221662006703638,0.111111111111111,0.00592946068676742,0.0238965597458188,"Pizza","P",0.0253513781656287,0.0491872054348416,NA,NA,"TRUE","LongPizza","HotdogNoSportySee_pizza","P"
"496","1010","Pu_f=0",NA,NA,0,0,0,0,0,0,0,NA,NA,"c10100",FALSE,0.0268836297140461,0.430138075424738,1,0.291893946094852,0.111111111111111,0.04911413601216,0.0238965597458188,"Pizza","Pu",0.145946973047426,0.0796797851664618,7,0.233333333333333,"TRUE","LongPizza","HotdogNoSportySee_pizza","Pu"
"497","1010","Pu_p=0","c10101",TRUE,0.0256767466602535,0.410827946564055,1,0.123815427657974,0.111111111111111,0.0614764526997529,0.0342356622136713,"Long","Pu",NA,NA,0,0,0,0,0,0,0,NA,NA,0.0619077138289869,0.0569320744094057,NA,NA,"TRUE","LongPizza","HotdogNoSportySee_pizza","Pu"
"498","1010","S=0","c10101",TRUE,0.0256767466602535,0.410827946564055,1,0.0354571520774743,0.111111111111111,0.0109598791307514,0.0342356622136713,"Long","S","c10100",FALSE,0.0268836297140461,0.430138075424738,1,0.0540267211072569,0.111111111111111,0.032440733166287,0.0238965597458188,"Pizza","S",0.0447419365923656,0.0531541281326804,NA,NA,"TRUE","LongPizza","HotdogNoSportySee_pizza","S"
"499","1010","Su=0","c10101",TRUE,1.68983741734475e-09,2.70373986775159e-08,6.58119753138564e-08,2.30857416119698e-09,7.3124417015396e-09,3.63300135900129e-10,1.12655827822983e-09,"Long","Su","c10100",FALSE,0.024715428708653,0.395446859338448,0.919348650890684,0.0388206985925048,0.102149850098965,0.00434135099691681,0.0109846349816236,"Pizza","Su",0.0194103504505395,0.0480320946822159,NA,NA,"TRUE","LongPizza","HotdogNoSportySee_pizza","Su"
"500","1010","Su=1","c10101",TRUE,0.025676744970416,0.410827919526657,0.999999934188025,0.0352930751259114,0.111111103798669,0.00549353958731783,0.0171178299802774,"Long","Su","c10100",FALSE,0.00216820100539311,0.0346912160862898,0.0806513491093159,0.00151552324853719,0.00896126101214621,0.000174081278907617,0.000963644891285828,"Pizza","Su",0.0184042991872243,0.0478391920842075,NA,NA,"TRUE","LongPizza","HotdogNoSportySee_pizza","Su"
"501","1011","br_f=0",NA,NA,0,0,0,0,0,0,0,NA,NA,"c10110",FALSE,0.024715428708653,0.395446859338448,1,0.422459864165325,0.111111111111111,0.0364590687227415,0.0109846349816236,"Pizza","br",0.211229932082663,0.103689402328189,4,0.129032258064516,"TRUE","LongPizza","HotdogNoSportySee_hotdog","br"
"502","1011","br_p=0","c10111",TRUE,0.0256763020683945,0.410820833094312,0.999982685039315,0.0354849039848892,0.111109187226591,0.00378769927459625,0.0114116898081753,"Long","br",NA,NA,0,0,0,0,0,0,0,NA,NA,0.0177424519924446,0.0478202884576591,NA,NA,"TRUE","LongPizza","HotdogNoSportySee_hotdog","br"
"503","1011","br_p=1","c10111",TRUE,4.44591858931927e-07,7.11346974291083e-06,1.73149606846469e-05,7.64153643281982e-06,1.92388452051632e-06,1.39504971575121e-06,3.95192763495046e-07,"Long","br",NA,NA,0,0,0,0,0,0,0,NA,NA,3.82076821640991e-06,0.0445448020022632,NA,NA,"TRUE","LongPizza","HotdogNoSportySee_hotdog","br"
"504","1011","C=1","c10111",TRUE,0.0256767466602535,0.410827946564055,1,0.292263626341182,0.111111111111111,0.0393777472608231,0.0342356622136713,"Long","C","c10110",FALSE,0.024715428708653,0.395446859338448,1,0.0321003840530987,0.111111111111111,0.0033534245396614,0.0109846349816236,"Pizza","C",0.16218200519714,0.0852176188939292,9,0.290322580645161,"TRUE","LongPizza","HotdogNoSportySee_hotdog","C"
"505","1011","Cu=0","c10111",TRUE,2.30668120631161e-07,3.69068993009857e-06,8.98354155545047e-06,2.42572332153776e-07,9.98171283938941e-07,2.7421207358311e-08,1.0251916472496e-07,"Long","Cu","c10110",FALSE,9.22606955193341e-11,1.47617112830935e-09,3.73291908495332e-09,1.17850357524275e-10,4.14768787217036e-10,6.20909324160428e-12,2.05023767820743e-11,"Pizza","Cu",1.2134509125565e-07,0.0445441428468576,NA,NA,"TRUE","LongPizza","HotdogNoSportySee_hotdog","Cu"
"506","1011","Cu=1","c10111",TRUE,0.0256765159921328,0.410824255874125,0.999991016458445,0.362065402899105,0.111110112939827,0.0438954232056665,0.0228235697707847,"Long","Cu","c10110",FALSE,0.0247154286163923,0.395446857862277,0.999999996267081,0.0321343713885715,0.111111110696342,0.00167573763386064,0.00549231747030941,"Pizza","Cu",0.197099887143838,0.0979914014752487,3,0.0967741935483871,"TRUE","LongPizza","HotdogNoSportySee_hotdog","Cu"
"507","1011","K=0","c10111",TRUE,0.0256767466602535,0.410827946564055,1,0.0426469087700838,0.111111111111111,0.0344083871503036,0.0342356622136713,"Long","K","c10110",FALSE,0.024715428708653,0.395446859338448,1,0.0451437876185789,0.111111111111111,0.0134266585675081,0.0109846349816236,"Pizza","K",0.0438953481943313,0.0530938753068386,4,0.129032258064516,"TRUE","LongPizza","HotdogNoSportySee_hotdog","K"
"508","1011","Ku_f=0",NA,NA,0,0,0,0,0,0,0,NA,NA,"c10110",FALSE,0.0247122659457122,0.395396255131395,0.999872032851298,0.0449580685375405,0.111096892539033,0.00224343994094086,0.00549161465460271,"Pizza","Ku",0.0224790342687702,0.0487349447093581,4,0.129032258064516,"TRUE","LongPizza","HotdogNoSportySee_hotdog","Ku"
"509","1011","Ku_f=1",NA,NA,0,0,0,0,0,0,0,NA,NA,"c10110",FALSE,3.16276294080169e-06,5.06042070528271e-05,0.000127967148702316,3.26845483663194e-06,1.42185720780351e-05,1.6150222157966e-07,7.02836209067043e-07,"Pizza","Ku",1.63422741831597e-06,0.0445444124078592,NA,NA,"TRUE","LongPizza","HotdogNoSportySee_hotdog","Ku"
"510","1011","Ku_p=0","c10111",TRUE,0.0256767466239487,0.410827945983179,0.999999998586083,0.0437644602553715,0.111111110954009,0.00703543348537777,0.0171178310826324,"Long","Ku",NA,NA,0,0,0,0,0,0,0,NA,NA,0.0218822301276858,0.0486187425970738,1,0.032258064516129,"TRUE","LongPizza","HotdogNoSportySee_hotdog","Ku"
"511","1011","Ku_p=1","c10111",TRUE,3.63047788967074e-11,5.80876462347318e-10,1.41391662180107e-09,4.44223129781884e-11,1.57101846866785e-10,6.20484239484039e-12,2.42031859311382e-11,"Long","Ku",NA,NA,0,0,0,0,0,0,0,NA,NA,2.22111564890942e-11,0.0445441212299681,NA,NA,"TRUE","LongPizza","HotdogNoSportySee_hotdog","Ku"
"512","1011","P=1","c10111",TRUE,0.0256767466602535,0.410827946564055,1,0.0286704684585662,0.111111111111111,0.00824556911591386,0.0342356622136713,"Long","P","c10110",FALSE,0.024715428708653,0.395446859338448,1,0.0214068199828938,0.111111111111111,0.00231988913790195,0.0109846349816236,"Pizza","P",0.02503864422073,0.0492364775832556,NA,NA,"TRUE","LongPizza","HotdogNoSportySee_hotdog","P"
"513","1011","Pu_f=0",NA,NA,0,0,0,0,0,0,0,NA,NA,"c10110",FALSE,0.024715428708653,0.395446859338448,1,0.284644320826662,0.111111111111111,0.0248486005264346,0.0109846349816236,"Pizza","Pu",0.142322160413331,0.0787098910415327,5,0.161290322580645,"TRUE","LongPizza","HotdogNoSportySee_hotdog","Pu"
"514","1011","Pu_p=0","c10111",TRUE,0.0256767466602535,0.410827946564055,1,0.124010733262187,0.111111111111111,0.061283469268089,0.0342356622136713,"Long","Pu",NA,NA,0,0,0,0,0,0,0,NA,NA,0.0620053666310936,0.0570827319206298,NA,NA,"TRUE","LongPizza","HotdogNoSportySee_hotdog","Pu"
"515","1011","S=1","c10111",TRUE,0.0256767466602535,0.410827946564055,1,0.0356001324718804,0.111111111111111,0.0110397272942041,0.0342356622136713,"Long","S","c10110",FALSE,0.024715428708653,0.395446859338448,1,0.0319736789116176,0.111111111111111,0.00334153941273229,0.0109846349816236,"Pizza","S",0.033786905691749,0.0509899119860985,NA,NA,"TRUE","LongPizza","HotdogNoSportySee_hotdog","S"
"516","1011","Su=0","c10111",TRUE,1.68983741734475e-09,2.70373986775159e-08,6.58119753138564e-08,2.35859710457249e-09,7.3124417015396e-09,3.6430399455451e-10,1.12655827822983e-09,"Long","Su","c10110",FALSE,0.024715428708653,0.395446859338448,1,0.0851754359430244,0.111111111111111,0.00826767467045223,0.0109846349816236,"Pizza","Su",0.0425877191508108,0.0528168919477538,1,0.032258064516129,"TRUE","LongPizza","HotdogNoSportySee_hotdog","Su"
"517","1011","Su=1","c10111",TRUE,0.025676744970416,0.410827919526657,0.999999934188025,0.0354854770449508,0.111111103798669,0.00550168837617423,0.0171178299802774,"Long","Su",NA,NA,0,0,0,0,0,0,0,NA,NA,0.0177427385224754,0.0478203432654854,NA,NA,"TRUE","LongPizza","HotdogNoSportySee_hotdog","Su"
"518","1100","br_f=0",NA,NA,0,0,0,0,0,0,0,NA,NA,"c11000",FALSE,0.0268801894926049,0.430083031881678,1,0.318003915946552,0.111111111111111,0.029751000382511,0.0119467508856022,"Pizza","br",0.159001957973276,0.0971737611078256,4,0.137931034482759,"TRUE","LongPizza","HotdogYesLazySee_pizza","br"
"519","1100","br_p=1","c11001",TRUE,4.44591858303311e-07,7.11346973285298e-06,1,0.520479215459185,0.111111111111111,9.28243212426084e-07,1.97596381468138e-07,"Long","br",NA,NA,0,0,0,0,0,0,0,NA,NA,0.260239607729593,0.145685665777215,4,0.137931034482759,"TRUE","LongPizza","HotdogYesLazySee_pizza","br"
"520","1100","C=0","c11001",TRUE,4.44591858303311e-07,7.11346973285298e-06,1,0.0295934533467944,0.111111111111111,5.22052869547669e-08,1.97596381468138e-07,"Long","C","c11000",FALSE,0.0268801894926049,0.430083031881678,1,0.0360336351683468,0.111111111111111,0.00423170640332465,0.0119467508856022,"Pizza","C",0.0328135442575706,0.058659355280959,5,0.172413793103448,"TRUE","LongPizza","HotdogYesLazySee_pizza","C"
"521","1100","Cu=0","c11001",TRUE,2.30668120305015e-07,3.69068992488025e-06,0.518831184145635,0.0168175365460543,0.057647909349515,1.49556567483058e-08,5.12595822900034e-08,"Long","Cu","c11000",FALSE,1.00341572364106e-10,1.6054651578257e-09,3.73291908495332e-09,1.37846700189592e-10,4.14768787217036e-10,8.04822304156727e-12,2.22981271920237e-11,"Pizza","Cu",0.00840876834195052,0.0532037013964374,NA,NA,"TRUE","LongPizza","HotdogYesLazySee_pizza","Cu"
"522","1100","Cu=1","c11001",TRUE,2.13923737998296e-07,3.42277980797273e-06,0.481168815854365,0.017002114511479,0.0534632017615961,1.50842495197507e-08,4.75386084440657e-08,"Long","Cu","c11000",FALSE,0.0268801893922633,0.430083030276213,0.999999996267081,0.0363671469754198,0.111111110696342,0.00212384738148557,0.00597337542050295,"Pizza","Cu",0.0266846307434494,0.0572387672906941,4,0.137931034482759,"TRUE","LongPizza","HotdogYesLazySee_pizza","Cu"
"523","1100","K=1","c11001",TRUE,4.44591858303311e-07,7.11346973285298e-06,1,0.025298474624464,0.111111111111111,4.49683728952285e-08,1.97596381468138e-07,"Long","K","c11000",FALSE,0.0268801894926049,0.430083031881678,1,0.0260489921041095,0.111111111111111,0.00316255118092438,0.0119467508856022,"Pizza","K",0.0256737333642867,0.0570077845258006,1,0.0344827586206897,"TRUE","LongPizza","HotdogYesLazySee_pizza","K"
"524","1100","Ku_f=0",NA,NA,0,0,0,0,0,0,0,NA,NA,"c11000",FALSE,0.0268801894926049,0.430083031881678,1,0.228785517102957,0.111111111111111,0.0222534911390997,0.0119467508856022,"Pizza","Ku",0.114392758551478,0.0812933266278507,2,0.0689655172413793,"TRUE","LongPizza","HotdogYesLazySee_pizza","Ku"
"525","1100","Ku_p=0","c11001",TRUE,4.44591858303311e-07,7.11346973285298e-06,1,0.148413618664282,0.111111111111111,2.63983399145123e-07,1.97596381468138e-07,"Long","Ku",NA,NA,0,0,0,0,0,0,0,NA,NA,0.074206809332141,0.0692220970379541,1,0.0344827586206897,"TRUE","LongPizza","HotdogYesLazySee_pizza","Ku"
"526","1100","P=1","c11001",TRUE,4.44591858303311e-07,7.11346973285298e-06,1,0.025331847758668,0.111111111111111,4.5315298705136e-08,1.97596381468138e-07,"Long","P","c11000",FALSE,0.0268801894926049,0.430083031881678,1,0.0264621590859588,0.111111111111111,0.00317541895385456,0.0119467508856022,"Pizza","P",0.0258970034223134,0.0570587197924912,NA,NA,"TRUE","LongPizza","HotdogYesLazySee_pizza","P"
"527","1100","Pu_f=0",NA,NA,0,0,0,0,0,0,0,NA,NA,"c11000",FALSE,0.0268801894926049,0.430083031881678,1,0.230039539793265,0.111111111111111,0.0221291814369074,0.0119467508856022,"Pizza","Pu",0.115019769896632,0.0814974698734267,5,0.172413793103448,"TRUE","LongPizza","HotdogYesLazySee_pizza","Pu"
"528","1100","Pu_p=0","c11001",TRUE,4.44591858303311e-07,7.11346973285298e-06,1,0.150698235152254,0.111111111111111,2.65072000678223e-07,1.97596381468138e-07,"Long","Pu",NA,NA,0,0,0,0,0,0,0,NA,NA,0.075349117576127,0.0695391126339102,NA,NA,"TRUE","LongPizza","HotdogYesLazySee_pizza","Pu"
"529","1100","S=0","c11001",TRUE,4.44591858303311e-07,7.11346973285298e-06,1,0.0333070600257744,0.111111111111111,5.91487250094095e-08,1.97596381468138e-07,"Long","S","c11000",FALSE,0.0268801894926049,0.430083031881678,1,0.0539557357367232,0.111111111111111,0.0148927421396446,0.0119467508856022,"Pizza","S",0.0436313978812488,0.0612533466554954,NA,NA,"TRUE","LongPizza","HotdogYesLazySee_pizza","S"
"530","1100","Su=0","c11001",TRUE,2.92594684033991e-14,4.68151494454385e-13,6.58119753138564e-08,2.20855578940692e-09,7.3124417015396e-09,1.96375278414678e-15,6.50210408964423e-15,"Long","Su","c11000",FALSE,0.0247122659457122,0.395396255131395,0.919348650890684,0.0426004577395033,0.102149850098965,0.00230409991701043,0.00549161465460271,"Pizza","Su",0.0213002299740296,0.0560191622688831,NA,NA,"TRUE","LongPizza","HotdogYesLazySee_pizza","Su"
"531","1100","Su=1","c11001",TRUE,4.44591829043843e-07,7.11346926470148e-06,0.999999934188025,0.0330584417024887,0.111111103798669,2.94174447512596e-08,9.8798184231965e-08,"Long","Su","c11000",FALSE,0.00216792354689264,0.0346867767502822,0.0806513491093159,0.00170290020931831,0.00896126101214621,9.18275995336648e-05,0.000481760788198364,"Pizza","Su",0.0173806709559035,0.0551477297310569,NA,NA,"TRUE","LongPizza","HotdogYesLazySee_pizza","Su"
"532","1101","br_f=0",NA,NA,0,0,0,0,0,0,0,NA,NA,"c11010",FALSE,0.0247122659457122,0.395396255131395,1,0.311377837357104,0.111111111111111,0.0153579361181435,0.00549161465460271,"Pizza","br",0.155688918678552,0.0959623578038441,6,0.206896551724138,"TRUE","LongPizza","HotdogYesLazySee_hotdog","br"
"533","1101","br_p=1","c11011",TRUE,4.44591858303311e-07,7.11346973285298e-06,1,0.522473698343509,0.111111111111111,9.28904415813054e-07,1.97596381468138e-07,"Long","br",NA,NA,0,0,0,0,0,0,0,NA,NA,0.261236849171754,0.146371473637319,2,0.0689655172413793,"TRUE","LongPizza","HotdogYesLazySee_hotdog","br"
"534","1101","C=0","c11011",TRUE,4.44591858303311e-07,7.11346973285298e-06,1,0.029714337042774,0.111111111111111,5.24227509319573e-08,1.97596381468138e-07,"Long","C","c11010",FALSE,0.0247122659457122,0.395396255131395,1,0.0363615547083296,0.111111111111111,0.00178868577046017,0.00549161465460271,"Pizza","C",0.0330379458755518,0.0587535817516904,NA,NA,"TRUE","LongPizza","HotdogYesLazySee_hotdog","C"
"535","1101","Cu=0","c11011",TRUE,2.30668120305015e-07,3.69068992488025e-06,0.518831184145635,0.0168780876785822,0.057647909349515,1.49684759618097e-08,5.12595822900034e-08,"Long","Cu","c11010",FALSE,9.22488891811912e-11,1.47598222689906e-09,3.73291908495332e-09,1.31814763642019e-10,4.14768787217036e-10,3.25744149469278e-12,1.02498765756879e-11,"Pizza","Cu",0.00843904390519848,0.0532478010696764,NA,NA,"TRUE","LongPizza","HotdogYesLazySee_hotdog","Cu"
"536","1101","Cu=1","c11011",TRUE,2.13923737998296e-07,3.42277980797273e-06,0.481168815854365,0.0171827029926181,0.0534632017615961,1.52186780168459e-08,4.75386084440657e-08,"Long","Cu","c11010",FALSE,0.0247122658534633,0.395396253655413,0.999999996267081,0.0358594105421805,0.111111110696342,0.000886167289974841,0.00274580731705148,"Pizza","Cu",0.0265210567673993,0.0572418091578203,1,0.0344827586206897,"TRUE","LongPizza","HotdogYesLazySee_hotdog","Cu"
"537","1101","K=1","c11011",TRUE,4.44591858303311e-07,7.11346973285298e-06,1,0.0253772681742113,0.111111111111111,4.52525660358543e-08,1.97596381468138e-07,"Long","K","c11010",FALSE,0.0247122659457122,0.395396255131395,1,0.0253222888432704,0.111111111111111,0.00125305675533212,0.00549161465460271,"Pizza","K",0.0253497785087409,0.0569742520686247,1,0.0344827586206897,"TRUE","LongPizza","HotdogYesLazySee_hotdog","K"
"538","1101","Ku_f=0",NA,NA,0,0,0,0,0,0,0,NA,NA,"c11010",FALSE,0.0247122659457122,0.395396255131395,1,0.225093085201442,0.111111111111111,0.0111426143694164,0.00549161465460271,"Pizza","Ku",0.112546542600721,0.0807523047953579,1,0.0344827586206897,"TRUE","LongPizza","HotdogYesLazySee_hotdog","Ku"
"539","1101","Ku_p=0","c11011",TRUE,4.44591858303311e-07,7.11346973285298e-06,1,0.148255172243555,0.111111111111111,2.63780973276335e-07,1.97596381468138e-07,"Long","Ku",NA,NA,0,0,0,0,0,0,0,NA,NA,0.0741275861217774,0.0692491366704508,NA,NA,"TRUE","LongPizza","HotdogYesLazySee_hotdog","Ku"
"540","1101","P=1","c11011",TRUE,4.44591858303311e-07,7.11346973285298e-06,1,0.0254710057344329,0.111111111111111,4.54216945793985e-08,1.97596381468138e-07,"Long","P","c11010",FALSE,0.0247122659457122,0.395396255131395,1,0.0256459745127211,0.111111111111111,0.00125907540909244,0.00549161465460271,"Pizza","P",0.025558490123577,0.057021836681397,1,0.0344827586206897,"TRUE","LongPizza","HotdogYesLazySee_hotdog","P"
"541","1101","Pu_f=0",NA,NA,0,0,0,0,0,0,0,NA,NA,"c11010",FALSE,0.0247122659457122,0.395396255131395,1,0.223853175490884,0.111111111111111,0.0110789488942879,0.00549161465460271,"Pizza","Pu",0.111926587745442,0.0805523017498381,13,0.448275862068966,"TRUE","LongPizza","HotdogYesLazySee_hotdog","Pu"
"542","1101","Pu_p=0","c11011",TRUE,4.44591858303311e-07,7.11346973285298e-06,1,0.149014472852004,0.111111111111111,2.65038725025046e-07,1.97596381468138e-07,"Long","Pu",NA,NA,0,0,0,0,0,0,0,NA,NA,0.0745072364260019,0.0693543783835392,NA,NA,"TRUE","LongPizza","HotdogYesLazySee_hotdog","Pu"
"543","1101","S=1","c11011",TRUE,4.44591858303311e-07,7.11346973285298e-06,1,0.0324522995648795,0.111111111111111,5.83744843028047e-08,1.97596381468138e-07,"Long","S","c11010",FALSE,0.0247122659457122,0.395396255131395,1,0.0356340896877151,0.111111111111111,0.00176161018796582,0.00549161465460271,"Pizza","S",0.0340431946262973,0.0589903052233163,NA,NA,"TRUE","LongPizza","HotdogYesLazySee_hotdog","S"
"544","1101","Su=0","c11011",TRUE,2.92594684033991e-14,4.68151494454385e-13,6.58119753138564e-08,2.1557475809674e-09,7.3124417015396e-09,1.91949170725887e-15,6.50210408964423e-15,"Long","Su","c11010",FALSE,0.0247122659457122,0.395396255131395,1,0.0808525835245391,0.111111111111111,0.0040238112956265,0.00549161465460271,"Pizza","Su",0.0404262928401433,0.0605158615472913,NA,NA,"TRUE","LongPizza","HotdogYesLazySee_hotdog","Su"
"545","1101","Su=1","c11011",TRUE,4.44591829043843e-07,7.11346926470148e-06,0.999999934188025,0.0331809532176869,0.111111103798669,2.95265819957365e-08,9.8798184231965e-08,"Long","Su",NA,NA,0,0,0,0,0,0,0,NA,NA,0.0165904766088435,0.0550125994598345,NA,NA,"TRUE","LongPizza","HotdogYesLazySee_hotdog","Su"
"546","1110","br_f=0",NA,NA,0,0,0,0,0,0,0,NA,NA,"c11100",FALSE,0.0268801894926049,0.430083031881678,1,0.31637995162373,0.111111111111111,0.029777298358029,0.0119467508856022,"Pizza","br",0.158189975811865,0.0934339116863959,1,0.03125,"TRUE","LongPizza","HotdogYesSportySee_pizza","br"
"547","1110","br_p=0","c11101",TRUE,0.0256763020320904,0.410820832513446,0.999982685039315,0.0379875212672429,0.111109187226591,0.00195413948857065,0.00570584489602008,"Long","br",NA,NA,0,0,0,0,0,0,0,NA,NA,0.0189937606336215,0.0535421663089586,NA,NA,"TRUE","LongPizza","HotdogYesSportySee_pizza","br"
"548","1110","br_p=1","c11101",TRUE,4.44591858303311e-07,7.11346973285298e-06,1.73149606846469e-05,6.19358622169337e-06,1.92388452051632e-06,6.23231253202689e-07,1.97596381468138e-07,"Long","br",NA,NA,0,0,0,0,0,0,0,NA,NA,3.09679311084668e-06,0.0496256006849275,2,0.0625,"TRUE","LongPizza","HotdogYesSportySee_pizza","br"
"549","1110","C=1","c11101",TRUE,0.0256767466239487,0.410827945983179,1,0.25930708613075,0.111111111111111,0.0186730737189234,0.0171178310826324,"Long","C","c11100",FALSE,0.0268801894926049,0.430083031881678,1,0.0357075300477114,0.111111111111111,0.00419140663268885,0.0119467508856022,"Pizza","C",0.147507308089231,0.0895255168039135,12,0.375,"TRUE","LongPizza","HotdogYesSportySee_pizza","C"
"550","1110","Cu=0","c11101",TRUE,2.30668120305015e-07,3.69068992488025e-06,8.98354155545047e-06,2.93015315320084e-07,9.98171283938941e-07,1.50045195685212e-08,5.12595822900034e-08,"Long","Cu","c11100",FALSE,1.00341572364106e-10,1.6054651578257e-09,3.73291908495332e-09,1.37529560858738e-10,4.14768787217036e-10,7.90447871274144e-12,2.22981271920237e-11,"Pizza","Cu",1.46576422440471e-07,0.0496250150632817,NA,NA,"TRUE","LongPizza","HotdogYesSportySee_pizza","Cu"
"551","1110","Cu=1","c11101",TRUE,0.0256765159558284,0.410824255293254,0.999991016458444,0.323044459826315,0.111110112939827,0.0205088578577348,0.0114117848692571,"Long","Cu","c11100",FALSE,0.0268801893922633,0.430083030276213,0.999999996267081,0.0362022205169047,0.111111110696342,0.00210120390022835,0.00597337542050295,"Pizza","Cu",0.17962334017161,0.101797731189731,8,0.25,"TRUE","LongPizza","HotdogYesSportySee_pizza","Cu"
"552","1110","K=1","c11101",TRUE,0.0256767466239487,0.410827945983179,1,0.0318475954481877,0.111111111111111,0.00442156586165118,0.0171178310826324,"Long","K","c11100",FALSE,0.0268801894926049,0.430083031881678,1,0.0263723310189425,0.111111111111111,0.00316760886701178,0.0119467508856022,"Pizza","K",0.0291099632335651,0.0557531722004566,NA,NA,"TRUE","LongPizza","HotdogYesSportySee_pizza","K"
"553","1110","Ku_f=0",NA,NA,0,0,0,0,0,0,0,NA,NA,"c11100",FALSE,0.0268801894926049,0.430083031881678,1,0.227796183233885,0.111111111111111,0.0222254352496254,0.0119467508856022,"Pizza","Ku",0.113898091616942,0.0782639292146628,NA,NA,"TRUE","LongPizza","HotdogYesSportySee_pizza","Ku"
"554","1110","Ku_p=0","c11101",TRUE,0.0256767466239487,0.410827945983179,1,0.118363156504658,0.111111111111111,0.0274345539165782,0.0171178310826324,"Long","Ku",NA,NA,0,0,0,0,0,0,0,NA,NA,0.0591815782523292,0.0628795360185036,NA,NA,"TRUE","LongPizza","HotdogYesSportySee_pizza","Ku"
"555","1110","P=1","c11101",TRUE,0.0256767466239487,0.410827945983179,1,0.0321478914962599,0.111111111111111,0.00442457921321762,0.0171178310826324,"Long","P","c11100",FALSE,0.0268801894926049,0.430083031881678,1,0.0258525133105773,0.111111111111111,0.00316187947251284,0.0119467508856022,"Pizza","P",0.0290002024034186,0.0557286995152781,NA,NA,"TRUE","LongPizza","HotdogYesSportySee_pizza","P"
"556","1110","Pu_f=0",NA,NA,0,0,0,0,0,0,0,NA,NA,"c11100",FALSE,0.0268801894926049,0.430083031881678,1,0.234126665263529,0.111111111111111,0.0223266276050399,0.0119467508856022,"Pizza","Pu",0.117063332631764,0.0792611254214105,5,0.15625,"TRUE","LongPizza","HotdogYesSportySee_pizza","Pu"
"557","1110","Pu_p=0","c11101",TRUE,0.0256767466239487,0.410827945983179,1,0.119008502714791,0.111111111111111,0.0274388264386184,0.0171178310826324,"Long","Pu",NA,NA,0,0,0,0,0,0,0,NA,NA,0.0595042513573955,0.0629607465566715,NA,NA,"TRUE","LongPizza","HotdogYesSportySee_pizza","Pu"
"558","1110","S=0","c11101",TRUE,0.0256767466239487,0.410827945983179,1,0.0397037763739804,0.111111111111111,0.00574837701197686,0.0171178310826324,"Long","S","c11100",FALSE,0.0268801894926049,0.430083031881678,1,0.054159284634424,0.111111111111111,0.0148777261752307,0.0119467508856022,"Pizza","S",0.0469315305042022,0.0598726962057791,NA,NA,"TRUE","LongPizza","HotdogYesSportySee_pizza","S"
"559","1110","Su=0","c11101",TRUE,1.68983741495546e-09,2.70373986392873e-08,6.58119753138564e-08,2.56887396377551e-09,7.3124417015396e-09,1.92086135627618e-10,5.63279138318485e-10,"Long","Su","c11100",FALSE,0.0247122659457122,0.395396255131395,0.919348650890684,0.0417137237508328,0.102149850098965,0.00223329900006662,0.00549161465460271,"Pizza","Su",0.0208568631598534,0.0539426750141267,NA,NA,"TRUE","LongPizza","HotdogYesSportySee_pizza","Su"
"560","1110","Su=1","c11101",TRUE,0.0256767449341113,0.41082791894578,0.999999934188025,0.0385835210674038,0.111111103798669,0.00287355254118765,0.00855891497803709,"Long","Su","c11100",FALSE,0.00216792354689264,0.0346867767502822,0.0806513491093159,0.00168959646193429,0.00896126101214621,9.23334462034056e-05,0.000481760788198364,"Pizza","Su",0.020136558764669,0.0537874781159026,NA,NA,"TRUE","LongPizza","HotdogYesSportySee_pizza","Su"
"561","1111","br_f=0",NA,NA,0,0,0,0,0,0,0,NA,NA,"c11110",FALSE,0.0247122659457122,0.395396255131395,1,0.311714243006565,0.111111111111111,0.015330179279162,0.00549161465460271,"Pizza","br",0.155857121503282,0.0926633409848995,1,0.032258064516129,"TRUE","LongPizza","HotdogYesSportySee_hotdog","br"
"562","1111","br_p=0","c11111",TRUE,0.0256763020320904,0.410820832513446,0.999982685039315,0.0386889299622849,0.111109187226591,0.00198648286416085,0.00570584489602008,"Long","br",NA,NA,0,0,0,0,0,0,0,NA,NA,0.0193444649811424,0.0536736563100495,1,0.032258064516129,"TRUE","LongPizza","HotdogYesSportySee_hotdog","br"
"563","1111","br_p=1","c11111",TRUE,4.44591858303311e-07,7.11346973285298e-06,1.73149606846469e-05,6.1731732057968e-06,1.92388452051632e-06,6.20041127868458e-07,1.97596381468138e-07,"Long","br",NA,NA,0,0,0,0,0,0,0,NA,NA,3.0865866028984e-06,0.0496777325787662,2,0.0645161290322581,"TRUE","LongPizza","HotdogYesSportySee_hotdog","br"
"564","1111","C=1","c11111",TRUE,0.0256767466239487,0.410827945983179,1,0.261014196917847,0.111111111111111,0.0186704808661633,0.0171178310826324,"Long","C","c11110",FALSE,0.0247122659457122,0.395396255131395,1,0.0357254006408295,0.111111111111111,0.00174442215104025,0.00549161465460271,"Pizza","C",0.148369798779338,0.0899292855003686,14,0.451612903225806,"TRUE","LongPizza","HotdogYesSportySee_hotdog","C"
"565","1111","Cu=0","c11111",TRUE,2.30668120305015e-07,3.69068992488025e-06,8.98354155545047e-06,2.92440181703786e-07,9.98171283938941e-07,1.50343106455697e-08,5.12595822900034e-08,"Long","Cu","c11110",FALSE,9.22488891811912e-11,1.47598222689906e-09,3.73291908495332e-09,1.36552028051341e-10,4.14768787217036e-10,3.37451003263109e-12,1.02498765756879e-11,"Pizza","Cu",1.46288366865919e-07,0.0496771483128041,NA,NA,"TRUE","LongPizza","HotdogYesSportySee_hotdog","Cu"
"566","1111","Cu=1","c11111",TRUE,0.0256765159558284,0.410824255293254,0.999991016458444,0.322332630518807,0.111110112939827,0.0206267065753575,0.0114117848692571,"Long","Cu","c11110",FALSE,0.0247122658534633,0.395396253655413,0.999999996267081,0.0362613835959597,0.111111110696342,0.000896100954982843,0.00274580731705148,"Pizza","Cu",0.179297007057383,0.101771741578341,6,0.193548387096774,"TRUE","LongPizza","HotdogYesSportySee_hotdog","Cu"
"567","1111","K=1","c11111",TRUE,0.0256767466239487,0.410827945983179,1,0.0312627125760845,0.111111111111111,0.00437841988743413,0.0171178310826324,"Long","K","c11110",FALSE,0.0247122659457122,0.395396255131395,1,0.0258247067666009,0.111111111111111,0.00127587096796904,0.00549161465460271,"Pizza","K",0.0285437096713427,0.0556854720745693,NA,NA,"TRUE","LongPizza","HotdogYesSportySee_hotdog","K"
"568","1111","Ku_f=0",NA,NA,0,0,0,0,0,0,0,NA,NA,"c11110",FALSE,0.0247122659457122,0.395396255131395,1,0.224199539732128,0.111111111111111,0.0111719299691401,0.00549161465460271,"Pizza","Ku",0.112099769866064,0.0777846047472916,NA,NA,"TRUE","LongPizza","HotdogYesSportySee_hotdog","Ku"
"569","1111","Ku_p=0","c11111",TRUE,0.0256767466239487,0.410827945983179,1,0.118462223253418,0.111111111111111,0.0273357027037246,0.0171178310826324,"Long","Ku",NA,NA,0,0,0,0,0,0,0,NA,NA,0.0592311116267092,0.0629580666609875,NA,NA,"TRUE","LongPizza","HotdogYesSportySee_hotdog","Ku"
"570","1111","P=1","c11111",TRUE,0.0256767466239487,0.410827945983179,1,0.0322212244316441,0.111111111111111,0.0044237790961848,0.0171178310826324,"Long","P","c11110",FALSE,0.0247122659457122,0.395396255131395,1,0.0262237522807367,0.111111111111111,0.00128970408507905,0.00549161465460271,"Pizza","P",0.0292224883561904,0.0558368699588756,NA,NA,"TRUE","LongPizza","HotdogYesSportySee_hotdog","P"
"571","1111","Pu_f=0",NA,NA,0,0,0,0,0,0,0,NA,NA,"c11110",FALSE,0.0247122659457122,0.395396255131395,1,0.22275728154848,0.111111111111111,0.0109788275298221,0.00549161465460271,"Pizza","Pu",0.11137864077424,0.0775605570717157,6,0.193548387096774,"TRUE","LongPizza","HotdogYesSportySee_hotdog","Pu"
"572","1111","Pu_p=0","c11111",TRUE,0.0256767466239487,0.410827945983179,1,0.118553121423286,0.111111111111111,0.027620877385351,0.0171178310826324,"Long","Pu",NA,NA,0,0,0,0,0,0,0,NA,NA,0.0592765607116432,0.0629695132475055,NA,NA,"TRUE","LongPizza","HotdogYesSportySee_hotdog","Pu"
"573","1111","S=1","c11111",TRUE,0.0256767466239487,0.410827945983179,1,0.038768936050986,0.111111111111111,0.00579766810638042,0.0171178310826324,"Long","S","c11110",FALSE,0.0247122659457122,0.395396255131395,1,0.0355642180012202,0.111111111111111,0.00176183057924248,0.00549161465460271,"Pizza","S",0.0371665770261031,0.0576396533936412,NA,NA,"TRUE","LongPizza","HotdogYesSportySee_hotdog","S"
"574","1111","Su=0","c11111",TRUE,1.68983741495546e-09,2.70373986392873e-08,6.58119753138564e-08,2.50780023491047e-09,7.3124417015396e-09,1.88848029333932e-10,5.63279138318485e-10,"Long","Su","c11110",FALSE,0.0247122659457122,0.395396255131395,1,0.0817294742909289,0.111111111111111,0.00407167944992301,0.00549161465460271,"Pizza","Su",0.0408647383993646,0.0584986339867117,NA,NA,"TRUE","LongPizza","HotdogYesSportySee_hotdog","Su"
"575","1111","Su=1","c11111",TRUE,0.0256767449341113,0.41082791894578,0.999999934188025,0.0386895567444541,0.111111103798669,0.00286753412907518,0.00855891497803709,"Long","Su",NA,NA,0,0,0,0,0,0,0,NA,NA,0.019344778372227,0.0536737235934731,NA,NA,"TRUE","LongPizza","HotdogYesSportySee_hotdog","Su"
"576","0000","C=1",NA,NA,NA,NA,NA,NA,NA,NA,NA,NA,NA,NA,NA,NA,NA,NA,NA,NA,NA,NA,NA,NA,NA,NA,4,0.133333333333333,"FALSE","LongPizza","AbsentNoLazySee_pizza",NA
"577","0010","P=1",NA,NA,NA,NA,NA,NA,NA,NA,NA,NA,NA,NA,NA,NA,NA,NA,NA,NA,NA,NA,NA,NA,NA,NA,1,0.032258064516129,"FALSE","LongPizza","AbsentNoSportySee_pizza",NA
"578","0100","C=1",NA,NA,NA,NA,NA,NA,NA,NA,NA,NA,NA,NA,NA,NA,NA,NA,NA,NA,NA,NA,NA,NA,NA,NA,1,0.03125,"FALSE","LongPizza","AbsentYesLazySee_pizza",NA
"579","0100","K=0",NA,NA,NA,NA,NA,NA,NA,NA,NA,NA,NA,NA,NA,NA,NA,NA,NA,NA,NA,NA,NA,NA,NA,NA,1,0.03125,"FALSE","LongPizza","AbsentYesLazySee_pizza",NA
"580","0101","Ku_p=1",NA,NA,NA,NA,NA,NA,NA,NA,NA,NA,NA,NA,NA,NA,NA,NA,NA,NA,NA,NA,NA,NA,NA,NA,1,0.032258064516129,"FALSE","LongPizza","AbsentYesLazySee_hotdog",NA
"581","0101","br_p=0",NA,NA,NA,NA,NA,NA,NA,NA,NA,NA,NA,NA,NA,NA,NA,NA,NA,NA,NA,NA,NA,NA,NA,NA,1,0.032258064516129,"FALSE","LongPizza","AbsentYesLazySee_hotdog",NA
"582","0110","K=0",NA,NA,NA,NA,NA,NA,NA,NA,NA,NA,NA,NA,NA,NA,NA,NA,NA,NA,NA,NA,NA,NA,NA,NA,1,0.032258064516129,"FALSE","LongPizza","AbsentYesSportySee_pizza",NA
"583","0111","P=1",NA,NA,NA,NA,NA,NA,NA,NA,NA,NA,NA,NA,NA,NA,NA,NA,NA,NA,NA,NA,NA,NA,NA,NA,1,0.03125,"FALSE","LongPizza","AbsentYesSportySee_hotdog",NA
"584","1000","C=1",NA,NA,NA,NA,NA,NA,NA,NA,NA,NA,NA,NA,NA,NA,NA,NA,NA,NA,NA,NA,NA,NA,NA,NA,1,0.03125,"FALSE","LongPizza","HotdogNoLazySee_pizza",NA
"585","1000","P=0",NA,NA,NA,NA,NA,NA,NA,NA,NA,NA,NA,NA,NA,NA,NA,NA,NA,NA,NA,NA,NA,NA,NA,NA,2,0.0625,"FALSE","LongPizza","HotdogNoLazySee_pizza",NA
"586","1001","P=0",NA,NA,NA,NA,NA,NA,NA,NA,NA,NA,NA,NA,NA,NA,NA,NA,NA,NA,NA,NA,NA,NA,NA,NA,1,0.032258064516129,"FALSE","LongPizza","HotdogNoLazySee_hotdog",NA
"587","1010","P=0",NA,NA,NA,NA,NA,NA,NA,NA,NA,NA,NA,NA,NA,NA,NA,NA,NA,NA,NA,NA,NA,NA,NA,NA,3,0.1,"FALSE","LongPizza","HotdogNoSportySee_pizza",NA
"588","1100","K=0",NA,NA,NA,NA,NA,NA,NA,NA,NA,NA,NA,NA,NA,NA,NA,NA,NA,NA,NA,NA,NA,NA,NA,NA,2,0.0689655172413793,"FALSE","LongPizza","HotdogYesLazySee_pizza",NA
"589","1100","P=0",NA,NA,NA,NA,NA,NA,NA,NA,NA,NA,NA,NA,NA,NA,NA,NA,NA,NA,NA,NA,NA,NA,NA,NA,1,0.0344827586206897,"FALSE","LongPizza","HotdogYesLazySee_pizza",NA
"590","1101","C=1",NA,NA,NA,NA,NA,NA,NA,NA,NA,NA,NA,NA,NA,NA,NA,NA,NA,NA,NA,NA,NA,NA,NA,NA,1,0.0344827586206897,"FALSE","LongPizza","HotdogYesLazySee_hotdog",NA
"591","1101","P=0",NA,NA,NA,NA,NA,NA,NA,NA,NA,NA,NA,NA,NA,NA,NA,NA,NA,NA,NA,NA,NA,NA,NA,NA,2,0.0689655172413793,"FALSE","LongPizza","HotdogYesLazySee_hotdog",NA
"592","1101","Pu_f=1",NA,NA,NA,NA,NA,NA,NA,NA,NA,NA,NA,NA,NA,NA,NA,NA,NA,NA,NA,NA,NA,NA,NA,NA,1,0.0344827586206897,"FALSE","LongPizza","HotdogYesLazySee_hotdog",NA
"593","1110","K=0",NA,NA,NA,NA,NA,NA,NA,NA,NA,NA,NA,NA,NA,NA,NA,NA,NA,NA,NA,NA,NA,NA,NA,NA,2,0.0625,"FALSE","LongPizza","HotdogYesSportySee_pizza",NA
"594","1110","P=0",NA,NA,NA,NA,NA,NA,NA,NA,NA,NA,NA,NA,NA,NA,NA,NA,NA,NA,NA,NA,NA,NA,NA,NA,2,0.0625,"FALSE","LongPizza","HotdogYesSportySee_pizza",NA
"595","1111","P=0",NA,NA,NA,NA,NA,NA,NA,NA,NA,NA,NA,NA,NA,NA,NA,NA,NA,NA,NA,NA,NA,NA,NA,NA,1,0.032258064516129,"FALSE","LongPizza","HotdogYesSportySee_hotdog",NA
"596","0000","br_f=1",NA,NA,0,0,0,0,0,0,0,NA,NA,"c00001",TRUE,0.0299106235910207,0.478569977456332,1,0.853202147828179,0.111111111111111,0.382383870618272,0.0531744419395924,"Hotdog","br",0.426601073914089,0.216436856044217,NA,NA,"TRUE","ShortHotdog","AbsentNoLazySee_pizza","br"
"597","0000","br_p=0","c00000",FALSE,0.0624994792816265,0.999991668506024,1,0.072731618064032,0.111111111111111,0.168155215675713,0.111110185389558,"Short","br",NA,NA,0,0,0,0,0,0,0,NA,NA,0.036365809032016,0.0454384102170092,2,0.0606060606060606,"TRUE","ShortHotdog","AbsentNoLazySee_pizza","br"
"598","0000","C=0","c00000",FALSE,0.0624994792816265,0.999991668506024,1,0.426302360419073,0.111111111111111,0.413705738262952,0.111110185389558,"Short","C","c00001",TRUE,0.0299106235910207,0.478569977456332,1,0.0194817890648697,0.111111111111111,0.0130313115778729,0.0531744419395924,"Hotdog","C",0.222892074741971,0.0958191777495185,3,0.0909090909090909,"TRUE","ShortHotdog","AbsentNoLazySee_pizza","C"
"599","0000","Cu=0","c00000",FALSE,0.0324266788441719,0.51882686150675,0.518831184145635,0.0576479093393118,0.057647909349515,0.0226534654189301,0.0288237145281528,"Short","Cu","c00001",TRUE,1.11653937645776e-10,1.78646300233242e-09,3.73291908495332e-09,7.25489854223647e-11,4.14768787217036e-10,2.41124063521078e-11,9.92479445740234e-11,"Hotdog","Cu",0.0288239547059304,0.0440881205144539,NA,NA,"TRUE","ShortHotdog","AbsentNoLazySee_pizza","Cu"
"600","0000","Cu=1","c00000",FALSE,0.0300728004374546,0.481164806999274,0.481168815854365,0.00962063450380423,0.0534632017615961,0.00549834212357313,0.0267313781666263,"Short","Cu","c00001",TRUE,0.0299106234793668,0.478569975669869,0.999999996267081,0.0197298501510288,0.111111110696342,0.00658120225441428,0.0265872208705483,"Hotdog","Cu",0.0146752423274165,0.0416622532307082,NA,NA,"TRUE","ShortHotdog","AbsentNoLazySee_pizza","Cu"
"601","0000","K=0","c00000",FALSE,0.0624994792816265,0.999991668506024,1,0.0721168156571308,0.111111111111111,0.058981702725105,0.111110185389558,"Short","K","c00001",TRUE,0.0299106235910207,0.478569977456332,1,0.0176949116836948,0.111111111111111,0.00979078188036028,0.0531744419395924,"Hotdog","K",0.0449058636704128,0.0470174122230593,3,0.0909090909090909,"TRUE","ShortHotdog","AbsentNoLazySee_pizza","K"
"602","0000","Ku_f=0",NA,NA,0,0,0,0,0,0,0,NA,NA,"c00001",TRUE,0.0299067960138039,0.478508736220862,0.999872032851298,0.017889687628082,0.111096892539033,0.00550113820219499,0.0265838186789368,"Hotdog","Ku",0.00894484381404098,0.0407181494917297,4,0.121212121212121,"TRUE","ShortHotdog","AbsentNoLazySee_pizza","Ku"
"603","0000","Ku_f=1",NA,NA,0,0,0,0,0,0,0,NA,NA,"c00001",TRUE,3.82757721685115e-06,6.12412354696184e-05,0.000127967148702316,3.3306482460143e-06,1.42185720780351e-05,9.81324775660327e-07,3.40229085942325e-06,"Hotdog","Ku",1.66532412300715e-06,0.0392872961150677,NA,NA,"TRUE","ShortHotdog","AbsentNoLazySee_pizza","Ku"
"604","0000","Ku_p=0","c00000",FALSE,0.0624994791932575,0.99999166709212,0.999999998586083,0.071958935999449,0.111111110954009,0.0356478300619328,0.0555550926162289,"Short","Ku",NA,NA,0,0,0,0,0,0,0,NA,NA,0.0359794679997245,0.0453682455567118,NA,NA,"TRUE","ShortHotdog","AbsentNoLazySee_pizza","Ku"
"605","0000","Ku_p=1","c00000",FALSE,8.83690526102031e-11,1.41390484176325e-09,1.41391662180107e-09,9.61972107715382e-11,1.57101846866785e-10,3.6144856254952e-11,7.85502689868472e-11,"Short","Ku",NA,NA,0,0,0,0,0,0,0,NA,NA,4.80986053857691e-11,0.0392870344191702,1,0.0303030303030303,"TRUE","ShortHotdog","AbsentNoLazySee_pizza","Ku"
"606","0000","P=0","c00000",FALSE,0.0624994792816265,0.999991668506024,1,0.0716458406170301,0.111111111111111,0.0590220610607627,0.111110185389558,"Short","P","c00001",TRUE,0.0299106235910207,0.478569977456332,1,0.0165362913609053,0.111111111111111,0.0098578327566753,0.0531744419395924,"Hotdog","P",0.0440910659889677,0.0468644229552183,1,0.0303030303030303,"TRUE","ShortHotdog","AbsentNoLazySee_pizza","P"
"607","0000","Pu_f=0",NA,NA,0,0,0,0,0,0,0,NA,NA,"c00001",TRUE,0.0246738728304007,0.394781965286411,0.824920040711149,0.0141734454724425,0.0916577823012387,0.00451059379151072,0.0219323314048006,"Hotdog","Pu",0.00708672273622126,0.0404166343756521,NA,NA,"TRUE","ShortHotdog","AbsentNoLazySee_pizza","Pu"
"608","0000","Pu_f=1",NA,NA,0,0,0,0,0,0,0,NA,NA,"c00001",TRUE,0.00523675076062006,0.0837880121699209,0.175079959288851,0.0045212110797759,0.0194533288098723,0.00135103907877256,0.00465488956499561,"Hotdog","Pu",0.00226060553988795,0.0396438953743269,10,0.303030303030303,"TRUE","ShortHotdog","AbsentNoLazySee_pizza","Pu"
"609","0000","Pu_p=0","c00000",FALSE,0.0533623568742783,0.853797709988453,0.853804823458196,0.0615217986051983,0.0948672026064662,0.0254294449822594,0.0474332061104696,"Short","Pu",NA,NA,0,0,0,0,0,0,0,NA,NA,0.0307608993025991,0.0444310321881531,NA,NA,"TRUE","ShortHotdog","AbsentNoLazySee_pizza","Pu"
"610","0000","Pu_p=1","c00000",FALSE,0.0091371224073482,0.146193958517571,0.146195176541804,0.0110193899547484,0.0162439085046449,0.00462138880762631,0.00812188658430951,"Short","Pu",NA,NA,0,0,0,0,0,0,0,NA,NA,0.00550969497737422,0.0401624842048494,NA,NA,"TRUE","ShortHotdog","AbsentNoLazySee_pizza","Pu"
"611","0000","S=0","c00000",FALSE,0.0624994792816265,0.999991668506024,1,0.0727030787729391,0.111111111111111,0.061321966210315,0.111110185389558,"Short","S","c00001",TRUE,0.0299106235910207,0.478569977456332,1,0.0180668401238245,0.111111111111111,0.00954075481530573,0.0531744419395924,"Hotdog","S",0.0453849594483818,0.0471076019892781,NA,NA,"TRUE","ShortHotdog","AbsentNoLazySee_pizza","S"
"612","0000","Su=0","c00000",FALSE,4.11321418761128e-09,6.58114270017805e-08,6.58119753138564e-08,4.79089295276146e-09,7.3124417015396e-09,2.00768127567281e-09,3.65619038898781e-09,"Short","Su","c00001",TRUE,0.027498291445704,0.439972663131264,0.919348650890684,0.0158115226482261,0.102149850098965,0.00457132644272948,0.0244429257295146,"Hotdog","Su",0.00790576371955952,0.0405492630334858,NA,NA,"TRUE","ShortHotdog","AbsentNoLazySee_pizza","Su"
"613","0000","Su=1","c00000",FALSE,0.0624994751684123,0.999991602694597,0.999999934188025,0.0727316131801928,0.111111103798669,0.0306028744863783,0.0555550890385887,"Short","Su","c00001",TRUE,0.00241233214531675,0.038597314325068,0.0806513491093159,0.00288897223817656,0.00896126101214621,0.000774047211581245,0.00214429524028156,"Hotdog","Su",0.0378102927091847,0.0457017103173914,2,0.0606060606060606,"TRUE","ShortHotdog","AbsentNoLazySee_pizza","Su"
"614","0001","br_f=0",NA,NA,0,0,0,0,0,0,0,NA,NA,"c00011",TRUE,0.00262837717401549,0.0420540347842479,0.0807762104618693,0.000879232407784246,0.00897513449576326,0.000284567536188971,0.00233633526579155,"Hotdog","br",0.000439616203892123,0.0389562552467062,NA,NA,"TRUE","ShortHotdog","AbsentNoLazySee_hotdog","br"
"615","0001","br_f=1",NA,NA,0,0,0,0,0,0,0,NA,NA,"c00011",TRUE,0.0299106235910207,0.478569977456332,0.919223789538131,0.753067147976373,0.102135976615348,0.288679059976066,0.0531744419395924,"Hotdog","br",0.376533573988187,0.175355472900593,NA,NA,"TRUE","ShortHotdog","AbsentNoLazySee_hotdog","br"
"616","0001","br_p=0","c00010",FALSE,0.0624994792816265,0.999991668506024,1,0.0725868958608994,0.111111111111111,0.168734945296775,0.111110185389558,"Short","br",NA,NA,0,0,0,0,0,0,0,NA,NA,0.0362934479304497,0.0449636633811387,NA,NA,"TRUE","ShortHotdog","AbsentNoLazySee_hotdog","br"
"617","0001","C=0","c00010",FALSE,0.0624994792816265,0.999991668506024,1,0.428232919928587,0.111111111111111,0.414607819677764,0.111110185389558,"Short","C","c00011",TRUE,0.0325390007650362,0.520624012240579,1,0.0228725606945175,0.111111111111111,0.0299087035259247,0.0867706687067632,"Hotdog","C",0.225552740311552,0.0958602932319885,14,0.451612903225806,"TRUE","ShortHotdog","AbsentNoLazySee_hotdog","C"
"618","0001","Cu=0","c00010",FALSE,0.0324266788441719,0.51882686150675,0.518831184145635,0.0576479065759818,0.057647909349515,0.022654138352033,0.0288237145281528,"Short","Cu","c00011",TRUE,1.21465456961114e-10,1.94344731137783e-09,3.73291908495332e-09,8.39407978456196e-11,4.14768787217036e-10,5.55697829898987e-11,1.61953942614819e-10,"Hotdog","Cu",0.0288239533299613,0.0436401110114177,NA,NA,"TRUE","ShortHotdog","AbsentNoLazySee_hotdog","Cu"
"619","0001","Cu=1","c00010",FALSE,0.0300728004374546,0.481164806999274,0.481168815854365,0.00936657544154301,0.0534632017615961,0.00540687335135708,0.0267313781666263,"Short","Cu","c00011",TRUE,0.0325390006435708,0.520624010297132,0.999999996267081,0.0227219066113333,0.111111110696342,0.0148674316246831,0.0433853341914277,"Hotdog","Cu",0.0160442410264382,0.0414653382580901,NA,NA,"TRUE","ShortHotdog","AbsentNoLazySee_hotdog","Cu"
"620","0001","K=0","c00010",FALSE,0.0624994792816265,0.999991668506024,1,0.0719350068570184,0.111111111111111,0.0588453978058696,0.111110185389558,"Short","K","c00011",TRUE,0.0325390007650362,0.520624012240579,1,0.0208416699936354,0.111111111111111,0.0235353802086624,0.0867706687067632,"Hotdog","K",0.0463883384253269,0.0468164316597915,2,0.0645161290322581,"TRUE","ShortHotdog","AbsentNoLazySee_hotdog","K"
"621","0001","Ku_f=0",NA,NA,0,0,0,0,0,0,0,NA,NA,"c00011",TRUE,0.0325348368418867,0.520557389470187,0.999872032851298,0.0212914060795361,0.111096892539033,0.0130504008149565,0.0433797824558489,"Hotdog","Ku",0.010645703039768,0.040579528024997,4,0.129032258064516,"TRUE","ShortHotdog","AbsentNoLazySee_hotdog","Ku"
"622","0001","Ku_f=1",NA,NA,0,0,0,0,0,0,0,NA,NA,"c00011",TRUE,4.16392314952417e-06,6.66227703923866e-05,0.000127967148702316,3.79277445619613e-06,1.42185720780351e-05,2.20023211661068e-06,5.55189753269889e-06,"Hotdog","Ku",1.89638722809806e-06,0.0388881072239777,NA,NA,"TRUE","ShortHotdog","AbsentNoLazySee_hotdog","Ku"
"623","0001","Ku_p=0","c00010",FALSE,0.0624994791932575,0.99999166709212,0.999999998586083,0.0718967112693937,0.111111110954009,0.0295788647047902,0.0555550926162289,"Short","Ku",NA,NA,0,0,0,0,0,0,0,NA,NA,0.0359483556346969,0.0449016397434595,NA,NA,"TRUE","ShortHotdog","AbsentNoLazySee_hotdog","Ku"
"624","0001","Ku_p=1","c00010",FALSE,8.83690526102031e-11,1.41390484176325e-09,1.41391662180107e-09,1.06421647413134e-10,1.57101846866785e-10,4.44783695645807e-11,7.85502689868472e-11,"Short","Ku",NA,NA,0,0,0,0,0,0,0,NA,NA,5.32108237065672e-11,0.0388878122457341,NA,NA,"TRUE","ShortHotdog","AbsentNoLazySee_hotdog","Ku"
"625","0001","P=0","c00010",FALSE,0.0624994792816265,0.999991668506024,1,0.0713620871338142,0.111111111111111,0.0588328466547061,0.111110185389558,"Short","P","c00011",TRUE,0.0325390007650362,0.520624012240579,1,0.0190867671663037,0.111111111111111,0.0235474092002466,0.0867706687067632,"Hotdog","P",0.0452244271500589,0.0465989775564273,NA,NA,"TRUE","ShortHotdog","AbsentNoLazySee_hotdog","P"
"626","0001","Pu_f=0",NA,NA,0,0,0,0,0,0,0,NA,NA,"c00011",TRUE,0.0268420738357938,0.429473181372701,0.824920040711149,0.0167592790108867,0.0916577823012388,0.0107888273764451,0.0357894317810584,"Hotdog","Pu",0.00837963950544336,0.0402133668661079,NA,NA,"TRUE","ShortHotdog","AbsentNoLazySee_hotdog","Pu"
"627","0001","Pu_f=1",NA,NA,0,0,0,0,0,0,0,NA,NA,"c00011",TRUE,0.00569692692924244,0.091150830867879,0.175079959288851,0.00498202039795351,0.0194533288098723,0.00297913920636986,0.00759590257232325,"Hotdog","Pu",0.00249101019897676,0.0392772288446987,1,0.032258064516129,"TRUE","ShortHotdog","AbsentNoLazySee_hotdog","Pu"
"628","0001","Pu_p=0","c00010",FALSE,0.0533623568742783,0.853797709988453,0.853804823458196,0.0609633259438492,0.0948672026064662,0.025313610489459,0.0474332061104696,"Short","Pu",NA,NA,0,0,0,0,0,0,0,NA,NA,0.0304816629719246,0.043930443051285,NA,NA,"TRUE","ShortHotdog","AbsentNoLazySee_hotdog","Pu"
"629","0001","Pu_p=1","c00010",FALSE,0.0091371224073482,0.146193958517571,0.146195176541804,0.0109411061267468,0.0162439085046449,0.00457978151694959,0.00812188658430951,"Short","Pu",NA,NA,0,0,0,0,0,0,0,NA,NA,0.00547055306337338,0.0397481422315499,NA,NA,"TRUE","ShortHotdog","AbsentNoLazySee_hotdog","Pu"
"630","0001","S=1","c00010",FALSE,0.0624994792816265,0.999991668506024,1,0.0726712048337873,0.111111111111111,0.0611526759205755,0.111110185389558,"Short","S","c00011",TRUE,0.0325390007650362,0.520624012240579,1,0.0226852139372382,0.111111111111111,0.0298354749096431,0.0867706687067632,"Hotdog","S",0.0476782093855127,0.0470586044885945,1,0.032258064516129,"TRUE","ShortHotdog","AbsentNoLazySee_hotdog","S"
"631","0001","Su=0","c00010",FALSE,4.11321418761128e-09,6.58114270017805e-08,6.58119753138564e-08,2.02428514829564e-09,7.3124417015396e-09,1.61610302137765e-09,3.65619038898781e-09,"Short","Su","c00011",TRUE,0.027498291445704,0.439972663131264,0.845087150778503,0.0126164536839911,0.0938985723087225,0.00397365662580622,0.0244429257295146,"Hotdog","Su",0.00630822785413814,0.0398815496777516,1,0.032258064516129,"TRUE","ShortHotdog","AbsentNoLazySee_hotdog","Su"
"632","0001","Su=1","c00010",FALSE,0.0624994751684123,0.999991602694597,0.999999934188025,0.0723962578976721,0.111111103798669,0.0363499407740229,0.0555550890385887,"Short","Su","c00011",TRUE,0.00504070931933224,0.0806513491093159,0.154912849221497,0.08219254918205,0.0172125388023886,0.0405474103387315,0.00896126101214621,"Hotdog","Su",0.077294403539861,0.0529770343556914,7,0.225806451612903,"TRUE","ShortHotdog","AbsentNoLazySee_hotdog","Su"
"633","0010","br_f=1",NA,NA,0,0,0,0,0,0,0,NA,NA,"c00101",TRUE,0.0299106235910207,0.478569977456332,1,0.853744709735428,0.111111111111111,0.382412364832188,0.0531744419395924,"Hotdog","br",0.426872354867714,0.219874447543724,1,0.03125,"TRUE","ShortHotdog","AbsentNoSportySee_pizza","br"
"634","0010","br_p=0","c00100",FALSE,0.0324266788441719,0.51882686150675,1,0.111111154027659,0.111111111111111,0.0966640593482767,0.0288237145281528,"Short","br",NA,NA,0,0,0,0,0,0,0,NA,NA,0.0555555770138294,0.0497887760968022,1,0.03125,"TRUE","ShortHotdog","AbsentNoSportySee_pizza","br"
"635","0010","C=1","c00100",FALSE,0.0324266788441719,0.51882686150675,1,0.111111105744625,0.111111111111111,0.0203372912766836,0.0288237145281528,"Short","C","c00101",TRUE,0.0299106235910207,0.478569977456332,1,0.0192674550583908,0.111111111111111,0.0129612466660723,0.0531744419395924,"Hotdog","C",0.0651892804015077,0.0517448232123247,4,0.125,"TRUE","ShortHotdog","AbsentNoSportySee_pizza","C"
"636","0010","Cu=0","c00100",FALSE,0.0324266788441719,0.51882686150675,1,0.111111105751295,0.111111111111111,0.0203546156767754,0.0288237145281528,"Short","Cu","c00101",TRUE,1.11653937645776e-10,1.78646300233242e-09,3.73291908495332e-09,7.32412017323064e-11,4.14768787217036e-10,2.4298221594213e-11,9.92479445740234e-11,"Hotdog","Cu",0.0555555529122679,0.0497887712968534,NA,NA,"TRUE","ShortHotdog","AbsentNoSportySee_pizza","Cu"
"637","0010","Cu=1",NA,NA,0,0,0,0,0,0,0,NA,NA,"c00101",TRUE,0.0299106234793668,0.478569975669869,0.999999996267081,0.0194454373745244,0.111111110696342,0.00653127029375006,0.0265872208705483,"Hotdog","Cu",0.00972271868726221,0.0414487674677139,2,0.0625,"TRUE","ShortHotdog","AbsentNoSportySee_pizza","Cu"
"638","0010","K=0","c00100",FALSE,0.0324266788441719,0.51882686150675,1,0.111111105746494,0.111111111111111,0.0203422085812887,0.0288237145281528,"Short","K","c00101",TRUE,0.0299106235910207,0.478569977456332,1,0.0178673089131085,0.111111111111111,0.00977985033048254,0.0531744419395924,"Hotdog","K",0.0644892073298014,0.0516001252758136,8,0.25,"TRUE","ShortHotdog","AbsentNoSportySee_pizza","K"
"639","0010","Ku_f=0",NA,NA,0,0,0,0,0,0,0,NA,NA,"c00101",TRUE,0.0299067960138039,0.478508736220862,0.999872032851298,0.0177367255405323,0.111096892539033,0.00545192414343682,0.0265838186789368,"Hotdog","Ku",0.00886836277026616,0.0413073612288957,NA,NA,"TRUE","ShortHotdog","AbsentNoSportySee_pizza","Ku"
"640","0010","Ku_f=1",NA,NA,0,0,0,0,0,0,0,NA,NA,"c00101",TRUE,3.82757721685115e-06,6.12412354696184e-05,0.000127967148702316,3.33918598375785e-06,1.42185720780351e-05,9.82563407298116e-07,3.40229085942325e-06,"Hotdog","Ku",1.66959299187893e-06,0.0398679980966207,NA,NA,"TRUE","ShortHotdog","AbsentNoSportySee_pizza","Ku"
"641","0010","Ku_p=0","c00100",FALSE,0.0324266787983233,0.518826860773172,0.999999998586083,0.111111105604104,0.111111110954009,0.0113245131900434,0.0144118572436992,"Short","Ku",NA,NA,0,0,0,0,0,0,0,NA,NA,0.055555552802052,0.0497887712749034,NA,NA,"TRUE","ShortHotdog","AbsentNoSportySee_pizza","Ku"
"642","0010","Ku_p=1","c00100",FALSE,4.58486202075796e-11,7.33577923321274e-10,1.41391662180107e-09,1.42396975863541e-10,1.57101846866785e-10,1.27503303416516e-11,2.03771645367021e-11,"Short","Ku",NA,NA,0,0,0,0,0,0,0,NA,NA,7.11984879317706e-11,0.0398677318555429,NA,NA,"TRUE","ShortHotdog","AbsentNoSportySee_pizza","Ku"
"643","0010","P=0","c00100",FALSE,0.0324266788441719,0.51882686150675,1,0.111111105746484,0.111111111111111,0.0203422048380685,0.0288237145281528,"Short","P","c00101",TRUE,0.0299106235910207,0.478569977456332,1,0.0164119516380439,0.111111111111111,0.00981245721114006,0.0531744419395924,"Hotdog","P",0.0637615286922639,0.0514501504132765,NA,NA,"TRUE","ShortHotdog","AbsentNoSportySee_pizza","P"
"644","0010","Pu_f=0",NA,NA,0,0,0,0,0,0,0,NA,NA,"c00101",TRUE,0.0246738728304007,0.394781965286411,0.824920040711149,0.0142551208062841,0.0916577823012387,0.00452439186414984,0.0219323314048006,"Hotdog","Pu",0.00712756040314204,0.0410207285200097,NA,NA,"TRUE","ShortHotdog","AbsentNoSportySee_pizza","Pu"
"645","0010","Pu_f=1",NA,NA,0,0,0,0,0,0,0,NA,NA,"c00101",TRUE,0.00523675076062006,0.0837880121699209,0.175079959288851,0.00448658041061973,0.0194533288098723,0.00134949377527464,0.00465488956499561,"Hotdog","Pu",0.00224329020530986,0.0402270812524607,5,0.15625,"TRUE","ShortHotdog","AbsentNoSportySee_pizza","Pu"
"646","0010","Pu_p=0","c00100",FALSE,0.0276860548058838,0.442976876894141,0.853804823458196,0.0948671972565621,0.0948672026064662,0.0096689245495919,0.0123049132470595,"Short","Pu",NA,NA,0,0,0,0,0,0,0,NA,NA,0.0474335986282811,0.0481972355416622,NA,NA,"TRUE","ShortHotdog","AbsentNoSportySee_pizza","Pu"
"647","0010","Pu_p=1","c00100",FALSE,0.00474062403828808,0.0758499846126093,0.146195176541804,0.0162439084899399,0.0162439085046449,0.0013183461585164,0.00210694401701693,"Short","Pu",NA,NA,0,0,0,0,0,0,0,NA,NA,0.00812195424496996,0.0411842164866278,NA,NA,"TRUE","ShortHotdog","AbsentNoSportySee_pizza","Pu"
"648","0010","S=0","c00100",FALSE,0.0324266788441719,0.51882686150675,1,0.111111105746567,0.111111111111111,0.0203424967589256,0.0288237145281528,"Short","S","c00101",TRUE,0.0299106235910207,0.478569977456332,1,0.0178481730691224,0.111111111111111,0.00959111225466741,0.0531744419395924,"Hotdog","S",0.0644796394078447,0.0515981504897167,NA,NA,"TRUE","ShortHotdog","AbsentNoSportySee_pizza","S"
"649","0010","Su=0","c00100",FALSE,2.13406378760299e-09,3.41450206016478e-08,6.58119753138564e-08,1.95986518256347e-09,7.3124417015396e-09,5.4190306962815e-10,9.48472794490218e-10,"Short","Su","c00101",TRUE,0.027498291445704,0.439972663131264,0.919348650890684,0.0160548331459698,0.102149850098965,0.00456522386723436,0.0244429257295146,"Hotdog","Su",0.00802741755291752,0.0411686457524591,NA,NA,"TRUE","ShortHotdog","AbsentNoSportySee_pizza","Su"
"650","0010","Su=1","c00100",FALSE,0.0324266767101081,0.51882682736173,0.999999934188025,0.111111103784008,0.111111103798669,0.0121119644414802,0.0144118563156036,"Short","Su","c00101",TRUE,0.00241233214531675,0.038597314325068,0.0806513491093159,0.00287836504875086,0.00896126101214621,0.000780979482491742,0.00214429524028156,"Hotdog","Su",0.0569947344163797,0.0500762181945927,4,0.125,"TRUE","ShortHotdog","AbsentNoSportySee_pizza","Su"
"651","0011","br_f=0",NA,NA,0,0,0,0,0,0,0,NA,NA,"c00111",TRUE,0.00262837717401549,0.0420540347842479,0.0807762104618693,0.000881841742811049,0.00897513449576326,0.000283418164490575,0.00233633526579155,"Hotdog","br",0.000440920871405525,0.036946393941926,NA,NA,"TRUE","ShortHotdog","AbsentNoSportySee_hotdog","br"
"652","0011","br_f=1",NA,NA,0,0,0,0,0,0,0,NA,NA,"c00111",TRUE,0.0299106235910207,0.478569977456332,0.919223789538131,0.752011204560898,0.102135976615348,0.288638056257149,0.0531744419395924,"Hotdog","br",0.376005602280449,0.165956677496115,NA,NA,"TRUE","ShortHotdog","AbsentNoSportySee_hotdog","br"
"653","0011","br_p=0","c00110",FALSE,0.0324266788441719,0.51882686150675,1,0.76133792917042,0.111111111111111,0.0782136604044134,0.0288237145281528,"Short","br",NA,NA,0,0,0,0,0,0,0,NA,NA,0.38066896458521,0.169081394725876,NA,NA,"TRUE","ShortHotdog","AbsentNoSportySee_hotdog","br"
"654","0011","C=1","c00110",FALSE,0.0324266788441719,0.51882686150675,1,0.0297895536801637,0.111111111111111,0.0226467065979098,0.0288237145281528,"Short","C","c00111",TRUE,0.0325390007650362,0.520624012240579,1,0.0226806484956233,0.111111111111111,0.0297068984957321,0.0867706687067632,"Hotdog","C",0.0262351010878935,0.0409619984812162,NA,NA,"TRUE","ShortHotdog","AbsentNoSportySee_hotdog","C"
"655","0011","Cu=0","c00110",FALSE,0.0324266788441719,0.51882686150675,1,0.0298907877634911,0.111111111111111,0.0226543754962007,0.0288237145281528,"Short","Cu","c00111",TRUE,1.21465456961114e-10,1.94344731137783e-09,3.73291908495332e-09,8.4303295915282e-11,4.14768787217036e-10,5.52344258428409e-11,1.61953942614819e-10,"Hotdog","Cu",0.0149453939238972,0.0391533482313391,1,0.0333333333333333,"TRUE","ShortHotdog","AbsentNoSportySee_hotdog","Cu"
"656","0011","Cu=1",NA,NA,0,0,0,0,0,0,0,NA,NA,"c00111",TRUE,0.0325390006435708,0.520624010297132,0.999999996267081,0.0230569902047268,0.111111110696342,0.0149053144679333,0.0433853341914277,"Hotdog","Cu",0.0115284951023634,0.0386218564942651,NA,NA,"TRUE","ShortHotdog","AbsentNoSportySee_hotdog","Cu"
"657","0011","K=0","c00110",FALSE,0.0324266788441719,0.51882686150675,1,0.0298184531667087,0.111111111111111,0.0226488761629471,0.0288237145281528,"Short","K","c00111",TRUE,0.0325390007650362,0.520624012240579,1,0.0209391593221331,0.111111111111111,0.0235423829341366,0.0867706687067632,"Hotdog","K",0.0253788062444209,0.0408219362948932,8,0.266666666666667,"TRUE","ShortHotdog","AbsentNoSportySee_hotdog","K"
"658","0011","Ku_f=0",NA,NA,0,0,0,0,0,0,0,NA,NA,"c00111",TRUE,0.0325348368418867,0.520557389470187,0.999872032851298,0.0211216603086599,0.111096892539033,0.0131375791744532,0.0433797824558489,"Hotdog","Ku",0.01056083015433,0.0384726533707808,4,0.133333333333333,"TRUE","ShortHotdog","AbsentNoSportySee_hotdog","Ku"
"659","0011","Ku_f=1",NA,NA,0,0,0,0,0,0,0,NA,NA,"c00111",TRUE,4.16392314952417e-06,6.66227703923866e-05,0.000127967148702316,3.82012430413859e-06,1.42185720780351e-05,2.18969767514202e-06,5.55189753269889e-06,"Hotdog","Ku",1.9100621520693e-06,0.0368815714089553,NA,NA,"TRUE","ShortHotdog","AbsentNoSportySee_hotdog","Ku"
"660","0011","Ku_p=0","c00110",FALSE,0.0324266787983233,0.518826860773172,0.999999998586083,0.0298181732268809,0.111111110954009,0.0113244301350255,0.0144118572436992,"Short","Ku",NA,NA,0,0,0,0,0,0,0,NA,NA,0.0149090866134404,0.0391476624331425,NA,NA,"TRUE","ShortHotdog","AbsentNoSportySee_hotdog","Ku"
"661","0011","Ku_p=1","c00110",FALSE,4.58486202075796e-11,7.33577923321274e-10,1.41391662180107e-09,1.37420899073294e-10,1.57101846866785e-10,1.60118507791283e-11,2.03771645367021e-11,"Short","Ku",NA,NA,0,0,0,0,0,0,0,NA,NA,6.8710449536647e-11,0.0368812896357936,NA,NA,"TRUE","ShortHotdog","AbsentNoSportySee_hotdog","Ku"
"662","0011","P=0","c00110",FALSE,0.0324266788441719,0.51882686150675,1,0.0298184644810627,0.111111111111111,0.0226488642590634,0.0288237145281528,"Short","P","c00111",TRUE,0.0325390007650362,0.520624012240579,1,0.0196066508506582,0.111111111111111,0.0235010483113656,0.0867706687067632,"Hotdog","P",0.0247125576658605,0.0407132909007515,NA,NA,"TRUE","ShortHotdog","AbsentNoSportySee_hotdog","P"
"663","0011","Pu_f=0",NA,NA,0,0,0,0,0,0,0,NA,NA,"c00111",TRUE,0.0268420738357938,0.429473181372701,0.824920040711149,0.0168220203171837,0.0916577823012388,0.0108080850626003,0.0357894317810584,"Hotdog","Pu",0.00841101015859186,0.0381432346645764,NA,NA,"TRUE","ShortHotdog","AbsentNoSportySee_hotdog","Pu"
"664","0011","Pu_f=1",NA,NA,0,0,0,0,0,0,0,NA,NA,"c00111",TRUE,0.00569692692924244,0.091150830867879,0.175079959288851,0.00505512128188696,0.0194533288098723,0.00297948905351348,0.00759590257232325,"Hotdog","Pu",0.00252756064094348,0.0372560597258288,1,0.0333333333333333,"TRUE","ShortHotdog","AbsentNoSportySee_hotdog","Pu"
"665","0011","Pu_p=0","c00110",FALSE,0.0276860548058838,0.442976876894141,0.853804823458196,0.013574805094755,0.0948672026064662,0.00966887060326413,0.0123049132470595,"Short","Pu",NA,NA,0,0,0,0,0,0,0,NA,NA,0.00678740254737748,0.0378963187371237,NA,NA,"TRUE","ShortHotdog","AbsentNoSportySee_hotdog","Pu"
"666","0011","Pu_p=1","c00110",FALSE,0.00474062403828808,0.0758499846126093,0.146195176541804,0.0162439084849638,0.0162439085046449,0.00165557977828273,0.00210694401701693,"Short","Pu",NA,NA,0,0,0,0,0,0,0,NA,NA,0.00812195424248191,0.0380991580401473,1,0.0333333333333333,"TRUE","ShortHotdog","AbsentNoSportySee_hotdog","Pu"
"667","0011","S=1","c00110",FALSE,0.0324266788441719,0.51882686150675,1,0.029817137030642,0.111111111111111,0.0226487767598949,0.0288237145281528,"Short","S","c00111",TRUE,0.0325390007650362,0.520624012240579,1,0.0227961696300794,0.111111111111111,0.0297868544555939,0.0867706687067632,"Hotdog","S",0.0263066533303607,0.0409737238504781,NA,NA,"TRUE","ShortHotdog","AbsentNoSportySee_hotdog","S"
"668","0011","Su=0","c00110",FALSE,2.13406378760299e-09,3.41450206016478e-08,6.58119753138564e-08,7.3124417015396e-09,7.3124417015396e-09,9.48472794490218e-10,9.48472794490218e-10,"Short","Su","c00111",TRUE,0.027498291445704,0.439972663131264,0.845087150778503,0.0126786999467385,0.0938985723087225,0.0039796631131185,0.0244429257295146,"Hotdog","Su",0.00633935362959008,0.0378284619432195,NA,NA,"TRUE","ShortHotdog","AbsentNoSportySee_hotdog","Su"
"669","0011","Su=1","c00110",FALSE,0.0324266767101081,0.51882682736173,0.999999934188025,0.0298907804510494,0.111111103798669,0.00824251768966791,0.0144118563156036,"Short","Su","c00111",TRUE,0.00504070931933224,0.0806513491093159,0.154912849221497,0.0823460131299934,0.0172125388023886,0.0406036833350229,0.00896126101214621,"Hotdog","Su",0.0561183967905214,0.0461629696235719,12,0.4,"TRUE","ShortHotdog","AbsentNoSportySee_hotdog","Su"
"670","0100","br_f=0",NA,NA,0,0,0,0,0,0,0,NA,NA,"c01001",TRUE,4.1703695770436e-06,6.67259132326976e-05,0.000139408266777187,2.18140177548609e-06,1.54898074196875e-05,6.53269114440744e-07,3.70699517959431e-06,"Hotdog","br",1.09070088774304e-06,0.036821831131624,NA,NA,"TRUE","ShortHotdog","AbsentYesLazySee_pizza","br"
"671","0100","br_f=1",NA,NA,0,0,0,0,0,0,0,NA,NA,"c01001",TRUE,0.0299106235910207,0.478569977456332,0.999860591733223,0.821299140799916,0.111095621303691,0.274117951506677,0.0531744419395924,"Hotdog","br",0.410649570399958,0.190315805270326,NA,NA,"TRUE","ShortHotdog","AbsentYesLazySee_pizza","br"
"672","0100","br_p=0","c01000",FALSE,0.0624994792816265,0.999991668506024,0.999999999999988,0.0760430960558778,0.11111111111111,0.082981575467193,0.111110185389558,"Short","br",NA,NA,0,0,0,0,0,0,0,NA,NA,0.0380215480279389,0.0428700195165688,1,0.0344827586206897,"TRUE","ShortHotdog","AbsentYesLazySee_pizza","br"
"673","0100","br_p=1","c01000",FALSE,7.3625236352634e-16,1.17800378164214e-14,1.17801359625531e-14,1.53119348863951e-16,1.30890399583923e-15,8.19031161400864e-17,6.54446545356747e-16,"Short","br",NA,NA,0,0,0,0,0,0,0,NA,NA,7.65596744319753e-17,0.0368216704855589,NA,NA,"TRUE","ShortHotdog","AbsentYesLazySee_pizza","br"
"674","0100","C=0","c01000",FALSE,0.0624994792816273,0.999991668506036,1,0.410375028499702,0.111111111111111,0.355238465341628,0.166665278084339,"Short","C","c01001",TRUE,0.0299147939605978,0.478636703369564,1,0.0237783301307736,0.111111111111111,0.032133826785961,0.0797727838949274,"Hotdog","C",0.217076679315238,0.0877413481592297,3,0.103448275862069,"TRUE","ShortHotdog","AbsentYesLazySee_pizza","C"
"675","0100","Cu=0","c01000",FALSE,0.0324266788441723,0.518826861506756,0.518831184145635,0.0576479093495146,0.057647909349515,0.0348511711926759,0.0432355717922297,"Short","Cu","c01001",TRUE,1.11669505297962e-10,1.78671208476739e-09,3.73291908495332e-09,8.92303775611054e-11,4.14768787217036e-10,5.99754745169864e-11,1.48892673730616e-10,"Hotdog","Cu",0.0288239547193725,0.0413214759095766,NA,NA,"TRUE","ShortHotdog","AbsentYesLazySee_pizza","Cu"
"676","0100","Cu=1","c01000",FALSE,0.030072800437455,0.48116480699928,0.481168815854365,0.0112349689329831,0.0534632017615961,0.0151917564665928,0.04009706724994,"Short","Cu","c01001",TRUE,0.0299147938489283,0.478636701582852,0.999999996267081,0.0244291372879766,0.111111110696342,0.0161768131868068,0.039886391798571,"Hotdog","Cu",0.0178320531104798,0.0395440308516603,NA,NA,"TRUE","ShortHotdog","AbsentYesLazySee_pizza","Cu"
"677","0100","K=1","c01000",FALSE,0.0624994792816273,0.999991668506036,1,0.0753128945745906,0.111111111111111,0.270900158288146,0.166665278084339,"Short","K","c01001",TRUE,0.0299147939605978,0.478636703369564,1,0.0263259000128248,0.111111111111111,0.129736741915327,0.0797727838949274,"Hotdog","K",0.0508193972937077,0.0451217383145615,1,0.0344827586206897,"TRUE","ShortHotdog","AbsentYesLazySee_pizza","K"
"678","0100","Ku_f=0",NA,NA,0,0,0,0,0,0,0,NA,NA,"c01001",TRUE,0.0299067960138039,0.478508736220862,0.999732642424199,0.0140556133780362,0.1110814047138,0.0043559657214121,0.0265838186789368,"Hotdog","Ku",0.00702780668901812,0.0378714591058279,NA,NA,"TRUE","ShortHotdog","AbsentYesLazySee_pizza","Ku"
"679","0100","Ku_f=1",NA,NA,0,0,0,0,0,0,0,NA,NA,"c01001",TRUE,7.99794679389475e-06,0.000127967148702316,0.000267357575801098,7.20614176593955e-05,2.97063973112331e-05,3.27534035730072e-05,1.42185720780351e-05,"Hotdog","Ku",3.60307088296977e-05,0.0368269777115474,1,0.0344827586206897,"TRUE","ShortHotdog","AbsentYesLazySee_pizza","Ku"
"680","0100","Ku_p=0","c01000",FALSE,0.0624994791932575,0.99999166709212,0.999999998586072,0.0713471700318378,0.111111110954008,0.0351932599963473,0.0555550926162289,"Short","Ku",NA,NA,0,0,0,0,0,0,0,NA,NA,0.0356735850159189,0.0424692754461746,NA,NA,"TRUE","ShortHotdog","AbsentYesLazySee_pizza","Ku"
"681","0100","Ku_p=1","c01000",FALSE,8.83697888625666e-11,1.41391662180107e-09,1.41392840193701e-09,1.51645605856545e-10,1.57103155770779e-10,3.31790687993656e-10,1.57101846866785e-10,"Short","Ku",NA,NA,0,0,0,0,0,0,0,NA,NA,7.58228029282726e-11,0.0368216704967265,2,0.0689655172413793,"TRUE","ShortHotdog","AbsentYesLazySee_pizza","Ku"
"682","0100","P=0","c01000",FALSE,0.0624994792816273,0.999991668506036,1,0.0740615777111418,0.111111111111111,0.0969657867448221,0.166665278084339,"Short","P","c01001",TRUE,0.0299147939605978,0.478636703369564,1,0.0205017636517542,0.111111111111111,0.0252816317433971,0.0797727838949274,"Hotdog","P",0.047281670681448,0.0444877213542257,NA,NA,"TRUE","ShortHotdog","AbsentYesLazySee_pizza","P"
"683","0100","Pu_f=0",NA,NA,0,0,0,0,0,0,0,NA,NA,"c01001",TRUE,0.0246773130518419,0.394837008829471,0.824920040711149,0.0176789439608663,0.0916577823012388,0.0117483146340899,0.0329030840691226,"Hotdog","Pu",0.00883947198043315,0.0381468975369425,NA,NA,"TRUE","ShortHotdog","AbsentYesLazySee_pizza","Pu"
"684","0100","Pu_f=1",NA,NA,0,0,0,0,0,0,0,NA,NA,"c01001",TRUE,0.00523748090875583,0.0837996945400932,0.175079959288851,0.00529360462844492,0.0194533288098723,0.00319171694659224,0.0069833078783411,"Hotdog","Pu",0.00264680231422246,0.0372135801703756,11,0.379310344827586,"TRUE","ShortHotdog","AbsentYesLazySee_pizza","Pu"
"685","0100","Pu_p=0","c01000",FALSE,0.053362356874279,0.853797709988463,0.853804823458196,0.0629865656662213,0.0948672026064662,0.0431508678302238,0.0711498091657053,"Short","Pu",NA,NA,0,0,0,0,0,0,0,NA,NA,0.0314932828331107,0.0417650420520566,NA,NA,"TRUE","ShortHotdog","AbsentYesLazySee_pizza","Pu"
"686","0100","Pu_p=1","c01000",FALSE,0.00913712240734831,0.146193958517573,0.146195176541804,0.0112823772353069,0.0162439085046449,0.00819917512333636,0.0121828298764644,"Short","Pu",NA,NA,0,0,0,0,0,0,0,NA,NA,0.00564118861765347,0.037661987558557,NA,NA,"TRUE","ShortHotdog","AbsentYesLazySee_pizza","Pu"
"687","0100","S=0","c01000",FALSE,0.0624994792816273,0.999991668506036,1,0.0748307343341395,0.111111111111111,0.105745871226893,0.166665278084339,"Short","S","c01001",TRUE,0.0299147939605978,0.478636703369564,1,0.0229734756828672,0.111111111111111,0.0250042658860307,0.0797727838949274,"Hotdog","S",0.0489021050085034,0.0447770156293926,NA,NA,"TRUE","ShortHotdog","AbsentYesLazySee_pizza","S"
"688","0100","Su=0","c01000",FALSE,4.11321418761133e-09,6.58114270017813e-08,6.58119753138564e-08,4.90564387818024e-09,7.3124417015396e-09,3.48560643790786e-09,5.48428558348178e-09,"Short","Su","c01001",TRUE,0.0275021254693483,0.440034007509573,0.919348650890684,0.0202464068358911,0.102149850098965,0.0125053000211415,0.0366695006257978,"Hotdog","Su",0.0101232058707675,0.0383432831799532,NA,NA,"TRUE","ShortHotdog","AbsentYesLazySee_pizza","Su"
"689","0100","Su=1","c01000",FALSE,0.0624994751684131,0.999991602694609,0.999999934188025,0.0748776725513954,0.111111103798669,0.0530195324397558,0.0833326335578841,"Short","Su","c01001",TRUE,0.00241266849124943,0.0386026958599908,0.0806513491093159,0.0033434407219835,0.00896126101214621,0.0017560862172168,0.0032168913216659,"Hotdog","Su",0.0391105566366894,0.0430571701191145,NA,NA,"TRUE","ShortHotdog","AbsentYesLazySee_pizza","Su"
"690","0101","br_f=0",NA,NA,0,0,0,0,0,0,0,NA,NA,"c01011",TRUE,0.00263221119765986,0.0421153791625578,0.0808845085178451,0.00113487461863727,0.0089871676130939,0.000752315678739146,0.00350961493021315,"Hotdog","br",0.000567437309318633,0.037812014408511,NA,NA,"TRUE","ShortHotdog","AbsentYesLazySee_hotdog","br"
"691","0101","br_f=1",NA,NA,0,0,0,0,0,0,0,NA,NA,"c01011",TRUE,0.0299106235910207,0.478569977456332,0.919115491482155,0.724603861705168,0.102123943498017,0.21243321725203,0.0531744419395924,"Hotdog","br",0.362301930852584,0.16070411317705,NA,NA,"TRUE","ShortHotdog","AbsentYesLazySee_hotdog","br"
"692","0101","br_p=0","c01010",FALSE,0.0624994792816265,0.999991668506024,0.999999999999988,0.0754018470324741,0.11111111111111,0.0829012943531514,0.111110185389558,"Short","br",NA,NA,0,0,0,0,0,0,0,NA,NA,0.0377009235162371,0.04386693461492,1,0.03125,"TRUE","ShortHotdog","AbsentYesLazySee_hotdog","br"
"693","0101","br_p=1","c01010",FALSE,7.3625236352634e-16,1.17800378164214e-14,1.17801359625531e-14,1.52461657901927e-16,1.30890399583923e-15,8.20095820150677e-17,6.54446545356747e-16,"Short","br",NA,NA,0,0,0,0,0,0,0,NA,NA,7.62308289509636e-17,0.0377262879432406,NA,NA,"TRUE","ShortHotdog","AbsentYesLazySee_hotdog","br"
"694","0101","C=0","c01010",FALSE,0.0624994792816273,0.999991668506036,1,0.414030599624528,0.111111111111111,0.357114006829773,0.166665278084339,"Short","C","c01011",TRUE,0.0325428347886806,0.520685356618889,1,0.0273786833836489,0.111111111111111,0.0464901908289317,0.101244374898117,"Hotdog","C",0.220704641504088,0.0912110188402386,19,0.59375,"TRUE","ShortHotdog","AbsentYesLazySee_hotdog","C"
"695","0101","Cu=0","c01010",FALSE,0.0324266788441723,0.518826861506756,0.518831184145635,0.0576479093495146,0.057647909349515,0.0348764877585697,0.0432355717922297,"Short","Cu","c01011",TRUE,1.21479769061149e-10,1.94367630497838e-09,3.73291908495332e-09,1.00160538788886e-10,4.14768787217036e-10,8.65385510013426e-11,1.88968529650676e-10,"Hotdog","Cu",0.0288239547248376,0.0423366424684571,NA,NA,"TRUE","ShortHotdog","AbsentYesLazySee_hotdog","Cu"
"696","0101","Cu=1","c01010",FALSE,0.030072800437455,0.48116480699928,0.481168815854365,0.0108773836482218,0.0534632017615961,0.015134597010452,0.04009706724994,"Short","Cu","c01011",TRUE,0.0325428346672008,0.520685354675213,0.999999996267081,0.0275940116605571,0.111111110696342,0.0233061744598206,0.0506221872600902,"Hotdog","Cu",0.0192356976543894,0.0407436473792212,NA,NA,"TRUE","ShortHotdog","AbsentYesLazySee_hotdog","Cu"
"697","0101","K=1","c01010",FALSE,0.0624994792816273,0.999991668506036,1,0.0747859219385012,0.111111111111111,0.271545985002454,0.166665278084339,"Short","K","c01011",TRUE,0.0325428347886806,0.520685356618889,1,0.0299932940727992,0.111111111111111,0.124952351379469,0.101244374898117,"Hotdog","K",0.0523896080056502,0.046521546757773,NA,NA,"TRUE","ShortHotdog","AbsentYesLazySee_hotdog","K"
"698","0101","Ku_f=0",NA,NA,0,0,0,0,0,0,0,NA,NA,"c01011",TRUE,0.0325348368418867,0.520557389470187,0.999754233248399,0.0167153186633038,0.111083803694267,0.0104279005107803,0.0433797824558489,"Hotdog","Ku",0.0083576593316519,0.0390088202848461,NA,NA,"TRUE","ShortHotdog","AbsentYesLazySee_hotdog","Ku"
"699","0101","Ku_f=1",NA,NA,0,0,0,0,0,0,0,NA,NA,"c01011",TRUE,7.99794679389475e-06,0.000127967148702316,0.000245766751600776,6.49605896785851e-05,2.73074168445307e-05,2.67464751338873e-05,1.42185720780351e-05,"Hotdog","Ku",3.24802948392925e-05,0.0377311897054774,1,0.03125,"TRUE","ShortHotdog","AbsentYesLazySee_hotdog","Ku"
"700","0101","Ku_p=0","c01010",FALSE,0.0624994791932575,0.99999166709212,0.999999998586072,0.0709704140464921,0.111111110954008,0.0351074237623158,0.0555550926162289,"Short","Ku",NA,NA,0,0,0,0,0,0,0,NA,NA,0.035485207023246,0.0434798656566748,NA,NA,"TRUE","ShortHotdog","AbsentYesLazySee_hotdog","Ku"
"701","0101","Ku_p=1","c01010",FALSE,8.83697888625666e-11,1.41391662180107e-09,1.41392840193701e-09,1.53493710616647e-10,1.57103155770779e-10,3.30302876020626e-10,1.57101846866785e-10,"Short","Ku",NA,NA,0,0,0,0,0,0,0,NA,NA,7.67468553083236e-11,0.0377262879548221,2,0.0625,"TRUE","ShortHotdog","AbsentYesLazySee_hotdog","Ku"
"702","0101","P=0","c01010",FALSE,0.0624994792816273,0.999991668506036,1,0.0736600195663071,0.111111111111111,0.0965492923914213,0.166665278084339,"Short","P","c01011",TRUE,0.0325428347886806,0.520685356618889,1,0.0235146377532944,0.111111111111111,0.0382655911113317,0.101244374898117,"Hotdog","P",0.0485873286598008,0.0458193485356978,NA,NA,"TRUE","ShortHotdog","AbsentYesLazySee_hotdog","P"
"703","0101","Pu_f=0",NA,NA,0,0,0,0,0,0,0,NA,NA,"c01011",TRUE,0.0268452365987346,0.429523785579753,0.824920040711149,0.020426677338465,0.0916577823012388,0.0172131133106163,0.0417592569313649,"Hotdog","Pu",0.0102133386692325,0.0392994490250965,NA,NA,"TRUE","ShortHotdog","AbsentYesLazySee_hotdog","Pu"
"704","0101","Pu_f=1",NA,NA,0,0,0,0,0,0,0,NA,NA,"c01011",TRUE,0.005697598189946,0.0911615710391361,0.175079959288851,0.00593089881448281,0.0194533288098723,0.00451701715187713,0.00886293051769378,"Hotdog","Pu",0.00296544940724141,0.0381764541480554,2,0.0625,"TRUE","ShortHotdog","AbsentYesLazySee_hotdog","Pu"
"705","0101","Pu_p=0","c01010",FALSE,0.053362356874279,0.853797709988463,0.853804823458196,0.0625144715453382,0.0948672026064662,0.0429665929563931,0.0711498091657053,"Short","Pu",NA,NA,0,0,0,0,0,0,0,NA,NA,0.0312572357726691,0.0427507221429582,NA,NA,"TRUE","ShortHotdog","AbsentYesLazySee_hotdog","Pu"
"706","0101","Pu_p=1","c01010",FALSE,0.00913712240734831,0.146193958517573,0.146195176541804,0.0113636339829753,0.0162439085046449,0.00815659989286503,0.0121828298764644,"Short","Pu",NA,NA,0,0,0,0,0,0,0,NA,NA,0.00568181699148767,0.0385935209886845,1,0.03125,"TRUE","ShortHotdog","AbsentYesLazySee_hotdog","Pu"
"707","0101","S=1","c01010",FALSE,0.0624994792816273,0.999991668506036,1,0.0744567264074197,0.111111111111111,0.105884404467848,0.166665278084339,"Short","S","c01011",TRUE,0.0325428347886806,0.520685356618889,1,0.0273351004719797,0.111111111111111,0.0464810049891493,0.101244374898117,"Hotdog","S",0.0508959134396997,0.0462444195426431,NA,NA,"TRUE","ShortHotdog","AbsentYesLazySee_hotdog","S"
"708","0101","Su=0","c01010",FALSE,4.11321418761133e-09,6.58114270017813e-08,6.58119753138564e-08,4.89318581819554e-09,7.3124417015396e-09,3.46322359231779e-09,5.48428558348178e-09,"Short","Su","c01011",TRUE,0.0275021254693483,0.440034007509573,0.845105401786154,0.0159333658674395,0.0939006001984616,0.0109773599131056,0.0366695006257978,"Hotdog","Su",0.00796668538031264,0.0389478622328757,NA,NA,"TRUE","ShortHotdog","AbsentYesLazySee_hotdog","Su"
"709","0101","Su=1","c01010",FALSE,0.0624994751684131,0.999991602694609,0.999999934188025,0.0742910678115486,0.111111103798669,0.0529026092748733,0.0833326335578841,"Short","Su","c01011",TRUE,0.00504070931933224,0.0806513491093159,0.154894598213846,0.079374314960385,0.0172105109126495,0.0293026330967086,0.00896126101214621,"Hotdog","Su",0.0768326913859668,0.0512998541927568,3,0.09375,"TRUE","ShortHotdog","AbsentYesLazySee_hotdog","Su"
"710","0110","br_f=0",NA,NA,0,0,0,0,0,0,0,NA,NA,"c01101",TRUE,4.1703695770436e-06,6.67259132326976e-05,0.000139408266777187,2.17185127697014e-06,1.54898074196875e-05,6.50976180271146e-07,3.70699517959431e-06,"Hotdog","br",1.08592563848507e-06,0.037257737697959,NA,NA,"TRUE","ShortHotdog","AbsentYesSportySee_pizza","br"
"711","0110","br_f=1",NA,NA,0,0,0,0,0,0,0,NA,NA,"c01101",TRUE,0.0299106235910207,0.478569977456332,0.999860591733223,0.82435668273858,0.111095621303691,0.274411644546199,0.0531744419395924,"Hotdog","br",0.41217834136929,0.193750000044627,NA,NA,"TRUE","ShortHotdog","AbsentYesSportySee_pizza","br"
"712","0110","br_p=0","c01100",FALSE,0.0324266788866923,0.518826862187077,0.999999999999977,0.111111111041972,0.111111111111109,0.0365872358399944,0.0432355718489231,"Short","br",NA,NA,0,0,0,0,0,0,0,NA,NA,0.055555555520986,0.0465290814702945,1,0.032258064516129,"TRUE","ShortHotdog","AbsentYesSportySee_pizza","br"
"713","0110","br_p=1","c01100",FALSE,7.3625236352634e-16,1.17800378164214e-14,2.27051424568945e-14,3.76300878635206e-16,2.52279360632161e-15,1.05648465409342e-16,6.54446545356747e-16,"Short","br",NA,NA,0,0,0,0,0,0,0,NA,NA,1.88150439317603e-16,0.0372575758617801,NA,NA,"TRUE","ShortHotdog","AbsentYesSportySee_pizza","br"
"714","0110","C=1","c01100",FALSE,0.0324266788866931,0.518826862187089,1,0.111111110995086,0.111111111111111,0.0418756950319053,0.0720592864148735,"Short","C","c01101",TRUE,0.0299147939605978,0.478636703369564,1,0.0238499979130031,0.111111111111111,0.0321320346187661,0.0797727838949274,"Hotdog","C",0.0674805544540447,0.0488023038020314,2,0.0645161290322581,"TRUE","ShortHotdog","AbsentYesSportySee_pizza","C"
"715","0110","Cu=0","c01100",FALSE,0.0324266788441723,0.518826861506756,0.99999999868871,0.111111110965411,0.111111110965412,0.034890895421571,0.0432355717922297,"Short","Cu","c01101",TRUE,1.11669505297962e-10,1.78671208476739e-09,3.73291908495332e-09,8.8145897552289e-11,4.14768787217036e-10,5.95360005413224e-11,1.48892673730616e-10,"Hotdog","Cu",0.0555555555267786,0.0465290814713726,NA,NA,"TRUE","ShortHotdog","AbsentYesSportySee_pizza","Cu"
"716","0110","Cu=1","c01100",FALSE,4.25207866643014e-11,6.80332586628823e-10,1.31129021300269e-09,2.68459623566894e-11,1.45698912555854e-10,8.69635397224284e-12,3.77962548127124e-11,"Short","Cu","c01101",TRUE,0.0299147938489283,0.478636701582852,0.999999996267081,0.0240022285588801,0.111111110696342,0.0159641636586851,0.039886391798571,"Hotdog","Cu",0.012001114292863,0.0390897295119432,3,0.0967741935483871,"TRUE","ShortHotdog","AbsentYesSportySee_pizza","Cu"
"717","0110","K=1","c01100",FALSE,0.0324266788866931,0.518826862187089,1,0.111111111411894,0.111111111111111,0.169710311965096,0.0720592864148735,"Short","K","c01101",TRUE,0.0299147939605978,0.478636703369564,1,0.0260595123478622,0.111111111111111,0.130596776255942,0.0797727838949274,"Hotdog","K",0.0685853118798783,0.0490184398361791,2,0.0645161290322581,"TRUE","ShortHotdog","AbsentYesSportySee_pizza","K"
"718","0110","Ku_f=0",NA,NA,0,0,0,0,0,0,0,NA,NA,"c01101",TRUE,0.0299067960138039,0.478508736220862,0.999732642424199,0.0139382131801236,0.1110814047138,0.00432248152890624,0.0265838186789368,"Hotdog","Ku",0.00696910659006182,0.0383107957312647,NA,NA,"TRUE","ShortHotdog","AbsentYesSportySee_pizza","Ku"
"719","0110","Ku_f=1",NA,NA,0,0,0,0,0,0,0,NA,NA,"c01101",TRUE,7.99794679389475e-06,0.000127967148702316,0.000267357575801098,7.16621093091281e-05,2.97063973112331e-05,3.26093980284458e-05,1.42185720780351e-05,"Hotdog","Ku",3.5831054654564e-05,0.0372629161574158,NA,NA,"TRUE","ShortHotdog","AbsentYesSportySee_pizza","Ku"
"720","0110","Ku_p=0","c01100",FALSE,0.0324266787983233,0.518826860773172,0.999999997274781,0.111111110808309,0.111111110808309,0.0144118572436992,0.0144118572436992,"Short","Ku",NA,NA,0,0,0,0,0,0,0,NA,NA,0.0555555554041545,0.0465290814485503,NA,NA,"TRUE","ShortHotdog","AbsentYesSportySee_pizza","Ku"
"721","0110","Ku_p=1","c01100",FALSE,8.83697888625666e-11,1.41391662180107e-09,2.72521861308563e-09,5.97402680816231e-10,3.02802068120625e-10,4.21285681616188e-10,1.57101846866785e-10,"Short","Ku",NA,NA,0,0,0,0,0,0,0,NA,NA,2.98701340408116e-10,0.0372575759062957,3,0.0967741935483871,"TRUE","ShortHotdog","AbsentYesSportySee_pizza","Ku"
"722","0110","P=0","c01100",FALSE,0.0324266788866931,0.518826862187089,1,0.111111111031935,0.111111111111111,0.0422363270212928,0.0720592864148735,"Short","P","c01101",TRUE,0.0299147939605978,0.478636703369564,1,0.0201761524860624,0.111111111111111,0.0251229978119274,0.0797727838949274,"Hotdog","P",0.0656436317589987,0.0484450337267259,NA,NA,"TRUE","ShortHotdog","AbsentYesSportySee_pizza","P"
"723","0110","Pu_f=0",NA,NA,0,0,0,0,0,0,0,NA,NA,"c01101",TRUE,0.0246773130518419,0.394837008829471,0.824920040711149,0.0173833819112314,0.0916577823012388,0.0117882791593589,0.0329030840691226,"Hotdog","Pu",0.0086916909556157,0.0385756815707181,NA,NA,"TRUE","ShortHotdog","AbsentYesSportySee_pizza","Pu"
"724","0110","Pu_f=1",NA,NA,0,0,0,0,0,0,0,NA,NA,"c01101",TRUE,0.00523748090875583,0.0837996945400932,0.175079959288851,0.00526765717950548,0.0194533288098723,0.00319175375192467,0.0069833078783411,"Hotdog","Pu",0.00263382858975274,0.0376521710783001,10,0.32258064516129,"TRUE","ShortHotdog","AbsentYesSportySee_pizza","Pu"
"725","0110","Pu_p=0","c01100",FALSE,0.0276860548421886,0.442976877475017,0.853804823458196,0.094867202540417,0.0948672026064662,0.0191737330744557,0.0307622831579873,"Short","Pu",NA,NA,0,0,0,0,0,0,0,NA,NA,0.0474336012702085,0.0450417441733615,NA,NA,"TRUE","ShortHotdog","AbsentYesSportySee_pizza","Pu"
"726","0110","Pu_p=1","c01100",FALSE,0.00474062404450447,0.0758499847120716,0.146195176541804,0.016243908496677,0.0162439085046449,0.00371365536236868,0.00526736004944941,"Short","Pu",NA,NA,0,0,0,0,0,0,0,NA,NA,0.00812195424833848,0.0384878697407725,NA,NA,"TRUE","ShortHotdog","AbsentYesSportySee_pizza","Pu"
"727","0110","S=0","c01100",FALSE,0.0324266788866931,0.518826862187089,1,0.111111111042076,0.111111111111111,0.0474999561616109,0.0720592864148735,"Short","S","c01101",TRUE,0.0299147939605978,0.478636703369564,1,0.0218504749065848,0.111111111111111,0.0249313207435771,0.0797727838949274,"Hotdog","S",0.0664807929743303,0.0486075308607224,NA,NA,"TRUE","ShortHotdog","AbsentYesSportySee_pizza","S"
"728","0110","Su=0","c01100",FALSE,2.13406379040139e-09,3.41450206464223e-08,6.58119753138564e-08,7.31244169694421e-09,7.3124417015396e-09,1.56526880706292e-09,2.37118198933488e-09,"Short","Su","c01101",TRUE,0.0275021254693483,0.440034007509573,0.919348650890684,0.0197177703040144,0.102149850098965,0.0124355979807117,0.0366695006257978,"Hotdog","Su",0.00985888880822807,0.038756204465444,NA,NA,"TRUE","ShortHotdog","AbsentYesSportySee_pizza","Su"
"729","0110","Su=1","c01100",FALSE,0.0324266767526293,0.518826828042068,0.999999934188025,0.111111103729531,0.111111103798669,0.0238056801975264,0.0360296408362547,"Short","Su","c01101",TRUE,0.00241266849124943,0.0386026958599908,0.0806513491093159,0.00332409442542086,0.00896126101214621,0.00175815958418563,0.0032168913216659,"Hotdog","Su",0.057217599077476,0.046839445444242,1,0.032258064516129,"TRUE","ShortHotdog","AbsentYesSportySee_pizza","Su"
"730","0111","br_f=0",NA,NA,0,0,0,0,0,0,0,NA,NA,"c01111",TRUE,0.00263221119765986,0.0421153791625578,0.0808845085178451,0.00113671887886267,0.0089871676130939,0.000752914470934655,0.00350961493021315,"Hotdog","br",0.000568359439431335,0.0382431912302732,NA,NA,"TRUE","ShortHotdog","AbsentYesSportySee_hotdog","br"
"731","0111","br_f=1",NA,NA,0,0,0,0,0,0,0,NA,NA,"c01111",TRUE,0.0299106235910207,0.478569977456332,0.919115491482155,0.726839406394335,0.102123943498017,0.212326280448155,0.0531744419395924,"Hotdog","br",0.363419703197168,0.163264390183031,NA,NA,"TRUE","ShortHotdog","AbsentYesSportySee_hotdog","br"
"732","0111","br_p=0","c01110",FALSE,0.0324266788866923,0.518826862187077,0.999999999999977,0.222447901042359,0.111111111111109,0.0861025913062421,0.0432355718489231,"Short","br",NA,NA,0,0,0,0,0,0,0,NA,NA,0.111223950521179,0.0595364006844898,4,0.129032258064516,"TRUE","ShortHotdog","AbsentYesSportySee_hotdog","br"
"733","0111","br_p=1","c01110",FALSE,7.3625236352634e-16,1.17800378164214e-14,2.27051424568945e-14,3.75617563232485e-16,2.52279360632161e-15,1.05700851330571e-16,6.54446545356747e-16,"Short","br",NA,NA,0,0,0,0,0,0,0,NA,NA,1.87808781616242e-16,0.0381563464708369,NA,NA,"TRUE","ShortHotdog","AbsentYesSportySee_hotdog","br"
"734","0111","C=1","c01110",FALSE,0.0324266788866931,0.518826862187089,1,0.0971867060109782,0.111111111111111,0.0357371751293316,0.0720592864148735,"Short","C","c01111",TRUE,0.0325428347886806,0.520685356618889,1,0.0272725129213163,0.111111111111111,0.0466690555663133,0.101244374898117,"Hotdog","C",0.0622296094661473,0.0489407575710305,1,0.032258064516129,"TRUE","ShortHotdog","AbsentYesSportySee_hotdog","C"
"735","0111","Cu=0","c01110",FALSE,0.0324266788441723,0.518826861506756,0.99999999868871,0.0972039194276149,0.111111110965412,0.0287219060355499,0.0432355717922297,"Short","Cu","c01111",TRUE,1.21479769061149e-10,1.94367630497838e-09,3.73291908495332e-09,1.00530139369405e-10,4.14768787217036e-10,8.67609247171478e-11,1.88968529650676e-10,"Hotdog","Cu",0.0486019597640725,0.0463443756140795,3,0.0967741935483871,"TRUE","ShortHotdog","AbsentYesSportySee_hotdog","Cu"
"736","0111","Cu=1","c01110",FALSE,4.25207866643014e-11,6.80332586628823e-10,1.31129021300269e-09,2.70312335363544e-11,1.45698912555854e-10,8.71527359090886e-12,3.77962548127124e-11,"Short","Cu","c01111",TRUE,0.0325428346672008,0.520685354675213,0.999999996267081,0.0272414539218684,0.111111110696342,0.0232853764205216,0.0506221872600902,"Hotdog","Cu",0.0136207269744498,0.0402928892315022,NA,NA,"TRUE","ShortHotdog","AbsentYesSportySee_hotdog","Cu"
"737","0111","K=1","c01110",FALSE,0.0324266788866931,0.518826862187089,1,0.0971915719824797,0.111111111111111,0.163009660976176,0.0720592864148735,"Short","K","c01111",TRUE,0.0325428347886806,0.520685356618889,1,0.0296043811909961,0.111111111111111,0.125135465881074,0.101244374898117,"Hotdog","K",0.0633979765867379,0.0491700159576888,2,0.0645161290322581,"TRUE","ShortHotdog","AbsentYesSportySee_hotdog","K"
"738","0111","Ku_f=0",NA,NA,0,0,0,0,0,0,0,NA,NA,"c01111",TRUE,0.0325348368418867,0.520557389470187,0.999754233248399,0.0164311133164433,0.111083803694267,0.0104266359133416,0.0433797824558489,"Hotdog","Ku",0.00821555665822164,0.0394310795435662,NA,NA,"TRUE","ShortHotdog","AbsentYesSportySee_hotdog","Ku"
"739","0111","Ku_f=1",NA,NA,0,0,0,0,0,0,0,NA,NA,"c01111",TRUE,7.99794679389475e-06,0.000127967148702316,0.000245766751600776,6.31632383042618e-05,2.73074168445307e-05,2.66560771498826e-05,1.42185720780351e-05,"Hotdog","Ku",3.15816191521309e-05,0.0381611669321163,NA,NA,"TRUE","ShortHotdog","AbsentYesSportySee_hotdog","Ku"
"740","0111","Ku_p=0","c01110",FALSE,0.0324266787983233,0.518826860773172,0.999999997274781,0.0971916218612909,0.111111110808309,0.00823711501506902,0.0144118572436992,"Short","Ku",NA,NA,0,0,0,0,0,0,0,NA,NA,0.0485958109306454,0.0463432357727132,NA,NA,"TRUE","ShortHotdog","AbsentYesSportySee_hotdog","Ku"
"741","0111","Ku_p=1","c01110",FALSE,8.83697888625666e-11,1.41391662180107e-09,2.72521861308563e-09,6.01834791670546e-10,3.02802068120625e-10,4.20694906299228e-10,1.57101846866785e-10,"Short","Ku",NA,NA,0,0,0,0,0,0,0,NA,NA,3.00917395835273e-10,0.0381563465167645,2,0.0645161290322581,"TRUE","ShortHotdog","AbsentYesSportySee_hotdog","Ku"
"742","0111","P=0","c01110",FALSE,0.0324266788866931,0.518826862187089,1,0.0971915338108899,0.111111111111111,0.0361283122022893,0.0720592864148735,"Short","P","c01111",TRUE,0.0325428347886806,0.520685356618889,1,0.0233326129866465,0.111111111111111,0.0384095722989404,0.101244374898117,"Hotdog","P",0.0602620733987682,0.0485570984548763,NA,NA,"TRUE","ShortHotdog","AbsentYesSportySee_hotdog","P"
"743","0111","Pu_f=0",NA,NA,0,0,0,0,0,0,0,NA,NA,"c01111",TRUE,0.0268452365987346,0.429523785579753,0.824920040711149,0.0198538557502583,0.0916577823012388,0.0173727409730699,0.0417592569313649,"Hotdog","Pu",0.00992692787512913,0.0397019303969182,NA,NA,"TRUE","ShortHotdog","AbsentYesSportySee_hotdog","Pu"
"744","0111","Pu_f=1",NA,NA,0,0,0,0,0,0,0,NA,NA,"c01111",TRUE,0.005697598189946,0.0911615710391361,0.175079959288851,0.00583915942653611,0.0194533288098723,0.00448697555018684,0.00886293051769378,"Hotdog","Pu",0.00291957971326805,0.0386045605506022,7,0.225806451612903,"TRUE","ShortHotdog","AbsentYesSportySee_hotdog","Pu"
"745","0111","Pu_p=0","c01110",FALSE,0.0276860548421886,0.442976877475017,0.853804823458196,0.0948671971917133,0.0948672026064662,0.0166030599519738,0.0307622831579873,"Short","Pu",NA,NA,0,0,0,0,0,0,0,NA,NA,0.0474335985958567,0.046128293056976,NA,NA,"TRUE","ShortHotdog","AbsentYesSportySee_hotdog","Pu"
"746","0111","Pu_p=1","c01110",FALSE,0.00474062404450447,0.0758499847120716,0.146195176541804,0.00232430757976004,0.0162439085046449,0.00327318523954294,0.00526736004944941,"Short","Pu",NA,NA,0,0,0,0,0,0,0,NA,NA,0.00116215378988002,0.0383341335531769,NA,NA,"TRUE","ShortHotdog","AbsentYesSportySee_hotdog","Pu"
"747","0111","S=1","c01110",FALSE,0.0324266788866931,0.518826862187089,1,0.0971913209667828,0.111111111111111,0.0415767248457643,0.0720592864148735,"Short","S","c01111",TRUE,0.0325428347886806,0.520685356618889,1,0.0272209174844946,0.111111111111111,0.046537698170907,0.101244374898117,"Hotdog","S",0.0622061192256387,0.0489361592664004,NA,NA,"TRUE","ShortHotdog","AbsentYesSportySee_hotdog","S"
"748","0111","Su=0","c01110",FALSE,2.13406379040139e-09,3.41450206464223e-08,6.58119753138564e-08,1.95986144037311e-09,7.3124417015396e-09,1.36576595550791e-09,2.37118198933488e-09,"Short","Su","c01111",TRUE,0.0275021254693483,0.440034007509573,0.845105401786154,0.0158094239003839,0.0939006001984616,0.0109569138146598,0.0366695006257978,"Hotdog","Su",0.00790471293012266,0.0393820823957176,NA,NA,"TRUE","ShortHotdog","AbsentYesSportySee_hotdog","Su"
"749","0111","Su=1","c01110",FALSE,0.0324266767526293,0.518826828042068,0.999999934188025,0.0972039175374033,0.111111103798669,0.0207596604725414,0.0360296408362547,"Short","Su","c01111",TRUE,0.00504070931933224,0.0806513491093159,0.154894598213846,0.0793552804890244,0.0172105109126495,0.0292838718992451,0.00896126101214621,"Hotdog","Su",0.0882795990132138,0.0543155466172406,4,0.129032258064516,"TRUE","ShortHotdog","AbsentYesSportySee_hotdog","Su"
"750","1000","br_f=0",NA,NA,0,0,0,0,0,0,0,NA,NA,"c10001",TRUE,0.00570574669493313,0.0912919471189302,0.160200117224841,0.00238988558859456,0.0178000130249823,0.000890710775131425,0.00507177483994056,"Hotdog","br",0.00119494279429728,0.0387206280223167,NA,NA,"TRUE","ShortHotdog","HotdogNoLazySee_pizza","br"
"751","1000","br_f=1",NA,NA,0,0,0,0,0,0,0,NA,NA,"c10001",TRUE,0.0299106235910207,0.478569977456332,0.839799882775159,0.632293919914345,0.0933110980861288,0.27426992762654,0.0531744419395924,"Hotdog","br",0.316146959957172,0.13648033666513,NA,NA,"TRUE","ShortHotdog","HotdogNoLazySee_pizza","br"
"752","1000","br_p=0","c10000",FALSE,0.0624994792816265,0.999991668506024,0.999998781967103,0.0781926885584248,0.111110975774123,0.0828807994078911,0.111110185389558,"Short","br",NA,NA,0,0,0,0,0,0,0,NA,NA,0.0390963442792124,0.0450592408714286,4,0.125,"TRUE","ShortHotdog","HotdogNoLazySee_pizza","br"
"753","1000","br_p=1","c10000",FALSE,7.61265145379964e-08,1.21802423260794e-06,1.2180328970481e-06,1.53206008234189e-08,1.353369885609e-07,8.45619932404008e-09,6.76680129226634e-08,"Short","br",NA,NA,0,0,0,0,0,0,0,NA,NA,7.66030041170943e-09,0.0385359950672982,NA,NA,"TRUE","ShortHotdog","HotdogNoLazySee_pizza","br"
"754","1000","C=0","c10000",FALSE,0.0624995554081411,0.999992886530257,1,0.389946415589859,0.111111111111111,0.356629225225732,0.166665481088376,"Short","C","c10001",TRUE,0.0356163702859539,0.569861924575262,1,0.0302270290230185,0.111111111111111,0.038294667298797,0.0949769874292103,"Hotdog","C",0.210086722306439,0.089294473575074,1,0.03125,"TRUE","ShortHotdog","HotdogNoLazySee_pizza","C"
"755","1000","Cu=0","c10000",FALSE,0.0324267183409816,0.518827493455705,0.518831184145635,0.0576478666975799,0.057647909349515,0.0348496973462805,0.0432356244546421,"Short","Cu","c10001",TRUE,1.32953028377202e-10,2.12724845403523e-09,3.73291908495332e-09,1.12335333455333e-10,4.14768787217036e-10,7.16855072279226e-11,1.77270704502935e-10,"Hotdog","Cu",0.0288239334049576,0.0432452951284829,NA,NA,"TRUE","ShortHotdog","HotdogNoLazySee_pizza","Cu"
"756","1000","Cu=1","c10000",FALSE,0.0300728370671595,0.481165393074552,0.481168815854365,0.0129654954021618,0.0534632017615961,0.01510530877438,0.040097116089546,"Short","Cu","c10001",TRUE,0.0356163701530008,0.569861922448013,0.999999996267081,0.0298928535170639,0.111111110696342,0.0190880372131026,0.0474884935373344,"Hotdog","Cu",0.0214291744596129,0.0419848739144984,NA,NA,"TRUE","ShortHotdog","HotdogNoLazySee_pizza","Cu"
"757","1000","K=0","c10000",FALSE,0.0624995554081411,0.999992886530257,1,0.0761269061690014,0.111111111111111,0.0965312620193537,0.166665481088376,"Short","K","c10001",TRUE,0.0356163702859539,0.569861924575262,1,0.0275930930176061,0.111111111111111,0.0300448053788933,0.0949769874292103,"Hotdog","K",0.0518599995933038,0.0474194607627534,NA,NA,"TRUE","ShortHotdog","HotdogNoLazySee_pizza","K"
"758","1000","Ku_f=0",NA,NA,0,0,0,0,0,0,0,NA,NA,"c10001",TRUE,0.0356118125606012,0.56978900096962,0.999872032851298,0.0277093623824874,0.111096892539033,0.0169055509673191,0.0474824167474683,"Hotdog","Ku",0.0138546811912437,0.0407318945506841,NA,NA,"TRUE","ShortHotdog","HotdogNoLazySee_pizza","Ku"
"759","1000","Ku_f=1",NA,NA,0,0,0,0,0,0,0,NA,NA,"c10001",TRUE,4.55772535261941e-06,7.29236056419105e-05,0.000127967148702316,4.80130052939249e-06,1.42185720780351e-05,2.78151252453427e-06,6.07696713682588e-06,"Hotdog","Ku",2.40065026469625e-06,0.0385363639340614,NA,NA,"TRUE","ShortHotdog","HotdogNoLazySee_pizza","Ku"
"760","1000","Ku_p=0","c10000",FALSE,0.0624995553197719,0.99999288511635,0.999999998586083,0.0758536939200937,0.111111110954009,0.0502403838371168,0.0833327404263625,"Short","Ku",NA,NA,0,0,0,0,0,0,0,NA,NA,0.0379268469600468,0.0448489464867552,NA,NA,"TRUE","ShortHotdog","HotdogNoLazySee_pizza","Ku"
"761","1000","Ku_p=1","c10000",FALSE,8.83691602467474e-11,1.41390656394796e-09,1.41391662180107e-09,1.1275370462609e-10,1.57101846866785e-10,7.86100179209149e-11,1.17825546995663e-10,"Short","Ku",NA,NA,0,0,0,0,0,0,0,NA,NA,5.63768523130449e-11,0.0385359938951992,2,0.0625,"TRUE","ShortHotdog","HotdogNoLazySee_pizza","Ku"
"762","1000","P=1","c10000",FALSE,0.0624995554081411,0.999992886530257,1,0.0794888179749096,0.111111111111111,0.272011717072107,0.166665481088376,"Short","P","c10001",TRUE,0.0356163702859539,0.569861924575262,1,0.101839750333363,0.111111111111111,0.154551158913044,0.0949769874292103,"Hotdog","P",0.0906642841541363,0.0553817350581015,17,0.53125,"TRUE","ShortHotdog","HotdogNoLazySee_pizza","P"
"763","1000","Pu_f=0",NA,NA,0,0,0,0,0,0,0,NA,NA,"c10001",TRUE,0.0246738728304007,0.394781965286411,0.692767753488103,0.00929308444138748,0.0769741948320114,0.00359114272698146,0.0219323314048006,"Hotdog","Pu",0.00464654222069374,0.0392589278522574,NA,NA,"TRUE","ShortHotdog","HotdogNoLazySee_pizza","Pu"
"764","1000","Pu_f=1",NA,NA,0,0,0,0,0,0,0,NA,NA,"c10001",TRUE,0.0109424974555532,0.175079959288851,0.307232246511897,0.0814774838808863,0.0341369162790997,0.0447631951077123,0.0194533288098723,"Hotdog","Pu",0.0407387419404431,0.0453562361392109,6,0.1875,"TRUE","ShortHotdog","HotdogNoLazySee_pizza","Pu"
"765","1000","Pu_p=0","c10000",FALSE,0.0533623568742783,0.853797709988453,0.853803783495834,0.060430405063674,0.0948670870550926,0.0300217813070338,0.0474332061104696,"Short","Pu",NA,NA,0,0,0,0,0,0,0,NA,NA,0.030215202531837,0.0434866294034704,NA,NA,"TRUE","ShortHotdog","HotdogNoLazySee_pizza","Pu"
"766","1000","Pu_p=1","c10000",FALSE,0.00913719853386274,0.146195176541804,0.146196216504166,0.0159197239708826,0.0162440240560185,0.0342170003453692,0.0162439085046449,"Short","Pu",NA,NA,0,0,0,0,0,0,0,NA,NA,0.00795986198544129,0.0397827005649277,1,0.03125,"TRUE","ShortHotdog","HotdogNoLazySee_pizza","Pu"
"767","1000","S=0","c10000",FALSE,0.0624995554081411,0.999992886530257,1,0.0768520760084289,0.111111111111111,0.105669136578472,0.166665481088376,"Short","S","c10001",TRUE,0.0356163702859539,0.569861924575262,1,0.0283262873657277,0.111111111111111,0.029793287494579,0.0949769874292103,"Hotdog","S",0.0525891816870783,0.047557972351636,NA,NA,"TRUE","ShortHotdog","HotdogNoLazySee_pizza","S"
"768","1000","Su=0","c10000",FALSE,4.11321919764758e-09,6.58115071623613e-08,6.58119753138564e-08,5.05237348237613e-09,7.3124417015396e-09,3.4791216930651e-09,5.48429226353011e-09,"Short","Su","c10001",TRUE,0.0327438619720147,0.523901791552236,0.919348650890684,0.0249684688021667,0.102149850098965,0.0148333136110726,0.043658482629353,"Hotdog","Su",0.0124842369272701,0.0405092222632173,NA,NA,"TRUE","ShortHotdog","HotdogNoLazySee_pizza","Su"
"769","1000","Su=1","c10000",FALSE,0.0624995512949219,0.99999282071875,0.999999934188025,0.0765758901592561,0.111111103798669,0.0528488426632562,0.0833327350598958,"Short","Su","c10001",TRUE,0.00287250831393913,0.0459601330230261,0.0806513491093159,0.00398398032048909,0.00896126101214621,0.00209752136791855,0.00383001108525217,"Hotdog","Su",0.0402799352398726,0.0452730734934972,1,0.03125,"TRUE","ShortHotdog","HotdogNoLazySee_pizza","Su"
"770","1001","br_f=0",NA,NA,0,0,0,0,0,0,0,NA,NA,"c10011",TRUE,0.00787394770032625,0.12598316320522,0.208390552842648,0.00333574002325729,0.0231545058714054,0.0022472793627527,0.0104985969337683,"Hotdog","br",0.00166787001162864,0.0391803038414301,NA,NA,"TRUE","ShortHotdog","HotdogNoLazySee_hotdog","br"
"771","1001","br_f=1",NA,NA,0,0,0,0,0,0,0,NA,NA,"c10011",TRUE,0.0299106235910207,0.478569977456332,0.791609447157352,0.572929952810359,0.0879566052397058,0.212448913727214,0.0531744419395924,"Hotdog","br",0.28646497640518,0.122408350779544,NA,NA,"TRUE","ShortHotdog","HotdogNoLazySee_hotdog","br"
"772","1001","br_p=0","c10010",FALSE,0.0624994792816265,0.999991668506024,0.999998781967103,0.119646502406619,0.111110975774123,0.213307117224271,0.111110185389558,"Short","br",NA,NA,0,0,0,0,0,0,0,NA,NA,0.0598232512033093,0.0494417738953742,2,0.0666666666666667,"TRUE","ShortHotdog","HotdogNoLazySee_hotdog","br"
"773","1001","br_p=1","c10010",FALSE,7.61265145379964e-08,1.21802423260794e-06,1.2180328970481e-06,1.51815005057611e-08,1.353369885609e-07,8.42343577609374e-09,6.76680129226634e-08,"Short","br",NA,NA,0,0,0,0,0,0,0,NA,NA,7.59075025288057e-09,0.0389197844032002,1,0.0333333333333333,"TRUE","ShortHotdog","HotdogNoLazySee_hotdog","br"
"774","1001","C=0","c10010",FALSE,0.0624995554081411,0.999992886530257,1,0.385750221797647,0.111111111111111,0.34015722433989,0.166665481088376,"Short","C","c10011",TRUE,0.037784571291347,0.604553140661552,1,0.0322433044918879,0.111111111111111,0.0540554842995946,0.117551999573079,"Hotdog","C",0.208996763144767,0.0897914482794574,7,0.233333333333333,"TRUE","ShortHotdog","HotdogNoLazySee_hotdog","C"
"775","1001","Cu=0","c10010",FALSE,0.0324267183409816,0.518827493455705,0.518831184145635,0.0522545254455392,0.057647909349515,0.0263781738589096,0.0432356244546421,"Short","Cu","c10011",TRUE,1.41046747290249e-10,2.25674795664398e-09,3.73291908495332e-09,1.22661651887992e-10,4.14768787217036e-10,1.00921696433576e-10,2.19406051340387e-10,"Hotdog","Cu",0.0261272627841004,0.0432073983457147,NA,NA,"TRUE","ShortHotdog","HotdogNoLazySee_hotdog","Cu"
"776","1001","Cu=1","c10010",FALSE,0.0300728370671595,0.481165393074552,0.481168815854365,0.0130714142139818,0.0534632017615961,0.0151574650490845,0.040097116089546,"Short","Cu","c10011",TRUE,0.0377845711503002,0.604553138404804,0.999999996267081,0.0323613822925036,0.111111110696342,0.0269177014553028,0.0587759995671337,"Hotdog","Cu",0.0227163982532427,0.0426219031872706,NA,NA,"TRUE","ShortHotdog","HotdogNoLazySee_hotdog","Cu"
"777","1001","K=0","c10010",FALSE,0.0624995554081411,0.999992886530257,1,0.0706178947549029,0.111111111111111,0.0804023645151611,0.166665481088376,"Short","K","c10011",TRUE,0.037784571291347,0.604553140661552,1,0.0299873351008037,0.111111111111111,0.0444170316230472,0.117551999573079,"Hotdog","K",0.0503026149278533,0.0475943067106488,1,0.0333333333333333,"TRUE","ShortHotdog","HotdogNoLazySee_hotdog","K"
"778","1001","Ku_f=0",NA,NA,0,0,0,0,0,0,0,NA,NA,"c10011",TRUE,0.0377797361074939,0.604475777719902,0.999872032851298,0.0299791347560924,0.111096892539033,0.0243117632263246,0.0587684783894349,"Hotdog","Ku",0.0149895673780462,0.0413247236713288,1,0.0333333333333333,"TRUE","ShortHotdog","HotdogNoLazySee_hotdog","Ku"
"779","1001","Ku_f=1",NA,NA,0,0,0,0,0,0,0,NA,NA,"c10011",TRUE,4.83518385309306e-06,7.7362941649489e-05,0.000127967148702316,5.16947127241372e-06,1.42185720780351e-05,3.81223234044555e-06,7.52139710481143e-06,"Hotdog","Ku",2.58473563620686e-06,0.0389201856129615,1,0.0333333333333333,"TRUE","ShortHotdog","HotdogNoLazySee_hotdog","Ku"
"780","1001","Ku_p=0","c10010",FALSE,0.0624995553197719,0.99999288511635,0.999999998586083,0.0706779535637368,0.111111110954009,0.0399065208580622,0.0833327404263625,"Short","Ku",NA,NA,0,0,0,0,0,0,0,NA,NA,0.0353389767818684,0.0448291498704764,NA,NA,"TRUE","ShortHotdog","HotdogNoLazySee_hotdog","Ku"
"781","1001","Ku_p=1","c10010",FALSE,8.83691602467474e-11,1.41390656394796e-09,1.41391662180107e-09,5.27383468952236e-11,1.57101846866785e-10,7.0635135675576e-11,1.17825546995663e-10,"Short","Ku",NA,NA,0,0,0,0,0,0,0,NA,NA,2.63691734476118e-11,0.0389197832255839,NA,NA,"TRUE","ShortHotdog","HotdogNoLazySee_hotdog","Ku"
"782","1001","P=1","c10010",FALSE,0.0624995554081411,0.999992886530257,1,0.0740865299886697,0.111111111111111,0.253704909248473,0.166665481088376,"Short","P","c10011",TRUE,0.037784571291347,0.604553140661552,1,0.0955288927859504,0.111111111111111,0.146401241295443,0.117551999573079,"Hotdog","P",0.0848077113873101,0.0546382142704971,13,0.433333333333333,"TRUE","ShortHotdog","HotdogNoLazySee_hotdog","P"
"783","1001","Pu_f=0",NA,NA,0,0,0,0,0,0,0,NA,NA,"c10011",TRUE,0.0268420738357938,0.429473181372701,0.710397734271525,0.011261683511701,0.078933081585725,0.00858808548437339,0.0357894317810584,"Hotdog","Pu",0.0056308417558505,0.0398063343630356,NA,NA,"TRUE","ShortHotdog","HotdogNoLazySee_hotdog","Pu"
"784","1001","Pu_f=1",NA,NA,0,0,0,0,0,0,0,NA,NA,"c10011",TRUE,0.0109424974555532,0.175079959288851,0.289602265728476,0.0767357913497393,0.0321780295253862,0.0362988679863731,0.0194533288098723,"Hotdog","Pu",0.0383678956748697,0.0453755888609601,NA,NA,"TRUE","ShortHotdog","HotdogNoLazySee_hotdog","Pu"
"785","1001","Pu_p=0","c10010",FALSE,0.0533623568742783,0.853797709988453,0.853803783495834,0.0604843659393229,0.0948670870550926,0.0198834873459994,0.0474332061104696,"Short","Pu",NA,NA,0,0,0,0,0,0,0,NA,NA,0.0302421829696615,0.0439244634707707,NA,NA,"TRUE","ShortHotdog","HotdogNoLazySee_hotdog","Pu"
"786","1001","Pu_p=1","c10010",FALSE,0.00913719853386274,0.146195176541804,0.146196216504166,0.010451567477416,0.0162440240560185,0.0337894208283954,0.0162439085046449,"Short","Pu",NA,NA,0,0,0,0,0,0,0,NA,NA,0.00522578373870799,0.0397418910841996,NA,NA,"TRUE","ShortHotdog","HotdogNoLazySee_hotdog","Pu"
"787","1001","S=1","c10010",FALSE,0.0624995554081411,0.999992886530257,1,0.0716173907344677,0.111111111111111,0.0894214427854997,0.166665481088376,"Short","S","c10011",TRUE,0.037784571291347,0.604553140661552,1,0.0324736053293915,0.111111111111111,0.0539484900214454,0.117551999573079,"Hotdog","S",0.0520454980319296,0.0479272712506877,NA,NA,"TRUE","ShortHotdog","HotdogNoLazySee_hotdog","S"
"788","1001","Su=0","c10010",FALSE,4.11321919764758e-09,6.58115071623613e-08,6.58119753138564e-08,2.2948604497017e-09,7.3124417015396e-09,3.0940390740952e-09,5.48429226353011e-09,"Short","Su","c10011",TRUE,0.0327438619720147,0.523901791552236,0.866593449467386,0.0206532343279464,0.0962881610519318,0.0130434210223424,0.043658482629353,"Hotdog","Su",0.0103266183114034,0.0405610870800016,NA,NA,"TRUE","ShortHotdog","HotdogNoLazySee_hotdog","Su"
"789","1001","Su=1","c10010",FALSE,0.0624995512949219,0.99999282071875,0.999999934188025,0.0713416161485982,0.111111103798669,0.0424487209589225,0.0833327350598958,"Short","Su","c10011",TRUE,0.00504070931933224,0.0806513491093159,0.133406550532614,0.0625047736264333,0.0148229500591794,0.0292755412829137,0.00896126101214621,"Hotdog","Su",0.0669231948875157,0.0508660377968569,4,0.133333333333333,"TRUE","ShortHotdog","HotdogNoLazySee_hotdog","Su"
"790","1010","br_f=0",NA,NA,0,0,0,0,0,0,0,NA,NA,"c10101",TRUE,0.00570574669493313,0.0912919471189302,0.160200117224841,0.00241836864779528,0.0178000130249823,0.000893514080282068,0.00507177483994056,"Hotdog","br",0.00120918432389764,0.0373524885241668,NA,NA,"TRUE","ShortHotdog","HotdogNoSportySee_pizza","br"
"791","1010","br_f=1",NA,NA,0,0,0,0,0,0,0,NA,NA,"c10101",TRUE,0.0299106235910207,0.478569977456332,0.839799882775159,0.629921994786995,0.0933110980861288,0.274304343142395,0.0531744419395924,"Hotdog","br",0.314960997393497,0.131027442866311,NA,NA,"TRUE","ShortHotdog","HotdogNoSportySee_pizza","br"
"792","1010","br_p=0","c10100",FALSE,0.036823177213232,0.589170835411712,0.999997932651039,0.676742305374597,0.111110881405671,0.0696864387377757,0.0490975696176427,"Short","br",NA,NA,0,0,0,0,0,0,0,NA,NA,0.338371152687299,0.143889754119636,NA,NA,"TRUE","ShortHotdog","HotdogNoSportySee_pizza","br"
"793","1010","br_p=1","c10100",FALSE,7.61265145379964e-08,1.21802423260794e-06,2.0673489611475e-06,3.31328230617097e-08,2.297054401275e-07,1.09740052339808e-08,6.76680129226634e-08,"Short","br",NA,NA,0,0,0,0,0,0,0,NA,NA,1.65664115308549e-08,0.0371722630220983,1,0.03125,"TRUE","ShortHotdog","HotdogNoSportySee_pizza","br"
"794","1010","C=1","c10100",FALSE,0.0368232533397465,0.589172053435945,1,0.0290827375843079,0.111111111111111,0.044196731634967,0.0818294518661034,"Short","C","c10101",TRUE,0.0356163702859539,0.569861924575262,1,0.0300849201782442,0.111111111111111,0.0382902781706967,0.0949769874292103,"Hotdog","C",0.0295838288812761,0.0418418951851034,5,0.15625,"TRUE","ShortHotdog","HotdogNoSportySee_pizza","C"
"795","1010","Cu=0","c10100",FALSE,0.0324267183409816,0.518827493455705,0.880604384457812,0.0263110252333293,0.0978449316064235,0.0318210588075782,0.0432356244546421,"Short","Cu","c10101",TRUE,1.32953028377202e-10,2.12724845403523e-09,3.73291908495332e-09,1.11387770853801e-10,4.14768787217036e-10,7.10547240457949e-11,1.77270704502935e-10,"Hotdog","Cu",0.0131555126723586,0.0391807223835936,NA,NA,"TRUE","ShortHotdog","HotdogNoSportySee_pizza","Cu"
"796","1010","Cu=1","c10100",FALSE,0.00439653499876497,0.0703445599802395,0.119395615542188,0.00237988407865787,0.0132661795046876,0.000901735503847199,0.00390803111001331,"Short","Cu","c10101",TRUE,0.0356163701530008,0.569861922448013,0.999999996267081,0.0302026826314866,0.111111110696342,0.019108139923064,0.0474884935373344,"Hotdog","Cu",0.0162912833550722,0.0396752644833434,1,0.03125,"TRUE","ShortHotdog","HotdogNoSportySee_pizza","Cu"
"797","1010","K=0","c10100",FALSE,0.0368232533397465,0.589172053435945,1,0.0327596615096824,0.111111111111111,0.0444067203405794,0.0818294518661034,"Short","K","c10101",TRUE,0.0356163702859539,0.569861924575262,1,0.0278719892652388,0.111111111111111,0.0300114713411607,0.0949769874292103,"Hotdog","K",0.0303158253874606,0.0419645872020552,2,0.0625,"TRUE","ShortHotdog","HotdogNoSportySee_pizza","K"
"798","1010","Ku_f=0",NA,NA,0,0,0,0,0,0,0,NA,NA,"c10101",TRUE,0.0356118125606012,0.56978900096962,0.999872032851298,0.0279301816381711,0.111096892539033,0.016929401004085,0.0474824167474683,"Hotdog","Ku",0.0139650908190855,0.0393078074696111,NA,NA,"TRUE","ShortHotdog","HotdogNoSportySee_pizza","Ku"
"799","1010","Ku_f=1",NA,NA,0,0,0,0,0,0,0,NA,NA,"c10101",TRUE,4.55772535261941e-06,7.29236056419105e-05,0.000127967148702316,4.83329085374435e-06,1.42185720780351e-05,2.78617974942445e-06,6.07696713682588e-06,"Hotdog","Ku",2.41664542687217e-06,0.037172619889285,NA,NA,"TRUE","ShortHotdog","HotdogNoSportySee_pizza","Ku"
"800","1010","Ku_p=0","c10100",FALSE,0.0368232532876815,0.589172052602905,0.999999998586083,0.0325829197825713,0.111111110954009,0.0220264008565221,0.0409147258752017,"Short","Ku",NA,NA,0,0,0,0,0,0,0,NA,NA,0.0162914598912856,0.0396752924998372,NA,NA,"TRUE","ShortHotdog","HotdogNoSportySee_pizza","Ku"
"801","1010","Ku_p=1","c10100",FALSE,5.20650099658593e-11,8.33040159453748e-10,1.41391662180107e-09,1.49952939487181e-10,1.57101846866785e-10,4.10189785502347e-11,5.7850011073177e-11,"Short","Ku",NA,NA,0,0,0,0,0,0,0,NA,NA,7.49764697435903e-11,0.0371722605700025,NA,NA,"TRUE","ShortHotdog","HotdogNoSportySee_pizza","Ku"
"802","1010","P=1","c10100",FALSE,0.0368232533397465,0.589172053435945,1,0.0663545186244785,0.111111111111111,0.187667500230366,0.0818294518661034,"Short","P","c10101",TRUE,0.0356163702859539,0.569861924575262,1,0.102460435944185,0.111111111111111,0.155098508412495,0.0949769874292103,"Hotdog","P",0.0844074772843316,0.0521014462949639,15,0.46875,"TRUE","ShortHotdog","HotdogNoSportySee_pizza","P"
"803","1010","Pu_f=0",NA,NA,0,0,0,0,0,0,0,NA,NA,"c10101",TRUE,0.0246738728304007,0.394781965286411,0.692767753488103,0.00938580659220428,0.0769741948320114,0.00358211035498111,0.0219323314048006,"Hotdog","Pu",0.00469290329610214,0.0378766342874108,1,0.03125,"TRUE","ShortHotdog","HotdogNoSportySee_pizza","Pu"
"804","1010","Pu_f=1",NA,NA,0,0,0,0,0,0,0,NA,NA,"c10101",TRUE,0.0109424974555532,0.175079959288851,0.307232246511897,0.0818370744937765,0.0341369162790997,0.0446430800020327,0.0194533288098723,"Hotdog","Pu",0.0409185372468882,0.0437826205789082,6,0.1875,"TRUE","ShortHotdog","HotdogNoSportySee_pizza","Pu"
"805","1010","Pu_p=0","c10100",FALSE,0.0276860548058838,0.442976876894141,0.751863355213099,0.0119164183282134,0.0835403728014555,0.00966748604899341,0.0123049132470595,"Short","Pu",NA,NA,0,0,0,0,0,0,0,NA,NA,0.0059582091641067,0.0380688223409942,NA,NA,"TRUE","ShortHotdog","HotdogNoSportySee_pizza","Pu"
"806","1010","Pu_p=1","c10100",FALSE,0.00913719853386274,0.146195176541804,0.248136644786901,0.0556701166524982,0.0275707383096556,0.0437687848562685,0.0162439085046449,"Short","Pu",NA,NA,0,0,0,0,0,0,0,NA,NA,0.0278350583262491,0.0415502289918364,NA,NA,"TRUE","ShortHotdog","HotdogNoSportySee_pizza","Pu"
"807","1010","S=0","c10100",FALSE,0.0368232533397465,0.589172053435945,1,0.0329859212888597,0.111111111111111,0.0506061235908217,0.0818294518661034,"Short","S","c10101",TRUE,0.0356163702859539,0.569861924575262,1,0.0283557543302151,0.111111111111111,0.0296549445127516,0.0949769874292103,"Hotdog","S",0.0306708378095374,0.0420242213327245,NA,NA,"TRUE","ShortHotdog","HotdogNoSportySee_pizza","S"
"808","1010","Su=0","c10100",FALSE,2.42341103977128e-09,3.87745766363405e-08,6.58119753138564e-08,6.8926869540757e-09,7.3124417015396e-09,1.78163995360006e-09,2.6926789330792e-09,"Short","Su","c10101",TRUE,0.0327438619720147,0.523901791552236,0.919348650890684,0.0256015041472696,0.102149850098965,0.0148704119671164,0.043658482629353,"Hotdog","Su",0.0128007555199783,0.0391251632469148,NA,NA,"TRUE","ShortHotdog","HotdogNoSportySee_pizza","Su"
"809","1010","Su=1","c10100",FALSE,0.0368232509163355,0.589172014661368,0.999999934188025,0.0332144513673411,0.111111103798669,0.0235483379631757,0.0409147232403728,"Short","Su","c10101",TRUE,0.00287250831393913,0.0459601330230261,0.0806513491093159,0.00392445394217763,0.00896126101214621,0.00209933052436881,0.00383001108525217,"Hotdog","Su",0.0185694526547594,0.0400384647112037,1,0.03125,"TRUE","ShortHotdog","HotdogNoSportySee_pizza","Su"
"810","1011","br_f=0",NA,NA,0,0,0,0,0,0,0,NA,NA,"c10111",TRUE,0.00787394770032625,0.12598316320522,0.208390552842648,0.00329920120652786,0.0231545058714054,0.00224612678759987,0.0104985969337683,"Hotdog","br",0.00164960060326393,0.0377880732958105,NA,NA,"TRUE","ShortHotdog","HotdogNoSportySee_hotdog","br"
"811","1011","br_f=1",NA,NA,0,0,0,0,0,0,0,NA,NA,"c10111",TRUE,0.0299106235910207,0.478569977456332,0.791609447157352,0.570995805526376,0.0879566052397058,0.212403105354803,0.0531744419395924,"Hotdog","br",0.285497902763188,0.117611490638589,NA,NA,"TRUE","ShortHotdog","HotdogNoSportySee_hotdog","br"
"812","1011","br_p=0","c10110",FALSE,0.036823177213232,0.589170835411712,0.999997932651039,0.676157930843848,0.111110881405671,0.0975828242771606,0.0490975696176427,"Short","br",NA,NA,0,0,0,0,0,0,0,NA,NA,0.338078965421924,0.145141770281638,NA,NA,"TRUE","ShortHotdog","HotdogNoSportySee_hotdog","br"
"813","1011","br_p=1","c10110",FALSE,7.61265145379964e-08,1.21802423260794e-06,2.0673489611475e-06,3.32803020294955e-08,2.297054401275e-07,1.09354138924351e-08,6.76680129226634e-08,"Short","br",NA,NA,0,0,0,0,0,0,0,NA,NA,1.66401510147477e-08,0.0375395556999325,NA,NA,"TRUE","ShortHotdog","HotdogNoSportySee_hotdog","br"
"814","1011","C=1","c10110",FALSE,0.0368232533397465,0.589172053435945,1,0.0290631478449123,0.111111111111111,0.0406811749601062,0.0818294518661034,"Short","C","c10111",TRUE,0.037784571291347,0.604553140661552,1,0.032488024778284,0.111111111111111,0.0540511734346295,0.117551999573079,"Hotdog","C",0.0307755863115982,0.0424572409590882,NA,NA,"TRUE","ShortHotdog","HotdogNoSportySee_hotdog","C"
"815","1011","Cu=0","c10110",FALSE,0.0324267183409816,0.518827493455705,0.880604384457812,0.0263013022343809,0.0978449316064235,0.0286960323932483,0.0432356244546421,"Short","Cu","c10111",TRUE,1.41046747290249e-10,2.25674795664398e-09,3.73291908495332e-09,1.22323992790602e-10,4.14768787217036e-10,1.00585212584434e-10,2.19406051340387e-10,"Hotdog","Cu",0.0131506511783524,0.039567090859859,NA,NA,"TRUE","ShortHotdog","HotdogNoSportySee_hotdog","Cu"
"816","1011","Cu=1","c10110",FALSE,0.00439653499876497,0.0703445599802395,0.119395615542188,0.00236488569911101,0.0132661795046876,0.000899400599327246,0.00390803111001331,"Short","Cu","c10111",TRUE,0.0377845711503002,0.604553138404804,0.999999996267081,0.0327658790765719,0.111111110696342,0.0269169947690906,0.0587759995671337,"Hotdog","Cu",0.0175653823878414,0.0402720088722741,NA,NA,"TRUE","ShortHotdog","HotdogNoSportySee_hotdog","Cu"
"817","1011","K=0","c10110",FALSE,0.0368232533397465,0.589172053435945,1,0.0324618138243609,0.111111111111111,0.0409396442011493,0.0818294518661034,"Short","K","c10111",TRUE,0.037784571291347,0.604553140661552,1,0.030048724627725,0.111111111111111,0.0442956019427263,0.117551999573079,"Hotdog","K",0.031255269226043,0.0425387832152558,2,0.0666666666666667,"TRUE","ShortHotdog","HotdogNoSportySee_hotdog","K"
"818","1011","Ku_f=0",NA,NA,0,0,0,0,0,0,0,NA,NA,"c10111",TRUE,0.0377797361074939,0.604475777719902,0.999872032851298,0.0304439648325684,0.111096892539033,0.0244180539058693,0.0587684783894349,"Hotdog","Ku",0.0152219824162842,0.0398962788968209,1,0.0333333333333333,"TRUE","ShortHotdog","HotdogNoSportySee_hotdog","Ku"
"819","1011","Ku_f=1",NA,NA,0,0,0,0,0,0,0,NA,NA,"c10111",TRUE,4.83518385309306e-06,7.7362941649489e-05,0.000127967148702316,5.15505311615869e-06,1.42185720780351e-05,3.80869644024664e-06,7.52139710481143e-06,"Hotdog","Ku",2.57752655807935e-06,0.0375399402400537,NA,NA,"TRUE","ShortHotdog","HotdogNoSportySee_hotdog","Ku"
"820","1011","Ku_p=0","c10110",FALSE,0.0368232532876815,0.589172052602905,0.999999998586083,0.0328183362388001,0.111111110954009,0.0184494277129893,0.0409147258752017,"Short","Ku",NA,NA,0,0,0,0,0,0,0,NA,NA,0.0164091681194001,0.0400861866190648,1,0.0333333333333333,"TRUE","ShortHotdog","HotdogNoSportySee_hotdog","Ku"
"821","1011","Ku_p=1","c10110",FALSE,5.20650099658593e-11,8.33040159453748e-10,1.41391662180107e-09,1.50020966619759e-10,1.57101846866785e-10,4.07583972437087e-11,5.7850011073177e-11,"Short","Ku",NA,NA,0,0,0,0,0,0,0,NA,NA,7.50104833098795e-11,0.0375395532125405,1,0.0333333333333333,"TRUE","ShortHotdog","HotdogNoSportySee_hotdog","Ku"
"822","1011","P=1","c10110",FALSE,0.0368232533397465,0.589172053435945,1,0.0684886763147736,0.111111111111111,0.18602374553062,0.0818294518661034,"Short","P","c10111",TRUE,0.037784571291347,0.604553140661552,1,0.0969072764923803,0.111111111111111,0.146292071381568,0.117551999573079,"Hotdog","P",0.082697976403577,0.0522576888354737,14,0.466666666666667,"TRUE","ShortHotdog","HotdogNoSportySee_hotdog","P"
"823","1011","Pu_f=0",NA,NA,0,0,0,0,0,0,0,NA,NA,"c10111",TRUE,0.0268420738357938,0.429473181372701,0.710397734271525,0.0112985432757915,0.078933081585725,0.00862874157236885,0.0357894317810584,"Hotdog","Pu",0.00564927163789576,0.0383974947162839,NA,NA,"TRUE","ShortHotdog","HotdogNoSportySee_hotdog","Pu"
"824","1011","Pu_f=1",NA,NA,0,0,0,0,0,0,0,NA,NA,"c10111",TRUE,0.0109424974555532,0.175079959288851,0.289602265728476,0.0760269252643694,0.0321780295253862,0.0362748733934525,0.0194533288098723,"Hotdog","Pu",0.0380134626321847,0.0437044085724968,2,0.0666666666666667,"TRUE","ShortHotdog","HotdogNoSportySee_hotdog","Pu"
"825","1011","Pu_p=0","c10110",FALSE,0.0276860548058838,0.442976876894141,0.751863355213099,0.0122099545807958,0.0835403728014555,0.00704204914225949,0.0123049132470595,"Short","Pu",NA,NA,0,0,0,0,0,0,0,NA,NA,0.00610497729039789,0.0384675503679356,NA,NA,"TRUE","ShortHotdog","HotdogNoSportySee_hotdog","Pu"
"826","1011","Pu_p=1","c10110",FALSE,0.00913719853386274,0.146195176541804,0.248136644786901,0.0539726099451611,0.0275707383096556,0.0434544005480572,0.0162439085046449,"Short","Pu",NA,NA,0,0,0,0,0,0,0,NA,NA,0.0269863049725805,0.041818563718444,1,0.0333333333333333,"TRUE","ShortHotdog","HotdogNoSportySee_hotdog","Pu"
"827","1011","S=1","c10110",FALSE,0.0368232533397465,0.589172053435945,1,0.0330104032912835,0.111111111111111,0.0471337626452471,0.0818294518661034,"Short","S","c10111",TRUE,0.037784571291347,0.604553140661552,1,0.0325712249497347,0.111111111111111,0.0539456980361267,0.117551999573079,"Hotdog","S",0.0327908141205091,0.0428008681231133,1,0.0333333333333333,"TRUE","ShortHotdog","HotdogNoSportySee_hotdog","S"
"828","1011","Su=0","c10110",FALSE,2.42341103977128e-09,3.87745766363405e-08,6.58119753138564e-08,2.178319157565e-09,7.3124417015396e-09,1.54120712765512e-09,2.6926789330792e-09,"Short","Su","c10111",TRUE,0.0327438619720147,0.523901791552236,0.866593449467386,0.0207054865265433,0.0962881610519318,0.0130365080357134,0.043658482629353,"Hotdog","Su",0.0103527443524312,0.0391267394461675,NA,NA,"TRUE","ShortHotdog","HotdogNoSportySee_hotdog","Su"
"829","1011","Su=1","c10110",FALSE,0.0368232509163355,0.589172014661368,0.999999934188025,0.0331509035739305,0.111111103798669,0.0235110830676041,0.0409147232403728,"Short","Su","c10111",TRUE,0.00504070931933224,0.0806513491093159,0.133406550532614,0.0624437882676872,0.0148229500591794,0.0293218166488108,0.00896126101214621,"Hotdog","Su",0.0477973459208089,0.0454487134291578,7,0.233333333333333,"TRUE","ShortHotdog","HotdogNoSportySee_hotdog","Su"
"830","1100","br_f=0",NA,NA,0,0,0,0,0,0,0,NA,NA,"c11001",TRUE,0.00570918691637441,0.0913469906619906,0.160281226515484,0.00293991184307807,0.0178090251683871,0.00188394700146601,0.00761224922183255,"Hotdog","br",0.00146995592153904,0.0389471758450863,NA,NA,"TRUE","ShortHotdog","HotdogYesLazySee_pizza","br"
"831","1100","br_f=1",NA,NA,0,0,0,0,0,0,0,NA,NA,"c11001",TRUE,0.0299106235910207,0.478569977456332,0.839718773484516,0.608031376981126,0.093302085942724,0.201261387034389,0.0531744419395924,"Hotdog","br",0.304015688490563,0.130632650937949,NA,NA,"TRUE","ShortHotdog","HotdogYesLazySee_pizza","br"
"832","1100","br_p=0","c11000",FALSE,0.0624994792816265,0.999991668506024,0.999998781967093,0.0785096625562097,0.111110975774121,0.137274602351796,0.111110185389558,"Short","br",NA,NA,0,0,0,0,0,0,0,NA,NA,0.0392548312781048,0.0453017545681546,2,0.0645161290322581,"TRUE","ShortHotdog","HotdogYesLazySee_pizza","br"
"833","1100","br_p=1","c11000",FALSE,7.61265151666122e-08,1.21802424266579e-06,1.21803290710601e-06,1.85372180021208e-08,1.35336989678446e-07,1.96570482171916e-08,1.0150202022215e-07,"Short","br",NA,NA,0,0,0,0,0,0,0,NA,NA,9.2686090010604e-09,0.0387188466831765,NA,NA,"TRUE","ShortHotdog","HotdogYesLazySee_pizza","br"
"834","1100","C=0","c11000",FALSE,0.0624995554081417,0.999992886530267,1,0.37950803715004,0.111111111111111,0.301705569103572,0.194443061269774,"Short","C","c11001",TRUE,0.0356198105073951,0.569916968118322,1,0.0344474153584709,0.111111111111111,0.0552990406046905,0.110817188245229,"Hotdog","C",0.206977726254256,0.0886093465721682,1,0.032258064516129,"TRUE","ShortHotdog","HotdogYesLazySee_pizza","C"
"835","1100","Cu=0","c11000",FALSE,0.0324267183409819,0.51882749345571,0.518831184145635,0.0576478673737705,0.057647909349515,0.036217976765415,0.0504415618637496,"Short","Cu","c11001",TRUE,1.32965870445476e-10,2.12745392712762e-09,3.73291908495332e-09,1.28441582691542e-10,4.14768787217036e-10,1.02830667908447e-10,2.06835798470741e-10,"Hotdog","Cu",0.0288239337511061,0.0434504919483933,NA,NA,"TRUE","ShortHotdog","HotdogYesLazySee_pizza","Cu"
"836","1100","Cu=1","c11000",FALSE,0.0300728370671598,0.481165393074557,0.481168815854365,0.0145115648357509,0.0534632017615961,0.0226758100646948,0.0467799687711375,"Short","Cu","c11001",TRUE,0.0356198103744293,0.569916965990868,0.999999996267081,0.0345521574468514,0.111111110696342,0.0274649100649333,0.0554085939157789,"Hotdog","Cu",0.0245318611413012,0.0427108883143332,NA,NA,"TRUE","ShortHotdog","HotdogYesLazySee_pizza","Cu"
"837","1100","K=1","c11000",FALSE,0.0624995554081417,0.999992886530267,1,0.0788654978824101,0.111111111111111,0.237542162853319,0.194443061269774,"Short","K","c11001",TRUE,0.0356198105073951,0.569916968118322,1,0.0377554179607078,0.111111111111111,0.136846508300341,0.110817188245229,"Hotdog","K",0.058310457921559,0.0488897748088285,1,0.032258064516129,"TRUE","ShortHotdog","HotdogYesLazySee_pizza","K"
"838","1100","Ku_f=0",NA,NA,0,0,0,0,0,0,0,NA,NA,"c11001",TRUE,0.0356118125606012,0.56978900096962,0.999775463522125,0.0216060273038144,0.111086162613569,0.0131715682821576,0.0474824167474683,"Hotdog","Ku",0.0108030136519072,0.0404286419698212,1,0.032258064516129,"TRUE","ShortHotdog","HotdogYesLazySee_pizza","Ku"
"839","1100","Ku_f=1",NA,NA,0,0,0,0,0,0,0,NA,NA,"c11001",TRUE,7.99794679389475e-06,0.000127967148702316,0.000224536477874701,5.5266311287277e-05,2.49484975416334e-05,2.58929459862703e-05,1.42185720780351e-05,"Hotdog","Ku",2.76331556436385e-05,0.0387231251797371,NA,NA,"TRUE","ShortHotdog","HotdogYesLazySee_pizza","Ku"
"840","1100","Ku_p=0","c11000",FALSE,0.0624995553197719,0.99999288511635,0.999999998586073,0.074784622610961,0.111111110954008,0.0400441244823097,0.0833327404263625,"Short","Ku",NA,NA,0,0,0,0,0,0,0,NA,NA,0.0373923113054805,0.0449655069684297,NA,NA,"TRUE","ShortHotdog","HotdogYesLazySee_pizza","Ku"
"841","1100","Ku_p=1","c11000",FALSE,8.83697888625666e-11,1.41391662180107e-09,1.41392667972571e-09,1.54901439937055e-10,1.57102964413967e-10,2.65262178083438e-10,1.57101846866785e-10,"Short","Ku",NA,NA,0,0,0,0,0,0,0,NA,NA,7.74507199685277e-11,0.0387188452596924,1,0.032258064516129,"TRUE","ShortHotdog","HotdogYesLazySee_pizza","Ku"
"842","1100","P=1","c11000",FALSE,0.0624995554081417,0.999992886530267,1,0.0815480165308552,0.111111111111111,0.237336627049251,0.194443061269774,"Short","P","c11001",TRUE,0.0356198105073951,0.569916968118322,1,0.101764751715227,0.111111111111111,0.136933797463808,0.110817188245229,"Hotdog","P",0.0916563841230409,0.0558657770489068,17,0.548387096774194,"TRUE","ShortHotdog","HotdogYesLazySee_pizza","P"
"843","1100","Pu_f=0",NA,NA,0,0,0,0,0,0,0,NA,NA,"c11001",TRUE,0.0246773130518419,0.394837008829471,0.692797426497219,0.0115581659196603,0.0769774918330243,0.00910800072023402,0.0329030840691226,"Hotdog","Pu",0.00577908295983016,0.0396243080924081,NA,NA,"TRUE","ShortHotdog","HotdogYesLazySee_pizza","Pu"
"844","1100","Pu_f=1",NA,NA,0,0,0,0,0,0,0,NA,NA,"c11001",TRUE,0.0109424974555532,0.175079959288851,0.307202573502781,0.0811955119220603,0.0341336192780868,0.0354774842155067,0.0194533288098723,"Hotdog","Pu",0.0405977559610302,0.0455457567119893,5,0.161290322580645,"TRUE","ShortHotdog","HotdogYesLazySee_pizza","Pu"
"845","1100","Pu_p=0","c11000",FALSE,0.053362356874279,0.853797709988463,0.853803783495835,0.0619507548096405,0.0948670870550928,0.0344745619008168,0.0711498091657053,"Short","Pu",NA,NA,0,0,0,0,0,0,0,NA,NA,0.0309753774048203,0.0438260306721369,NA,NA,"TRUE","ShortHotdog","HotdogYesLazySee_pizza","Pu"
"846","1100","Pu_p=1","c11000",FALSE,0.00913719853386274,0.146195176541804,0.146196216504165,0.0157657914703469,0.0162440240560183,0.0274325489265021,0.0162439085046449,"Short","Pu",NA,NA,0,0,0,0,0,0,0,NA,NA,0.00788289573517344,0.0399591635650624,1,0.032258064516129,"TRUE","ShortHotdog","HotdogYesLazySee_pizza","Pu"
"847","1100","S=0","c11000",FALSE,0.0624995554081417,0.999992886530267,1,0.0783984692909852,0.111111111111111,0.123478493689683,0.194443061269774,"Short","S","c11001",TRUE,0.0356198105073951,0.569916968118322,1,0.0324685187978126,0.111111111111111,0.0451539902610755,0.110817188245229,"Hotdog","S",0.0554334940443989,0.0483303832166594,NA,NA,"TRUE","ShortHotdog","HotdogYesLazySee_pizza","S"
"848","1100","Su=0","c11000",FALSE,4.11321919764762e-09,6.58115071623619e-08,6.58119753138564e-08,2.42963556345667e-09,7.3124417015396e-09,3.88731759414147e-09,6.39834097411852e-09,"Short","Su","c11001",TRUE,0.0327470247349555,0.523952395759289,0.919348650890684,0.0292350434301909,0.102149850098965,0.0223993478144527,0.0509398162543753,"Hotdog","Su",0.0146175229299132,0.0410502337654962,NA,NA,"TRUE","ShortHotdog","HotdogYesLazySee_pizza","Su"
"849","1100","Su=1","c11000",FALSE,0.0624995512949225,0.99999282071876,0.999999934188025,0.0785096943672745,0.111111103798669,0.0648406931469198,0.0972215242365461,"Short","Su","c11001",TRUE,0.0028727857724396,0.0459645723590337,0.0806513491093159,0.00439043488127191,0.00896126101214621,0.00283810217255946,0.00446877786823939,"Hotdog","Su",0.0414500646242732,0.0457012978715702,NA,NA,"TRUE","ShortHotdog","HotdogYesLazySee_pizza","Su"
"850","1101","br_f=0",NA,NA,0,0,0,0,0,0,0,NA,NA,"c11011",TRUE,0.00787711046326705,0.126033767412273,0.208456809078586,0.00399235682597873,0.0231618676753984,0.00368827383409134,0.0122532829428599,"Hotdog","br",0.00199617841298936,0.0393657959443155,NA,NA,"TRUE","ShortHotdog","HotdogYesLazySee_hotdog","br"
"851","1101","br_f=1",NA,NA,0,0,0,0,0,0,0,NA,NA,"c11011",TRUE,0.0299106235910207,0.478569977456332,0.791543190921414,0.551891594694427,0.0879492434357127,0.160249201824317,0.0531744419395924,"Hotdog","br",0.275945797347213,0.117765550958308,NA,NA,"TRUE","ShortHotdog","HotdogYesLazySee_hotdog","br"
"852","1101","br_p=0","c11010",FALSE,0.0624994792816265,0.999991668506024,0.999998781967093,0.0787425452260664,0.111110975774121,0.0899974786521607,0.111110185389558,"Short","br",NA,NA,0,0,0,0,0,0,0,NA,NA,0.0393712726130332,0.0457136843965343,2,0.0625,"TRUE","ShortHotdog","HotdogYesLazySee_hotdog","br"
"853","1101","br_p=1","c11010",FALSE,7.61265151666122e-08,1.21802424266579e-06,1.21803290710601e-06,1.83822073466924e-08,1.35336989678446e-07,1.95479971086548e-08,1.0150202022215e-07,"Short","br",NA,NA,0,0,0,0,0,0,0,NA,NA,9.19110367334621e-09,0.0390527243344263,NA,NA,"TRUE","ShortHotdog","HotdogYesLazySee_hotdog","br"
"854","1101","C=0","c11010",FALSE,0.0624995554081417,0.999992886530267,1,0.376365439514904,0.111111111111111,0.304848751114251,0.194443061269774,"Short","C","c11011",TRUE,0.0377877340542878,0.604603744868604,1,0.0369956233543485,0.111111111111111,0.068740350717752,0.125959113514293,"Hotdog","C",0.206680531434626,0.0892672543578028,6,0.1875,"TRUE","ShortHotdog","HotdogYesLazySee_hotdog","C"
"855","1101","Cu=0","c11010",FALSE,0.0324267183409819,0.51882749345571,0.518831184145635,0.0576478698325692,0.057647909349515,0.0392259871361329,0.0504415618637496,"Short","Cu","c11011",TRUE,1.41058553628391e-10,2.25693685805426e-09,3.73291908495332e-09,1.38326018492287e-10,4.14768787217036e-10,1.31773802125511e-10,2.35097589380652e-10,"Hotdog","Cu",0.0288239349854476,0.043825171422195,NA,NA,"TRUE","ShortHotdog","HotdogYesLazySee_hotdog","Cu"
"856","1101","Cu=1","c11010",FALSE,0.0300728370671598,0.481165393074557,0.481168815854365,0.0147249358018457,0.0534632017615961,0.0227973391858499,0.0467799687711375,"Short","Cu","c11011",TRUE,0.0377877339132292,0.604603742611667,0.999999996267081,0.0367898273838042,0.111111110696342,0.0343010195270423,0.0629795565220487,"Hotdog","Cu",0.0257573815928249,0.0432908860381126,NA,NA,"TRUE","ShortHotdog","HotdogYesLazySee_hotdog","Cu"
"857","1101","K=1","c11010",FALSE,0.0624995554081417,0.999992886530267,1,0.0795925066505971,0.111111111111111,0.243509292966774,0.194443061269774,"Short","K","c11011",TRUE,0.0377877340542878,0.604603744868604,1,0.0395981688943393,0.111111111111111,0.133702174645676,0.125959113514293,"Hotdog","K",0.0595953377724682,0.0495654467798834,1,0.03125,"TRUE","ShortHotdog","HotdogYesLazySee_hotdog","K"
"858","1101","Ku_f=0",NA,NA,0,0,0,0,0,0,0,NA,NA,"c11011",TRUE,0.0377797361074939,0.604475777719902,0.999788345424936,0.0235807014021969,0.111087593936104,0.0200593053641696,0.0587684783894349,"Hotdog","Ku",0.0117903507010984,0.0409386254603338,NA,NA,"TRUE","ShortHotdog","HotdogYesLazySee_hotdog","Ku"
"859","1101","Ku_f=1",NA,NA,0,0,0,0,0,0,0,NA,NA,"c11011",TRUE,7.99794679389475e-06,0.000127967148702316,0.00021165457506408,5.04934179404191e-05,2.351717500712e-05,2.21637021663122e-05,1.42185720780351e-05,"Hotdog","Ku",2.52467089702096e-05,0.039056666908737,1,0.03125,"TRUE","ShortHotdog","HotdogYesLazySee_hotdog","Ku"
"860","1101","Ku_p=0","c11010",FALSE,0.0624995553197719,0.99999288511635,0.999999998586073,0.0751380811922918,0.111111110954008,0.0462000495165521,0.0833327404263625,"Short","Ku",NA,NA,0,0,0,0,0,0,0,NA,NA,0.0375690405961459,0.0453853227238974,NA,NA,"TRUE","ShortHotdog","HotdogYesLazySee_hotdog","Ku"
"861","1101","Ku_p=1","c11010",FALSE,8.83697888625666e-11,1.41391662180107e-09,1.41392667972571e-09,1.5558027991767e-10,1.57102964413967e-10,2.65707968179886e-10,1.57101846866785e-10,"Short","Ku",NA,NA,0,0,0,0,0,0,0,NA,NA,7.77901399588349e-11,0.0390527229108274,2,0.0625,"TRUE","ShortHotdog","HotdogYesLazySee_hotdog","Ku"
"862","1101","P=1","c11010",FALSE,0.0624995554081417,0.999992886530267,1,0.0820624798537444,0.111111111111111,0.244064198745301,0.194443061269774,"Short","P","c11011",TRUE,0.0377877340542878,0.604603744868604,1,0.0974074564351605,0.111111111111111,0.133829444488952,0.125959113514293,"Hotdog","P",0.0897349681444524,0.0559161068188372,12,0.375,"TRUE","ShortHotdog","HotdogYesLazySee_hotdog","P"
"863","1101","Pu_f=0",NA,NA,0,0,0,0,0,0,0,NA,NA,"c11011",TRUE,0.0268452365987346,0.429523785579753,0.710421973441629,0.0135960779603762,0.0789357748268477,0.0142343147919862,0.0417592569313649,"Hotdog","Pu",0.00679803898018808,0.040129220442831,NA,NA,"TRUE","ShortHotdog","HotdogYesLazySee_hotdog","Pu"
"864","1101","Pu_f=1",NA,NA,0,0,0,0,0,0,0,NA,NA,"c11011",TRUE,0.0109424974555532,0.175079959288851,0.289578026558371,0.0749246107487231,0.0321753362842634,0.0303049236310792,0.0194533288098723,"Hotdog","Pu",0.0374623053743615,0.0453659500097468,4,0.125,"TRUE","ShortHotdog","HotdogYesLazySee_hotdog","Pu"
"865","1101","Pu_p=0","c11010",FALSE,0.053362356874279,0.853797709988463,0.853803783495835,0.0620184216266363,0.0948670870550928,0.0396371113139967,0.0711498091657053,"Short","Pu",NA,NA,0,0,0,0,0,0,0,NA,NA,0.0310092108133181,0.044209930934711,NA,NA,"TRUE","ShortHotdog","HotdogYesLazySee_hotdog","Pu"
"866","1101","Pu_p=1","c11010",FALSE,0.00913719853386274,0.146195176541804,0.146196216504165,0.0161050105858764,0.0162440240560183,0.0274824175613094,0.0162439085046449,"Short","Pu",NA,NA,0,0,0,0,0,0,0,NA,NA,0.00805250529293822,0.0403310895159734,NA,NA,"TRUE","ShortHotdog","HotdogYesLazySee_hotdog","Pu"
"867","1101","S=1","c11010",FALSE,0.0624995554081417,0.999992886530267,1,0.0788600870271385,0.111111111111111,0.130195031723411,0.194443061269774,"Short","S","c11011",TRUE,0.0377877340542878,0.604603744868604,1,0.0369421023714094,0.111111111111111,0.0689737179475758,0.125959113514293,"Hotdog","S",0.057901094699274,0.0492306787584298,NA,NA,"TRUE","ShortHotdog","HotdogYesLazySee_hotdog","S"
"868","1101","Su=0","c11010",FALSE,4.11321919764762e-09,6.58115071623619e-08,6.58119753138564e-08,5.21194734835757e-09,7.3124417015396e-09,4.27090049652134e-09,6.39834097411852e-09,"Short","Su","c11011",TRUE,0.0327470247349555,0.523952395759289,0.866604615347126,0.024078280838933,0.0962894017052362,0.0203505335330326,0.0509398162543753,"Hotdog","Su",0.0120391430254402,0.0409793866022228,NA,NA,"TRUE","ShortHotdog","HotdogYesLazySee_hotdog","Su"
"869","1101","Su=1","c11010",FALSE,0.0624995512949225,0.99999282071876,0.999999934188025,0.0787425989385953,0.111111103798669,0.0649154320695512,0.0972215242365461,"Short","Su","c11011",TRUE,0.00504070931933224,0.0806513491093159,0.133395384652875,0.0601527055340371,0.014821709405875,0.022102088427028,0.00896126101214621,"Hotdog","Su",0.0694476522363162,0.0515577846818741,4,0.125,"TRUE","ShortHotdog","HotdogYesLazySee_hotdog","Su"
"870","1110","br_f=0",NA,NA,0,0,0,0,0,0,0,NA,NA,"c11101",TRUE,0.00570918691637441,0.0913469906619906,0.160281226515484,0.00290548704474015,0.0178090251683871,0.00189776551992141,0.00761224922183255,"Hotdog","br",0.00145274352237008,0.037547807788335,NA,NA,"TRUE","ShortHotdog","HotdogYesSportySee_pizza","br"
"871","1110","br_f=1",NA,NA,0,0,0,0,0,0,0,NA,NA,"c11101",TRUE,0.0299106235910207,0.478569977456332,0.839718773484516,0.604625915944134,0.093302085942724,0.200992501146217,0.0531744419395924,"Hotdog","br",0.302312957972067,0.125092798912785,NA,NA,"TRUE","ShortHotdog","HotdogYesSportySee_pizza","br"
"872","1110","br_p=0","c11100",FALSE,0.0368231772495362,0.589170835992578,0.999997932651024,0.677484698309813,0.111110881405669,0.0960806144319964,0.0572804979437229,"Short","br",NA,NA,0,0,0,0,0,0,0,NA,NA,0.338742349154906,0.144716031370763,1,0.032258064516129,"TRUE","ShortHotdog","HotdogYesSportySee_pizza","br"
"873","1110","br_p=1","c11100",FALSE,7.61265151666122e-08,1.21802424266579e-06,2.06734897618043e-06,4.02723098281718e-08,2.29705441797825e-07,2.36800112608713e-08,1.0150202022215e-07,"Short","br",NA,NA,0,0,0,0,0,0,0,NA,NA,2.01361549140859e-08,0.0373302541770399,1,0.032258064516129,"TRUE","ShortHotdog","HotdogYesSportySee_pizza","br"
"874","1110","C=1","c11100",FALSE,0.0368232533760513,0.589172054016821,1,0.029272700183618,0.111111111111111,0.0539676606889367,0.106378287530815,"Short","C","c11101",TRUE,0.0356198105073951,0.569916968118322,1,0.0353122621666607,0.111111111111111,0.0553096427603171,0.110817188245229,"Hotdog","C",0.0322924811751394,0.0424774754481387,NA,NA,"TRUE","ShortHotdog","HotdogYesSportySee_pizza","C"
"875","1110","Cu=0","c11100",FALSE,0.0324267183409819,0.51882749345571,0.880604383589615,0.0263149384655628,0.0978449315099573,0.0338672252024348,0.0504415618637496,"Short","Cu","c11101",TRUE,1.32965870445476e-10,2.12745392712762e-09,3.73291908495332e-09,1.27859346058501e-10,4.14768787217036e-10,1.02674496045782e-10,2.06835798470741e-10,"Hotdog","Cu",0.0131574692967111,0.0393475573696185,NA,NA,"TRUE","ShortHotdog","HotdogYesSportySee_pizza","Cu"
"876","1110","Cu=1","c11100",FALSE,0.00439653503506942,0.0703445605611108,0.119395616410385,0.00273010884245687,0.0132661796011538,0.0017820436168416,0.0058620467134259,"Short","Cu","c11101",TRUE,0.0356198103744293,0.569916965990868,0.999999996267081,0.0349081439775764,0.111111110696342,0.0276257420270144,0.0554085939157789,"Hotdog","Cu",0.0188191264100166,0.0402488135704779,NA,NA,"TRUE","ShortHotdog","HotdogYesSportySee_pizza","Cu"
"877","1110","K=1","c11100",FALSE,0.0368232533760513,0.589172054016821,1,0.0344197195473966,0.111111111111111,0.157215989657116,0.106378287530815,"Short","K","c11101",TRUE,0.0356198105073951,0.569916968118322,1,0.0381464475889303,0.111111111111111,0.13688348471014,0.110817188245229,"Hotdog","K",0.0362830835681635,0.0431609588170817,3,0.0967741935483871,"TRUE","ShortHotdog","HotdogYesSportySee_pizza","K"
"878","1110","Ku_f=0",NA,NA,0,0,0,0,0,0,0,NA,NA,"c11101",TRUE,0.0356118125606012,0.56978900096962,0.999775463522125,0.0219883097437382,0.111086162613569,0.0131976298026448,0.0474824167474683,"Hotdog","Ku",0.0109941548718691,0.0390085417261451,NA,NA,"TRUE","ShortHotdog","HotdogYesSportySee_pizza","Ku"
"879","1110","Ku_f=1",NA,NA,0,0,0,0,0,0,0,NA,NA,"c11101",TRUE,7.99794679389475e-06,0.000127967148702316,0.000224536477874701,5.47319428493949e-05,2.49484975416334e-05,2.58823624128368e-05,1.42185720780351e-05,"Hotdog","Ku",2.73659714246974e-05,0.0373343377082961,NA,NA,"TRUE","ShortHotdog","HotdogYesSportySee_pizza","Ku"
"880","1110","Ku_p=0","c11100",FALSE,0.0368232532876815,0.589172052602905,0.999999997600163,0.0306202095855032,0.111111110844463,0.0163355348208106,0.0409147258752017,"Short","Ku",NA,NA,0,0,0,0,0,0,0,NA,NA,0.0153101047927516,0.0396878240020674,1,0.032258064516129,"TRUE","ShortHotdog","HotdogYesSportySee_pizza","Ku"
"881","1110","Ku_p=1","c11100",FALSE,8.83697888625666e-11,1.41391662180107e-09,2.39983653698669e-09,4.85900062045138e-10,2.66648504109633e-10,3.21986288299403e-10,1.57101846866785e-10,"Short","Ku",NA,NA,0,0,0,0,0,0,0,NA,NA,2.42950031022569e-10,0.0373302512065664,4,0.129032258064516,"TRUE","ShortHotdog","HotdogYesSportySee_pizza","Ku"
"882","1110","P=1","c11100",FALSE,0.0368232533760513,0.589172054016821,1,0.0655552901693321,0.111111111111111,0.156613605174745,0.106378287530815,"Short","P","c11101",TRUE,0.0356198105073951,0.569916968118322,1,0.101408226512135,0.111111111111111,0.136318223764403,0.110817188245229,"Hotdog","P",0.0834817583407335,0.0521295024665186,13,0.419354838709677,"TRUE","ShortHotdog","HotdogYesSportySee_pizza","P"
"883","1110","Pu_f=0",NA,NA,0,0,0,0,0,0,0,NA,NA,"c11101",TRUE,0.0246773130518419,0.394837008829471,0.692797426497219,0.0116860961042179,0.0769774918330243,0.00913874635580171,0.0329030840691226,"Hotdog","Pu",0.00584304805210893,0.0382130168761523,NA,NA,"TRUE","ShortHotdog","HotdogYesSportySee_pizza","Pu"
"884","1110","Pu_f=1",NA,NA,0,0,0,0,0,0,0,NA,NA,"c11101",TRUE,0.0109424974555532,0.175079959288851,0.307202573502781,0.0821075365436513,0.0341336192780868,0.0357145649450534,0.0194533288098723,"Hotdog","Pu",0.0410537682718256,0.0439924968995725,4,0.129032258064516,"TRUE","ShortHotdog","HotdogYesSportySee_pizza","Pu"
"885","1110","Pu_p=0","c11100",FALSE,0.0276860548421886,0.442976877475017,0.751863355457742,0.0119463637038914,0.083540372828638,0.0142898885068317,0.0307622831579873,"Short","Pu",NA,NA,0,0,0,0,0,0,0,NA,NA,0.00597318185194568,0.0382329132744482,NA,NA,"TRUE","ShortHotdog","HotdogYesSportySee_pizza","Pu"
"886","1110","Pu_p=1","c11100",FALSE,0.00913719853386274,0.146195176541804,0.248136644542258,0.0537333227671361,0.0275707382824731,0.0329146082105434,0.0162439085046449,"Short","Pu",NA,NA,0,0,0,0,0,0,0,NA,NA,0.026866661383568,0.0415655070890862,2,0.0645161290322581,"TRUE","ShortHotdog","HotdogYesSportySee_pizza","Pu"
"887","1110","S=0","c11100",FALSE,0.0368232533760513,0.589172054016821,1,0.0341752639757954,0.111111111111111,0.06322290215304,0.106378287530815,"Short","S","c11101",TRUE,0.0356198105073951,0.569916968118322,1,0.0330742299699567,0.111111111111111,0.0452578261088749,0.110817188245229,"Hotdog","S",0.033624746972876,0.04270444482894,NA,NA,"TRUE","ShortHotdog","HotdogYesSportySee_pizza","S"
"888","1110","Su=0","c11100",FALSE,2.42341104216057e-09,3.87745766745691e-08,6.58119753138564e-08,6.32475560409201e-09,7.3124417015396e-09,2.11622897991603e-09,3.50048261645415e-09,"Short","Su","c11101",TRUE,0.0327470247349555,0.523952395759289,0.919348650890684,0.0294249276654804,0.102149850098965,0.022509465276737,0.0509398162543753,"Hotdog","Su",0.014712466995118,0.0395930615395369,NA,NA,"TRUE","ShortHotdog","HotdogYesSportySee_pizza","Su"
"889","1110","Su=1","c11100",FALSE,0.0368232509526403,0.589172015242244,0.999999934188025,0.0337473373665293,0.111111103798669,0.0311503391723237,0.0531891402649248,"Short","Su","c11101",TRUE,0.0028727857724396,0.0459645723590337,0.0806513491093159,0.00435768466807041,0.00896126101214621,0.0028110298882427,0.00446877786823939,"Hotdog","Su",0.0190525110172999,0.0402864049284315,2,0.0645161290322581,"TRUE","ShortHotdog","HotdogYesSportySee_pizza","Su"
"890","1111","br_f=0",NA,NA,0,0,0,0,0,0,0,NA,NA,"c11111",TRUE,0.00787711046326705,0.126033767412273,0.208456809078586,0.00400180764015062,0.0231618676753984,0.00368045004638779,0.0122532829428599,"Hotdog","br",0.00200090382007531,0.0397786900920673,NA,NA,"TRUE","ShortHotdog","HotdogYesSportySee_hotdog","br"
"891","1111","br_f=1",NA,NA,0,0,0,0,0,0,0,NA,NA,"c11111",TRUE,0.0299106235910207,0.478569977456332,0.791543190921414,0.551787767208987,0.0879492434357127,0.160061045261263,0.0531744419395924,"Hotdog","br",0.275893883604493,0.118973795527873,1,0.0303030303030303,"TRUE","ShortHotdog","HotdogYesSportySee_hotdog","br"
"892","1111","br_p=0","c11110",FALSE,0.0368231772495362,0.589170835992578,0.999997932651024,0.105349967922143,0.111110881405669,0.0472135749291267,0.0572804979437229,"Short","br",NA,NA,0,0,0,0,0,0,0,NA,NA,0.0526749839610713,0.0487169814626896,2,0.0606060606060606,"TRUE","ShortHotdog","HotdogYesSportySee_hotdog","br"
"893","1111","br_p=1","c11110",FALSE,7.61265151666122e-08,1.21802424266579e-06,2.06734897618043e-06,4.0152160195916e-08,2.29705441797825e-07,2.36109134781478e-08,1.0150202022215e-07,"Short","br",NA,NA,0,0,0,0,0,0,0,NA,NA,2.0076080097958e-08,0.039461590605722,NA,NA,"TRUE","ShortHotdog","HotdogYesSportySee_hotdog","br"
"894","1111","C=1","c11110",FALSE,0.0368232533760513,0.589172054016821,1,0.100877886519204,0.111111111111111,0.0602816835897721,0.106378287530815,"Short","C","c11111",TRUE,0.0377877340542878,0.604603744868604,1,0.0368249360176309,0.111111111111111,0.0692350101171776,0.125959113514293,"Hotdog","C",0.0688514112684172,0.051973468845613,1,0.0303030303030303,"TRUE","ShortHotdog","HotdogYesSportySee_hotdog","C"
"895","1111","Cu=0","c11110",FALSE,0.0324267183409819,0.51882749345571,0.880604383589615,0.0978448646702159,0.0978449315099573,0.0392649324704406,0.0504415618637496,"Short","Cu","c11111",TRUE,1.41058553628391e-10,2.25693685805426e-09,3.73291908495332e-09,1.40984515072238e-10,4.14768787217036e-10,1.2910454301903e-10,2.35097589380652e-10,"Hotdog","Cu",0.0489224324056002,0.0479911902890805,NA,NA,"TRUE","ShortHotdog","HotdogYesSportySee_hotdog","Cu"
"896","1111","Cu=1","c11110",FALSE,0.00439653503506942,0.0703445605611108,0.119395616410385,0.00273301637969068,0.0132661796011538,0.00177370207085205,0.0058620467134259,"Short","Cu","c11111",TRUE,0.0377877339132292,0.604603742611667,0.999999996267081,0.036738976631476,0.111111110696342,0.0343989289392328,0.0629795565220487,"Hotdog","Cu",0.0197359965055833,0.0427031084418897,NA,NA,"TRUE","ShortHotdog","HotdogYesSportySee_hotdog","Cu"
"897","1111","K=1","c11110",FALSE,0.0368232533760513,0.589172054016821,1,0.106038744674585,0.111111111111111,0.163341091239147,0.106378287530815,"Short","K","c11111",TRUE,0.0377877340542878,0.604603744868604,1,0.03972118305641,0.111111111111111,0.134291273076358,0.125959113514293,"Hotdog","K",0.0728799638654976,0.0528177645670242,4,0.121212121212121,"TRUE","ShortHotdog","HotdogYesSportySee_hotdog","K"
"898","1111","Ku_f=0",NA,NA,0,0,0,0,0,0,0,NA,NA,"c11111",TRUE,0.0377797361074939,0.604475777719902,0.999788345424936,0.0235176246363197,0.111087593936104,0.0199716104038176,0.0587684783894349,"Hotdog","Ku",0.0117588123181598,0.0413620162610086,NA,NA,"TRUE","ShortHotdog","HotdogYesSportySee_hotdog","Ku"
"899","1111","Ku_f=1",NA,NA,0,0,0,0,0,0,0,NA,NA,"c11111",TRUE,7.99794679389475e-06,0.000127967148702316,0.00021165457506408,5.09044662826377e-05,2.351717500712e-05,2.20964733443555e-05,1.42185720780351e-05,"Hotdog","Ku",2.54522331413189e-05,0.039465605183398,1,0.0303030303030303,"TRUE","ShortHotdog","HotdogYesSportySee_hotdog","Ku"
"900","1111","Ku_p=0","c11110",FALSE,0.0368232532876815,0.589172052602905,0.999999997600163,0.102267466813299,0.111111110844463,0.022467213626242,0.0409147258752017,"Short","Ku",NA,NA,0,0,0,0,0,0,0,NA,NA,0.0511337334066495,0.0484175650636474,NA,NA,"TRUE","ShortHotdog","HotdogYesSportySee_hotdog","Ku"
"901","1111","Ku_p=1","c11110",FALSE,8.83697888625666e-11,1.41391662180107e-09,2.39983653698669e-09,4.94607763419634e-10,2.66648504109633e-10,3.23190881583477e-10,1.57101846866785e-10,"Short","Ku",NA,NA,0,0,0,0,0,0,0,NA,NA,2.47303881709817e-10,0.039461587475822,1,0.0303030303030303,"TRUE","ShortHotdog","HotdogYesSportySee_hotdog","Ku"
"902","1111","P=1","c11110",FALSE,0.0368232533760513,0.589172054016821,1,0.137886784448183,0.111111111111111,0.163437932889654,0.106378287530815,"Short","P","c11111",TRUE,0.0377877340542878,0.604603744868604,1,0.0971978157921342,0.111111111111111,0.134131362135838,0.125959113514293,"Hotdog","P",0.117542300120159,0.0631489946903608,16,0.484848484848485,"TRUE","ShortHotdog","HotdogYesSportySee_hotdog","P"
"903","1111","Pu_f=0",NA,NA,0,0,0,0,0,0,0,NA,NA,"c11111",TRUE,0.0268452365987346,0.429523785579753,0.710421973441629,0.0136812461554369,0.0789357748268477,0.0142895990111004,0.0417592569313649,"Hotdog","Pu",0.00684062307771847,0.0405562630477644,NA,NA,"TRUE","ShortHotdog","HotdogYesSportySee_hotdog","Pu"
"904","1111","Pu_f=1",NA,NA,0,0,0,0,0,0,0,NA,NA,"c11111",TRUE,0.0109424974555532,0.175079959288851,0.289578026558371,0.0755668483366987,0.0321753362842634,0.0303503309192893,0.0194533288098723,"Hotdog","Pu",0.0377834241683494,0.0458998305560336,4,0.121212121212121,"TRUE","ShortHotdog","HotdogYesSportySee_hotdog","Pu"
"905","1111","Pu_p=0","c11110",FALSE,0.0276860548421886,0.442976877475017,0.751863355457742,0.0835403727557401,0.083540372828638,0.0169020444024036,0.0307622831579873,"Short","Pu",NA,NA,0,0,0,0,0,0,0,NA,NA,0.04177018637787,0.0466376648993363,NA,NA,"TRUE","ShortHotdog","HotdogYesSportySee_hotdog","Pu"
"906","1111","Pu_p=1","c11110",FALSE,0.00913719853386274,0.146195176541804,0.248136644542258,0.0527393676676395,0.0275707382824731,0.0332650261815016,0.0162439085046449,"Short","Pu",NA,NA,0,0,0,0,0,0,0,NA,NA,0.0263696838338197,0.0438513920541009,1,0.0303030303030303,"TRUE","ShortHotdog","HotdogYesSportySee_hotdog","Pu"
"907","1111","S=1","c11110",FALSE,0.0368232533760513,0.589172054016821,1,0.105371426819085,0.111111111111111,0.0693446798267662,0.106378287530815,"Short","S","c11111",TRUE,0.0377877340542878,0.604603744868604,1,0.0369532866878921,0.111111111111111,0.0690233410884256,0.125959113514293,"Hotdog","S",0.0711623567534886,0.0524561276176951,NA,NA,"TRUE","ShortHotdog","HotdogYesSportySee_hotdog","S"
"908","1111","Su=0","c11110",FALSE,2.42341104216057e-09,3.87745766745691e-08,6.58119753138564e-08,6.92588369664219e-09,7.3124417015396e-09,2.27687705587831e-09,3.50048261645415e-09,"Short","Su","c11111",TRUE,0.0327470247349555,0.523952395759289,0.866604615347126,0.0239693924280349,0.0962894017052362,0.0203530942236057,0.0509398162543753,"Hotdog","Su",0.0119846996769593,0.041399405776534,NA,NA,"TRUE","ShortHotdog","HotdogYesSportySee_hotdog","Su"
"909","1111","Su=1","c11110",FALSE,0.0368232509526403,0.589172015242244,0.999999934188025,0.105350053757564,0.111111103798669,0.0346449060541044,0.0531891402649248,"Short","Su","c11111",TRUE,0.00504070931933224,0.0806513491093159,0.133395384652875,0.0599882108015622,0.014821709405875,0.0220520466585153,0.00896126101214621,"Hotdog","Su",0.082669132279563,0.0549269575423396,2,0.0606060606060606,"TRUE","ShortHotdog","HotdogYesSportySee_hotdog","Su"
"910","0000","P=1",NA,NA,NA,NA,NA,NA,NA,NA,NA,NA,NA,NA,NA,NA,NA,NA,NA,NA,NA,NA,NA,NA,NA,NA,6,0.181818181818182,"FALSE","ShortHotdog","AbsentNoLazySee_pizza",NA
"911","0000","br_p=1",NA,NA,NA,NA,NA,NA,NA,NA,NA,NA,NA,NA,NA,NA,NA,NA,NA,NA,NA,NA,NA,NA,NA,NA,1,0.0303030303030303,"FALSE","ShortHotdog","AbsentNoLazySee_pizza",NA
"912","0001","P=1",NA,NA,NA,NA,NA,NA,NA,NA,NA,NA,NA,NA,NA,NA,NA,NA,NA,NA,NA,NA,NA,NA,NA,NA,1,0.032258064516129,"FALSE","ShortHotdog","AbsentNoLazySee_hotdog",NA
"913","0010","P=1",NA,NA,NA,NA,NA,NA,NA,NA,NA,NA,NA,NA,NA,NA,NA,NA,NA,NA,NA,NA,NA,NA,NA,NA,5,0.15625,"FALSE","ShortHotdog","AbsentNoSportySee_pizza",NA
"914","0010","br_p=1",NA,NA,NA,NA,NA,NA,NA,NA,NA,NA,NA,NA,NA,NA,NA,NA,NA,NA,NA,NA,NA,NA,NA,NA,2,0.0625,"FALSE","ShortHotdog","AbsentNoSportySee_pizza",NA
"915","0011","P=1",NA,NA,NA,NA,NA,NA,NA,NA,NA,NA,NA,NA,NA,NA,NA,NA,NA,NA,NA,NA,NA,NA,NA,NA,3,0.1,"FALSE","ShortHotdog","AbsentNoSportySee_hotdog",NA
"916","0100","P=1",NA,NA,NA,NA,NA,NA,NA,NA,NA,NA,NA,NA,NA,NA,NA,NA,NA,NA,NA,NA,NA,NA,NA,NA,10,0.344827586206897,"FALSE","ShortHotdog","AbsentYesLazySee_pizza",NA
"917","0101","P=1",NA,NA,NA,NA,NA,NA,NA,NA,NA,NA,NA,NA,NA,NA,NA,NA,NA,NA,NA,NA,NA,NA,NA,NA,3,0.09375,"FALSE","ShortHotdog","AbsentYesLazySee_hotdog",NA
"918","0110","P=1",NA,NA,NA,NA,NA,NA,NA,NA,NA,NA,NA,NA,NA,NA,NA,NA,NA,NA,NA,NA,NA,NA,NA,NA,9,0.290322580645161,"FALSE","ShortHotdog","AbsentYesSportySee_pizza",NA
"919","0111","P=1",NA,NA,NA,NA,NA,NA,NA,NA,NA,NA,NA,NA,NA,NA,NA,NA,NA,NA,NA,NA,NA,NA,NA,NA,8,0.258064516129032,"FALSE","ShortHotdog","AbsentYesSportySee_hotdog",NA
"920","1100","C=1",NA,NA,NA,NA,NA,NA,NA,NA,NA,NA,NA,NA,NA,NA,NA,NA,NA,NA,NA,NA,NA,NA,NA,NA,2,0.0645161290322581,"FALSE","ShortHotdog","HotdogYesLazySee_pizza",NA
"921","0000","br_f=1",NA,NA,0,0,0,0,0,0,0,NA,NA,"c00001",TRUE,0.0299106235910207,0.478569977456332,1,0.853202147828179,0.111111111111111,0.382383870618272,0.0531744419395924,"Hotdog","br",0.426601073914089,0.20352543691972,2,0.0689655172413793,"TRUE","LongHotdog","AbsentNoLazySee_pizza","br"
"922","0000","br_p=1","c00001",TRUE,5.20718373469923e-07,8.33149397551877e-06,1,0.785297022071942,0.111111111111111,5.46844811672712e-06,9.25721552835419e-07,"Long","br",NA,NA,0,0,0,0,0,0,0,NA,NA,0.392648511035971,0.177679389336391,1,0.0344827586206897,"TRUE","LongHotdog","AbsentNoLazySee_pizza","br"
"923","0000","C=0","c00001",TRUE,5.20718373469923e-07,8.33149397551877e-06,1,0.0184703626545165,0.111111111111111,1.97361223077345e-07,9.25721552835419e-07,"Long","C","c00001",TRUE,0.0299106235910207,0.478569977456332,1,0.0194817890648697,0.111111111111111,0.0130313115778729,0.0531744419395924,"Hotdog","C",0.0189760758596931,0.0398567191475165,2,0.0689655172413793,"TRUE","LongHotdog","AbsentNoLazySee_pizza","C"
"924","0000","Cu=0","c00001",TRUE,2.70164930313789e-07,4.32263888502063e-06,0.518831184145635,0.0107387029155912,0.057647909349515,5.72879701460387e-08,2.40146604723368e-07,"Long","Cu","c00001",TRUE,1.11653937645776e-10,1.78646300233242e-09,3.73291908495332e-09,7.25489854223647e-11,4.14768787217036e-10,2.41124063521078e-11,9.92479445740234e-11,"Hotdog","Cu",0.00536935149407009,0.0377454185169173,NA,NA,"TRUE","LongHotdog","AbsentNoLazySee_pizza","Cu"
"925","0000","Cu=1","c00001",TRUE,2.50553443156134e-07,4.00885509049814e-06,0.481168815854365,0.0111316162420717,0.0534632017615961,5.78363419715854e-08,2.22714171694341e-07,"Long","Cu","c00001",TRUE,0.0299106234793668,0.478569975669869,0.999999996267081,0.0197298501510288,0.111111110696342,0.00658120225441428,0.0265872208705483,"Hotdog","Cu",0.0154307331965503,0.0392954851795927,NA,NA,"TRUE","LongHotdog","AbsentNoLazySee_pizza","Cu"
"926","0000","K=0","c00001",TRUE,5.20718373469923e-07,8.33149397551877e-06,1,0.0292224917116851,0.111111111111111,7.61992366010739e-07,9.25721552835419e-07,"Long","K","c00001",TRUE,0.0299106235910207,0.478569977456332,1,0.0176949116836948,0.111111111111111,0.00979078188036028,0.0531744419395924,"Hotdog","K",0.02345870169769,0.040577815676201,6,0.206896551724138,"TRUE","LongHotdog","AbsentNoLazySee_pizza","K"
"927","0000","Ku_f=0",NA,NA,0,0,0,0,0,0,0,NA,NA,"c00001",TRUE,0.0299067960138039,0.478508736220862,0.999872032851298,0.017889687628082,0.111096892539033,0.00550113820219499,0.0265838186789368,"Hotdog","Ku",0.00894484381404098,0.0382891311458237,NA,NA,"TRUE","LongHotdog","AbsentNoLazySee_pizza","Ku"
"928","0000","Ku_f=1",NA,NA,0,0,0,0,0,0,0,NA,NA,"c00001",TRUE,3.82757721685115e-06,6.12412354696184e-05,0.000127967148702316,3.3306482460143e-06,1.42185720780351e-05,9.81324775660327e-07,3.40229085942325e-06,"Hotdog","Ku",1.66532412300715e-06,0.0369436345239651,NA,NA,"TRUE","LongHotdog","AbsentNoLazySee_pizza","Ku"
"929","0000","Ku_p=0","c00001",TRUE,5.20718372733671e-07,8.33149396373873e-06,0.999999998586083,0.0291565092753,0.111111110954009,1.33894926787854e-07,4.62860775763263e-07,"Long","Ku",NA,NA,0,0,0,0,0,0,0,NA,NA,0.01457825463765,0.0391617191402587,3,0.103448275862069,"TRUE","LongHotdog","AbsentNoLazySee_pizza","Ku"
"930","0000","Ku_p=1","c00001",TRUE,7.3625236352634e-16,1.17800378164214e-14,1.41391662180107e-09,2.96376837409969e-11,1.57101846866785e-10,1.35126965323404e-16,6.54446545356747e-16,"Long","Ku",NA,NA,0,0,0,0,0,0,0,NA,NA,1.48188418704985e-11,0.0369433884344715,NA,NA,"TRUE","LongHotdog","AbsentNoLazySee_pizza","Ku"
"931","0000","P=0","c00001",TRUE,5.20718373469923e-07,8.33149397551877e-06,1,0.0462179666277442,0.111111111111111,7.59705796217836e-07,9.25721552835419e-07,"Long","P","c00001",TRUE,0.0299106235910207,0.478569977456332,1,0.0165362913609053,0.111111111111111,0.0098578327566753,0.0531744419395924,"Hotdog","P",0.0313771289943247,0.0418836365370578,NA,NA,"TRUE","LongHotdog","AbsentNoLazySee_pizza","P"
"932","0000","Pu_f=0",NA,NA,0,0,0,0,0,0,0,NA,NA,"c00001",TRUE,0.0246738728304007,0.394781965286411,0.824920040711149,0.0141734454724425,0.0916577823012387,0.00451059379151072,0.0219323314048006,"Hotdog","Pu",0.00708672273622126,0.038005602744704,NA,NA,"TRUE","LongHotdog","AbsentNoLazySee_pizza","Pu"
"933","0000","Pu_f=1",NA,NA,0,0,0,0,0,0,0,NA,NA,"c00001",TRUE,0.00523675076062006,0.0837880121699209,0.175079959288851,0.0045212110797759,0.0194533288098723,0.00135103907877256,0.00465488956499561,"Hotdog","Pu",0.00226060553988795,0.037278961054633,6,0.206896551724138,"TRUE","LongHotdog","AbsentNoLazySee_pizza","Pu"
"934","0000","Pu_p=0","c00001",TRUE,4.44591858931927e-07,7.11346974291083e-06,0.853804823458196,0.0237007553865506,0.0948672026064662,1.13838616304199e-07,3.95192763495046e-07,"Long","Pu",NA,NA,0,0,0,0,0,0,0,NA,NA,0.0118503776932753,0.0387367285977263,NA,NA,"TRUE","LongHotdog","AbsentNoLazySee_pizza","Pu"
"935","0000","Pu_p=1","c00001",TRUE,7.61265145379964e-08,1.21802423260794e-06,0.146195176541804,0.00302738480658922,0.0162439085046449,1.40500161123214e-08,6.76680129226634e-08,"Long","Pu",NA,NA,0,0,0,0,0,0,0,NA,NA,0.00151369240329461,0.0371677506834089,NA,NA,"TRUE","LongHotdog","AbsentNoLazySee_pizza","Pu"
"936","0000","S=0","c00001",TRUE,5.20718373469923e-07,8.33149397551877e-06,1,0.0216060014073096,0.111111111111111,2.27397856259073e-07,9.25721552835419e-07,"Long","S","c00001",TRUE,0.0299106235910207,0.478569977456332,1,0.0180668401238245,0.111111111111111,0.00954075481530573,0.0531744419395924,"Hotdog","S",0.019836420765567,0.0399941175330505,NA,NA,"TRUE","LongHotdog","AbsentNoLazySee_pizza","S"
"937","0000","Su=0","c00001",TRUE,3.42695047402741e-14,5.48312075844385e-13,6.58119753138564e-08,1.40992836903938e-09,7.3124417015396e-09,7.46336619351943e-15,3.04617819913547e-14,"Long","Su","c00001",TRUE,0.027498291445704,0.439972663131264,0.919348650890684,0.0158115226482261,0.102149850098965,0.00457132644272948,0.0244429257295146,"Hotdog","Su",0.00790576202907723,0.0381303192565871,NA,NA,"TRUE","LongHotdog","AbsentNoLazySee_pizza","Su"
"938","0000","Su=1","c00001",TRUE,5.20718339200419e-07,8.3314934272067e-06,0.999999934188025,0.0214311854611342,0.111111103798669,1.13667522251145e-07,4.62860745955928e-07,"Long","Su","c00001",TRUE,0.00241233214531675,0.038597314325068,0.0806513491093159,0.00288897223817656,0.00896126101214621,0.000774047211581245,0.00214429524028156,"Hotdog","Su",0.0121600788496554,0.0387847455719749,1,0.0344827586206897,"TRUE","LongHotdog","AbsentNoLazySee_pizza","Su"
"939","0001","br_f=0",NA,NA,0,0,0,0,0,0,0,NA,NA,"c00011",TRUE,0.00262837717401549,0.0420540347842479,0.0807762104618693,0.000879232407784246,0.00897513449576326,0.000284567536188971,0.00233633526579155,"Hotdog","br",0.000439616203892123,0.0367145241397304,NA,NA,"TRUE","LongHotdog","AbsentNoLazySee_hotdog","br"
"940","0001","br_f=1",NA,NA,0,0,0,0,0,0,0,NA,NA,"c00011",TRUE,0.0299106235910207,0.478569977456332,0.919223789538131,0.753067147976373,0.102135976615348,0.288679059976066,0.0531744419395924,"Hotdog","br",0.376533573988187,0.165264671926776,1,0.032258064516129,"TRUE","LongHotdog","AbsentNoLazySee_hotdog","br"
"941","0001","br_p=1","c00011",TRUE,5.20718373469923e-07,8.33149397551877e-06,1,0.784093408729844,0.111111111111111,5.4495528288305e-06,9.25721552835419e-07,"Long","br",NA,NA,0,0,0,0,0,0,0,NA,NA,0.392046704364922,0.175844623225991,1,0.032258064516129,"TRUE","LongHotdog","AbsentNoLazySee_hotdog","br"
"942","0001","C=0","c00011",TRUE,5.20718373469923e-07,8.33149397551877e-06,1,0.0184188695027536,0.111111111111111,1.97675924483268e-07,9.25721552835419e-07,"Long","C","c00011",TRUE,0.0325390007650362,0.520624012240579,1,0.0228725606945175,0.111111111111111,0.0299087035259247,0.0867706687067632,"Hotdog","C",0.0206457150986356,0.0398051708806649,1,0.032258064516129,"TRUE","LongHotdog","AbsentNoLazySee_hotdog","C"
"943","0001","Cu=0","c00011",TRUE,2.70164930313789e-07,4.32263888502063e-06,0.518831184145635,0.010773276025418,0.057647909349515,5.73587568263992e-08,2.40146604723368e-07,"Long","Cu","c00011",TRUE,1.21465456961114e-10,1.94344731137783e-09,3.73291908495332e-09,8.39407978456196e-11,4.14768787217036e-10,5.55697829898987e-11,1.61953942614819e-10,"Hotdog","Cu",0.00538663805467941,0.0374482701247248,NA,NA,"TRUE","LongHotdog","AbsentNoLazySee_hotdog","Cu"
"944","0001","Cu=1","c00011",TRUE,2.50553443156134e-07,4.00885509049814e-06,0.481168815854365,0.0114693294028099,0.0534632017615961,5.87094667694198e-08,2.22714171694341e-07,"Long","Cu","c00011",TRUE,0.0325390006435708,0.520624010297132,0.999999996267081,0.0227219066113333,0.111111110696342,0.0148674316246831,0.0433853341914277,"Hotdog","Cu",0.0170956180070716,0.0392439164421038,3,0.0967741935483871,"TRUE","LongHotdog","AbsentNoLazySee_hotdog","Cu"
"945","0001","K=0","c00011",TRUE,5.20718373469923e-07,8.33149397551877e-06,1,0.0297826369806251,0.111111111111111,7.68124628974588e-07,9.25721552835419e-07,"Long","K","c00011",TRUE,0.0325390007650362,0.520624012240579,1,0.0208416699936354,0.111111111111111,0.0235353802086624,0.0867706687067632,"Hotdog","K",0.0253121534871303,0.0405551420038944,16,0.516129032258065,"TRUE","LongHotdog","AbsentNoLazySee_hotdog","K"
"946","0001","Ku_f=0",NA,NA,0,0,0,0,0,0,0,NA,NA,"c00011",TRUE,0.0325348368418867,0.520557389470187,0.999872032851298,0.0212914060795361,0.111096892539033,0.0130504008149565,0.0433797824558489,"Hotdog","Ku",0.010645703039768,0.0382443859610604,1,0.032258064516129,"TRUE","LongHotdog","AbsentNoLazySee_hotdog","Ku"
"947","0001","Ku_f=1",NA,NA,0,0,0,0,0,0,0,NA,NA,"c00011",TRUE,4.16392314952417e-06,6.66227703923866e-05,0.000127967148702316,3.79277445619613e-06,1.42185720780351e-05,2.20023211661068e-06,5.55189753269889e-06,"Hotdog","Ku",1.89638722809806e-06,0.036650297683422,NA,NA,"TRUE","LongHotdog","AbsentNoLazySee_hotdog","Ku"
"948","0001","Ku_p=0","c00011",TRUE,5.20718372733671e-07,8.33149396373873e-06,0.999999998586083,0.0296110353120049,0.111111110954009,1.34610818915287e-07,4.62860775763263e-07,"Long","Ku",NA,NA,0,0,0,0,0,0,0,NA,NA,0.0148055176560025,0.0388860679351413,1,0.032258064516129,"TRUE","LongHotdog","AbsentNoLazySee_hotdog","Ku"
"949","0001","Ku_p=1","c00011",TRUE,7.3625236352634e-16,1.17800378164214e-14,1.41391662180107e-09,3.03802049717857e-11,1.57101846866785e-10,1.3568410662876e-16,6.54446545356747e-16,"Long","Ku",NA,NA,0,0,0,0,0,0,0,NA,NA,1.51901024858929e-11,0.0366500196740776,NA,NA,"TRUE","LongHotdog","AbsentNoLazySee_hotdog","Ku"
"950","0001","P=0","c00011",TRUE,5.20718373469923e-07,8.33149397551877e-06,1,0.0461954902778318,0.111111111111111,7.66459950499941e-07,9.25721552835419e-07,"Long","P","c00011",TRUE,0.0325390007650362,0.520624012240579,1,0.0190867671663037,0.111111111111111,0.0235474092002466,0.0867706687067632,"Hotdog","P",0.0326411287220678,0.0417616510725104,NA,NA,"TRUE","LongHotdog","AbsentNoLazySee_hotdog","P"
"951","0001","Pu_f=0",NA,NA,0,0,0,0,0,0,0,NA,NA,"c00011",TRUE,0.0268420738357938,0.429473181372701,0.824920040711149,0.0167592790108867,0.0916577823012388,0.0107888273764451,0.0357894317810584,"Hotdog","Pu",0.00837963950544336,0.037899295484013,NA,NA,"TRUE","LongHotdog","AbsentNoLazySee_hotdog","Pu"
"952","0001","Pu_f=1",NA,NA,0,0,0,0,0,0,0,NA,NA,"c00011",TRUE,0.00569692692924244,0.091150830867879,0.175079959288851,0.00498202039795351,0.0194533288098723,0.00297913920636986,0.00759590257232325,"Hotdog","Pu",0.00249101019897676,0.0370170273664159,NA,NA,"TRUE","LongHotdog","AbsentNoLazySee_hotdog","Pu"
"953","0001","Pu_p=0","c00011",TRUE,4.44591858931927e-07,7.11346974291083e-06,0.853804823458196,0.0237437945509601,0.0948672026064662,1.14215202130613e-07,3.95192763495046e-07,"Long","Pu",NA,NA,0,0,0,0,0,0,0,NA,NA,0.0118718972754801,0.0384324269160133,NA,NA,"TRUE","LongHotdog","AbsentNoLazySee_hotdog","Pu"
"954","0001","Pu_p=1","c00011",TRUE,7.61265145379964e-08,1.21802423260794e-06,0.146195176541804,0.00301486797605994,0.0162439085046449,1.39939824405606e-08,6.76680129226634e-08,"Long","Pu",NA,NA,0,0,0,0,0,0,0,NA,NA,0.00150743398802997,0.0368716772097449,NA,NA,"TRUE","LongHotdog","AbsentNoLazySee_hotdog","Pu"
"955","0001","S=1","c00011",TRUE,5.20718373469923e-07,8.33149397551877e-06,1,0.0213952956946599,0.111111111111111,2.2915645974007e-07,9.25721552835419e-07,"Long","S","c00011",TRUE,0.0325390007650362,0.520624012240579,1,0.0226852139372382,0.111111111111111,0.0298354749096431,0.0867706687067632,"Hotdog","S",0.0220402548159491,0.0400278308867445,NA,NA,"TRUE","LongHotdog","AbsentNoLazySee_hotdog","S"
"956","0001","Su=0","c00011",TRUE,3.42695047402741e-14,5.48312075844385e-13,6.58119753138564e-08,1.41586522162503e-09,7.3124417015396e-09,7.49425304005187e-15,3.04617819913547e-14,"Long","Su","c00011",TRUE,0.027498291445704,0.439972663131264,0.845087150778503,0.0126164536839911,0.0938985723087225,0.00397365662580622,0.0244429257295146,"Hotdog","Su",0.00630822754992818,0.037586572613797,NA,NA,"TRUE","LongHotdog","AbsentNoLazySee_hotdog","Su"
"957","0001","Su=1","c00011",TRUE,5.20718339200419e-07,8.3314934272067e-06,0.999999934188025,0.0215019941007876,0.111111103798669,1.14015020959739e-07,4.62860745955928e-07,"Long","Su","c00011",TRUE,0.00504070931933224,0.0806513491093159,0.154912849221497,0.08219254918205,0.0172125388023886,0.0405474103387315,0.00896126101214621,"Hotdog","Su",0.0518472716414188,0.0450964284531747,NA,NA,"TRUE","LongHotdog","AbsentNoLazySee_hotdog","Su"
"958","0010","br_f=1",NA,NA,0,0,0,0,0,0,0,NA,NA,"c00101",TRUE,0.0299106235910207,0.478569977456332,1,0.853744709735428,0.111111111111111,0.382412364832188,0.0531744419395924,"Hotdog","br",0.426872354867714,0.206892004819557,NA,NA,"TRUE","LongHotdog","AbsentNoSportySee_pizza","br"
"959","0010","br_p=0","c00101",TRUE,0.0300728004374546,0.481164806999274,0.999982685039315,0.031915489691047,0.111109187226591,0.00846820845932535,0.0267313781666263,"Long","br",NA,NA,0,0,0,0,0,0,0,NA,NA,0.0159577448455235,0.0399863642076759,NA,NA,"TRUE","LongHotdog","AbsentNoSportySee_pizza","br"
"960","0010","br_p=1","c00101",TRUE,5.20718373469923e-07,8.33149397551877e-06,1.73149606846469e-05,1.01924309536966e-05,1.92388452051632e-06,3.80263970092132e-06,9.25721552835419e-07,"Long","br",NA,NA,0,0,0,0,0,0,0,NA,NA,5.09621547684832e-06,0.0375145143215781,3,0.0967741935483871,"TRUE","LongHotdog","AbsentNoSportySee_pizza","br"
"961","0010","C=1","c00101",TRUE,0.0300733211558281,0.48117313849325,1,0.31861803061226,0.111111111111111,0.097075446100199,0.0801955230822083,"Long","C","c00101",TRUE,0.0299106235910207,0.478569977456332,1,0.0192674550583908,0.111111111111111,0.0129612466660723,0.0531744419395924,"Hotdog","C",0.168942742835325,0.0737350669841704,14,0.451612903225806,"TRUE","LongHotdog","AbsentNoSportySee_pizza","C"
"962","0010","Cu=0","c00101",TRUE,2.70164930313789e-07,4.32263888502063e-06,8.98354155545047e-06,1.86863738275684e-07,9.98171283938941e-07,5.73086624776327e-08,2.40146604723368e-07,"Long","Cu","c00101",TRUE,1.11653937645776e-10,1.78646300233242e-09,3.73291908495332e-09,7.32412017323064e-11,4.14768787217036e-10,2.4298221594213e-11,9.92479445740234e-11,"Hotdog","Cu",9.34684897387084e-08,0.0375137636265952,NA,NA,"TRUE","LongHotdog","AbsentNoSportySee_pizza","Cu"
"963","0010","Cu=1","c00101",TRUE,0.0300730509908978,0.481168815854365,0.999991016458444,0.419007663622725,0.111110112939827,0.111853000341803,0.0534632017615961,"Long","Cu","c00101",TRUE,0.0299106234793668,0.478569975669869,0.999999996267081,0.0194454373745244,0.111111110696342,0.00653127029375006,0.0265872208705483,"Hotdog","Cu",0.219226550498625,0.0901625113578251,3,0.0967741935483871,"TRUE","LongHotdog","AbsentNoSportySee_pizza","Cu"
"964","0010","K=0","c00101",TRUE,0.0300733211558281,0.48117313849325,1,0.0389711200312752,0.111111111111111,0.088292053739103,0.0801955230822083,"Long","K","c00101",TRUE,0.0299106235910207,0.478569977456332,1,0.0178673089131085,0.111111111111111,0.00977985033048254,0.0531744419395924,"Hotdog","K",0.0284192144721918,0.0420300307103923,3,0.0967741935483871,"TRUE","LongHotdog","AbsentNoSportySee_pizza","K"
"965","0010","Ku_f=0",NA,NA,0,0,0,0,0,0,0,NA,NA,"c00101",TRUE,0.0299067960138039,0.478508736220862,0.999872032851298,0.0177367255405323,0.111096892539033,0.00545192414343682,0.0265838186789368,"Hotdog","Ku",0.00886836277026616,0.038868376357159,NA,NA,"TRUE","LongHotdog","AbsentNoSportySee_pizza","Ku"
"966","0010","Ku_f=1",NA,NA,0,0,0,0,0,0,0,NA,NA,"c00101",TRUE,3.82757721685115e-06,6.12412354696184e-05,0.000127967148702316,3.33918598375785e-06,1.42185720780351e-05,9.82563407298116e-07,3.40229085942325e-06,"Hotdog","Ku",1.66959299187893e-06,0.0375140001327888,NA,NA,"TRUE","LongHotdog","AbsentNoSportySee_pizza","Ku"
"967","0010","Ku_p=0","c00101",TRUE,0.0300733211133069,0.481173137812911,0.999999998586083,0.0395525009733962,0.111111110954009,0.0163490614580395,0.0400977614844092,"Long","Ku",NA,NA,0,0,0,0,0,0,0,NA,NA,0.0197762504866981,0.0406018050002093,1,0.032258064516129,"TRUE","LongHotdog","AbsentNoSportySee_pizza","Ku"
"968","0010","Ku_p=1","c00101",TRUE,4.2521168654987e-11,6.80338698479792e-10,1.41391662180107e-09,4.09042555067035e-11,1.57101846866785e-10,1.37366137696751e-11,5.66948915399827e-11,"Long","Ku",NA,NA,0,0,0,0,0,0,0,NA,NA,2.04521277533517e-11,0.0375137496042474,NA,NA,"TRUE","LongHotdog","AbsentNoSportySee_pizza","Ku"
"969","0010","P=0","c00101",TRUE,0.0300733211558281,0.48117313849325,1,0.0509754481998725,0.111111111111111,0.0883692201434752,0.0801955230822083,"Long","P","c00101",TRUE,0.0299106235910207,0.478569977456332,1,0.0164119516380439,0.111111111111111,0.00981245721114006,0.0531744419395924,"Hotdog","P",0.0336936999189582,0.0429261982551441,1,0.032258064516129,"TRUE","LongHotdog","AbsentNoSportySee_pizza","P"
"970","0010","Pu_f=0",NA,NA,0,0,0,0,0,0,0,NA,NA,"c00101",TRUE,0.0246738728304007,0.394781965286411,0.824920040711149,0.0142551208062841,0.0916577823012387,0.00452439186414984,0.0219323314048006,"Hotdog","Pu",0.00712756040314204,0.0385986678191693,NA,NA,"TRUE","LongHotdog","AbsentNoSportySee_pizza","Pu"
"971","0010","Pu_f=1",NA,NA,0,0,0,0,0,0,0,NA,NA,"c00101",TRUE,0.00523675076062006,0.0837880121699209,0.175079959288851,0.00448658041061973,0.0194533288098723,0.00134949377527464,0.00465488956499561,"Hotdog","Pu",0.00224329020530986,0.0378518812956006,3,0.0967741935483871,"TRUE","LongHotdog","AbsentNoSportySee_pizza","Pu"
"972","0010","Pu_p=0","c00101",TRUE,0.0256767466602535,0.410827946564055,0.853804823458196,0.0331568647069015,0.0948672026064662,0.0140427007070831,0.0342356622136713,"Long","Pu",NA,NA,0,0,0,0,0,0,0,NA,NA,0.0165784323534508,0.0400857636956628,NA,NA,"TRUE","LongHotdog","AbsentNoSportySee_pizza","Pu"
"973","0010","Pu_p=1","c00101",TRUE,0.00439657449557465,0.0703451919291944,0.146195176541804,0.0041599370542288,0.0162439085046449,0.00140803010383171,0.00586209932743287,"Long","Pu",NA,NA,0,0,0,0,0,0,0,NA,NA,0.0020799685271144,0.0378271612400174,NA,NA,"TRUE","LongHotdog","AbsentNoSportySee_pizza","Pu"
"974","0010","S=0","c00101",TRUE,0.0300733211558281,0.48117313849325,1,0.0317165242661222,0.111111111111111,0.0247824367734416,0.0801955230822083,"Long","S","c00101",TRUE,0.0299106235910207,0.478569977456332,1,0.0178481730691224,0.111111111111111,0.00959111225466741,0.0531744419395924,"Hotdog","S",0.0247823486676223,0.0414230262768299,NA,NA,"TRUE","LongHotdog","AbsentNoSportySee_pizza","S"
"975","0010","Su=0","c00101",TRUE,1.97918466951303e-09,3.16669547122086e-08,6.58119753138564e-08,2.08185831904986e-09,7.3124417015396e-09,8.15285747841048e-10,2.63891289268405e-09,"Long","Su","c00101",TRUE,0.027498291445704,0.439972663131264,0.919348650890684,0.0160548331459698,0.102149850098965,0.00456522386723436,0.0244429257295146,"Hotdog","Su",0.00802741761391408,0.0387378513177015,NA,NA,"TRUE","LongHotdog","AbsentNoSportySee_pizza","Su"
"976","0010","Su=1","c00101",TRUE,0.0300733191766434,0.481173106826295,0.999999934188025,0.0319160394247172,0.111111103798669,0.0123922215808373,0.0400977589021912,"Long","Su","c00101",TRUE,0.00241233214531675,0.038597314325068,0.0806513491093159,0.00287836504875086,0.00896126101214621,0.000780979482491742,0.00214429524028156,"Hotdog","Su",0.017397202236734,0.040217262977676,1,0.032258064516129,"TRUE","LongHotdog","AbsentNoSportySee_pizza","Su"
"977","0011","br_f=0",NA,NA,0,0,0,0,0,0,0,NA,NA,"c00111",TRUE,0.00262837717401549,0.0420540347842479,0.0807762104618693,0.000881841742811049,0.00897513449576326,0.000283418164490575,0.00233633526579155,"Hotdog","br",0.000440920871405525,0.0372647951086675,NA,NA,"TRUE","LongHotdog","AbsentNoSportySee_hotdog","br"
"978","0011","br_f=1",NA,NA,0,0,0,0,0,0,0,NA,NA,"c00111",TRUE,0.0299106235910207,0.478569977456332,0.919223789538131,0.752011204560898,0.102135976615348,0.288638056257149,0.0531744419395924,"Hotdog","br",0.376005602280449,0.167386879313006,NA,NA,"TRUE","LongHotdog","AbsentNoSportySee_hotdog","br"
"979","0011","br_p=0","c00111",TRUE,0.0300728004374546,0.481164806999274,0.999982685039315,0.032100484198948,0.111109187226591,0.00846524929998046,0.0267313781666263,"Long","br",NA,NA,0,0,0,0,0,0,0,NA,NA,0.016050242099474,0.0396656801912652,NA,NA,"TRUE","LongHotdog","AbsentNoSportySee_hotdog","br"
"980","0011","br_p=1","c00111",TRUE,5.20718373469923e-07,8.33149397551877e-06,1.73149606846469e-05,1.01814406042338e-05,1.92388452051632e-06,3.80050940841426e-06,9.25721552835419e-07,"Long","br",NA,NA,0,0,0,0,0,0,0,NA,NA,5.0907203021169e-06,0.0371998872176061,3,0.09375,"TRUE","LongHotdog","AbsentNoSportySee_hotdog","br"
"981","0011","C=1","c00111",TRUE,0.0300733211558281,0.48117313849325,1,0.320627621236958,0.111111111111111,0.0973305924246097,0.0801955230822083,"Long","C","c00111",TRUE,0.0325390007650362,0.520624012240579,1,0.0226806484956233,0.111111111111111,0.0297068984957321,0.0867706687067632,"Hotdog","C",0.171654134866291,0.0739139741940982,15,0.46875,"TRUE","LongHotdog","AbsentNoSportySee_hotdog","C"
"982","0011","Cu=0","c00111",TRUE,2.70164930313789e-07,4.32263888502063e-06,8.98354155545047e-06,1.86248186353711e-07,9.98171283938941e-07,5.73435023381421e-08,2.40146604723368e-07,"Long","Cu","c00111",TRUE,1.21465456961114e-10,1.94344731137783e-09,3.73291908495332e-09,8.4303295915282e-11,4.14768787217036e-10,5.52344258428409e-11,1.61953942614819e-10,"Hotdog","Cu",9.31662448248129e-08,0.0371991435912496,NA,NA,"TRUE","LongHotdog","AbsentNoSportySee_hotdog","Cu"
"983","0011","Cu=1","c00111",TRUE,0.0300730509908978,0.481168815854365,0.999991016458444,0.414460134182478,0.111110112939827,0.111616102384469,0.0534632017615961,"Long","Cu","c00111",TRUE,0.0325390006435708,0.520624010297132,0.999999996267081,0.0230569902047268,0.111111110696342,0.0149053144679333,0.0433853341914277,"Hotdog","Cu",0.218758562193603,0.0892391295410965,6,0.1875,"TRUE","LongHotdog","AbsentNoSportySee_hotdog","Cu"
"984","0011","K=0","c00111",TRUE,0.0300733211558281,0.48117313849325,1,0.0398055719313423,0.111111111111111,0.0882006221970138,0.0801955230822083,"Long","K","c00111",TRUE,0.0325390007650362,0.520624012240579,1,0.0209391593221331,0.111111111111111,0.0235423829341366,0.0867706687067632,"Hotdog","K",0.0303723656267377,0.0420044190874119,4,0.125,"TRUE","LongHotdog","AbsentNoSportySee_hotdog","K"
"985","0011","Ku_f=0",NA,NA,0,0,0,0,0,0,0,NA,NA,"c00111",TRUE,0.0325348368418867,0.520557389470187,0.999872032851298,0.0211216603086599,0.111096892539033,0.0131375791744532,0.0433797824558489,"Hotdog","Ku",0.01056083015433,0.0388042077232882,3,0.09375,"TRUE","LongHotdog","AbsentNoSportySee_hotdog","Ku"
"986","0011","Ku_f=1",NA,NA,0,0,0,0,0,0,0,NA,NA,"c00111",TRUE,4.16392314952417e-06,6.66227703923866e-05,0.000127967148702316,3.82012430413859e-06,1.42185720780351e-05,2.18969767514202e-06,5.55189753269889e-06,"Hotdog","Ku",1.9100621520693e-06,0.0371994139401189,NA,NA,"TRUE","LongHotdog","AbsentNoSportySee_hotdog","Ku"
"987","0011","Ku_p=0","c00111",TRUE,0.0300733211133069,0.481173137812911,0.999999998586083,0.0393388737024345,0.111111110954009,0.0163392306810553,0.0400977614844092,"Long","Ku",NA,NA,0,0,0,0,0,0,0,NA,NA,0.0196694368512173,0.040244088117698,NA,NA,"TRUE","LongHotdog","AbsentNoSportySee_hotdog","Ku"
"988","0011","Ku_p=1","c00111",TRUE,4.2521168654987e-11,6.80338698479792e-10,1.41391662180107e-09,4.04776495571477e-11,1.57101846866785e-10,1.3631651363054e-11,5.66948915399827e-11,"Long","Ku",NA,NA,0,0,0,0,0,0,0,NA,NA,2.02388247785739e-11,0.0371991297314455,NA,NA,"TRUE","LongHotdog","AbsentNoSportySee_hotdog","Ku"
"989","0011","P=0","c00111",TRUE,0.0300733211558281,0.48117313849325,1,0.0511407355413801,0.111111111111111,0.0885955309815784,0.0801955230822083,"Long","P","c00111",TRUE,0.0325390007650362,0.520624012240579,1,0.0196066508506582,0.111111111111111,0.0235010483113656,0.0867706687067632,"Hotdog","P",0.0353736931960191,0.0428531922017452,NA,NA,"TRUE","LongHotdog","AbsentNoSportySee_hotdog","P"
"990","0011","Pu_f=0",NA,NA,0,0,0,0,0,0,0,NA,NA,"c00111",TRUE,0.0268420738357938,0.429473181372701,0.824920040711149,0.0168220203171837,0.0916577823012388,0.0108080850626003,0.0357894317810584,"Hotdog","Pu",0.00841101015859186,0.0384719501121404,NA,NA,"TRUE","LongHotdog","AbsentNoSportySee_hotdog","Pu"
"991","0011","Pu_f=1",NA,NA,0,0,0,0,0,0,0,NA,NA,"c00111",TRUE,0.00569692692924244,0.091150830867879,0.175079959288851,0.00505512128188696,0.0194533288098723,0.00297948905351348,0.00759590257232325,"Hotdog","Pu",0.00252756064094348,0.0375771295683564,NA,NA,"TRUE","LongHotdog","AbsentNoSportySee_hotdog","Pu"
"992","0011","Pu_p=0","c00111",TRUE,0.0256767466602535,0.410827946564055,0.853804823458196,0.0339696522636238,0.0948672026064662,0.013961845154281,0.0342356622136713,"Long","Pu",NA,NA,0,0,0,0,0,0,0,NA,NA,0.0169848261318119,0.0398142413493782,NA,NA,"TRUE","LongHotdog","AbsentNoSportySee_hotdog","Pu"
"993","0011","Pu_p=1","c00111",TRUE,0.00439657449557465,0.0703451919291944,0.146195176541804,0.00416959438111587,0.0162439085046449,0.00141512696010941,0.00586209932743287,"Long","Pu",NA,NA,0,0,0,0,0,0,0,NA,NA,0.00208479719055793,0.037510637348213,NA,NA,"TRUE","LongHotdog","AbsentNoSportySee_hotdog","Pu"
"994","0011","S=1","c00111",TRUE,0.0300733211558281,0.48117313849325,1,0.032275928318482,0.111111111111111,0.0248412995432057,0.0801955230822083,"Long","S","c00111",TRUE,0.0325390007650362,0.520624012240579,1,0.0227961696300794,0.111111111111111,0.0297868544555939,0.0867706687067632,"Hotdog","S",0.0275360489742807,0.0415305608607465,NA,NA,"TRUE","LongHotdog","AbsentNoSportySee_hotdog","S"
"995","0011","Su=0","c00111",TRUE,1.97918466951303e-09,3.16669547122086e-08,6.58119753138564e-08,2.11865588624394e-09,7.3124417015396e-09,8.18080014681582e-10,2.63891289268405e-09,"Long","Su","c00111",TRUE,0.027498291445704,0.439972663131264,0.845087150778503,0.0126786999467385,0.0938985723087225,0.0039796631131185,0.0244429257295146,"Hotdog","Su",0.00633935103269717,0.038154464307473,NA,NA,"TRUE","LongHotdog","AbsentNoSportySee_hotdog","Su"
"996","0011","Su=1","c00111",TRUE,0.0300733191766434,0.481173106826295,0.999999934188025,0.0321010343953123,0.111111103798669,0.0123901104245917,0.0400977589021912,"Long","Su","c00111",TRUE,0.00504070931933224,0.0806513491093159,0.154912849221497,0.0823460131299934,0.0172125388023886,0.0406036833350229,0.00896126101214621,"Hotdog","Su",0.0572235237626528,0.0467670764949958,NA,NA,"TRUE","LongHotdog","AbsentNoSportySee_hotdog","Su"
"997","0100","br_f=0",NA,NA,0,0,0,0,0,0,0,NA,NA,"c01001",TRUE,4.1703695770436e-06,6.67259132326976e-05,0.000139408266777187,2.18140177548609e-06,1.54898074196875e-05,6.53269114440744e-07,3.70699517959431e-06,"Hotdog","br",1.09070088774304e-06,0.0386683196240534,NA,NA,"TRUE","LongHotdog","AbsentYesLazySee_pizza","br"
"998","0100","br_f=1",NA,NA,0,0,0,0,0,0,0,NA,NA,"c01001",TRUE,0.0299106235910207,0.478569977456332,0.999860591733223,0.821299140799916,0.111095621303691,0.274117951506677,0.0531744419395924,"Hotdog","br",0.410649570399958,0.199859489914984,2,0.0666666666666667,"TRUE","LongHotdog","AbsentYesLazySee_pizza","br"
"999","0100","br_p=1","c01001",TRUE,5.20718372733671e-07,8.33149396373873e-06,1,0.626339733795392,0.111111111111111,2.42774005404837e-06,4.62860775763263e-07,"Long","br",NA,NA,0,0,0,0,0,0,0,NA,NA,0.313169866897696,0.135327227809759,4,0.133333333333333,"TRUE","LongHotdog","AbsentYesLazySee_pizza","br"
"1000","0100","C=0","c01001",TRUE,5.20718372733671e-07,8.33149396373873e-06,1,0.0252232688786381,0.111111111111111,1.1087460123415e-07,4.62860775763263e-07,"Long","C","c01001",TRUE,0.0299147939605978,0.478636703369564,1,0.0237783301307736,0.111111111111111,0.032133826785961,0.0797727838949274,"Hotdog","C",0.0245007995047059,0.0426496678303012,NA,NA,"TRUE","LongHotdog","AbsentYesLazySee_pizza","C"
"1001","0100","Cu=0","c01001",TRUE,2.70164929931799e-07,4.32263887890878e-06,0.518831184145635,0.0143755214880774,0.057647909349515,3.21618927782896e-08,1.20073302191911e-07,"Long","Cu","c01001",TRUE,1.11669505297962e-10,1.78671208476739e-09,3.73291908495332e-09,8.92303775611054e-11,4.14768787217036e-10,5.99754745169864e-11,1.48892673730616e-10,"Hotdog","Cu",0.00718776078865388,0.0397960368529608,NA,NA,"TRUE","LongHotdog","AbsentYesLazySee_pizza","Cu"
"1002","0100","Cu=1","c01001",TRUE,2.50553442801872e-07,4.00885508482996e-06,0.481168815854365,0.0147491383159378,0.0534632017615961,3.27290647242417e-08,1.11357085689721e-07,"Long","Cu","c01001",TRUE,0.0299147938489283,0.478636701582852,0.999999996267081,0.0244291372879766,0.111111110696342,0.0161768131868068,0.039886391798571,"Hotdog","Cu",0.0195891378019572,0.0418199224167065,4,0.133333333333333,"TRUE","LongHotdog","AbsentYesLazySee_pizza","Cu"
"1003","0100","K=1","c01001",TRUE,5.20718372733671e-07,8.33149396373873e-06,1,0.0214502748794388,0.111111111111111,9.66793874732797e-08,4.62860775763263e-07,"Long","K","c01001",TRUE,0.0299147939605978,0.478636703369564,1,0.0263259000128248,0.111111111111111,0.129736741915327,0.0797727838949274,"Hotdog","K",0.0238880874461318,0.0425452679535906,1,0.0333333333333333,"TRUE","LongHotdog","AbsentYesLazySee_pizza","K"
"1004","0100","Ku_f=0",NA,NA,0,0,0,0,0,0,0,NA,NA,"c01001",TRUE,0.0299067960138039,0.478508736220862,0.999732642424199,0.0140556133780362,0.1110814047138,0.0043559657214121,0.0265838186789368,"Hotdog","Ku",0.00702780668901812,0.0397705828398011,2,0.0666666666666667,"TRUE","LongHotdog","AbsentYesLazySee_pizza","Ku"
"1005","0100","Ku_f=1",NA,NA,0,0,0,0,0,0,0,NA,NA,"c01001",TRUE,7.99794679389475e-06,0.000127967148702316,0.000267357575801098,7.20614176593955e-05,2.97063973112331e-05,3.27534035730072e-05,1.42185720780351e-05,"Hotdog","Ku",3.60307088296977e-05,0.0386737242873016,NA,NA,"TRUE","LongHotdog","AbsentYesLazySee_pizza","Ku"
"1006","0100","Ku_p=0","c01001",TRUE,5.20718372733671e-07,8.33149396373873e-06,1,0.153088542682461,0.111111111111111,6.29577608331386e-07,4.62860775763263e-07,"Long","Ku",NA,NA,0,0,0,0,0,0,0,NA,NA,0.0765442713412304,0.0525199644728188,NA,NA,"TRUE","LongHotdog","AbsentYesLazySee_pizza","Ku"
"1007","0100","P=0","c01001",TRUE,5.20718372733671e-07,8.33149396373873e-06,1,0.0527334703201771,0.111111111111111,3.86579168359664e-07,4.62860775763263e-07,"Long","P","c01001",TRUE,0.0299147939605978,0.478636703369564,1,0.0205017636517542,0.111111111111111,0.0252816317433971,0.0797727838949274,"Hotdog","P",0.0366176169859656,0.044767693657193,NA,NA,"TRUE","LongHotdog","AbsentYesLazySee_pizza","P"
"1008","0100","Pu_f=0",NA,NA,0,0,0,0,0,0,0,NA,NA,"c01001",TRUE,0.0246773130518419,0.394837008829471,0.824920040711149,0.0176789439608663,0.0916577823012388,0.0117483146340899,0.0329030840691226,"Hotdog","Pu",0.00883947198043315,0.0400598335631835,1,0.0333333333333333,"TRUE","LongHotdog","AbsentYesLazySee_pizza","Pu"
"1009","0100","Pu_f=1",NA,NA,0,0,0,0,0,0,0,NA,NA,"c01001",TRUE,0.00523748090875583,0.0837996945400932,0.175079959288851,0.00529360462844492,0.0194533288098723,0.00319171694659224,0.0069833078783411,"Hotdog","Pu",0.00264680231422246,0.0390797135329742,5,0.166666666666667,"TRUE","LongHotdog","AbsentYesLazySee_pizza","Pu"
"1010","0100","Pu_p=0","c01001",TRUE,4.44591858303311e-07,7.11346973285298e-06,0.853804823458196,0.0312609524425113,0.0948672026064662,6.52586725783776e-08,1.97596381468138e-07,"Long","Pu",NA,NA,0,0,0,0,0,0,0,NA,NA,0.0156304762212556,0.0411629340526789,NA,NA,"TRUE","LongHotdog","AbsentYesLazySee_pizza","Pu"
"1011","0100","Pu_p=1","c01001",TRUE,7.61265144303598e-08,1.21802423088576e-06,0.146195176541804,0.00374578811183214,0.0162439085046449,7.77953835041023e-09,3.38340064134932e-08,"Long","Pu",NA,NA,0,0,0,0,0,0,0,NA,NA,0.00187289405591607,0.0389589241371143,NA,NA,"TRUE","LongHotdog","AbsentYesLazySee_pizza","Pu"
"1012","0100","S=0","c01001",TRUE,5.20718372733671e-07,8.33149396373873e-06,1,0.0284785856597382,0.111111111111111,1.26829429143397e-07,4.62860775763263e-07,"Long","S","c01001",TRUE,0.0299147939605978,0.478636703369564,1,0.0229734756828672,0.111111111111111,0.0250042658860307,0.0797727838949274,"Hotdog","S",0.0257260306713027,0.0428592036796859,NA,NA,"TRUE","LongHotdog","AbsentYesLazySee_pizza","S"
"1013","0100","Su=0","c01001",TRUE,3.42695046918198e-14,5.48312075069117e-13,6.58119753138564e-08,1.8965430142632e-09,7.3124417015396e-09,4.22479382709355e-15,1.52308909741421e-14,"Long","Su","c01001",TRUE,0.0275021254693483,0.440034007509573,0.919348650890684,0.0202464068358911,0.102149850098965,0.0125053000211415,0.0366695006257978,"Hotdog","Su",0.010123204366217,0.0402660670300461,NA,NA,"TRUE","LongHotdog","AbsentYesLazySee_pizza","Su"
"1014","0100","Su=1","c01001",TRUE,5.20718338464166e-07,8.33149341542666e-06,0.999999934188025,0.0285547215292532,0.111111103798669,6.36166222661973e-08,2.31430372650741e-07,"Long","Su","c01001",TRUE,0.00241266849124943,0.0386026958599908,0.0806513491093159,0.0033434407219835,0.00896126101214621,0.0017560862172168,0.0032168913216659,"Hotdog","Su",0.0159490811256183,0.0412154263448463,3,0.1,"TRUE","LongHotdog","AbsentYesLazySee_pizza","Su"
"1015","0101","br_f=0",NA,NA,0,0,0,0,0,0,0,NA,NA,"c01011",TRUE,0.00263221119765986,0.0421153791625578,0.0808845085178451,0.00113487461863727,0.0089871676130939,0.000752315678739146,0.00350961493021315,"Hotdog","br",0.000567437309318633,0.0398195985656796,NA,NA,"TRUE","LongHotdog","AbsentYesLazySee_hotdog","br"
"1016","0101","br_f=1",NA,NA,0,0,0,0,0,0,0,NA,NA,"c01011",TRUE,0.0299106235910207,0.478569977456332,0.919115491482155,0.724603861705168,0.102123943498017,0.21243321725203,0.0531744419395924,"Hotdog","br",0.362301930852584,0.169236507884205,1,0.0344827586206897,"TRUE","LongHotdog","AbsentYesLazySee_hotdog","br"
"1017","0101","br_p=1","c01011",TRUE,5.20718372733671e-07,8.33149396373873e-06,1,0.625831451916236,0.111111111111111,2.43294219713286e-06,4.62860775763263e-07,"Long","br",NA,NA,0,0,0,0,0,0,0,NA,NA,0.312915725958118,0.138899739173355,5,0.172413793103448,"TRUE","LongHotdog","AbsentYesLazySee_hotdog","br"
"1018","0101","C=0","c01011",TRUE,5.20718372733671e-07,8.33149396373873e-06,1,0.024885897364787,0.111111111111111,1.11645380353833e-07,4.62860775763263e-07,"Long","C","c01011",TRUE,0.0325428347886806,0.520685356618889,1,0.0273786833836489,0.111111111111111,0.0464901908289317,0.101244374898117,"Hotdog","C",0.026132290374218,0.044107005716536,2,0.0689655172413793,"TRUE","LongHotdog","AbsentYesLazySee_hotdog","C"
"1019","0101","Cu=0","c01011",TRUE,2.70164929931799e-07,4.32263887890878e-06,0.518831184145635,0.0144404399568918,0.057647909349515,3.21830399606799e-08,1.20073302191911e-07,"Long","Cu","c01011",TRUE,1.21479769061149e-10,1.94367630497838e-09,3.73291908495332e-09,1.00160538788886e-10,4.14768787217036e-10,8.65385510013426e-11,1.88968529650676e-10,"Hotdog","Cu",0.00722022002852615,0.0408934681858902,NA,NA,"TRUE","LongHotdog","AbsentYesLazySee_hotdog","Cu"
"1020","0101","Cu=1","c01011",TRUE,2.50553442801872e-07,4.00885508482996e-06,0.481168815854365,0.0150212068541532,0.0534632017615961,3.2611387461669e-08,1.11357085689721e-07,"Long","Cu","c01011",TRUE,0.0325428346672008,0.520685354675213,0.999999996267081,0.0275940116605571,0.111111110696342,0.0233061744598206,0.0506221872600902,"Hotdog","Cu",0.0213076092573552,0.0432639578060849,10,0.344827586206897,"TRUE","LongHotdog","AbsentYesLazySee_hotdog","Cu"
"1021","0101","K=1","c01011",TRUE,5.20718372733671e-07,8.33149396373873e-06,1,0.0213495281855966,0.111111111111111,9.57288404169429e-08,4.62860775763263e-07,"Long","K","c01011",TRUE,0.0325428347886806,0.520685356618889,1,0.0299932940727992,0.111111111111111,0.124952351379469,0.101244374898117,"Hotdog","K",0.0256714111291979,0.0440257686065603,1,0.0344827586206897,"TRUE","LongHotdog","AbsentYesLazySee_hotdog","K"
"1022","0101","Ku_f=0",NA,NA,0,0,0,0,0,0,0,NA,NA,"c01011",TRUE,0.0325348368418867,0.520557389470187,0.999754233248399,0.0167153186633038,0.111083803694267,0.0104279005107803,0.0433797824558489,"Hotdog","Ku",0.0083576593316519,0.0410799474336834,1,0.0344827586206897,"TRUE","LongHotdog","AbsentYesLazySee_hotdog","Ku"
"1023","0101","Ku_f=1",NA,NA,0,0,0,0,0,0,0,NA,NA,"c01011",TRUE,7.99794679389475e-06,0.000127967148702316,0.000245766751600776,6.49605896785851e-05,2.73074168445307e-05,2.67464751338873e-05,1.42185720780351e-05,"Hotdog","Ku",3.24802948392925e-05,0.0397344825706888,NA,NA,"TRUE","LongHotdog","AbsentYesLazySee_hotdog","Ku"
"1024","0101","Ku_p=0","c01011",TRUE,5.20718372733671e-07,8.33149396373873e-06,1,0.153059781837695,0.111111111111111,6.2867492133615e-07,4.62860775763263e-07,"Long","Ku",NA,NA,0,0,0,0,0,0,0,NA,NA,0.0765298909188473,0.0539581654160243,1,0.0344827586206897,"TRUE","LongHotdog","AbsentYesLazySee_hotdog","Ku"
"1025","0101","P=0","c01011",TRUE,5.20718372733671e-07,8.33149396373873e-06,1,0.0530501394626105,0.111111111111111,3.84186230047534e-07,4.62860775763263e-07,"Long","P","c01011",TRUE,0.0325428347886806,0.520685356618889,1,0.0235146377532944,0.111111111111111,0.0382655911113317,0.101244374898117,"Hotdog","P",0.0382823886079525,0.0463035680832654,NA,NA,"TRUE","LongHotdog","AbsentYesLazySee_hotdog","P"
"1026","0101","Pu_f=0",NA,NA,0,0,0,0,0,0,0,NA,NA,"c01011",TRUE,0.0268452365987346,0.429523785579753,0.824920040711149,0.020426677338465,0.0916577823012388,0.0172131133106163,0.0417592569313649,"Hotdog","Pu",0.0102133386692325,0.0413860067629587,NA,NA,"TRUE","LongHotdog","AbsentYesLazySee_hotdog","Pu"
"1027","0101","Pu_f=1",NA,NA,0,0,0,0,0,0,0,NA,NA,"c01011",TRUE,0.005697598189946,0.0911615710391361,0.175079959288851,0.00593089881448281,0.0194533288098723,0.00451701715187713,0.00886293051769378,"Hotdog","Pu",0.00296544940724141,0.0402033878019063,3,0.103448275862069,"TRUE","LongHotdog","AbsentYesLazySee_hotdog","Pu"
"1028","0101","Pu_p=0","c01011",TRUE,4.44591858303311e-07,7.11346973285298e-06,0.853804823458196,0.031252107806138,0.0948672026064662,6.44312136198219e-08,1.97596381468138e-07,"Long","Pu",NA,NA,0,0,0,0,0,0,0,NA,NA,0.015626053903069,0.0422918198731071,NA,NA,"TRUE","LongHotdog","AbsentYesLazySee_hotdog","Pu"
"1029","0101","Pu_p=1","c01011",TRUE,7.61265144303598e-08,1.21802423088576e-06,0.146195176541804,0.00373923254276136,0.0162439085046449,7.73759771427416e-09,3.38340064134932e-08,"Long","Pu",NA,NA,0,0,0,0,0,0,0,NA,NA,0.00186961627138068,0.0400275486460865,NA,NA,"TRUE","LongHotdog","AbsentYesLazySee_hotdog","Pu"
"1030","0101","S=1","c01011",TRUE,5.20718372733671e-07,8.33149396373873e-06,1,0.0287150288636301,0.111111111111111,1.27504600972576e-07,4.62860775763263e-07,"Long","S","c01011",TRUE,0.0325428347886806,0.520685356618889,1,0.0273351004719797,0.111111111111111,0.0464810049891493,0.101244374898117,"Hotdog","S",0.0280250646678049,0.0444422114793804,NA,NA,"TRUE","LongHotdog","AbsentYesLazySee_hotdog","S"
"1031","0101","Su=0","c01011",TRUE,3.42695046918198e-14,5.48312075069117e-13,6.58119753138564e-08,1.86257609647146e-09,7.3124417015396e-09,4.15977166571049e-15,1.52308909741421e-14,"Long","Su","c01011",TRUE,0.0275021254693483,0.440034007509573,0.845105401786154,0.0159333658674395,0.0939006001984616,0.0109773599131056,0.0366695006257978,"Hotdog","Su",0.00796668386500778,0.0410157526374777,NA,NA,"TRUE","LongHotdog","AbsentYesLazySee_hotdog","Su"
"1032","0101","Su=1","c01011",TRUE,5.20718338464166e-07,8.33149341542666e-06,0.999999934188025,0.0286551833469245,0.111111103798669,6.36625298011677e-08,2.31430372650741e-07,"Long","Su","c01011",TRUE,0.00504070931933224,0.0806513491093159,0.154894598213846,0.079374314960385,0.0172105109126495,0.0293026330967086,0.00896126101214621,"Hotdog","Su",0.0540147491536548,0.0493110633571097,1,0.0344827586206897,"TRUE","LongHotdog","AbsentYesLazySee_hotdog","Su"
"1033","0110","br_f=0",NA,NA,0,0,0,0,0,0,0,NA,NA,"c01101",TRUE,4.1703695770436e-06,6.67259132326976e-05,0.000139408266777187,2.17185127697014e-06,1.54898074196875e-05,6.50976180271146e-07,3.70699517959431e-06,"Hotdog","br",1.08592563848507e-06,0.0380931576693589,NA,NA,"TRUE","LongHotdog","AbsentYesSportySee_pizza","br"
"1034","0110","br_f=1",NA,NA,0,0,0,0,0,0,0,NA,NA,"c01101",TRUE,0.0299106235910207,0.478569977456332,0.999860591733223,0.82435668273858,0.111095621303691,0.274411644546199,0.0531744419395924,"Hotdog","br",0.41217834136929,0.198094402831726,NA,NA,"TRUE","LongHotdog","AbsentYesSportySee_pizza","br"
"1035","0110","br_p=0","c01101",TRUE,0.0300728003949342,0.481164806318947,0.999982685039315,0.0360563903190581,0.111109187226591,0.00445859485019769,0.0133656890644152,"Long","br",NA,NA,0,0,0,0,0,0,0,NA,NA,0.0180281951595291,0.0409414547868388,NA,NA,"TRUE","LongHotdog","AbsentYesSportySee_pizza","br"
"1036","0110","br_p=1","c01101",TRUE,5.20718372733671e-07,8.33149396373873e-06,1.73149606846469e-05,7.44880361306954e-06,1.92388452051632e-06,1.63276989256607e-06,4.62860775763263e-07,"Long","br",NA,NA,0,0,0,0,0,0,0,NA,NA,3.72440180653477e-06,0.0380935597030351,NA,NA,"TRUE","LongHotdog","AbsentYesSportySee_pizza","br"
"1037","0110","C=1","c01101",TRUE,0.0300733211133069,0.481173137812911,1,0.28107540192405,0.111111111111111,0.0454369243369482,0.0400977614844092,"Long","C","c01101",TRUE,0.0299147939605978,0.478636703369564,1,0.0238499979130031,0.111111111111111,0.0321320346187661,0.0797727838949274,"Hotdog","C",0.152462699918527,0.070097079639099,17,0.53125,"TRUE","LongHotdog","AbsentYesSportySee_pizza","C"
"1038","0110","Cu=0","c01101",TRUE,2.70164929931799e-07,4.32263887890878e-06,8.98354155545047e-06,2.4892179544394e-07,9.98171283938941e-07,3.21519582533339e-08,1.20073302191911e-07,"Long","Cu","c01101",TRUE,1.11669505297962e-10,1.78671208476739e-09,3.73291908495332e-09,8.8145897552289e-11,4.14768787217036e-10,5.95360005413224e-11,1.48892673730616e-10,"Hotdog","Cu",1.24504970670746e-07,0.0380930111754443,NA,NA,"TRUE","LongHotdog","AbsentYesSportySee_pizza","Cu"
"1039","0110","Cu=1","c01101",TRUE,0.030073050948377,0.481168815174032,0.999991016458444,0.366630897527071,0.111110112939827,0.0518909866206184,0.0267316008430018,"Long","Cu","c01101",TRUE,0.0299147938489283,0.478636701582852,0.999999996267081,0.0240022285588801,0.111111110696342,0.0159641636586851,0.039886391798571,"Hotdog","Cu",0.195316563042976,0.0832040966954765,8,0.25,"TRUE","LongHotdog","AbsentYesSportySee_pizza","Cu"
"1040","0110","K=1","c01101",TRUE,0.0300733211133069,0.481173137812911,1,0.0284439245181612,0.111111111111111,0.00963667834334408,0.0400977614844092,"Long","K","c01101",TRUE,0.0299147939605978,0.478636703369564,1,0.0260595123478622,0.111111111111111,0.130596776255942,0.0797727838949274,"Hotdog","K",0.0272517184330117,0.0424801627144182,NA,NA,"TRUE","LongHotdog","AbsentYesSportySee_pizza","K"
"1041","0110","Ku_f=0",NA,NA,0,0,0,0,0,0,0,NA,NA,"c01101",TRUE,0.0299067960138039,0.478508736220862,0.999732642424199,0.0139382131801236,0.1110814047138,0.00432248152890624,0.0265838186789368,"Hotdog","Ku",0.00696910659006182,0.0391698281323617,NA,NA,"TRUE","LongHotdog","AbsentYesSportySee_pizza","Ku"
"1042","0110","Ku_f=1",NA,NA,0,0,0,0,0,0,0,NA,NA,"c01101",TRUE,7.99794679389475e-06,0.000127967148702316,0.000267357575801098,7.16621093091281e-05,2.97063973112331e-05,3.26093980284458e-05,1.42185720780351e-05,"Hotdog","Ku",3.5831054654564e-05,0.0380984522439832,1,0.03125,"TRUE","LongHotdog","AbsentYesSportySee_pizza","Ku"
"1043","0110","Ku_p=0","c01101",TRUE,0.0300733211133069,0.481173137812911,1,0.120341702808182,0.111111111111111,0.0721628299892019,0.0400977614844092,"Long","Ku",NA,NA,0,0,0,0,0,0,0,NA,NA,0.0601708514040908,0.0484587896684318,NA,NA,"TRUE","LongHotdog","AbsentYesSportySee_pizza","Ku"
"1044","0110","P=0","c01101",TRUE,0.0300733211133069,0.481173137812911,1,0.0546377840616259,0.111111111111111,0.0404011184577479,0.0400977614844092,"Long","P","c01101",TRUE,0.0299147939605978,0.478636703369564,1,0.0201761524860624,0.111111111111111,0.0251229978119274,0.0797727838949274,"Hotdog","P",0.0374069682738441,0.0442412763181968,NA,NA,"TRUE","LongHotdog","AbsentYesSportySee_pizza","P"
"1045","0110","Pu_f=0",NA,NA,0,0,0,0,0,0,0,NA,NA,"c01101",TRUE,0.0246773130518419,0.394837008829471,0.824920040711149,0.0173833819112314,0.0916577823012388,0.0117882791593589,0.0329030840691226,"Hotdog","Pu",0.0086916909556157,0.0394406534338999,NA,NA,"TRUE","LongHotdog","AbsentYesSportySee_pizza","Pu"
"1046","0110","Pu_f=1",NA,NA,0,0,0,0,0,0,0,NA,NA,"c01101",TRUE,0.00523748090875583,0.0837996945400932,0.175079959288851,0.00526765717950548,0.0194533288098723,0.00319175375192467,0.0069833078783411,"Hotdog","Pu",0.00263382858975274,0.0384964353205464,4,0.125,"TRUE","LongHotdog","AbsentYesSportySee_pizza","Pu"
"1047","0110","Pu_p=0","c01101",TRUE,0.0256767466239487,0.410827945983179,0.853804823458196,0.036584437789982,0.0948672026064662,0.00689034446304057,0.0171178310826324,"Long","Pu",NA,NA,0,0,0,0,0,0,0,NA,NA,0.018292218894991,0.0409847156899407,NA,NA,"TRUE","LongHotdog","AbsentYesSportySee_pizza","Pu"
"1048","0110","Pu_p=1","c01101",TRUE,0.00439657448935826,0.0703451918297322,0.146195176541804,0.00462742876314,0.0162439085046449,0.000760745828918606,0.00293104965957218,"Long","Pu",NA,NA,0,0,0,0,0,0,0,NA,NA,0.00231371438157,0.0384471738422333,NA,NA,"TRUE","LongHotdog","AbsentYesSportySee_pizza","Pu"
"1049","0110","S=0","c01101",TRUE,0.0300733211133069,0.481173137812911,1,0.0355373622761102,0.111111111111111,0.0128350521291271,0.0400977614844092,"Long","S","c01101",TRUE,0.0299147939605978,0.478636703369564,1,0.0218504749065848,0.111111111111111,0.0249313207435771,0.0797727838949274,"Hotdog","S",0.0286939185913475,0.0427259305151355,NA,NA,"TRUE","LongHotdog","AbsentYesSportySee_pizza","S"
"1050","0110","Su=0","c01101",TRUE,1.97918466671463e-09,3.16669546674341e-08,6.58119753138564e-08,2.38948535868762e-09,7.3124417015396e-09,4.25755781156561e-10,1.31945644447642e-09,"Long","Su","c01101",TRUE,0.0275021254693483,0.440034007509573,0.919348650890684,0.0197177703040144,0.102149850098965,0.0124355979807117,0.0366695006257978,"Hotdog","Su",0.0098588863467499,0.0396252237535337,NA,NA,"TRUE","LongHotdog","AbsentYesSportySee_pizza","Su"
"1051","0110","Su=1","c01101",TRUE,0.0300733191341223,0.481173106145956,0.999999934188025,0.0360569698977257,0.111111103798669,0.00643685449595689,0.0200488794227482,"Long","Su","c01101",TRUE,0.00241266849124943,0.0386026958599908,0.0806513491093159,0.00332409442542086,0.00896126101214621,0.00175815958418563,0.0032168913216659,"Hotdog","Su",0.0196905321615733,0.0412145958663403,NA,NA,"TRUE","LongHotdog","AbsentYesSportySee_pizza","Su"
"1052","0111","br_f=0",NA,NA,0,0,0,0,0,0,0,NA,NA,"c01111",TRUE,0.00263221119765986,0.0421153791625578,0.0808845085178451,0.00113671887886267,0.0089871676130939,0.000752914470934655,0.00350961493021315,"Hotdog","br",0.000568359439431335,0.0392026315514272,NA,NA,"TRUE","LongHotdog","AbsentYesSportySee_hotdog","br"
"1053","0111","br_f=1",NA,NA,0,0,0,0,0,0,0,NA,NA,"c01111",TRUE,0.0299106235910207,0.478569977456332,0.919115491482155,0.726839406394335,0.102123943498017,0.212326280448155,0.0531744419395924,"Hotdog","br",0.363419703197168,0.167360346454228,NA,NA,"TRUE","LongHotdog","AbsentYesSportySee_hotdog","br"
"1054","0111","br_p=0","c01111",TRUE,0.0300728003949342,0.481164806318947,0.999982685039315,0.0351231462715496,0.111109187226591,0.00443268738531128,0.0133656890644152,"Long","br",NA,NA,0,0,0,0,0,0,0,NA,NA,0.0175615731357748,0.041959997785118,NA,NA,"TRUE","LongHotdog","AbsentYesSportySee_hotdog","br"
"1055","0111","br_p=1","c01111",TRUE,5.20718372733671e-07,8.33149396373873e-06,1.73149606846469e-05,7.53944575370547e-06,1.92388452051632e-06,1.64238840006047e-06,4.62860775763263e-07,"Long","br",NA,NA,0,0,0,0,0,0,0,NA,NA,3.76972287685273e-06,0.0391141978360023,NA,NA,"TRUE","LongHotdog","AbsentYesSportySee_hotdog","br"
"1056","0111","C=1","c01111",TRUE,0.0300733211133069,0.481173137812911,1,0.283823464111967,0.111111111111111,0.0460114096355284,0.0400977614844092,"Long","C","c01111",TRUE,0.0325428347886806,0.520685356618889,1,0.0272725129213163,0.111111111111111,0.0466690555663133,0.101244374898117,"Hotdog","C",0.155547988516642,0.0728689332335509,18,0.580645161290323,"TRUE","LongHotdog","AbsentYesSportySee_hotdog","C"
"1057","0111","Cu=0","c01111",TRUE,2.70164929931799e-07,4.32263887890878e-06,8.98354155545047e-06,2.47878480837339e-07,9.98171283938941e-07,3.20193820698695e-08,1.20073302191911e-07,"Long","Cu","c01111",TRUE,1.21479769061149e-10,1.94367630497838e-09,3.73291908495332e-09,1.00530139369405e-10,4.14768787217036e-10,8.67609247171478e-11,1.88968529650676e-10,"Hotdog","Cu",1.23989505488354e-07,0.0391136274404159,NA,NA,"TRUE","LongHotdog","AbsentYesSportySee_hotdog","Cu"
"1058","0111","Cu=1","c01111",TRUE,0.030073050948377,0.481168815174032,0.999991016458444,0.36408764234784,0.111110112939827,0.0514181989927108,0.0267316008430018,"Long","Cu","c01111",TRUE,0.0325428346672008,0.520685354675213,0.999999996267081,0.0272414539218684,0.111111110696342,0.0232853764205216,0.0506221872600902,"Hotdog","Cu",0.195664548134854,0.0855523638134322,9,0.290322580645161,"TRUE","LongHotdog","AbsentYesSportySee_hotdog","Cu"
"1059","0111","K=1","c01111",TRUE,0.0300733211133069,0.481173137812911,1,0.0285223977918767,0.111111111111111,0.00956944383907974,0.0400977614844092,"Long","K","c01111",TRUE,0.0325428347886806,0.520685356618889,1,0.0296043811909961,0.111111111111111,0.125135465881074,0.101244374898117,"Hotdog","K",0.0290633894914364,0.0439355591738538,2,0.0645161290322581,"TRUE","LongHotdog","AbsentYesSportySee_hotdog","K"
"1060","0111","Ku_f=0",NA,NA,0,0,0,0,0,0,0,NA,NA,"c01111",TRUE,0.0325348368418867,0.520557389470187,0.999754233248399,0.0164311133164433,0.111083803694267,0.0104266359133416,0.0433797824558489,"Hotdog","Ku",0.00821555665822164,0.0404203214557521,1,0.032258064516129,"TRUE","LongHotdog","AbsentYesSportySee_hotdog","Ku"
"1061","0111","Ku_f=1",NA,NA,0,0,0,0,0,0,0,NA,NA,"c01111",TRUE,7.99794679389475e-06,0.000127967148702316,0.000245766751600776,6.31632383042618e-05,2.73074168445307e-05,2.66560771498826e-05,1.42185720780351e-05,"Hotdog","Ku",3.15816191521309e-05,0.0391185494381028,NA,NA,"TRUE","LongHotdog","AbsentYesSportySee_hotdog","Ku"
"1062","0111","Ku_p=0","c01111",TRUE,0.0300733211133069,0.481173137812911,1,0.121643443548319,0.111111111111111,0.0717188941491751,0.0400977614844092,"Long","Ku",NA,NA,0,0,0,0,0,0,0,NA,NA,0.0608217217741593,0.0498868442291926,NA,NA,"TRUE","LongHotdog","AbsentYesSportySee_hotdog","Ku"
"1063","0111","P=0","c01111",TRUE,0.0300733211133069,0.481173137812911,1,0.054009688764589,0.111111111111111,0.0403084467736409,0.0400977614844092,"Long","P","c01111",TRUE,0.0325428347886806,0.520685356618889,1,0.0233326129866465,0.111111111111111,0.0384095722989404,0.101244374898117,"Hotdog","P",0.0386711508756177,0.0456569135157312,NA,NA,"TRUE","LongHotdog","AbsentYesSportySee_hotdog","P"
"1064","0111","Pu_f=0",NA,NA,0,0,0,0,0,0,0,NA,NA,"c01111",TRUE,0.0268452365987346,0.429523785579753,0.824920040711149,0.0198538557502583,0.0916577823012388,0.0173727409730699,0.0417592569313649,"Hotdog","Pu",0.00992692787512913,0.0406979673808899,1,0.032258064516129,"TRUE","LongHotdog","AbsentYesSportySee_hotdog","Pu"
"1065","0111","Pu_f=1",NA,NA,0,0,0,0,0,0,0,NA,NA,"c01111",TRUE,0.005697598189946,0.0911615710391361,0.175079959288851,0.00583915942653611,0.0194533288098723,0.00448697555018684,0.00886293051769378,"Hotdog","Pu",0.00291957971326805,0.0395730668593371,NA,NA,"TRUE","LongHotdog","AbsentYesSportySee_hotdog","Pu"
"1066","0111","Pu_p=0","c01111",TRUE,0.0256767466239487,0.410827945983179,0.853804823458196,0.0368602658662664,0.0948672026064662,0.00704102835162857,0.0171178310826324,"Long","Pu",NA,NA,0,0,0,0,0,0,0,NA,NA,0.0184301329331332,0.0421060303830103,NA,NA,"TRUE","LongHotdog","AbsentYesSportySee_hotdog","Pu"
"1067","0111","Pu_p=1","c01111",TRUE,0.00439657448935826,0.0703451918297322,0.146195176541804,0.00458500409033052,0.0162439085046449,0.000749469522729928,0.00293104965957218,"Long","Pu",NA,NA,0,0,0,0,0,0,0,NA,NA,0.00229250204516526,0.0394739296987706,NA,NA,"TRUE","LongHotdog","AbsentYesSportySee_hotdog","Pu"
"1068","0111","S=1","c01111",TRUE,0.0300733211133069,0.481173137812911,1,0.0354821582954985,0.111111111111111,0.0127888329793728,0.0400977614844092,"Long","S","c01111",TRUE,0.0325428347886806,0.520685356618889,1,0.0272209174844946,0.111111111111111,0.046537698170907,0.101244374898117,"Hotdog","S",0.0313515378899966,0.0443395293587274,NA,NA,"TRUE","LongHotdog","AbsentYesSportySee_hotdog","S"
"1069","0111","Su=0","c01111",TRUE,1.97918466671463e-09,3.16669546674341e-08,6.58119753138564e-08,2.36314740377124e-09,7.3124417015396e-09,4.22556978024693e-10,1.31945644447642e-09,"Long","Su","c01111",TRUE,0.0275021254693483,0.440034007509573,0.845105401786154,0.0158094239003839,0.0939006001984616,0.0109569138146598,0.0366695006257978,"Hotdog","Su",0.00790471313176564,0.0403700951062469,NA,NA,"TRUE","LongHotdog","AbsentYesSportySee_hotdog","Su"
"1070","0111","Su=1","c01111",TRUE,0.0300733191341223,0.481173106145956,0.999999934188025,0.0358549992243809,0.111111103798669,0.00641963701165242,0.0200488794227482,"Long","Su","c01111",TRUE,0.00504070931933224,0.0806513491093159,0.154894598213846,0.0793552804890244,0.0172105109126495,0.0292838718992451,0.00896126101214621,"Hotdog","Su",0.0576051398567026,0.0492490952862112,NA,NA,"TRUE","LongHotdog","AbsentYesSportySee_hotdog","Su"
"1071","1000","br_f=0",NA,NA,0,0,0,0,0,0,0,NA,NA,"c10001",TRUE,0.00570574669493313,0.0912919471189302,0.160200117224841,0.00238988558859456,0.0178000130249823,0.000890710775131425,0.00507177483994056,"Hotdog","br",0.00119494279429728,0.0405843575344177,NA,NA,"TRUE","LongHotdog","HotdogNoLazySee_pizza","br"
"1072","1000","br_f=1",NA,NA,0,0,0,0,0,0,0,NA,NA,"c10001",TRUE,0.0299106235910207,0.478569977456332,0.839799882775159,0.632293919914345,0.0933110980861288,0.27426992762654,0.0531744419395924,"Hotdog","br",0.316146959957172,0.143049507782852,NA,NA,"TRUE","LongHotdog","HotdogNoLazySee_pizza","br"
"1073","1000","br_p=1","c10001",TRUE,4.44591858931927e-07,7.11346974291083e-06,1,0.646249244648694,0.111111111111111,2.07225806545721e-06,3.95192763495046e-07,"Long","br",NA,NA,0,0,0,0,0,0,0,NA,NA,0.323124622324347,0.147098352559341,NA,NA,"TRUE","LongHotdog","HotdogNoLazySee_pizza","br"
"1074","1000","C=0","c10001",TRUE,4.44591858931927e-07,7.11346974291083e-06,1,0.023975380118359,0.111111111111111,9.45288099437488e-08,3.95192763495046e-07,"Long","C","c10001",TRUE,0.0356163702859539,0.569861924575262,1,0.0302270290230185,0.111111111111111,0.038294667298797,0.0949769874292103,"Hotdog","C",0.0271012045706888,0.0450155397109819,2,0.0645161290322581,"TRUE","LongHotdog","HotdogNoLazySee_pizza","C"
"1075","1000","Cu=0","c10001",TRUE,2.30668120631161e-07,3.69068993009857e-06,0.518831184145635,0.013959782861103,0.057647909349515,2.74963358831162e-08,1.0251916472496e-07,"Long","Cu","c10001",TRUE,1.32953028377202e-10,2.12724845403523e-09,3.73291908495332e-09,1.12335333455333e-10,4.14768787217036e-10,7.16855072279226e-11,1.77270704502935e-10,"Hotdog","Cu",0.00697989148671917,0.0415344209829802,NA,NA,"TRUE","LongHotdog","HotdogNoLazySee_pizza","Cu"
"1076","1000","Cu=1","c10001",TRUE,2.13923738300766e-07,3.42277981281226e-06,0.481168815854365,0.0144382109963693,0.0534632017615961,2.80463362395956e-08,9.50772170225627e-08,"Long","Cu","c10001",TRUE,0.0356163701530008,0.569861922448013,0.999999996267081,0.0298928535170639,0.111111110696342,0.0190880372131026,0.0474884935373344,"Hotdog","Cu",0.0221655322567166,0.0441355273873305,3,0.0967741935483871,"TRUE","LongHotdog","HotdogNoLazySee_pizza","Cu"
"1077","1000","K=0","c10001",TRUE,4.44591858931927e-07,7.11346974291083e-06,1,0.0365197632082714,0.111111111111111,3.29544768434114e-07,3.95192763495046e-07,"Long","K","c10001",TRUE,0.0356163702859539,0.569861924575262,1,0.0275930930176061,0.111111111111111,0.0300448053788933,0.0949769874292103,"Hotdog","K",0.0320564281129387,0.0459166892518637,6,0.193548387096774,"TRUE","LongHotdog","HotdogNoLazySee_pizza","K"
"1078","1000","Ku_f=0",NA,NA,0,0,0,0,0,0,0,NA,NA,"c10001",TRUE,0.0356118125606012,0.56978900096962,0.999872032851298,0.0277093623824874,0.111096892539033,0.0169055509673191,0.0474824167474683,"Hotdog","Ku",0.0138546811912437,0.0426924318104141,2,0.0645161290322581,"TRUE","LongHotdog","HotdogNoLazySee_pizza","Ku"
"1079","1000","Ku_f=1",NA,NA,0,0,0,0,0,0,0,NA,NA,"c10001",TRUE,4.55772535261941e-06,7.29236056419105e-05,0.000127967148702316,4.80130052939249e-06,1.42185720780351e-05,2.78151252453427e-06,6.07696713682588e-06,"Hotdog","Ku",2.40065026469625e-06,0.0403912243126581,NA,NA,"TRUE","LongHotdog","HotdogNoLazySee_pizza","Ku"
"1080","1000","Ku_p=0","c10001",TRUE,4.44591858303311e-07,7.11346973285298e-06,0.999999998586083,0.036565287239517,0.111111110954009,6.57029140749624e-08,1.97596381468138e-07,"Long","Ku",NA,NA,0,0,0,0,0,0,0,NA,NA,0.0182826436197585,0.0434553299714186,4,0.129032258064516,"TRUE","LongHotdog","HotdogNoLazySee_pizza","Ku"
"1081","1000","Ku_p=1","c10001",TRUE,6.28615819261286e-16,1.00578531081806e-14,1.41391662180107e-09,3.55800391698409e-11,1.57101846866785e-10,6.39894994156062e-17,2.79384808560572e-16,"Long","Ku",NA,NA,0,0,0,0,0,0,0,NA,NA,1.77900195849204e-11,0.0403908364565812,NA,NA,"TRUE","LongHotdog","HotdogNoLazySee_pizza","Ku"
"1082","1000","P=1","c10001",TRUE,4.44591858931927e-07,7.11346974291083e-06,1,0.0206064554937594,0.111111111111111,8.21300160793278e-08,3.95192763495046e-07,"Long","P","c10001",TRUE,0.0356163702859539,0.569861924575262,1,0.101839750333363,0.111111111111111,0.154551158913044,0.0949769874292103,"Hotdog","P",0.0612231029135612,0.0515986418002701,7,0.225806451612903,"TRUE","LongHotdog","HotdogNoLazySee_pizza","P"
"1083","1000","Pu_f=0",NA,NA,0,0,0,0,0,0,0,NA,NA,"c10001",TRUE,0.0246738728304007,0.394781965286411,0.692767753488103,0.00929308444138748,0.0769741948320114,0.00359114272698146,0.0219323314048006,"Hotdog","Pu",0.00464654222069374,0.0411485672044272,NA,NA,"TRUE","LongHotdog","HotdogNoLazySee_pizza","Pu"
"1084","1000","Pu_f=1",NA,NA,0,0,0,0,0,0,0,NA,NA,"c10001",TRUE,0.0109424974555532,0.175079959288851,0.307232246511897,0.0814774838808863,0.0341369162790997,0.0447631951077123,0.0194533288098723,"Hotdog","Pu",0.0407387419404431,0.0475393555814305,5,0.161290322580645,"TRUE","LongHotdog","HotdogNoLazySee_pizza","Pu"
"1085","1000","Pu_p=0","c10001",TRUE,4.44591858931927e-07,7.11346974291083e-06,1,0.152568523524454,0.111111111111111,5.39216757614223e-07,3.95192763495046e-07,"Long","Pu",NA,NA,0,0,0,0,0,0,0,NA,NA,0.0762842617622271,0.0548027286630436,NA,NA,"TRUE","LongHotdog","HotdogNoLazySee_pizza","Pu"
"1086","1000","S=0","c10001",TRUE,4.44591858931927e-07,7.11346974291083e-06,1,0.0273651130023554,0.111111111111111,1.08220760084722e-07,3.95192763495046e-07,"Long","S","c10001",TRUE,0.0356163702859539,0.569861924575262,1,0.0283262873657277,0.111111111111111,0.029793287494579,0.0949769874292103,"Hotdog","S",0.0278457001840415,0.0451497950041067,NA,NA,"TRUE","LongHotdog","HotdogNoLazySee_pizza","S"
"1087","1000","Su=0","c10001",TRUE,2.92594684447695e-14,4.68151495116312e-13,6.58119753138564e-08,1.86933523729818e-09,7.3124417015396e-09,3.58588864120199e-15,1.30042081976753e-14,"Long","Su","c10001",TRUE,0.0327438619720147,0.523901791552236,0.919348650890684,0.0249684688021667,0.102149850098965,0.0148333136110726,0.043658482629353,"Hotdog","Su",0.012484235335751,0.0424590414276848,NA,NA,"TRUE","LongHotdog","HotdogNoLazySee_pizza","Su"
"1088","1000","Su=1","c10001",TRUE,4.44591829672459e-07,7.11346927475934e-06,0.999999934188025,0.0277522370022016,0.111111103798669,5.41043681336963e-08,1.97596368743315e-07,"Long","Su","c10001",TRUE,0.00287250831393913,0.0459601330230261,0.0806513491093159,0.00398398032048909,0.00896126101214621,0.00209752136791855,0.00383001108525217,"Hotdog","Su",0.0158681086613454,0.0430376525581973,NA,NA,"TRUE","LongHotdog","HotdogNoLazySee_pizza","Su"
"1089","1001","br_f=0",NA,NA,0,0,0,0,0,0,0,NA,NA,"c10011",TRUE,0.00787394770032625,0.12598316320522,0.208390552842648,0.00333574002325729,0.0231545058714054,0.0022472793627527,0.0104985969337683,"Hotdog","br",0.00166787001162864,0.0411103950533879,NA,NA,"TRUE","LongHotdog","HotdogNoLazySee_hotdog","br"
"1090","1001","br_f=1",NA,NA,0,0,0,0,0,0,0,NA,NA,"c10011",TRUE,0.0299106235910207,0.478569977456332,0.791609447157352,0.572929952810359,0.0879566052397058,0.212448913727214,0.0531744419395924,"Hotdog","br",0.28646497640518,0.128438403100375,1,0.032258064516129,"TRUE","LongHotdog","HotdogNoLazySee_hotdog","br"
"1091","1001","br_p=1","c10011",TRUE,4.44591858931927e-07,7.11346974291083e-06,1,0.645004861638201,0.111111111111111,2.07749873724312e-06,3.95192763495046e-07,"Long","br",NA,NA,0,0,0,0,0,0,0,NA,NA,0.322502430819101,0.148353695002896,5,0.161290322580645,"TRUE","LongHotdog","HotdogNoLazySee_hotdog","br"
"1092","1001","C=0","c10011",TRUE,4.44591858931927e-07,7.11346974291083e-06,1,0.0243718584450331,0.111111111111111,9.58076229951093e-08,3.95192763495046e-07,"Long","C","c10011",TRUE,0.037784571291347,0.604553140661552,1,0.0322433044918879,0.111111111111111,0.0540554842995946,0.117551999573079,"Hotdog","C",0.0283075814684605,0.0457329871211326,NA,NA,"TRUE","LongHotdog","HotdogNoLazySee_hotdog","C"
"1093","1001","Cu=0","c10011",TRUE,2.30668120631161e-07,3.69068993009857e-06,0.518831184145635,0.0140087205559213,0.057647909349515,2.743022304851e-08,1.0251916472496e-07,"Long","Cu","c10011",TRUE,1.41046747290249e-10,2.25674795664398e-09,3.73291908495332e-09,1.22661651887992e-10,4.14768787217036e-10,1.00921696433576e-10,2.19406051340387e-10,"Hotdog","Cu",0.00700436033929145,0.0419973689318232,NA,NA,"TRUE","LongHotdog","HotdogNoLazySee_hotdog","Cu"
"1094","1001","Cu=1","c10011",TRUE,2.13923738300766e-07,3.42277981281226e-06,0.481168815854365,0.0143793060832083,0.0534632017615961,2.76371179159943e-08,9.50772170225627e-08,"Long","Cu","c10011",TRUE,0.0377845711503002,0.604553138404804,0.999999996267081,0.0323613822925036,0.111111110696342,0.0269177014553028,0.0587759995671337,"Hotdog","Cu",0.023370344187856,0.0448386686767151,2,0.0645161290322581,"TRUE","LongHotdog","HotdogNoLazySee_hotdog","Cu"
"1095","1001","K=0","c10011",TRUE,4.44591858931927e-07,7.11346974291083e-06,1,0.0360197280541148,0.111111111111111,3.28571839336351e-07,3.95192763495046e-07,"Long","K","c10011",TRUE,0.037784571291347,0.604553140661552,1,0.0299873351008037,0.111111111111111,0.0444170316230472,0.117551999573079,"Hotdog","K",0.0330035315774593,0.0466001451900656,11,0.354838709677419,"TRUE","LongHotdog","HotdogNoLazySee_hotdog","K"
"1096","1001","Ku_f=0",NA,NA,0,0,0,0,0,0,0,NA,NA,"c10011",TRUE,0.0377797361074939,0.604475777719902,0.999872032851298,0.0299791347560924,0.111096892539033,0.0243117632263246,0.0587684783894349,"Hotdog","Ku",0.0149895673780462,0.0433604528049624,2,0.0645161290322581,"TRUE","LongHotdog","HotdogNoLazySee_hotdog","Ku"
"1097","1001","Ku_f=1",NA,NA,0,0,0,0,0,0,0,NA,NA,"c10011",TRUE,4.83518385309306e-06,7.7362941649489e-05,0.000127967148702316,5.16947127241372e-06,1.42185720780351e-05,3.81223234044555e-06,7.52139710481143e-06,"Hotdog","Ku",2.58473563620686e-06,0.0408374629399411,NA,NA,"TRUE","LongHotdog","HotdogNoLazySee_hotdog","Ku"
"1098","1001","Ku_p=0","c10011",TRUE,4.44591858303311e-07,7.11346973285298e-06,0.999999998586083,0.0359409295831135,0.111111110954009,6.43712297130405e-08,1.97596381468138e-07,"Long","Ku",NA,NA,0,0,0,0,0,0,0,NA,NA,0.0179704647915568,0.043880559659741,4,0.129032258064516,"TRUE","LongHotdog","HotdogNoLazySee_hotdog","Ku"
"1099","1001","Ku_p=1","c10011",TRUE,6.28615819261286e-16,1.00578531081806e-14,1.41391662180107e-09,3.60396350918183e-11,1.57101846866785e-10,6.43251404911649e-17,2.79384808560572e-16,"Long","Ku",NA,NA,0,0,0,0,0,0,0,NA,NA,1.80198175459092e-11,0.0408370407288842,NA,NA,"TRUE","LongHotdog","HotdogNoLazySee_hotdog","Ku"
"1100","1001","P=1","c10011",TRUE,4.44591858931927e-07,7.11346974291083e-06,1,0.02085087048776,0.111111111111111,8.22905064194589e-08,3.95192763495046e-07,"Long","P","c10011",TRUE,0.037784571291347,0.604553140661552,1,0.0955288927859504,0.111111111111111,0.146401241295443,0.117551999573079,"Hotdog","P",0.0581898816368552,0.0515395285042769,3,0.0967741935483871,"TRUE","LongHotdog","HotdogNoLazySee_hotdog","P"
"1101","1001","Pu_f=0",NA,NA,0,0,0,0,0,0,0,NA,NA,"c10011",TRUE,0.0268420738357938,0.429473181372701,0.710397734271525,0.011261683511701,0.078933081585725,0.00858808548437339,0.0357894317810584,"Hotdog","Pu",0.0056308417558505,0.0417672649480891,NA,NA,"TRUE","LongHotdog","HotdogNoLazySee_hotdog","Pu"
"1102","1001","Pu_f=1",NA,NA,0,0,0,0,0,0,0,NA,NA,"c10011",TRUE,0.0109424974555532,0.175079959288851,0.289602265728476,0.0767357913497393,0.0321780295253862,0.0362988679863731,0.0194533288098723,"Hotdog","Pu",0.0383678956748697,0.0476108707937496,3,0.0967741935483871,"TRUE","LongHotdog","HotdogNoLazySee_hotdog","Pu"
"1103","1001","Pu_p=0","c10011",TRUE,4.44591858931927e-07,7.11346974291083e-06,1,0.153804969236941,0.111111111111111,5.35870266099401e-07,3.95192763495046e-07,"Long","Pu",NA,NA,0,0,0,0,0,0,0,NA,NA,0.0769024846184704,0.0555453313782232,NA,NA,"TRUE","LongHotdog","HotdogNoLazySee_hotdog","Pu"
"1104","1001","S=1","c10011",TRUE,4.44591858931927e-07,7.11346974291083e-06,1,0.0279178113184055,0.111111111111111,1.08734445254129e-07,3.95192763495046e-07,"Long","S","c10011",TRUE,0.037784571291347,0.604553140661552,1,0.0324736053293915,0.111111111111111,0.0539484900214454,0.117551999573079,"Hotdog","S",0.0301957083238985,0.0460796934488206,NA,NA,"TRUE","LongHotdog","HotdogNoLazySee_hotdog","S"
"1105","1001","Su=0","c10011",TRUE,2.92594684447695e-14,4.68151495116312e-13,6.58119753138564e-08,1.81665385190544e-09,7.3124417015396e-09,3.52309004031679e-15,1.30042081976753e-14,"Long","Su","c10011",TRUE,0.0327438619720147,0.523901791552236,0.866593449467386,0.0206532343279464,0.0962881610519318,0.0130434210223424,0.043658482629353,"Hotdog","Su",0.0103266180723001,0.0425591980809424,NA,NA,"TRUE","LongHotdog","HotdogNoLazySee_hotdog","Su"
"1106","1001","Su=1","c10011",TRUE,4.44591829672459e-07,7.11346927475934e-06,0.999999934188025,0.0277009427446081,0.111111103798669,5.42565349429561e-08,1.97596368743315e-07,"Long","Su","c10011",TRUE,0.00504070931933224,0.0806513491093159,0.133406550532614,0.0625047736264333,0.0148229500591794,0.0292755412829137,0.00896126101214621,"Hotdog","Su",0.0451028581855207,0.0489109336359744,NA,NA,"TRUE","LongHotdog","HotdogNoLazySee_hotdog","Su"
"1107","1010","br_f=0",NA,NA,0,0,0,0,0,0,0,NA,NA,"c10101",TRUE,0.00570574669493313,0.0912919471189302,0.160200117224841,0.00241836864779528,0.0178000130249823,0.000893514080282068,0.00507177483994056,"Hotdog","br",0.00120918432389764,0.0401069018874529,NA,NA,"TRUE","LongHotdog","HotdogNoSportySee_pizza","br"
"1108","1010","br_f=1",NA,NA,0,0,0,0,0,0,0,NA,NA,"c10101",TRUE,0.0299106235910207,0.478569977456332,0.839799882775159,0.629921994786995,0.0933110980861288,0.274304343142395,0.0531744419395924,"Hotdog","br",0.314960997393497,0.140689549832883,NA,NA,"TRUE","LongHotdog","HotdogNoSportySee_pizza","br"
"1109","1010","br_p=0","c10101",TRUE,0.0256763020683945,0.410820833094312,0.999982685039315,0.0352925007267841,0.111109187226591,0.00379681566850631,0.0114116898081753,"Long","br",NA,NA,0,0,0,0,0,0,0,NA,NA,0.0176462503633921,0.0428324803111543,NA,NA,"TRUE","LongHotdog","HotdogNoSportySee_pizza","br"
"1110","1010","br_p=1","c10101",TRUE,4.44591858931927e-07,7.11346974291083e-06,1.73149606846469e-05,7.65873692678705e-06,1.92388452051632e-06,1.39688076509767e-06,3.95192763495046e-07,"Long","br",NA,NA,0,0,0,0,0,0,0,NA,NA,3.82936846339352e-06,0.0399139950917225,1,0.03125,"TRUE","LongHotdog","HotdogNoSportySee_pizza","br"
"1111","1010","C=1","c10101",TRUE,0.0256767466602535,0.410827946564055,1,0.289507907243786,0.111111111111111,0.0391334329678233,0.0342356622136713,"Long","C","c10101",TRUE,0.0356163702859539,0.569861924575262,1,0.0300849201782442,0.111111111111111,0.0382902781706967,0.0949769874292103,"Hotdog","C",0.159796413711015,0.0756333523042163,8,0.25,"TRUE","LongHotdog","HotdogNoSportySee_pizza","C"
"1112","1010","Cu=0","c10101",TRUE,2.30668120631161e-07,3.69068993009857e-06,8.98354155545047e-06,2.42445172490327e-07,9.98171283938941e-07,2.743764786431e-08,1.0251916472496e-07,"Long","Cu","c10101",TRUE,1.32953028377202e-10,2.12724845403523e-09,3.73291908495332e-09,1.11387770853801e-10,4.14768787217036e-10,7.10547240457949e-11,1.77270704502935e-10,"Hotdog","Cu",1.21278280130591e-07,0.0399134030773395,NA,NA,"TRUE","LongHotdog","HotdogNoSportySee_pizza","Cu"
"1113","1010","Cu=1","c10101",TRUE,0.0256765159921328,0.410824255874125,0.999991016458445,0.366202549574067,0.111110112939827,0.0439941383888052,0.0228235697707847,"Long","Cu","c10101",TRUE,0.0356163701530008,0.569861922448013,0.999999996267081,0.0302026826314866,0.111111110696342,0.019108139923064,0.0474884935373344,"Hotdog","Cu",0.198202616102777,0.088192521001121,8,0.25,"TRUE","LongHotdog","HotdogNoSportySee_pizza","Cu"
"1114","1010","K=0","c10101",TRUE,0.0256767466602535,0.410827946564055,1,0.0430203816872381,0.111111111111111,0.0343917878477018,0.0342356622136713,"Long","K","c10101",TRUE,0.0356163702859539,0.569861924575262,1,0.0278719892652388,0.111111111111111,0.0300114713411607,0.0949769874292103,"Hotdog","K",0.0354461854762385,0.0459933325310122,5,0.15625,"TRUE","LongHotdog","HotdogNoSportySee_pizza","K"
"1115","1010","Ku_f=0",NA,NA,0,0,0,0,0,0,0,NA,NA,"c10101",TRUE,0.0356118125606012,0.56978900096962,0.999872032851298,0.0279301816381711,0.111096892539033,0.016929401004085,0.0474824167474683,"Hotdog","Ku",0.0139650908190855,0.0422064081908381,NA,NA,"TRUE","LongHotdog","HotdogNoSportySee_pizza","Ku"
"1116","1010","Ku_f=1",NA,NA,0,0,0,0,0,0,0,NA,NA,"c10101",TRUE,4.55772535261941e-06,7.29236056419105e-05,0.000127967148702316,4.83329085374435e-06,1.42185720780351e-05,2.78617974942445e-06,6.07696713682588e-06,"Hotdog","Ku",2.41664542687217e-06,0.0399137695426784,NA,NA,"TRUE","LongHotdog","HotdogNoSportySee_pizza","Ku"
"1117","1010","Ku_p=0","c10101",TRUE,0.0256767466239487,0.410827945983179,0.999999998586083,0.0428665467101053,0.111111110954009,0.00697986849932978,0.0171178310826324,"Long","Ku",NA,NA,0,0,0,0,0,0,0,NA,NA,0.0214332733550527,0.0434862498411792,3,0.09375,"TRUE","LongHotdog","HotdogNoSportySee_pizza","Ku"
"1118","1010","Ku_p=1","c10101",TRUE,3.63047788967074e-11,5.80876462347318e-10,1.41391662180107e-09,4.50933848084422e-11,1.57101846866785e-10,6.19841500510208e-12,2.42031859311382e-11,"Long","Ku",NA,NA,0,0,0,0,0,0,0,NA,NA,2.25466924042211e-11,0.0399133837184283,NA,NA,"TRUE","LongHotdog","HotdogNoSportySee_pizza","Ku"
"1119","1010","P=1","c10101",TRUE,0.0256767466602535,0.410827946564055,1,0.0285365556608936,0.111111111111111,0.00826144821473153,0.0342356622136713,"Long","P","c10101",TRUE,0.0356163702859539,0.569861924575262,1,0.102460435944185,0.111111111111111,0.155098508412495,0.0949769874292103,"Hotdog","P",0.0654984958025392,0.0518681894546541,2,0.0625,"TRUE","LongHotdog","HotdogNoSportySee_pizza","P"
"1120","1010","Pu_f=0",NA,NA,0,0,0,0,0,0,0,NA,NA,"c10101",TRUE,0.0246738728304007,0.394781965286411,0.692767753488103,0.00938580659220428,0.0769741948320114,0.00358211035498111,0.0219323314048006,"Hotdog","Pu",0.00469290329610214,0.0406696987326362,NA,NA,"TRUE","LongHotdog","HotdogNoSportySee_pizza","Pu"
"1121","1010","Pu_f=1",NA,NA,0,0,0,0,0,0,0,NA,NA,"c10101",TRUE,0.0109424974555532,0.175079959288851,0.307232246511897,0.0818370744937765,0.0341369162790997,0.0446430800020327,0.0194533288098723,"Hotdog","Pu",0.0409185372468882,0.0470111989137681,4,0.125,"TRUE","LongHotdog","HotdogNoSportySee_pizza","Pu"
"1122","1010","Pu_p=0","c10101",TRUE,0.0256767466602535,0.410827946564055,1,0.123815427657974,0.111111111111111,0.0614764526997529,0.0342356622136713,"Long","Pu",NA,NA,0,0,0,0,0,0,0,NA,NA,0.0619077138289869,0.0511285246817342,NA,NA,"TRUE","LongHotdog","HotdogNoSportySee_pizza","Pu"
"1123","1010","S=0","c10101",TRUE,0.0256767466602535,0.410827946564055,1,0.0354571520774743,0.111111111111111,0.0109598791307514,0.0342356622136713,"Long","S","c10101",TRUE,0.0356163702859539,0.569861924575262,1,0.0283557543302151,0.111111111111111,0.0296549445127516,0.0949769874292103,"Hotdog","S",0.0319064532038447,0.0453467047780665,NA,NA,"TRUE","LongHotdog","HotdogNoSportySee_pizza","S"
"1124","1010","Su=0","c10101",TRUE,1.68983741734475e-09,2.70373986775159e-08,6.58119753138564e-08,2.30857416119698e-09,7.3124417015396e-09,3.63300135900129e-10,1.12655827822983e-09,"Long","Su","c10101",TRUE,0.0327438619720147,0.523901791552236,0.919348650890684,0.0256015041472696,0.102149850098965,0.0148704119671164,0.043658482629353,"Hotdog","Su",0.0128007532279219,0.0420102951982076,NA,NA,"TRUE","LongHotdog","HotdogNoSportySee_pizza","Su"
"1125","1010","Su=1","c10101",TRUE,0.025676744970416,0.410827919526657,0.999999934188025,0.0352930751259114,0.111111103798669,0.00549353958731783,0.0171178299802774,"Long","Su","c10101",TRUE,0.00287250831393913,0.0459601330230261,0.0806513491093159,0.00392445394217763,0.00896126101214621,0.00209933052436881,0.00383001108525217,"Hotdog","Su",0.0196087645340445,0.0431700409109073,NA,NA,"TRUE","LongHotdog","HotdogNoSportySee_pizza","Su"
"1126","1011","br_f=0",NA,NA,0,0,0,0,0,0,0,NA,NA,"c10111",TRUE,0.00787394770032625,0.12598316320522,0.208390552842648,0.00329920120652786,0.0231545058714054,0.00224612678759987,0.0104985969337683,"Hotdog","br",0.00164960060326393,0.0405895745630115,NA,NA,"TRUE","LongHotdog","HotdogNoSportySee_hotdog","br"
"1127","1011","br_f=1",NA,NA,0,0,0,0,0,0,0,NA,NA,"c10111",TRUE,0.0299106235910207,0.478569977456332,0.791609447157352,0.570995805526376,0.0879566052397058,0.212403105354803,0.0531744419395924,"Hotdog","br",0.285497902763188,0.126330875124856,NA,NA,"TRUE","LongHotdog","HotdogNoSportySee_hotdog","br"
"1128","1011","br_p=0","c10111",TRUE,0.0256763020683945,0.410820833094312,0.999982685039315,0.0354849039848892,0.111109187226591,0.00378769927459625,0.0114116898081753,"Long","br",NA,NA,0,0,0,0,0,0,0,NA,NA,0.0177424519924446,0.0432883114447312,NA,NA,"TRUE","LongHotdog","HotdogNoSportySee_hotdog","br"
"1129","1011","br_p=1","c10111",TRUE,4.44591858931927e-07,7.11346974291083e-06,1.73149606846469e-05,7.64153643281982e-06,1.92388452051632e-06,1.39504971575121e-06,3.95192763495046e-07,"Long","br",NA,NA,0,0,0,0,0,0,0,NA,NA,3.82076821640991e-06,0.0403232461473999,3,0.1,"TRUE","LongHotdog","HotdogNoSportySee_hotdog","br"
"1130","1011","C=1","c10111",TRUE,0.0256767466602535,0.410827946564055,1,0.292263626341182,0.111111111111111,0.0393777472608231,0.0342356622136713,"Long","C","c10111",TRUE,0.037784571291347,0.604553140661552,1,0.032488024778284,0.111111111111111,0.0540511734346295,0.117551999573079,"Hotdog","C",0.162375825559733,0.0772012886536794,11,0.366666666666667,"TRUE","LongHotdog","HotdogNoSportySee_hotdog","C"
"1131","1011","Cu=0","c10111",TRUE,2.30668120631161e-07,3.69068993009857e-06,8.98354155545047e-06,2.42572332153776e-07,9.98171283938941e-07,2.7421207358311e-08,1.0251916472496e-07,"Long","Cu","c10111",TRUE,1.41046747290249e-10,2.25674795664398e-09,3.73291908495332e-09,1.22323992790602e-10,4.14768787217036e-10,1.00585212584434e-10,2.19406051340387e-10,"Hotdog","Cu",1.21347328073283e-07,0.0403226494611784,NA,NA,"TRUE","LongHotdog","HotdogNoSportySee_hotdog","Cu"
"1132","1011","Cu=1","c10111",TRUE,0.0256765159921328,0.410824255874125,0.999991016458445,0.362065402899105,0.111110112939827,0.0438954232056665,0.0228235697707847,"Long","Cu","c10111",TRUE,0.0377845711503002,0.604553138404804,0.999999996267081,0.0327658790765719,0.111111110696342,0.0269169947690906,0.0587759995671337,"Hotdog","Cu",0.197415640987838,0.08881676355987,3,0.1,"TRUE","LongHotdog","HotdogNoSportySee_hotdog","Cu"
"1133","1011","K=0","c10111",TRUE,0.0256767466602535,0.410827946564055,1,0.0426469087700838,0.111111111111111,0.0344083871503036,0.0342356622136713,"Long","K","c10111",TRUE,0.037784571291347,0.604553140661552,1,0.030048724627725,0.111111111111111,0.0442956019427263,0.117551999573079,"Hotdog","K",0.0363478166989044,0.046632798025375,5,0.166666666666667,"TRUE","LongHotdog","HotdogNoSportySee_hotdog","K"
"1134","1011","Ku_f=0",NA,NA,0,0,0,0,0,0,0,NA,NA,"c10111",TRUE,0.0377797361074939,0.604475777719902,0.999872032851298,0.0304439648325684,0.111096892539033,0.0244180539058693,0.0587684783894349,"Hotdog","Ku",0.0152219824162842,0.0428540765863485,1,0.0333333333333333,"TRUE","LongHotdog","HotdogNoSportySee_hotdog","Ku"
"1135","1011","Ku_f=1",NA,NA,0,0,0,0,0,0,0,NA,NA,"c10111",TRUE,4.83518385309306e-06,7.7362941649489e-05,0.000127967148702316,5.15505311615869e-06,1.42185720780351e-05,3.80869644024664e-06,7.52139710481143e-06,"Hotdog","Ku",2.57752655807935e-06,0.0403230456217409,NA,NA,"TRUE","LongHotdog","HotdogNoSportySee_hotdog","Ku"
"1136","1011","Ku_p=0","c10111",TRUE,0.0256767466239487,0.410827945983179,0.999999998586083,0.0437644602553715,0.111111110954009,0.00703543348537777,0.0171178310826324,"Long","Ku",NA,NA,0,0,0,0,0,0,0,NA,NA,0.0218822301276858,0.0440110952792939,1,0.0333333333333333,"TRUE","LongHotdog","HotdogNoSportySee_hotdog","Ku"
"1137","1011","Ku_p=1","c10111",TRUE,3.63047788967074e-11,5.80876462347318e-10,1.41391662180107e-09,4.44223129781884e-11,1.57101846866785e-10,6.20484239484039e-12,2.42031859311382e-11,"Long","Ku",NA,NA,0,0,0,0,0,0,0,NA,NA,2.22111564890942e-11,0.0403226298925825,NA,NA,"TRUE","LongHotdog","HotdogNoSportySee_hotdog","Ku"
"1138","1011","P=1","c10111",TRUE,0.0256767466602535,0.410827946564055,1,0.0286704684585662,0.111111111111111,0.00824556911591386,0.0342356622136713,"Long","P","c10111",TRUE,0.037784571291347,0.604553140661552,1,0.0969072764923803,0.111111111111111,0.146292071381568,0.117551999573079,"Hotdog","P",0.0627888724754732,0.0518351420376568,5,0.166666666666667,"TRUE","LongHotdog","HotdogNoSportySee_hotdog","P"
"1139","1011","Pu_f=0",NA,NA,0,0,0,0,0,0,0,NA,NA,"c10111",TRUE,0.0268420738357938,0.429473181372701,0.710397734271525,0.0112985432757915,0.078933081585725,0.00862874157236885,0.0357894317810584,"Hotdog","Pu",0.00564927163789576,0.0412441767702467,NA,NA,"TRUE","LongHotdog","HotdogNoSportySee_hotdog","Pu"
"1140","1011","Pu_f=1",NA,NA,0,0,0,0,0,0,0,NA,NA,"c10111",TRUE,0.0109424974555532,0.175079959288851,0.289602265728476,0.0760269252643694,0.0321780295253862,0.0362748733934525,0.0194533288098723,"Hotdog","Pu",0.0380134626321847,0.0469445302648535,1,0.0333333333333333,"TRUE","LongHotdog","HotdogNoSportySee_hotdog","Pu"
"1141","1011","Pu_p=0","c10111",TRUE,0.0256767466602535,0.410827946564055,1,0.124010733262187,0.111111111111111,0.061283469268089,0.0342356622136713,"Long","Pu",NA,NA,0,0,0,0,0,0,0,NA,NA,0.0620053666310936,0.0516729437900443,NA,NA,"TRUE","LongHotdog","HotdogNoSportySee_hotdog","Pu"
"1142","1011","S=1","c10111",TRUE,0.0256767466602535,0.410827946564055,1,0.0356001324718804,0.111111111111111,0.0110397272942041,0.0342356622136713,"Long","S","c10111",TRUE,0.037784571291347,0.604553140661552,1,0.0325712249497347,0.111111111111111,0.0539456980361267,0.117551999573079,"Hotdog","S",0.0340856787108076,0.0462127420449862,NA,NA,"TRUE","LongHotdog","HotdogNoSportySee_hotdog","S"
"1143","1011","Su=0","c10111",TRUE,1.68983741734475e-09,2.70373986775159e-08,6.58119753138564e-08,2.35859710457249e-09,7.3124417015396e-09,3.6430399455451e-10,1.12655827822983e-09,"Long","Su","c10111",TRUE,0.0327438619720147,0.523901791552236,0.866593449467386,0.0207054865265433,0.0962881610519318,0.0130365080357134,0.043658482629353,"Hotdog","Su",0.0103527444425702,0.0420274856645424,NA,NA,"TRUE","LongHotdog","HotdogNoSportySee_hotdog","Su"
"1144","1011","Su=1","c10111",TRUE,0.025676744970416,0.410827919526657,0.999999934188025,0.0354854770449508,0.111111103798669,0.00550168837617423,0.0171178299802774,"Long","Su","c10111",TRUE,0.00504070931933224,0.0806513491093159,0.133406550532614,0.0624437882676872,0.0148229500591794,0.0293218166488108,0.00896126101214621,"Hotdog","Su",0.048964632656319,0.0490466250676031,NA,NA,"TRUE","LongHotdog","HotdogNoSportySee_hotdog","Su"
"1145","1100","br_f=0",NA,NA,0,0,0,0,0,0,0,NA,NA,"c11001",TRUE,0.00570918691637441,0.0913469906619906,0.160281226515484,0.00293991184307807,0.0178090251683871,0.00188394700146601,0.00761224922183255,"Hotdog","br",0.00146995592153904,0.0434796748696429,NA,NA,"TRUE","LongHotdog","HotdogYesLazySee_pizza","br"
"1146","1100","br_f=1",NA,NA,0,0,0,0,0,0,0,NA,NA,"c11001",TRUE,0.0299106235910207,0.478569977456332,0.839718773484516,0.608031376981126,0.093302085942724,0.201261387034389,0.0531744419395924,"Hotdog","br",0.304015688490563,0.145835097587908,1,0.0303030303030303,"TRUE","LongHotdog","HotdogYesLazySee_pizza","br"
"1147","1100","br_p=1","c11001",TRUE,4.44591858303311e-07,7.11346973285298e-06,1,0.520479215459185,0.111111111111111,9.28243212426084e-07,1.97596381468138e-07,"Long","br",NA,NA,0,0,0,0,0,0,0,NA,NA,0.260239607729593,0.122409525744274,7,0.212121212121212,"TRUE","LongHotdog","HotdogYesLazySee_pizza","br"
"1148","1100","C=0","c11001",TRUE,4.44591858303311e-07,7.11346973285298e-06,1,0.0295934533467944,0.111111111111111,5.22052869547669e-08,1.97596381468138e-07,"Long","C","c11001",TRUE,0.0356198105073951,0.569916968118322,1,0.0344474153584709,0.111111111111111,0.0552990406046905,0.110817188245229,"Hotdog","C",0.0320204343526327,0.049131260302352,NA,NA,"TRUE","LongHotdog","HotdogYesLazySee_pizza","C"
"1149","1100","Cu=0","c11001",TRUE,2.30668120305015e-07,3.69068992488025e-06,0.518831184145635,0.0168175365460543,0.057647909349515,1.49556567483058e-08,5.12595822900034e-08,"Long","Cu","c11001",TRUE,1.32965870445476e-10,2.12745392712762e-09,3.73291908495332e-09,1.28441582691542e-10,4.14768787217036e-10,1.02830667908447e-10,2.06835798470741e-10,"Hotdog","Cu",0.00840876833724796,0.0447033674926851,NA,NA,"TRUE","LongHotdog","HotdogYesLazySee_pizza","Cu"
"1150","1100","Cu=1","c11001",TRUE,2.13923737998296e-07,3.42277980797273e-06,0.481168815854365,0.017002114511479,0.0534632017615961,1.50842495197507e-08,4.75386084440657e-08,"Long","Cu","c11001",TRUE,0.0356198103744293,0.569916965990868,0.999999996267081,0.0345521574468514,0.111111110696342,0.0274649100649333,0.0554085939157789,"Hotdog","Cu",0.0257771359791652,0.0479194897002054,6,0.181818181818182,"TRUE","LongHotdog","HotdogYesLazySee_pizza","Cu"
"1151","1100","K=1","c11001",TRUE,4.44591858303311e-07,7.11346973285298e-06,1,0.025298474624464,0.111111111111111,4.49683728952285e-08,1.97596381468138e-07,"Long","K","c11001",TRUE,0.0356198105073951,0.569916968118322,1,0.0377554179607078,0.111111111111111,0.136846508300341,0.110817188245229,"Hotdog","K",0.0315269462925859,0.0490343731977335,1,0.0303030303030303,"TRUE","LongHotdog","HotdogYesLazySee_pizza","K"
"1152","1100","Ku_f=0",NA,NA,0,0,0,0,0,0,0,NA,NA,"c11001",TRUE,0.0356118125606012,0.56978900096962,0.999775463522125,0.0216060273038144,0.111086162613569,0.0131715682821576,0.0474824167474683,"Hotdog","Ku",0.0108030136519072,0.045133547430007,NA,NA,"TRUE","LongHotdog","HotdogYesLazySee_pizza","Ku"
"1153","1100","Ku_f=1",NA,NA,0,0,0,0,0,0,0,NA,NA,"c11001",TRUE,7.99794679389475e-06,0.000127967148702316,0.000224536477874701,5.5266311287277e-05,2.49484975416334e-05,2.58929459862703e-05,1.42185720780351e-05,"Hotdog","Ku",2.76331556436385e-05,0.0432295501848016,1,0.0303030303030303,"TRUE","LongHotdog","HotdogYesLazySee_pizza","Ku"
"1154","1100","Ku_p=0","c11001",TRUE,4.44591858303311e-07,7.11346973285298e-06,1,0.148413618664282,0.111111111111111,2.63983399145123e-07,1.97596381468138e-07,"Long","Ku",NA,NA,0,0,0,0,0,0,0,NA,NA,0.074206809332141,0.058162510527273,1,0.0303030303030303,"TRUE","LongHotdog","HotdogYesLazySee_pizza","Ku"
"1155","1100","P=1","c11001",TRUE,4.44591858303311e-07,7.11346973285298e-06,1,0.025331847758668,0.111111111111111,4.5315298705136e-08,1.97596381468138e-07,"Long","P","c11001",TRUE,0.0356198105073951,0.569916968118322,1,0.101764751715227,0.111111111111111,0.136933797463808,0.110817188245229,"Hotdog","P",0.0635482997369473,0.055734924420381,8,0.242424242424242,"TRUE","LongHotdog","HotdogYesLazySee_pizza","P"
"1156","1100","Pu_f=0",NA,NA,0,0,0,0,0,0,0,NA,NA,"c11001",TRUE,0.0246773130518419,0.394837008829471,0.692797426497219,0.0115581659196603,0.0769774918330243,0.00910800072023402,0.0329030840691226,"Hotdog","Pu",0.00577908295983016,0.044235608754924,NA,NA,"TRUE","LongHotdog","HotdogYesLazySee_pizza","Pu"
"1157","1100","Pu_f=1",NA,NA,0,0,0,0,0,0,0,NA,NA,"c11001",TRUE,0.0109424974555532,0.175079959288851,0.307202573502781,0.0811955119220603,0.0341336192780868,0.0354774842155067,0.0194533288098723,"Hotdog","Pu",0.0405977559610302,0.0508461692166312,4,0.121212121212121,"TRUE","LongHotdog","HotdogYesLazySee_pizza","Pu"
"1158","1100","Pu_p=0","c11001",TRUE,4.44591858303311e-07,7.11346973285298e-06,1,0.150698235152254,0.111111111111111,2.65072000678223e-07,1.97596381468138e-07,"Long","Pu",NA,NA,0,0,0,0,0,0,0,NA,NA,0.075349117576127,0.0584288766693879,NA,NA,"TRUE","LongHotdog","HotdogYesLazySee_pizza","Pu"
"1159","1100","S=0","c11001",TRUE,4.44591858303311e-07,7.11346973285298e-06,1,0.0333070600257744,0.111111111111111,5.91487250094095e-08,1.97596381468138e-07,"Long","S","c11001",TRUE,0.0356198105073951,0.569916968118322,1,0.0324685187978126,0.111111111111111,0.0451539902610755,0.110817188245229,"Hotdog","S",0.0328877894117935,0.0493020133268183,NA,NA,"TRUE","LongHotdog","HotdogYesLazySee_pizza","S"
"1160","1100","Su=0","c11001",TRUE,2.92594684033991e-14,4.68151494454385e-13,6.58119753138564e-08,2.20855578940692e-09,7.3124417015396e-09,1.96375278414678e-15,6.50210408964423e-15,"Long","Su","c11001",TRUE,0.0327470247349555,0.523952395759289,0.919348650890684,0.0292350434301909,0.102149850098965,0.0223993478144527,0.0509398162543753,"Hotdog","Su",0.0146175228193733,0.0458274772927497,NA,NA,"TRUE","LongHotdog","HotdogYesLazySee_pizza","Su"
"1161","1100","Su=1","c11001",TRUE,4.44591829043843e-07,7.11346926470148e-06,0.999999934188025,0.0330584417024887,0.111111103798669,2.94174447512596e-08,9.8798184231965e-08,"Long","Su","c11001",TRUE,0.0028727857724396,0.0459645723590337,0.0806513491093159,0.00439043488127191,0.00896126101214621,0.00283810217255946,0.00446877786823939,"Hotdog","Su",0.0187244382918803,0.0465865332822252,2,0.0606060606060606,"TRUE","LongHotdog","HotdogYesLazySee_pizza","Su"
"1162","1101","br_f=0",NA,NA,0,0,0,0,0,0,0,NA,NA,"c11011",TRUE,0.00787711046326705,0.126033767412273,0.208456809078586,0.00399235682597873,0.0231618676753984,0.00368827383409134,0.0122532829428599,"Hotdog","br",0.00199617841298936,0.0440015848795232,NA,NA,"TRUE","LongHotdog","HotdogYesLazySee_hotdog","br"
"1163","1101","br_f=1",NA,NA,0,0,0,0,0,0,0,NA,NA,"c11011",TRUE,0.0299106235910207,0.478569977456332,0.791543190921414,0.551891594694427,0.0879492434357127,0.160249201824317,0.0531744419395924,"Hotdog","br",0.275945797347213,0.131633840039861,NA,NA,"TRUE","LongHotdog","HotdogYesLazySee_hotdog","br"
"1164","1101","br_p=1","c11011",TRUE,4.44591858303311e-07,7.11346973285298e-06,1,0.522473698343509,0.111111111111111,9.28904415813054e-07,1.97596381468138e-07,"Long","br",NA,NA,0,0,0,0,0,0,0,NA,NA,0.261236849171754,0.124112490559267,9,0.3,"TRUE","LongHotdog","HotdogYesLazySee_hotdog","br"
"1165","1101","C=0","c11011",TRUE,4.44591858303311e-07,7.11346973285298e-06,1,0.029714337042774,0.111111111111111,5.24227509319573e-08,1.97596381468138e-07,"Long","C","c11011",TRUE,0.0377877340542878,0.604603744868604,1,0.0369956233543485,0.111111111111111,0.068740350717752,0.125959113514293,"Hotdog","C",0.0333549801985613,0.0498820321321018,1,0.0333333333333333,"TRUE","LongHotdog","HotdogYesLazySee_hotdog","C"
"1166","1101","Cu=0","c11011",TRUE,2.30668120305015e-07,3.69068992488025e-06,0.518831184145635,0.0168780876785822,0.057647909349515,1.49684759618097e-08,5.12595822900034e-08,"Long","Cu","c11011",TRUE,1.41058553628391e-10,2.25693685805426e-09,3.73291908495332e-09,1.38326018492287e-10,4.14768787217036e-10,1.31773802125511e-10,2.35097589380652e-10,"Hotdog","Cu",0.0084390439084541,0.0451503086183527,NA,NA,"TRUE","LongHotdog","HotdogYesLazySee_hotdog","Cu"
"1167","1101","Cu=1","c11011",TRUE,2.13923737998296e-07,3.42277980797273e-06,0.481168815854365,0.0171827029926181,0.0534632017615961,1.52186780168459e-08,4.75386084440657e-08,"Long","Cu","c11011",TRUE,0.0377877339132292,0.604603742611667,0.999999996267081,0.0367898273838042,0.111111110696342,0.0343010195270423,0.0629795565220487,"Hotdog","Cu",0.0269862651882111,0.048627343704702,6,0.2,"TRUE","LongHotdog","HotdogYesLazySee_hotdog","Cu"
"1168","1101","K=1","c11011",TRUE,4.44591858303311e-07,7.11346973285298e-06,1,0.0253772681742113,0.111111111111111,4.52525660358543e-08,1.97596381468138e-07,"Long","K","c11011",TRUE,0.0377877340542878,0.604603744868604,1,0.0395981688943393,0.111111111111111,0.133702174645676,0.125959113514293,"Hotdog","K",0.0324877185342753,0.0497092888357965,1,0.0333333333333333,"TRUE","LongHotdog","HotdogYesLazySee_hotdog","K"
"1169","1101","Ku_f=0",NA,NA,0,0,0,0,0,0,0,NA,NA,"c11011",TRUE,0.0377797361074939,0.604475777719902,0.999788345424936,0.0235807014021969,0.111087593936104,0.0200593053641696,0.0587684783894349,"Hotdog","Ku",0.0117903507010984,0.0457596337082068,2,0.0666666666666667,"TRUE","LongHotdog","HotdogYesLazySee_hotdog","Ku"
"1170","1101","Ku_f=1",NA,NA,0,0,0,0,0,0,0,NA,NA,"c11011",TRUE,7.99794679389475e-06,0.000127967148702316,0.00021165457506408,5.04934179404191e-05,2.351717500712e-05,2.21637021663122e-05,1.42185720780351e-05,"Hotdog","Ku",2.52467089702096e-05,0.0436560522369985,NA,NA,"TRUE","LongHotdog","HotdogYesLazySee_hotdog","Ku"
"1171","1101","Ku_p=0","c11011",TRUE,4.44591858303311e-07,7.11346973285298e-06,1,0.148255172243555,0.111111111111111,2.63780973276335e-07,1.97596381468138e-07,"Long","Ku",NA,NA,0,0,0,0,0,0,0,NA,NA,0.0741275861217774,0.0587182912603911,1,0.0333333333333333,"TRUE","LongHotdog","HotdogYesLazySee_hotdog","Ku"
"1172","1101","P=1","c11011",TRUE,4.44591858303311e-07,7.11346973285298e-06,1,0.0254710057344329,0.111111111111111,4.54216945793985e-08,1.97596381468138e-07,"Long","P","c11011",TRUE,0.0377877340542878,0.604603744868604,1,0.0974074564351605,0.111111111111111,0.133829444488952,0.125959113514293,"Hotdog","P",0.0614392310847967,0.0558125002963215,2,0.0666666666666667,"TRUE","LongHotdog","HotdogYesLazySee_hotdog","P"
"1173","1101","Pu_f=0",NA,NA,0,0,0,0,0,0,0,NA,NA,"c11011",TRUE,0.0268452365987346,0.429523785579753,0.710421973441629,0.0135960779603762,0.0789357748268477,0.0142343147919862,0.0417592569313649,"Hotdog","Pu",0.00679803898018808,0.0448549116588942,1,0.0333333333333333,"TRUE","LongHotdog","HotdogYesLazySee_hotdog","Pu"
"1174","1101","Pu_f=1",NA,NA,0,0,0,0,0,0,0,NA,NA,"c11011",TRUE,0.0109424974555532,0.175079959288851,0.289578026558371,0.0749246107487231,0.0321753362842634,0.0303049236310792,0.0194533288098723,"Hotdog","Pu",0.0374623053743615,0.0507083281846441,4,0.133333333333333,"TRUE","LongHotdog","HotdogYesLazySee_hotdog","Pu"
"1175","1101","Pu_p=0","c11011",TRUE,4.44591858303311e-07,7.11346973285298e-06,1,0.149014472852004,0.111111111111111,2.65038725025046e-07,1.97596381468138e-07,"Long","Pu",NA,NA,0,0,0,0,0,0,0,NA,NA,0.0745072364260019,0.058807528669823,NA,NA,"TRUE","LongHotdog","HotdogYesLazySee_hotdog","Pu"
"1176","1101","S=1","c11011",TRUE,4.44591858303311e-07,7.11346973285298e-06,1,0.0324522995648795,0.111111111111111,5.83744843028047e-08,1.97596381468138e-07,"Long","S","c11011",TRUE,0.0377877340542878,0.604603744868604,1,0.0369421023714094,0.111111111111111,0.0689737179475758,0.125959113514293,"Hotdog","S",0.0346972009681445,0.0501505631410923,NA,NA,"TRUE","LongHotdog","HotdogYesLazySee_hotdog","S"
"1177","1101","Su=0","c11011",TRUE,2.92594684033991e-14,4.68151494454385e-13,6.58119753138564e-08,2.1557475809674e-09,7.3124417015396e-09,1.91949170725887e-15,6.50210408964423e-15,"Long","Su","c11011",TRUE,0.0327470247349555,0.523952395759289,0.866604615347126,0.024078280838933,0.0962894017052362,0.0203505335330326,0.0509398162543753,"Hotdog","Su",0.0120391414973403,0.0458051946775704,NA,NA,"TRUE","LongHotdog","HotdogYesLazySee_hotdog","Su"
"1178","1101","Su=1","c11011",TRUE,4.44591829043843e-07,7.11346926470148e-06,0.999999934188025,0.0331809532176869,0.111111103798669,2.95265819957365e-08,9.8798184231965e-08,"Long","Su","c11011",TRUE,0.00504070931933224,0.0806513491093159,0.133395384652875,0.0601527055340371,0.014821709405875,0.022102088427028,0.00896126101214621,"Hotdog","Su",0.046666829375862,0.0526101073964536,1,0.0333333333333333,"TRUE","LongHotdog","HotdogYesLazySee_hotdog","Su"
"1179","1110","br_f=0",NA,NA,0,0,0,0,0,0,0,NA,NA,"c11101",TRUE,0.00570918691637441,0.0913469906619906,0.160281226515484,0.00290548704474015,0.0178090251683871,0.00189776551992141,0.00761224922183255,"Hotdog","br",0.00145274352237008,0.042206987696225,NA,NA,"TRUE","LongHotdog","HotdogYesSportySee_pizza","br"
"1180","1110","br_f=1",NA,NA,0,0,0,0,0,0,0,NA,NA,"c11101",TRUE,0.0299106235910207,0.478569977456332,0.839718773484516,0.604625915944134,0.093302085942724,0.200992501146217,0.0531744419395924,"Hotdog","br",0.302312957972067,0.140615139354115,NA,NA,"TRUE","LongHotdog","HotdogYesSportySee_pizza","br"
"1181","1110","br_p=0","c11101",TRUE,0.0256763020320904,0.410820832513446,0.999982685039315,0.0379875212672429,0.111109187226591,0.00195413948857065,0.00570584489602008,"Long","br",NA,NA,0,0,0,0,0,0,0,NA,NA,0.0189937606336215,0.0452747671616135,NA,NA,"TRUE","LongHotdog","HotdogYesSportySee_pizza","br"
"1182","1110","br_p=1","c11101",TRUE,4.44591858303311e-07,7.11346973285298e-06,1.73149606846469e-05,6.19358622169337e-06,1.92388452051632e-06,6.23231253202689e-07,1.97596381468138e-07,"Long","br",NA,NA,0,0,0,0,0,0,0,NA,NA,3.09679311084668e-06,0.0419629550156877,NA,NA,"TRUE","LongHotdog","HotdogYesSportySee_pizza","br"
"1183","1110","C=1","c11101",TRUE,0.0256767466239487,0.410827945983179,1,0.25930708613075,0.111111111111111,0.0186730737189234,0.0171178310826324,"Long","C","c11101",TRUE,0.0356198105073951,0.569916968118322,1,0.0353122621666607,0.111111111111111,0.0553096427603171,0.110817188245229,"Hotdog","C",0.147309674148705,0.0756421384689349,16,0.516129032258065,"TRUE","LongHotdog","HotdogYesSportySee_pizza","C"
"1184","1110","Cu=0","c11101",TRUE,2.30668120305015e-07,3.69068992488025e-06,8.98354155545047e-06,2.93015315320084e-07,9.98171283938941e-07,1.50045195685212e-08,5.12595822900034e-08,"Long","Cu","c11101",TRUE,1.32965870445476e-10,2.12745392712762e-09,3.73291908495332e-09,1.27859346058501e-10,4.14768787217036e-10,1.02674496045782e-10,2.06835798470741e-10,"Hotdog","Cu",1.46571587333071e-07,0.0419624598185573,NA,NA,"TRUE","LongHotdog","HotdogYesSportySee_pizza","Cu"
"1185","1110","Cu=1","c11101",TRUE,0.0256765159558284,0.410824255293254,0.999991016458444,0.323044459826315,0.111110112939827,0.0205088578577348,0.0114117848692571,"Long","Cu","c11101",TRUE,0.0356198103744293,0.569916965990868,0.999999996267081,0.0349081439775764,0.111111110696342,0.0276257420270144,0.0554085939157789,"Hotdog","Cu",0.178976301901946,0.0858567342288788,7,0.225806451612903,"TRUE","LongHotdog","HotdogYesSportySee_pizza","Cu"
"1186","1110","K=1","c11101",TRUE,0.0256767466239487,0.410827945983179,1,0.0318475954481877,0.111111111111111,0.00442156586165118,0.0171178310826324,"Long","K","c11101",TRUE,0.0356198105073951,0.569916968118322,1,0.0381464475889303,0.111111111111111,0.13688348471014,0.110817188245229,"Hotdog","K",0.034997021518559,0.0482677147044426,NA,NA,"TRUE","LongHotdog","HotdogYesSportySee_pizza","K"
"1187","1110","Ku_f=0",NA,NA,0,0,0,0,0,0,0,NA,NA,"c11101",TRUE,0.0356118125606012,0.56978900096962,0.999775463522125,0.0219883097437382,0.111086162613569,0.0131976298026448,0.0474824167474683,"Hotdog","Ku",0.0109941548718691,0.04384897914585,NA,NA,"TRUE","LongHotdog","HotdogYesSportySee_pizza","Ku"
"1188","1110","Ku_f=1",NA,NA,0,0,0,0,0,0,0,NA,NA,"c11101",TRUE,7.99794679389475e-06,0.000127967148702316,0.000224536477874701,5.47319428493949e-05,2.49484975416334e-05,2.58823624128368e-05,1.42185720780351e-05,"Hotdog","Ku",2.73659714246974e-05,0.0419670288391726,NA,NA,"TRUE","LongHotdog","HotdogYesSportySee_pizza","Ku"
"1189","1110","Ku_p=0","c11101",TRUE,0.0256767466239487,0.410827945983179,1,0.118363156504658,0.111111111111111,0.0274345539165782,0.0171178310826324,"Long","Ku",NA,NA,0,0,0,0,0,0,0,NA,NA,0.0591815782523292,0.0531703617675945,NA,NA,"TRUE","LongHotdog","HotdogYesSportySee_pizza","Ku"
"1190","1110","P=1","c11101",TRUE,0.0256767466239487,0.410827945983179,1,0.0321478914962599,0.111111111111111,0.00442457921321762,0.0171178310826324,"Long","P","c11101",TRUE,0.0356198105073951,0.569916968118322,1,0.101408226512135,0.111111111111111,0.136318223764403,0.110817188245229,"Hotdog","P",0.0667780590041974,0.0548107890187662,5,0.161290322580645,"TRUE","LongHotdog","HotdogYesSportySee_pizza","P"
"1191","1110","Pu_f=0",NA,NA,0,0,0,0,0,0,0,NA,NA,"c11101",TRUE,0.0246773130518419,0.394837008829471,0.692797426497219,0.0116860961042179,0.0769774918330243,0.00913874635580171,0.0329030840691226,"Hotdog","Pu",0.00584304805210893,0.0429547403198455,1,0.032258064516129,"TRUE","LongHotdog","HotdogYesSportySee_pizza","Pu"
"1192","1110","Pu_f=1",NA,NA,0,0,0,0,0,0,0,NA,NA,"c11101",TRUE,0.0109424974555532,0.175079959288851,0.307202573502781,0.0821075365436513,0.0341336192780868,0.0357145649450534,0.0194533288098723,"Hotdog","Pu",0.0410537682718256,0.0494513763848371,1,0.032258064516129,"TRUE","LongHotdog","HotdogYesSportySee_pizza","Pu"
"1193","1110","Pu_p=0","c11101",TRUE,0.0256767466239487,0.410827945983179,1,0.119008502714791,0.111111111111111,0.0274388264386184,0.0171178310826324,"Long","Pu",NA,NA,0,0,0,0,0,0,0,NA,NA,0.0595042513573955,0.0532390326574761,NA,NA,"TRUE","LongHotdog","HotdogYesSportySee_pizza","Pu"
"1194","1110","S=0","c11101",TRUE,0.0256767466239487,0.410827945983179,1,0.0397037763739804,0.111111111111111,0.00574837701197686,0.0171178310826324,"Long","S","c11101",TRUE,0.0356198105073951,0.569916968118322,1,0.0330742299699567,0.111111111111111,0.0452578261088749,0.110817188245229,"Hotdog","S",0.0363890031719686,0.0485372153814706,NA,NA,"TRUE","LongHotdog","HotdogYesSportySee_pizza","S"
"1195","1110","Su=0","c11101",TRUE,1.68983741495546e-09,2.70373986392873e-08,6.58119753138564e-08,2.56887396377551e-09,7.3124417015396e-09,1.92086135627618e-10,5.63279138318485e-10,"Long","Su","c11101",TRUE,0.0327470247349555,0.523952395759289,0.919348650890684,0.0294249276654804,0.102149850098965,0.022509465276737,0.0509398162543753,"Hotdog","Su",0.0147124651171772,0.044506029702787,NA,NA,"TRUE","LongHotdog","HotdogYesSportySee_pizza","Su"
"1196","1110","Su=1","c11101",TRUE,0.0256767449341113,0.41082791894578,0.999999934188025,0.0385835210674038,0.111111103798669,0.00287355254118765,0.00855891497803709,"Long","Su","c11101",TRUE,0.0028727857724396,0.0459645723590337,0.0806513491093159,0.00435768466807041,0.00896126101214621,0.0028110298882427,0.00446877786823939,"Hotdog","Su",0.0214706028677371,0.0457255503337458,NA,NA,"TRUE","LongHotdog","HotdogYesSportySee_pizza","Su"
"1197","1111","br_f=0",NA,NA,0,0,0,0,0,0,0,NA,NA,"c11111",TRUE,0.00787711046326705,0.126033767412273,0.208456809078586,0.00400180764015062,0.0231618676753984,0.00368045004638779,0.0122532829428599,"Hotdog","br",0.00200090382007531,0.0426751444629686,NA,NA,"TRUE","LongHotdog","HotdogYesSportySee_hotdog","br"
"1198","1111","br_f=1",NA,NA,0,0,0,0,0,0,0,NA,NA,"c11111",TRUE,0.0299106235910207,0.478569977456332,0.791543190921414,0.551787767208987,0.0879492434357127,0.160061045261263,0.0531744419395924,"Hotdog","br",0.275893883604493,0.12763677988663,NA,NA,"TRUE","LongHotdog","HotdogYesSportySee_hotdog","br"
"1199","1111","br_p=0","c11111",TRUE,0.0256763020320904,0.410820832513446,0.999982685039315,0.0386889299622849,0.111109187226591,0.00198648286416085,0.00570584489602008,"Long","br",NA,NA,0,0,0,0,0,0,0,NA,NA,0.0193444649811424,0.0457408100586423,NA,NA,"TRUE","LongHotdog","HotdogYesSportySee_hotdog","br"
"1200","1111","br_p=1","c11111",TRUE,4.44591858303311e-07,7.11346973285298e-06,1.73149606846469e-05,6.1731732057968e-06,1.92388452051632e-06,6.20041127868458e-07,1.97596381468138e-07,"Long","br",NA,NA,0,0,0,0,0,0,0,NA,NA,3.0865866028984e-06,0.0423354749097635,2,0.0625,"TRUE","LongHotdog","HotdogYesSportySee_hotdog","br"
"1201","1111","C=1","c11111",TRUE,0.0256767466239487,0.410827945983179,1,0.261014196917847,0.111111111111111,0.0186704808661633,0.0171178310826324,"Long","C","c11111",TRUE,0.0377877340542878,0.604603744868604,1,0.0368249360176309,0.111111111111111,0.0692350101171776,0.125959113514293,"Hotdog","C",0.148919566467739,0.0768066561067713,13,0.40625,"TRUE","LongHotdog","HotdogYesSportySee_hotdog","C"
"1202","1111","Cu=0","c11111",TRUE,2.30668120305015e-07,3.69068992488025e-06,8.98354155545047e-06,2.92440181703786e-07,9.98171283938941e-07,1.50343106455697e-08,5.12595822900034e-08,"Long","Cu","c11111",TRUE,1.41058553628391e-10,2.25693685805426e-09,3.73291908495332e-09,1.40984515072238e-10,4.14768787217036e-10,1.2910454301903e-10,2.35097589380652e-10,"Hotdog","Cu",1.46290583109429e-07,0.042334976997378,NA,NA,"TRUE","LongHotdog","HotdogYesSportySee_hotdog","Cu"
"1203","1111","Cu=1","c11111",TRUE,0.0256765159558284,0.410824255293254,0.999991016458444,0.322332630518807,0.111110112939827,0.0206267065753575,0.0114117848692571,"Long","Cu","c11111",TRUE,0.0377877339132292,0.604603742611667,0.999999996267081,0.036738976631476,0.111111110696342,0.0343989289392328,0.0629795565220487,"Hotdog","Cu",0.179535803575141,0.0868129889615091,10,0.3125,"TRUE","LongHotdog","HotdogYesSportySee_hotdog","Cu"
"1204","1111","K=1","c11111",TRUE,0.0256767466239487,0.410827945983179,1,0.0312627125760845,0.111111111111111,0.00437841988743413,0.0171178310826324,"Long","K","c11111",TRUE,0.0377877340542878,0.604603744868604,1,0.03972118305641,0.111111111111111,0.134291273076358,0.125959113514293,"Hotdog","K",0.0354919478162473,0.0487927057743078,NA,NA,"TRUE","LongHotdog","HotdogYesSportySee_hotdog","K"
"1205","1111","Ku_f=0",NA,NA,0,0,0,0,0,0,0,NA,NA,"c11111",TRUE,0.0377797361074939,0.604475777719902,0.999788345424936,0.0235176246363197,0.111087593936104,0.0199716104038176,0.0587684783894349,"Hotdog","Ku",0.0117588123181598,0.0443737592950603,NA,NA,"TRUE","LongHotdog","HotdogYesSportySee_hotdog","Ku"
"1206","1111","Ku_f=1",NA,NA,0,0,0,0,0,0,0,NA,NA,"c11111",TRUE,7.99794679389475e-06,0.000127967148702316,0.00021165457506408,5.09044662826377e-05,2.351717500712e-05,2.20964733443555e-05,1.42185720780351e-05,"Hotdog","Ku",2.54522331413189e-05,0.0423392625202572,NA,NA,"TRUE","LongHotdog","HotdogYesSportySee_hotdog","Ku"
"1207","1111","Ku_p=0","c11111",TRUE,0.0256767466239487,0.410827945983179,1,0.118462223253418,0.111111111111111,0.0273357027037246,0.0171178310826324,"Long","Ku",NA,NA,0,0,0,0,0,0,0,NA,NA,0.0592311116267092,0.0536530053433379,NA,NA,"TRUE","LongHotdog","HotdogYesSportySee_hotdog","Ku"
"1208","1111","P=1","c11111",TRUE,0.0256767466239487,0.410827945983179,1,0.0322212244316441,0.111111111111111,0.0044237790961848,0.0171178310826324,"Long","P","c11111",TRUE,0.0377877340542878,0.604603744868604,1,0.0971978157921342,0.111111111111111,0.134131362135838,0.125959113514293,"Hotdog","P",0.0647095201118891,0.0548417145630747,3,0.09375,"TRUE","LongHotdog","HotdogYesSportySee_hotdog","P"
"1209","1111","Pu_f=0",NA,NA,0,0,0,0,0,0,0,NA,NA,"c11111",TRUE,0.0268452365987346,0.429523785579753,0.710421973441629,0.0136812461554369,0.0789357748268477,0.0142895990111004,0.0417592569313649,"Hotdog","Pu",0.00684062307771847,0.0435093357884765,NA,NA,"TRUE","LongHotdog","HotdogYesSportySee_hotdog","Pu"
"1210","1111","Pu_f=1",NA,NA,0,0,0,0,0,0,0,NA,NA,"c11111",TRUE,0.0109424974555532,0.175079959288851,0.289578026558371,0.0755668483366987,0.0321753362842634,0.0303503309192893,0.0194533288098723,"Hotdog","Pu",0.0377834241683494,0.0492419910075202,1,0.03125,"TRUE","LongHotdog","HotdogYesSportySee_hotdog","Pu"
"1211","1111","Pu_p=0","c11111",TRUE,0.0256767466239487,0.410827945983179,1,0.118553121423286,0.111111111111111,0.027620877385351,0.0171178310826324,"Long","Pu",NA,NA,0,0,0,0,0,0,0,NA,NA,0.0592765607116432,0.0536627601499923,NA,NA,"TRUE","LongHotdog","HotdogYesSportySee_hotdog","Pu"
"1212","1111","S=1","c11111",TRUE,0.0256767466239487,0.410827945983179,1,0.038768936050986,0.111111111111111,0.00579766810638042,0.0171178310826324,"Long","S","c11111",TRUE,0.0377877340542878,0.604603744868604,1,0.0369532866878921,0.111111111111111,0.0690233410884256,0.125959113514293,"Hotdog","S",0.037861111369439,0.0492572952751183,1,0.03125,"TRUE","LongHotdog","HotdogYesSportySee_hotdog","S"
"1213","1111","Su=0","c11111",TRUE,1.68983741495546e-09,2.70373986392873e-08,6.58119753138564e-08,2.50780023491047e-09,7.3124417015396e-09,1.88848029333932e-10,5.63279138318485e-10,"Long","Su","c11111",TRUE,0.0327470247349555,0.523952395759289,0.866604615347126,0.0239693924280349,0.0962894017052362,0.0203530942236057,0.0509398162543753,"Hotdog","Su",0.0119846974679176,0.044413870906621,NA,NA,"TRUE","LongHotdog","HotdogYesSportySee_hotdog","Su"
"1214","1111","Su=1","c11111",TRUE,0.0256767449341113,0.41082791894578,0.999999934188025,0.0386895567444541,0.111111103798669,0.00286753412907518,0.00855891497803709,"Long","Su","c11111",TRUE,0.00504070931933224,0.0806513491093159,0.133395384652875,0.0599882108015622,0.014821709405875,0.0220520466585153,0.00896126101214621,"Hotdog","Su",0.0493388837730081,0.0515714679925711,NA,NA,"TRUE","LongHotdog","HotdogYesSportySee_hotdog","Su"
"1215","0000","P=1",NA,NA,NA,NA,NA,NA,NA,NA,NA,NA,NA,NA,NA,NA,NA,NA,NA,NA,NA,NA,NA,NA,NA,NA,8,0.275862068965517,"FALSE","LongHotdog","AbsentNoLazySee_pizza",NA
"1216","0001","C=1",NA,NA,NA,NA,NA,NA,NA,NA,NA,NA,NA,NA,NA,NA,NA,NA,NA,NA,NA,NA,NA,NA,NA,NA,1,0.032258064516129,"FALSE","LongHotdog","AbsentNoLazySee_hotdog",NA
"1217","0001","P=1",NA,NA,NA,NA,NA,NA,NA,NA,NA,NA,NA,NA,NA,NA,NA,NA,NA,NA,NA,NA,NA,NA,NA,NA,6,0.193548387096774,"FALSE","LongHotdog","AbsentNoLazySee_hotdog",NA
"1218","0010","P=1",NA,NA,NA,NA,NA,NA,NA,NA,NA,NA,NA,NA,NA,NA,NA,NA,NA,NA,NA,NA,NA,NA,NA,NA,2,0.0645161290322581,"FALSE","LongHotdog","AbsentNoSportySee_pizza",NA
"1219","0011","P",NA,NA,NA,NA,NA,NA,NA,NA,NA,NA,NA,NA,NA,NA,NA,NA,NA,NA,NA,NA,NA,NA,NA,NA,1,0.03125,"FALSE","LongHotdog","AbsentNoSportySee_hotdog",NA
"1220","0100","C=1",NA,NA,NA,NA,NA,NA,NA,NA,NA,NA,NA,NA,NA,NA,NA,NA,NA,NA,NA,NA,NA,NA,NA,NA,1,0.0333333333333333,"FALSE","LongHotdog","AbsentYesLazySee_pizza",NA
"1221","0100","P=1",NA,NA,NA,NA,NA,NA,NA,NA,NA,NA,NA,NA,NA,NA,NA,NA,NA,NA,NA,NA,NA,NA,NA,NA,7,0.233333333333333,"FALSE","LongHotdog","AbsentYesLazySee_pizza",NA
"1222","0101","K=0",NA,NA,NA,NA,NA,NA,NA,NA,NA,NA,NA,NA,NA,NA,NA,NA,NA,NA,NA,NA,NA,NA,NA,NA,2,0.0689655172413793,"FALSE","LongHotdog","AbsentYesLazySee_hotdog",NA
"1223","0101","P=1",NA,NA,NA,NA,NA,NA,NA,NA,NA,NA,NA,NA,NA,NA,NA,NA,NA,NA,NA,NA,NA,NA,NA,NA,2,0.0689655172413793,"FALSE","LongHotdog","AbsentYesLazySee_hotdog",NA
"1224","0110","K=0",NA,NA,NA,NA,NA,NA,NA,NA,NA,NA,NA,NA,NA,NA,NA,NA,NA,NA,NA,NA,NA,NA,NA,NA,1,0.03125,"FALSE","LongHotdog","AbsentYesSportySee_pizza",NA
"1225","0110","P=1",NA,NA,NA,NA,NA,NA,NA,NA,NA,NA,NA,NA,NA,NA,NA,NA,NA,NA,NA,NA,NA,NA,NA,NA,1,0.03125,"FALSE","LongHotdog","AbsentYesSportySee_pizza",NA
"1226","1000","C=1",NA,NA,NA,NA,NA,NA,NA,NA,NA,NA,NA,NA,NA,NA,NA,NA,NA,NA,NA,NA,NA,NA,NA,NA,2,0.0645161290322581,"FALSE","LongHotdog","HotdogNoLazySee_pizza",NA
"1227","1010","P=0",NA,NA,NA,NA,NA,NA,NA,NA,NA,NA,NA,NA,NA,NA,NA,NA,NA,NA,NA,NA,NA,NA,NA,NA,1,0.03125,"FALSE","LongHotdog","HotdogNoSportySee_pizza",NA
"1228","1100","C=1",NA,NA,NA,NA,NA,NA,NA,NA,NA,NA,NA,NA,NA,NA,NA,NA,NA,NA,NA,NA,NA,NA,NA,NA,1,0.0303030303030303,"FALSE","LongHotdog","HotdogYesLazySee_pizza",NA
"1229","1100","K=0",NA,NA,NA,NA,NA,NA,NA,NA,NA,NA,NA,NA,NA,NA,NA,NA,NA,NA,NA,NA,NA,NA,NA,NA,1,0.0303030303030303,"FALSE","LongHotdog","HotdogYesLazySee_pizza",NA
"1230","1101","K=0",NA,NA,NA,NA,NA,NA,NA,NA,NA,NA,NA,NA,NA,NA,NA,NA,NA,NA,NA,NA,NA,NA,NA,NA,2,0.0666666666666667,"FALSE","LongHotdog","HotdogYesLazySee_hotdog",NA
"1231","1110","Su",NA,NA,NA,NA,NA,NA,NA,NA,NA,NA,NA,NA,NA,NA,NA,NA,NA,NA,NA,NA,NA,NA,NA,NA,1,0.032258064516129,"FALSE","LongHotdog","HotdogYesSportySee_pizza",NA
"1232","1111","C=0",NA,NA,NA,NA,NA,NA,NA,NA,NA,NA,NA,NA,NA,NA,NA,NA,NA,NA,NA,NA,NA,NA,NA,NA,1,0.03125,"FALSE","LongHotdog","HotdogYesSportySee_hotdog",NA
"1233","1111","K=0",NA,NA,NA,NA,NA,NA,NA,NA,NA,NA,NA,NA,NA,NA,NA,NA,NA,NA,NA,NA,NA,NA,NA,NA,1,0.03125,"FALSE","LongHotdog","HotdogYesSportySee_hotdog",NA
