"","P","Pu","K","Ku","C","Cu","S","Su","br","sem","prior","condition","posterior","Pces","Puces","Kces","Kuces","Cces","Cuces","Sces","Suces","brces","Pcfs","Pucfs","Kcfs","Kucfs","Ccfs","Cucfs","Scfs","Sucfs","brcfs","E_count"
"1",0,0,0,0,0,0,0,0,0,FALSE,9.22488891811912e-11,"c00000",2.83064296854033e-09,0.11441729729317,0.109942517802049,0.116355320790833,0.112774260526767,0.000909945791500701,0.00202559736177953,0.027973599837647,0.0982153212965315,0.853485769301641,14892,15045,15012,14982,5095,3,29912,2339,14484,81135
"2",1,0,0,0,0,0,0,0,0,FALSE,9.22488891811912e-11,"c10000",3.43141496004883e-09,-0.0996693426447258,0.560674251928815,0.0870402687230591,0.088862407418454,-0.00233657542938274,-0.000374180453461071,0.0199202144090369,0.0746470510961014,0.666969698001816,14982,15054,15067,15057,5184,4,29907,2383,14528,72354
"3",0,1,0,0,0,0,0,0,0,FALSE,1.95787845672427e-11,"c00000",6.00771991508504e-10,0.564766752487977,-0.0996993891990495,0.0926035004518074,0.0872007882311967,-0.00331099176082461,-0.00119252342434785,0.0132242617414399,0.071806548392033,0.663273814175149,15054,15070,15016,15039,5373,5,29746,2481,14321,72467
"4",1,1,0,0,0,0,0,0,0,TRUE,1.95787845672427e-11,"c10001",5.49713078846894e-10,0.596647095025388,0.594736460584699,-0.0304729804435664,-0.0320294723284758,-0.00190884959438418,0.00285805410134677,-0.00348320934456539,-0.0207473855838706,-0.225356454437718,15172,14863,15010,14851,5274,2,30264,2395,14479,76925
"5",0,0,1,0,0,0,0,0,0,FALSE,9.22488891811912e-11,"c01000",2.83100524420939e-09,0.0930621542999811,0.0953677916829534,-0.0949800756173261,0.566534010964946,-0.00348443413248102,-0.00336271615787074,0.0209070890811007,0.0767580209110526,0.667147321846306,15004,14913,14815,14914,5178,3,30067,2419,14366,72626
"6",1,0,1,0,0,0,0,0,0,FALSE,9.22488891811912e-11,"c11000",3.43185412463592e-09,-0.0834046242041865,0.470867170751147,-0.0824061498365458,0.474057105380386,-0.000711125858643045,0.00511376869316431,0.00924847665175606,0.0690482821923668,0.550932092320833,14891,15012,14824,14879,5238,8,29844,2342,14152,64804
"7",0,1,1,0,0,0,0,0,0,FALSE,1.95787845672427e-11,"c01000",6.00848880426533e-10,0.475360140349468,-0.0894498837897846,-0.0813705515645383,0.473569416962315,-0.00296612164206099,0.00360807823484063,0.0138277112613256,0.0649423848970358,0.552952529808868,14999,14954,14917,15054,5271,3,30225,2479,14246,64795
"8",1,1,1,0,0,0,0,0,0,TRUE,1.95787845672427e-11,"c11001",5.49659986629573e-10,0.562651447868506,0.557981813399835,0.0298403874501891,-0.177156390271179,0.0012948611762396,-0.0016157613175945,-0.00531486080998213,-0.0241150555077215,-0.208944372211466,14934,14942,14904,14726,5305,1,29816,2262,14327,79298
"9",0,0,0,1,0,0,0,0,0,FALSE,1.18063381429017e-14,"c00000",3.6227566906278e-13,0.0924378689787694,0.0888001956986545,0.562794990752212,-0.097475577827217,0.00328835084351658,0.00513196224539241,0.0182789136041901,0.0715800158986217,0.666344144881871,14920,14996,15051,15060,5210,5,30068,2493,14457,72431
"10",1,0,0,1,0,0,0,0,0,FALSE,1.18063381429017e-14,"c10000",4.39164587091942e-13,-0.0833088603270022,0.472439352465186,0.472275802833335,-0.0844902499865343,0.00141685009280037,-0.0022030885469385,0.0115566649556123,0.0610286051508203,0.55627090450819,15015,14715,14774,15038,5346,5,29838,2454,14199,65155
"11",0,1,0,1,0,0,0,0,0,FALSE,2.50576189133152e-15,"c00000",7.68889180291623e-14,0.471079222049855,-0.0823286510126767,0.47536764829828,-0.0789165478765362,0.00218124789173746,0.0013868955516502,0.0151479433104007,0.0557802896158282,0.552273818687847,15104,15030,14971,14934,5248,2,30038,2404,14208,64810
"12",1,1,0,1,0,0,0,0,0,TRUE,2.50576189133152e-15,"c10001",7.03542183331278e-14,0.560755494337438,0.549719172387195,-0.177911156794506,0.0320536688128149,-0.000547952631847729,0.00323990846104352,-0.00639483417565302,-0.0222312207099485,-0.210311053398885,15193,14829,14988,14962,5376,2,30155,2382,14515,79334
"13",0,0,1,1,0,0,0,0,0,TRUE,1.18063381429017e-14,"c01001",3.94665534332359e-13,-0.0325249433363098,-0.0306542187311503,0.600172843276917,0.601086173870409,0.00265045844906534,0.00286104549285731,-0.00502465188602521,-0.0257529929411591,-0.224146133603069,15041,15132,14926,15054,5223,2,30050,2373,14360,76945
"14",1,0,1,1,0,0,0,0,0,TRUE,1.18063381429017e-14,"c11001",3.31454265890903e-13,0.0395672475332036,-0.178205180505078,0.55818328020534,0.558299957835465,-0.000956411512333365,0.00455158546691604,-0.00103954270391248,-0.0177292327453703,-0.210987093781935,15056,15126,15201,15050,5274,4,29914,2368,14498,79206
"15",0,1,1,1,0,0,0,0,0,TRUE,2.50576189133152e-15,"c01001",8.37633010152764e-14,-0.17653476054225,0.0303588564905758,0.554594250854975,0.555709169005587,0.00257528784721614,-0.000102484681517466,-0.00646735959492329,-0.026202278334358,-0.20911259130826,15028,14866,15031,14958,5327,5,30176,2464,14434,79414
"16",1,1,1,1,0,0,0,0,0,TRUE,2.50576189133152e-15,"c11001",7.03474234039312e-14,0.296362230628969,0.293708404355519,0.291421147815138,0.294568853194309,0.00341140728050456,-0.00146520479211434,-0.000126649212171403,-0.0170512915658338,-0.109454697841457,14925,14987,14997,15011,5256,3,29821,2379,14341,93322
"17",0,0,0,0,1,0,0,0,0,FALSE,9.22488891811912e-11,"c00100",2.83064296854033e-09,0.115581719358677,0.111740210767476,0.107049336490555,0.111052714538891,-0.00275715188031512,-0.00261634938113663,0.0222206410610422,0.0984825459668439,0.851915787757092,14905,15046,15100,15066,24735,3,30061,2449,14207,81422
"18",1,0,0,0,1,0,0,0,0,FALSE,9.22488891811912e-11,"c10100",3.43141496004883e-09,-0.098829961259034,0.564781560418985,0.0899707892268194,0.080854838346514,0.000458572839018991,0.00199096347651315,0.0208915400374859,0.0757840584211664,0.663382284700283,14840,15006,15000,15004,24628,5,29762,2371,14266,72563
"19",0,1,0,0,1,0,0,0,0,FALSE,1.95787845672427e-11,"c00100",6.00771991508504e-10,0.566912592683919,-0.101703465970731,0.0940014060947319,0.0850214158658529,0.000296577257480561,-0.0043565796540443,0.0203688575454315,0.0756061976501583,0.665373446013307,15055,15107,14965,14994,24723,5,29921,2405,14387,72486
"20",1,1,0,0,1,0,0,0,0,TRUE,1.95787845672427e-11,"c10101",5.49713078846894e-10,0.595008627718927,0.596399515541839,-0.0347422848385105,-0.0331635482675819,0.00368474508958564,-0.00053064554524213,-0.0125230976447618,-0.0245919775168734,-0.226025281051806,15169,15129,14772,14916,24803,5,29779,2389,14489,76834
"21",0,0,1,0,1,0,0,0,0,FALSE,9.22488891811912e-11,"c01100",2.83100524420939e-09,0.0916042194803741,0.0879318872119852,-0.103083878465617,0.563767809934649,-0.001362557354682,0.000732852082185354,0.0197907629437865,0.0755915194003389,0.666841170008091,14804,15128,14947,14888,24445,3,29882,2364,14351,72632
"22",1,0,1,0,1,0,0,0,0,FALSE,9.22488891811912e-11,"c11100",3.43185412463592e-09,-0.0792511193997767,0.471855518270439,-0.0890995931627742,0.474336098737224,0.00274890206511972,0.00603818077858346,0.0126759294462091,0.0593801983159267,0.552783439678676,14927,14908,15224,15365,24834,2,29815,2371,14356,64576
"23",0,1,1,0,1,0,0,0,0,FALSE,1.95787845672427e-11,"c01100",6.00848880426533e-10,0.471671462458893,-0.0836919421983415,-0.0798301644242938,0.469757549909471,-0.00299688728560931,-0.00523113962207583,0.0198265854547394,0.0622454615453093,0.553594040006645,14967,14931,15017,15064,24789,5,30038,2489,14363,64630
"24",1,1,1,0,1,0,0,0,0,TRUE,1.95787845672427e-11,"c11101",5.49659986629573e-10,0.554066401387508,0.560589062727998,0.0280999284862631,-0.177602244680991,0.000398367352369093,-0.0022747386090608,-0.00408498960100399,-0.0222242816099298,-0.20779026726752,14930,15033,14859,15004,24526,2,29968,2429,14302,79446
"25",0,0,0,1,1,0,0,0,0,FALSE,1.18063381429017e-14,"c00100",3.6227566906278e-13,0.0821915394176742,0.0931099215717213,0.56703034910151,-0.100221347140543,0.00153567826898514,0.00316646507594081,0.018054505680271,0.0737099809512193,0.66424174386036,15213,15032,15180,14925,24596,4,30094,2360,14408,72384
"26",1,0,0,1,1,0,0,0,0,FALSE,1.18063381429017e-14,"c10100",4.39164587091942e-13,-0.0841199166665934,0.473611481303349,0.470259539741849,-0.0762913479143594,-0.00364321904867366,0.00428093305667442,0.00791613965163877,0.0604117686981197,0.558164511492373,15134,15046,14794,14910,24749,1,30253,2420,14530,64697
"27",0,1,0,1,1,0,0,0,0,FALSE,2.50576189133152e-15,"c00100",7.68889180291623e-14,0.471995376957156,-0.0832093773404969,0.472193913398862,-0.0839022270442467,0.000182602667124874,-0.00227252001340503,0.0171381381816531,0.0610171202351715,0.551221633610662,15074,14888,15035,14951,24573,5,30238,2440,14255,64635
"28",1,1,0,1,1,0,0,0,0,TRUE,2.50576189133152e-15,"c10101",7.03542183331278e-14,0.555908817630837,0.547917908693196,-0.176561021978779,0.025675117619507,0.00530450081242027,0.00329495644040864,-0.00535899508632293,-0.0225153093672075,-0.207660234790284,14892,14841,14974,15078,24751,2,29942,2420,14447,79658
"29",0,0,1,1,1,0,0,0,0,TRUE,1.18063381429017e-14,"c01101",3.94665534332359e-13,-0.0321635130902822,-0.0264991471398105,0.603131403715399,0.593339261909316,0.00167961353951724,0.000312208946557323,-0.00185129073347778,-0.0226001237151083,-0.222825092244953,14963,15206,15169,14711,24770,4,29542,2416,14305,77075
"30",1,0,1,1,1,0,0,0,0,TRUE,1.18063381429017e-14,"c11101",3.31454265890903e-13,0.0309572231695705,-0.179145963134408,0.557006022891671,0.557405055276503,0.00142921451478962,0.00171636272430472,-0.00551763068353455,-0.0243619796702098,-0.206503541084959,14809,15184,15030,15068,24868,3,30154,2402,14080,79351
"31",0,1,1,1,1,0,0,0,0,TRUE,2.50576189133152e-15,"c01101",8.37633010152764e-14,-0.174972825124835,0.0319208002437436,0.554424301644616,0.558464395604732,0.00430489021372091,-0.00225856894406047,-0.00734522663757987,-0.0251881635629457,-0.207590838376474,15043,14940,14671,14928,24596,2,30024,2344,14454,79678
"32",1,1,1,1,1,0,0,0,0,TRUE,2.50576189133152e-15,"c11101",7.03474234039312e-14,0.284852708394972,0.292548492069783,0.286785859295299,0.289556184175745,0.00312668938830322,-0.00143440185101157,-0.00262211568261747,-0.0130051482132377,-0.107567628070397,14884,14846,14915,14698,24680,3,30079,2340,14436,93582
"33",0,0,0,0,0,1,0,0,0,FALSE,0.0247122658534633,"c00000",0.758292074795712,0.110435778714453,0.113739299151072,0.111173388898067,0.113018215576166,0.000706957156045305,-0.00214468039836725,0.021070755560665,0.0989467904371849,0.85295790284087,14857,14841,14957,14819,5321,30094,29899,2401,14211,81454
"34",1,0,0,0,0,1,0,0,0,FALSE,0.0247122658534633,"c10000",0.919231001033751,-0.100528317050496,0.566044814467644,0.0896854642335278,0.093310062244071,-8.47032904272419e-05,0.00105231287819526,0.0193795532325425,0.0782935919040228,0.664395148966776,15028,14928,15021,15072,5271,29973,30137,2356,14381,72437
"35",0,1,0,0,0,1,0,0,0,FALSE,0.0052448992460284,"c00000",0.160938926238039,0.565980958909748,-0.0985620659979278,0.0890543529036086,0.0912600913678722,0.00428025649847165,0.000320966594496032,0.0164567936892943,0.0772319002206692,0.664134601142724,15038,14975,14966,14937,5206,30350,29889,2428,14343,72483
"36",1,1,0,0,0,1,0,0,0,TRUE,0.0052448992460284,"c10001",0.147260914122314,0.606265808043601,0.599129899375941,-0.030822654172737,-0.0278442521589009,-0.00223603860266664,0.00150820137507751,-0.00198629000312476,-0.0273198693817515,-0.22393385652424,15094,14892,14771,14913,5209,30049,30151,2327,14204,76752
"37",0,0,1,0,0,1,0,0,0,FALSE,0.0247122658534633,"c01000",0.758389123689478,0.0904728949530275,0.0916747733107078,-0.103093935585114,0.560284173140244,0.00110235769959845,-0.0054094320847251,0.0168075318103638,0.0772658266732976,0.666103643368605,15052,14785,15185,14938,5345,29797,30010,2332,14406,72499
"38",1,0,1,0,0,1,0,0,0,FALSE,0.0247122658534633,"c11000",0.91934864745883,-0.0805218263254005,0.4715799610553,-0.0844351394259687,0.469903541583282,-0.00122765017310122,0.00119709862093163,0.0143003289758493,0.0659538367815408,0.553465118982394,14951,15148,14963,15031,5317,30035,30176,2429,14444,64469
"39",0,1,1,0,0,1,0,0,0,FALSE,0.0052448992460284,"c01000",0.160959523769352,0.475566805588953,-0.0851151188521408,-0.0791711489654385,0.471583210801814,9.36491606103282e-05,0.000619139437379297,0.0187234904621622,0.0663902370351821,0.552049443431711,15106,15093,14812,14958,5256,29893,30336,2522,14243,64726
"40",1,1,1,0,0,1,0,0,0,TRUE,0.0052448992460284,"c11001",0.147246691414585,0.556101786237547,0.557376152506642,0.0313423390417075,-0.174278865101683,-0.00619265432800075,-0.00116243448718554,-0.00387357703908967,-0.0220636212114371,-0.208169950247398,14953,14978,14900,14953,5221,30228,29970,2418,14383,79494
"41",0,0,0,1,0,1,0,0,0,FALSE,3.16276292899535e-06,"c00000",9.70488937653906e-05,0.0896915574275829,0.0882363097519178,0.563528263103516,-0.10595944130633,-0.00162680959963371,0.000742755443056521,0.0218227529563488,0.0712396453481771,0.665024587263793,14992,15117,14954,15132,5228,29895,29999,2373,14371,72491
"42",1,0,0,1,0,1,0,0,0,FALSE,3.16276292899535e-06,"c10000",0.000117646425078637,-0.0841496459324914,0.46850079555921,0.47135594223455,-0.0847695562653274,0.00261720600174255,-0.00385190884973891,0.0128499823388325,0.0596492486761082,0.55366099384808,15190,14903,14972,15131,5409,29765,30007,2337,14213,64915
"43",0,1,0,1,0,1,0,0,0,FALSE,6.71260701063133e-07,"c00000",2.05975313132467e-05,0.470913658297307,-0.0810178580177277,0.471775591690053,-0.0839665993343805,0.00127673172092535,0.00137901275762468,0.0176204372624263,0.0633732484963096,0.556300148472763,14969,15173,14900,15178,5370,30037,30040,2420,14472,64651
"44",1,1,0,1,0,1,0,0,0,TRUE,6.71260701063133e-07,"c10001",1.88469710886811e-05,0.550075793662029,0.561808735086795,-0.177102988743402,0.0338310491133631,-0.00260235314539109,-0.00125338880756223,-0.0070286021702244,-0.0277075255639641,-0.207309621046957,15003,14844,15031,15082,5296,29991,29901,2485,14331,79560
"45",0,0,1,1,0,1,0,0,0,TRUE,3.16276292899535e-06,"c01001",0.00010572571327622,-0.0326678229693734,-0.029426256141738,0.594768065850285,0.599597843815139,0.00299101735197806,0.00308050773312752,-0.00191418591136729,-0.0224846209015329,-0.224731573982118,14881,14805,14939,15176,5199,30193,29945,2394,14366,76861
"46",1,0,1,1,0,1,0,0,0,TRUE,3.16276292899535e-06,"c11001",8.87922446510131e-05,0.0321500902154613,-0.178352588688521,0.557041328022167,0.559604750671017,0.00468096587504887,-0.00185405202062597,-0.0112688839208565,-0.0207545550836988,-0.207717755554417,14985,15093,15058,14997,5156,29958,30112,2467,14259,79400
"47",0,1,1,1,0,1,0,0,0,TRUE,6.71260701063133e-07,"c01001",2.24390882299669e-05,-0.173359671615446,0.0354219594045924,0.557421286357643,0.561306072570617,0.000600281228972093,-0.00197500153720659,-0.00209680316024366,-0.0227234797400959,-0.208948522480807,14762,15024,14891,14926,5255,30037,30150,2337,14389,79380
"48",1,1,1,1,0,1,0,0,0,TRUE,6.71260701063133e-07,"c11001",1.88451508163911e-05,0.28865967533168,0.293607889755924,0.295471267265285,0.28946225045159,0.000362557146923969,0.00110692715917361,-0.00750524494964752,-0.0106428428912992,-0.109841042436988,15094,15020,15073,15020,5233,29984,30023,2386,14408,93312
"49",0,0,0,0,1,1,0,0,0,FALSE,0.0247122658534633,"c00100",0.758292074795712,0.115584273678993,0.110895889003829,0.116839359371573,0.117339238551481,-0.000751879289986361,0.00195276910490327,0.0226482751521356,0.0971744568127256,0.852875813092107,14933,15099,15025,15055,24536,30121,29843,2439,14476,81123
"50",1,0,0,0,1,1,0,0,0,FALSE,0.0247122658534633,"c10100",0.919231001033751,-0.0952713633713483,0.564335250870619,0.0896737258199171,0.0887934982844775,-0.00595448139663701,-0.00181385922431115,0.0174052505714002,0.0743459844288407,0.666767966828078,15177,14906,15109,15122,24882,30111,29717,2460,14456,72458
"51",0,1,0,0,1,1,0,0,0,FALSE,0.0052448992460284,"c00100",0.160938926238039,0.564993020675498,-0.100350293689496,0.0892961682863521,0.0933512688069902,0.00460113006197913,0.00202983534965536,0.0200412331070494,0.0738224644947533,0.664535783724748,14957,14943,15168,15019,24708,29894,29974,2457,14287,72598
"52",1,1,0,0,1,1,0,0,0,TRUE,0.0052448992460284,"c10101",0.147260914122314,0.604358625582987,0.595408882432634,-0.0351965126903247,-0.0343679072031423,0.000818978128449656,0.00256941761432851,-0.00636681984927809,-0.0287595659170795,-0.22352406035914,15098,14792,15041,15011,24514,30479,30000,2459,14398,77098
"53",0,0,1,0,1,1,0,0,0,FALSE,0.0247122658534633,"c01100",0.758389123689478,0.0924650768587502,0.0877944621727891,-0.0955718442562516,0.565767370577814,-0.000659579658703212,0.00195572290696765,0.0219642033338975,0.0728404335524742,0.662896728903603,14930,15014,14962,14817,24736,29905,30040,2464,14109,72790
"54",1,0,1,0,1,1,0,0,0,FALSE,0.0247122658534633,"c11100",0.91934864745883,-0.0859910195266249,0.476834048220039,-0.0806052579591701,0.469497891466168,-0.00286716903588323,0.00109394055532041,0.0174676093689217,0.0614016500758057,0.552689156987897,15137,15171,15159,14928,24732,29746,29754,2382,14159,64936
"55",0,1,1,0,1,1,0,0,0,FALSE,0.0052448992460284,"c01100",0.160959523769352,0.471333067110804,-0.081829413311967,-0.0828091958279212,0.473289657894707,0.00301490288227839,-0.00520768924395869,0.0167603468008087,0.059882380816519,0.552844242241351,15024,15111,14806,14889,24612,30220,29976,2477,14192,64887
"56",1,1,1,0,1,1,0,0,0,TRUE,0.0052448992460284,"c11101",0.147246691414585,0.556765938543087,0.561395273173904,0.0312164550161535,-0.17587118888134,0.00374094881757896,-0.00197438654175155,-0.000502849192734741,-0.0236788478664782,-0.208898781166795,14962,14958,15066,14814,24850,29912,29833,2408,14442,79458
"57",0,0,0,1,1,1,0,0,0,FALSE,3.16276292899535e-06,"c00100",9.70488937653906e-05,0.0872110953615642,0.0881248832566341,0.568007763307348,-0.105361029443864,0.00105782468525731,0.00142132641837705,0.0198364575309879,0.0733418360647118,0.661845145201615,14942,14997,15181,14747,25044,30017,29779,2449,14418,72223
"58",1,0,0,1,1,1,0,0,0,FALSE,3.16276292899535e-06,"c10100",0.000117646425078637,-0.0831464416068457,0.467069393928911,0.472968330120105,-0.0760630513427048,0.00798566372573373,0.00518238382073841,0.0218138735009304,0.0630711842552573,0.553346992315825,14887,15071,15078,14816,25045,29919,30085,2433,14408,64526
"59",0,1,0,1,1,1,0,0,0,FALSE,6.71260701063133e-07,"c00100",2.05975313132467e-05,0.469083415205552,-0.0811172598752896,0.475028239899369,-0.0845511993550288,0.00137127919743583,0.001412292505126,0.0116895514833815,0.06254014551596,0.557008060027664,14998,14889,15058,14817,24871,29949,29963,2421,14497,64663
"60",1,1,0,1,1,1,0,0,0,TRUE,6.71260701063133e-07,"c10101",1.88469710886811e-05,0.552137879818147,0.554731319700853,-0.1769255094121,0.0324665161777603,-0.00482489101028382,-0.000366529255608317,-0.00653404665286652,-0.0257853474254653,-0.209702066493819,15090,15084,14957,15036,24617,29866,30145,2331,14487,79392
"61",0,0,1,1,1,1,0,0,0,TRUE,3.16276292899535e-06,"c01101",0.00010572571327622,-0.0338944964759811,-0.0247165314776723,0.601212584570076,0.599308874338123,0.00334221138325394,-0.00139306329598818,-0.00546530913682995,-0.0283288938263709,-0.224086834811321,15057,14934,14935,14869,24941,30290,29661,2414,14465,77105
"62",1,0,1,1,1,1,0,0,0,TRUE,3.16276292899535e-06,"c11101",8.87922446510131e-05,0.0357046690016724,-0.177754819364342,0.556497104976003,0.556645833772047,0.00263945354141114,-0.000410579392595214,-0.00808540651779076,-0.0235166674342826,-0.208710125104988,15089,15052,14973,15163,24999,30071,29999,2392,14391,79420
"63",0,1,1,1,1,1,0,0,0,TRUE,6.71260701063133e-07,"c01101",2.24390882299669e-05,-0.177284984150955,0.0312816777835321,0.553971519608606,0.563418940454558,0.00169936554303133,-0.00361404246358044,-0.00307915685221022,-0.0199579543418524,-0.209507404452704,15091,15178,15007,15108,24710,29760,30071,2459,14421,79335
"64",1,1,1,1,1,1,0,0,0,TRUE,6.71260701063133e-07,"c11101",1.88451508163911e-05,0.290608978332579,0.290092783102102,0.290099561245481,0.283524501701183,-0.00175299815853651,0.00366638568409625,-0.00234728901675712,-0.0145917108149701,-0.107968973141266,14889,15136,15047,15093,24694,30093,29683,2419,14258,93449
"65",0,0,0,0,0,0,1,0,0,FALSE,9.22488891811912e-11,"c00010",3.07896570664235e-09,0.107064342041998,0.109122412204285,0.103391207406828,0.111810634013891,0.000452616260870039,0.00180545828197359,0,0.311862680586199,0.815606762591544,15064,15066,15013,15076,5318,3,0,2391,14350,79881
"66",1,0,0,0,0,0,1,0,0,FALSE,9.22488891811912e-11,"c10010",3.73244139394169e-09,-0.0913938575123787,0.548162043531286,0.0824716780680304,0.0860833308933889,-0.00183676341606331,-0.000488219061636216,0,0.249902832381846,0.643346493657041,14903,14936,15141,14895,5275,4,0,2427,14152,71516
"67",0,1,0,0,0,0,1,0,0,FALSE,1.95787845672427e-11,"c00010",6.53475687299333e-10,0.545704173032308,-0.0954959174936465,0.0885611504718285,0.0926381049197956,0.000910804582322835,-0.00319059367149993,0,0.248947724765753,0.644795409289221,14934,15073,14973,15148,5226,8,0,2425,14290,71377
"68",1,1,0,0,0,0,1,0,0,TRUE,1.95787845672427e-11,"c10011",5.1816876301906e-10,0.59353580486727,0.590542907100375,-0.0296841394917107,-0.0314568382021026,0.00395864230425187,-0.00241410375056545,0,-0.0854218760138652,-0.220673747956825,14886,14885,15152,15056,5322,2,0,2443,14319,77436
"69",0,0,1,0,0,0,1,0,0,FALSE,9.22488891811912e-11,"c01010",3.07935976353112e-09,0.0833968244212855,0.0843519089640943,-0.100830751249842,0.546366921322062,-0.00435445761984141,0.00053910238944146,0,0.249412835277264,0.645730908874401,15057,15077,15060,15049,5212,3,0,2463,14476,71127
"70",1,0,1,0,0,0,1,0,0,FALSE,9.22488891811912e-11,"c11010",3.73291908495332e-09,-0.0857075633584638,0.459986915499357,-0.0849170601318835,0.461470888926815,0.00256853040478734,-0.00239084642786414,0,0.208157594342737,0.540774901852774,15140,15133,14949,15094,5275,5,0,2405,14260,63746
"71",0,1,1,0,0,0,1,0,0,FALSE,1.95787845672427e-11,"c01010",6.53559321422203e-10,0.463968380324385,-0.0831309495379999,-0.0779835975123362,0.459370623466988,0.0029155536674766,-0.00242152794222538,0,0.204681590593057,0.542936383464042,15146,15019,15121,15057,5218,5,0,2350,14481,63515
"72",1,1,1,0,0,0,1,0,0,TRUE,1.95787845672427e-11,"c11011",5.18125393258957e-10,0.547377774234914,0.553694178988619,0.0317786223034864,-0.173704838447716,-0.00322348908058928,-0.00224419325524644,0,-0.0782187836425785,-0.20601089309778,14738,15017,15186,15060,5299,2,0,2372,14423,79884
"73",0,0,0,1,0,0,1,0,0,FALSE,1.18063381429017e-14,"c00010",3.94056888767716e-13,0.0842940056698466,0.0873049830432729,0.54718517482408,-0.0985244921908407,-0.00724532305239109,0.00210916451225173,0,0.24927930257425,0.641970922097143,14960,15155,14961,15124,5235,2,0,2437,14212,71328
"74",1,0,0,1,0,0,1,0,0,FALSE,1.18063381429017e-14,"c10010",4.77691011637935e-13,-0.0811262625619285,0.464229147924039,0.459877878187022,-0.0803673516921898,-0.00517792522031876,0.00344804991856318,0,0.203661822316395,0.541473660857272,14897,15007,14869,14897,5154,3,0,2317,14359,63619
"75",0,1,0,1,0,0,1,0,0,FALSE,2.50576189133152e-15,"c00010",8.36341228702198e-14,0.457805648807087,-0.0835702350245763,0.460884760878392,-0.0798387585998022,0.00132756347332474,0.00125115931866143,0,0.209685206386525,0.539944217732906,15123,14977,15097,15056,5209,2,0,2468,14368,63471
"76",1,1,0,1,0,0,1,0,0,TRUE,2.50576189133152e-15,"c10011",6.63170655559447e-14,0.561732445083837,0.542141845017151,-0.174837233467932,0.0281790510793516,0.00268578208905154,-4.60917636671439e-05,0,-0.0785569914857856,-0.205392948966888,15309,14793,14813,14917,5285,5,0,2371,14238,79738
"77",0,0,1,1,0,0,1,0,0,TRUE,1.18063381429017e-14,"c01011",3.6279378301144e-13,-0.0296629611165547,-0.027743031597397,0.592271641060009,0.599055224080281,0.00329973788152659,-0.0024251545149368,0,-0.0845989538164461,-0.221005864518913,15043,15058,14888,15137,5255,2,0,2376,14244,77276
"78",1,0,1,1,0,0,1,0,0,TRUE,1.18063381429017e-14,"c11011",3.12438372884179e-13,0.03067869178955,-0.177885955647585,0.547210638171653,0.549733584281746,-0.000613028447640612,0.000750142545025236,0,-0.0804860316171568,-0.207376133942719,15073,15080,15045,15133,5226,4,0,2490,14495,79765
"79",0,1,1,1,0,0,1,0,0,TRUE,2.50576189133152e-15,"c01011",7.69988818614875e-14,-0.175338962019818,0.0287293691968757,0.550065905955165,0.552467109314942,-0.00174214585389108,-8.89684871551645e-05,0,-0.0800899986217704,-0.207370567824928,14761,15049,15046,15196,5255,5,0,2426,14287,79492
"80",1,1,1,1,0,0,1,0,0,TRUE,2.50576189133152e-15,"c11011",6.63115149411081e-14,0.286900946161873,0.286108909811619,0.288975172689304,0.27997197917395,-0.00279048103196394,-0.00164580872684207,0,-0.0410143167807479,-0.10613581976231,14977,14772,14939,14979,5334,4,0,2424,14263,93658
"81",0,0,0,0,1,0,1,0,0,FALSE,9.22488891811912e-11,"c00110",3.07896570664235e-09,0.114852895875886,0.116905594278005,0.110369457343147,0.104181871288333,-0.00350801216952675,-0.00159635098919522,0,0.311167992425958,0.816408168461834,14843,15014,14884,14911,24605,1,0,2408,14519,79692
"82",1,0,0,0,1,0,1,0,0,FALSE,9.22488891811912e-11,"c10110",3.73244139394169e-09,-0.0990314365428171,0.543347886254171,0.086322215972578,0.0904718203316478,-0.00362306137243676,-0.00264876727882243,0,0.246557011799463,0.648369359512813,14844,14877,15024,14932,24868,7,0,2376,14406,71410
"83",0,1,0,0,1,0,1,0,0,FALSE,1.95787845672427e-11,"c00110",6.53475687299333e-10,0.549221220019354,-0.0965043016356656,0.0815634203387588,0.0825700200078612,-0.00337204687267067,0.00498444260804272,0,0.251514265138192,0.645488681520644,15098,15057,14996,14884,24669,1,0,2483,14362,71301
"84",1,1,0,0,1,0,1,0,0,TRUE,1.95787845672427e-11,"c10111",5.1816876301906e-10,0.593528673063235,0.592829203240793,-0.0299353995505616,-0.0288699811818345,-0.000213256111757372,0,0,-0.0857347100769537,-0.220614649204886,14944,15096,15116,14958,24541,0,0,2443,14223,77308
"85",0,0,1,0,1,0,1,0,0,FALSE,9.22488891811912e-11,"c01110",3.07935976353112e-09,0.0900655292914153,0.0855217613116314,-0.099505555503322,0.548247111930222,-0.00666634240271573,0.00487579642956424,0,0.249289397259722,0.642059333850466,15173,14893,15026,14939,24728,5,0,2450,14281,71218
"86",1,0,1,0,1,0,1,0,0,FALSE,9.22488891811912e-11,"c11110",3.73291908495332e-09,-0.0798064714237456,0.45612132598099,-0.0813587608613572,0.463211162197145,-0.00613138025874388,0.00588426774049576,0,0.210818094238072,0.539043469104099,15203,14991,15044,15207,24702,2,0,2503,14372,63386
"87",0,1,1,0,1,0,1,0,0,FALSE,1.95787845672427e-11,"c01110",6.53559321422203e-10,0.462155666398815,-0.0803989403485153,-0.0874672725616286,0.457310884961678,-0.00358940356249171,0.00175145682847502,0,0.209892675101934,0.538293451992206,15068,14942,14931,14971,24945,4,0,2486,14360,63344
"88",1,1,1,0,1,0,1,0,0,TRUE,1.95787845672427e-11,"c11111",5.18125393258957e-10,0.55104035246821,0.552430741104871,0.0291768346796542,-0.174396134237151,0.00316672545428073,0.00474647705712273,0,-0.0783935809916347,-0.205738382356672,14787,14833,14944,14879,24617,4,0,2401,14489,80012
"89",0,0,0,1,1,0,1,0,0,FALSE,1.18063381429017e-14,"c00110",3.94056888767716e-13,0.0866254064583188,0.0857287054371823,0.548771613804499,-0.0928252173556521,-0.000838601737330677,0,0,0.249675679679023,0.646783609931996,15191,14965,14952,14935,24693,0,0,2449,14418,71290
"90",1,0,0,1,1,0,1,0,0,FALSE,1.18063381429017e-14,"c10110",4.77691011637935e-13,-0.0824503267505216,0.456111187282132,0.464899727552795,-0.0828466999812495,0.00451239722297966,0.00125877557532697,0,0.207264367160763,0.542477612781102,14954,14918,15186,15107,24991,2,0,2405,14443,63547
"91",0,1,0,1,1,0,1,0,0,FALSE,2.50576189133152e-15,"c00110",8.36341228702198e-14,0.461520177458188,-0.0847403128675818,0.460869063324539,-0.0797190577805598,0.00330371810188373,-0.00338557311452233,0,0.207451153763179,0.540141321173077,14967,15057,14957,15019,24856,2,0,2407,14325,63569
"92",1,1,0,1,1,0,1,0,0,TRUE,2.50576189133152e-15,"c10111",6.63170655559447e-14,0.554653756819039,0.555578906561312,-0.177068986771374,0.0282134191386017,0.000147208838487416,-0.00159215781193834,0,-0.0788679707235178,-0.205312996266288,14923,14958,14948,15023,24598,1,0,2395,14258,79777
"93",0,0,1,1,1,0,1,0,0,TRUE,1.18063381429017e-14,"c01111",3.6279378301144e-13,-0.0305642234563582,-0.0311193092395404,0.589378280413446,0.592712725892075,0.00646472409134019,0.00295839873319504,0,-0.0855889361682732,-0.218659590794916,14759,15129,14843,14825,24773,2,0,2473,14200,77586
"94",1,0,1,1,1,0,1,0,0,TRUE,1.18063381429017e-14,"c11111",3.12438372884179e-13,0.0293690352396448,-0.176914190265191,0.54940005534095,0.547538721895436,-0.000583085283732913,-6.28695356366754e-05,0,-0.0787222118711479,-0.206938394358011,15042,15119,15160,15014,24787,5,0,2367,14349,79642
"95",0,1,1,1,1,0,1,0,0,TRUE,2.50576189133152e-15,"c01111",7.69988818614875e-14,-0.176583661674362,0.0324857945629072,0.553623685656309,0.548372209159184,-0.00263526065507838,-0.00355792705483252,0,-0.0796555141444742,-0.20546459828043,15153,14930,14999,14885,24798,5,0,2445,14292,79798
"96",1,1,1,1,1,0,1,0,0,TRUE,2.50576189133152e-15,"c11111",6.63115149411081e-14,0.290467904667305,0.287268926913149,0.286926178879615,0.28887364024517,-0.00272632983964589,-0.00144167232243842,0,-0.0413799405083349,-0.108986634251582,15060,14823,15024,14971,24834,3,0,2412,14636,93521
"97",0,0,0,0,0,1,1,0,0,FALSE,0.0247122658534633,"c00010",0.824814474966666,0.102920009278771,0.097317146988048,0.10712123986448,0.11226679177881,-0.00753762643126368,-0.000575704130975324,0,0.316085305027415,0.814993226527635,14712,14734,15013,14814,5176,29973,0,2421,14159,80107
"98",1,0,0,0,0,1,1,0,0,FALSE,0.0247122658534633,"c10010",0.999872029118856,-0.0919755951294077,0.54667110619668,0.0895848602394894,0.0878097080966007,0.00249348892873057,0.00190028263183403,0,0.248417125122793,0.644195712919927,15226,15023,14993,15118,5223,30043,0,2417,14278,71359
"99",0,1,0,0,0,1,1,0,0,FALSE,0.0052448992460284,"c00010",0.17505755415219,0.547695642135594,-0.0984615345373942,0.0864355426767509,0.0837051323267615,-0.00594159540679496,0.00130163015429495,0,0.247750585884782,0.647826006995746,14951,15153,14907,15185,5300,29975,0,2407,14430,71336
"100",1,1,0,0,0,1,1,0,0,TRUE,0.0052448992460284,"c10011",0.138810606201837,0.585887491543847,0.595201213244363,-0.0351371111072776,-0.0258971891419463,-0.00493204440028404,-0.00132825385593494,0,-0.0839382754919454,-0.221085980014028,14947,15114,14962,15058,5324,30019,0,2336,14232,77246
"101",0,0,1,0,0,1,1,0,0,FALSE,0.0247122658534633,"c01010",0.824920037631789,0.0850652419660699,0.0828367040460175,-0.095485317499163,0.543366409954352,0.00814766673883806,0.00343720710060983,0,0.249634398829496,0.647300392177512,14960,15040,14899,15048,5315,30122,0,2462,14509,71172
"102",1,0,1,0,0,1,1,0,0,FALSE,0.0247122658534633,"c11010",0.999999996267081,-0.0822290337239247,0.459421903800814,-0.0854044413339631,0.460802818368241,0.00505231800358779,0.00157581971274511,0,0.204831196207413,0.541926082683128,15088,15002,14995,15188,5283,29876,0,2361,14476,63438
"103",0,1,1,0,0,1,1,0,0,FALSE,0.0052448992460284,"c01010",0.175079958635292,0.460606708109611,-0.081265498829785,-0.0793053831324669,0.460936500765958,-0.00146985526586992,0.00224945950339138,0,0.205878031234075,0.541195022402343,15004,15022,15176,15039,5359,29826,0,2367,14349,63614
"104",1,1,1,0,0,1,1,0,0,TRUE,0.0052448992460284,"c11011",0.138798988012706,0.550966456984916,0.55434990360973,0.0274199421812846,-0.174120283499652,0.00368734582234596,-0.000342417571378756,0,-0.0792440667938795,-0.206163596064117,15012,14956,15164,14900,5228,29923,0,2396,14248,79630
"105",0,0,0,1,0,1,1,0,0,FALSE,3.16276292899535e-06,"c00010",0.000105562665123147,0.0881557658657253,0.0783652279218448,0.547553611353863,-0.0945539046772395,0.000781433489338203,0.00520459506813848,0,0.246560522607949,0.646911823150339,14897,14923,14978,15159,5375,29890,0,2362,14276,71534
"106",1,0,0,1,0,1,1,0,0,FALSE,3.16276292899535e-06,"c10010",0.000127967148224625,-0.087624001673226,0.459075185092709,0.458124723496444,-0.0833449510494607,2.03229237001123e-05,-0.00335942902227918,0,0.208785959556849,0.542143435786153,14899,15244,14904,14999,5245,29956,0,2451,14487,63436
"107",0,1,0,1,0,1,1,0,0,FALSE,6.71260701063133e-07,"c00010",2.24044831014777e-05,0.460131819238504,-0.081928432961148,0.462880624014455,-0.0833249742045791,-0.00472305123450424,-0.00184304861360714,0,0.204959046079504,0.543564305747258,15099,15236,15040,14850,5284,30183,0,2360,14530,63477
"108",1,1,0,1,0,1,1,0,0,TRUE,6.71260701063133e-07,"c10011",1.77654708819432e-05,0.548846379535524,0.551096647326733,-0.174979967975443,0.0268610229356607,0.000913078815703679,0.00158439196116811,0,-0.0790884057364018,-0.206610255802888,14923,15116,14919,15115,5310,30064,0,2411,14428,79797
"109",0,0,1,1,0,1,1,0,0,TRUE,3.16276292899535e-06,"c01011",9.71876896875457e-05,-0.0300634145279196,-0.0341207947471179,0.58567774227704,0.594808451411331,-0.00249122271043079,-0.00233392559212232,0,-0.0842042507714441,-0.22306867921963,15080,15159,14840,15168,5200,29947,0,2348,14438,77227
"110",1,0,1,1,0,1,1,0,0,TRUE,3.16276292899535e-06,"c11011",8.3698136661266e-05,0.0304874777339876,-0.172865993862856,0.550021279337608,0.551859527911235,0.00618800863576652,0.00128837337638749,0,-0.0793061678749787,-0.206514601581186,14878,14904,15084,14923,5299,29736,0,2430,14448,79838
"111",0,1,1,1,0,1,1,0,0,TRUE,6.71260701063133e-07,"c01011",2.06269891797078e-05,-0.175209112344863,0.0237166986466169,0.547273914335583,0.550340342575191,-7.06616443949021e-05,0.00236756233505573,0,-0.0803483003964553,-0.205764354090748,14935,15060,14882,15128,5311,30101,0,2479,14289,79747
"112",1,1,1,1,0,1,1,0,0,TRUE,6.71260701063133e-07,"c11011",1.7763983945128e-05,0.290697187828937,0.278295397639424,0.282565442464609,0.288393680014011,-0.00190203535159426,0.00216755632111802,0,-0.0413311167371238,-0.106303307855081,15054,14949,14978,14972,5280,30132,0,2449,14242,93629
"113",0,0,0,0,1,1,1,0,0,FALSE,0.0247122658534633,"c00110",0.824814474966666,0.112036436680896,0.108098519142279,0.109621776363396,0.108427533273175,0.00216436007707672,0.0032219900446177,0,0.313536844334433,0.812372820615308,14927,15233,15011,15102,24757,30046,0,2400,14169,79991
"114",1,0,0,0,1,1,1,0,0,FALSE,0.0247122658534633,"c10110",0.999872029118856,-0.100303072062816,0.54659291483821,0.0861113519161048,0.0852400975878097,0.000988717101792338,0.00125357990971307,0,0.244954876438982,0.645307325435947,15082,15037,14902,15006,24720,29976,0,2388,14514,71037
"115",0,1,0,0,1,1,1,0,0,FALSE,0.0052448992460284,"c00110",0.17505755415219,0.549179657223426,-0.097460949670769,0.0839138603020461,0.0837510865654519,-0.00826573410985399,0.00169454199799061,0,0.250798466736429,0.644606639192187,15074,15053,14796,15054,24722,29815,0,2467,14317,71320
"116",1,1,0,0,1,1,1,0,0,TRUE,0.0052448992460284,"c10111",0.138810606201837,0.591444791109786,0.595778606955151,-0.0320868706090885,-0.0308051775366032,-0.000349546870680853,0.000177754583812292,0,-0.0863676818776362,-0.223007533667765,14968,15193,14908,15056,24759,29960,0,2465,14420,77211
"117",0,0,1,0,1,1,1,0,0,FALSE,0.0247122658534633,"c01110",0.824920037631789,0.0857533011831692,0.0848244641899536,-0.0974820293574338,0.548515219855898,0.0015149790759066,0.00541936922314023,0,0.246449599605964,0.643743092236295,14973,14791,15083,14930,24507,30142,0,2380,14262,71357
"118",1,0,1,0,1,1,1,0,0,FALSE,0.0247122658534633,"c11110",0.999999996267081,-0.076168611084547,0.458685683779329,-0.0800020899350317,0.460299109397279,0.00113047959266999,0.0048533364796415,0,0.208018669782722,0.542686715078543,15084,14959,15072,15245,24725,30128,0,2431,14499,63460
"119",0,1,1,0,1,1,1,0,0,FALSE,0.0052448992460284,"c01110",0.175079958635292,0.457693753347847,-0.0814449170195595,-0.0789750888322662,0.464698565827845,0.00249551083281283,-0.000702861991422335,0,0.203039455336276,0.544147269099597,14848,15026,14822,15044,25108,30092,0,2296,14441,63693
"120",1,1,1,0,1,1,1,0,0,TRUE,0.0052448992460284,"c11111",0.138798988012706,0.548855607600834,0.553673276290373,0.0263951864759077,-0.174354016759276,-0.00152292908099737,0.00120073212770122,0,-0.0790540636603474,-0.206955256997844,14780,15090,15190,14870,24753,30006,0,2411,14480,79811
"121",0,0,0,1,1,1,1,0,0,FALSE,3.16276292899535e-06,"c00110",0.000105562665123147,0.0879275512687285,0.0870092219276734,0.548945315343946,-0.100278045075459,0.000243637058676257,0.000306333044942212,0,0.246445294880564,0.645155640517073,15037,15000,15070,14850,24615,30243,0,2409,14469,71102
"122",1,0,0,1,1,1,1,0,0,FALSE,3.16276292899535e-06,"c10110",0.000127967148224625,-0.0853571150810317,0.454070855112244,0.459509825912322,-0.0842102762752366,0.00115573243044201,-0.000726054315998701,0,0.208442236070157,0.543513904737358,14759,14766,15120,15062,24669,29590,0,2434,14502,63525
"123",0,1,0,1,1,1,1,0,0,FALSE,6.71260701063133e-07,"c00110",2.24044831014777e-05,0.463856633091827,-0.0803735045022027,0.459025974117107,-0.0812455428869647,0.00296487008489652,-0.00595734703691673,0,0.206943130973525,0.542552874965645,15212,15178,14831,14941,24611,30053,0,2381,14358,63713
"124",1,1,0,1,1,1,1,0,0,TRUE,6.71260701063133e-07,"c10111",1.77654708819432e-05,0.552677421506577,0.550708243700702,-0.171911346178527,0.0322583116394817,-0.00216878467659074,0.00223160390039897,0,-0.0796571249974868,-0.205734674215657,14914,14900,14997,14798,24742,29992,0,2454,14370,79858
"125",0,0,1,1,1,1,1,0,0,TRUE,3.16276292899535e-06,"c01111",9.71876896875457e-05,-0.0292515102341636,-0.0298778544170078,0.595556284108983,0.583435695346213,-0.000436761622303064,-0.00256070187060695,0,-0.0847314359350332,-0.223513701194044,14956,14990,15441,14997,24803,30057,0,2347,14328,76999
"126",1,0,1,1,1,1,1,0,0,TRUE,3.16276292899535e-06,"c11111",8.3698136661266e-05,0.0284554808801613,-0.170947961858836,0.548974605738365,0.559228059886153,0.00259713303970407,0.0020821451534123,0,-0.0790041884262176,-0.207072895057285,15072,14687,14885,15141,25052,29814,0,2373,14309,79568
"127",0,1,1,1,1,1,1,0,0,TRUE,6.71260701063133e-07,"c01111",2.06269891797078e-05,-0.177191500026516,0.0227635169013722,0.548459164495092,0.552755514286234,-0.00211735808491268,0.00719973855958543,0,-0.0786853119131645,-0.206083837966185,15100,14900,14954,15142,24749,30090,0,2360,14222,79608
"128",1,1,1,1,1,1,1,0,0,TRUE,6.71260701063133e-07,"c11111",1.7763983945128e-05,0.287084777591468,0.284053083634989,0.29528090597615,0.280966234808612,-0.00205998073051117,-0.00395655423118248,0,-0.0407025398476616,-0.107791448947606,14998,14987,15022,14798,24869,30203,0,2356,14473,93575
"129",0,0,0,0,0,0,0,1,0,FALSE,8.09268318291524e-12,"c00000",2.48322738102024e-10,0.0722464727484611,0.0740147905761814,0.0776396804526263,0.0817483333422694,-0.00220207140927036,-0.00335275263457485,0.565048821929253,-0.21976936615095,0.548801958024245,14979,15105,15026,15060,5246,2,29756,27578,14477,64019
"130",1,0,0,0,0,0,0,1,0,FALSE,8.09268318291524e-12,"c10000",3.01026433892853e-10,-0.0728836714796007,0.399614664508429,0.06491550848074,0.0636044644555037,0.00429823718995617,0.00113375659366201,0.488557313599063,-0.20440467591558,0.474975835682064,14915,14982,15027,14866,5210,6,30032,27812,14422,57241
"131",0,1,0,0,0,0,0,1,0,FALSE,1.71758058027165e-12,"c00000",5.27036957908287e-11,0.398866301043766,-0.0786440744288653,0.0671106264667308,0.0619636531322057,0.00818102473220077,-0.00105151037203335,0.487019027853187,-0.199260589648477,0.472143065012383,15123,15163,14955,14935,5211,3,30085,27834,14312,57167
"132",1,1,0,0,0,0,0,1,0,TRUE,1.71758058027165e-12,"c10001",4.82244699974107e-11,0.512927189537145,0.513336910290584,-0.0283436453018182,-0.0219225294128914,-0.00191654400712155,-0.00257926588953041,-0.202667192645039,0.0810458919367288,-0.193422445532965,15006,15103,14980,15209,5270,3,30079,27373,14436,81850
"133",0,0,1,0,0,0,0,1,0,FALSE,8.09268318291524e-12,"c01000",2.48354519321729e-10,0.0621480274411321,0.0611052331997369,-0.0711117032943531,0.401735956984909,-0.000633559412198671,0.00411599325614033,0.48943611467828,-0.200601364810617,0.475923246313451,15000,14990,14884,14837,5257,4,29926,27661,14492,57200
"134",1,0,1,0,0,0,0,1,0,FALSE,8.09268318291524e-12,"c11000",3.01064960317399e-10,-0.0700125260794797,0.353245137047424,-0.0671545901094163,0.354442310600571,0.000865644240681047,0.00320912593445373,0.427976686924892,-0.178215938738801,0.415752905387791,15070,15071,15048,15132,5260,1,29958,27481,14372,50735
"135",0,1,1,0,0,0,0,1,0,FALSE,1.71758058027165e-12,"c01000",5.27104409956697e-11,0.357629835399396,-0.0628661781069743,-0.0610175672949359,0.354477423357212,0.00353321496817915,-0.00409403586737034,0.433386284282537,-0.178232793097225,0.417767959467508,14892,15004,14930,14972,5157,5,29994,27568,14332,51058
"136",1,1,1,0,0,0,0,1,0,TRUE,1.71758058027165e-12,"c11001",4.82198123966735e-11,0.478379482171803,0.484749600665381,0.0231389116438924,-0.151757297133479,-0.00434332805861925,-0.00240674790663298,-0.185997931654205,0.0709601242781246,-0.181302582857941,14900,14792,14978,14834,5200,3,30108,27630,14548,83817
"137",0,0,0,1,0,0,0,1,0,FALSE,1.03573013170063e-15,"c00000",3.17812197049359e-14,0.0654658283574243,0.065087858579548,0.404967987676272,-0.0734684765025432,0.00042186862518488,0.00376044659724023,0.490912421720593,-0.19459177293779,0.47309011144895,15088,15131,15014,15033,5252,6,30129,27721,14273,57343
"138",1,0,0,1,0,0,0,1,0,FALSE,1.03573013170063e-15,"c10000",3.85264245459934e-14,-0.0633611003711068,0.353408314798487,0.35082326466572,-0.0646706356715833,-0.0030617135647175,0.00321825518792898,0.431198620672679,-0.182575009967481,0.42023337208162,15073,15033,14860,15013,5277,1,30066,27279,14567,50877
"139",0,1,0,1,0,0,0,1,0,FALSE,2.19822019520893e-16,"c00000",6.74520484105752e-15,0.351097719863522,-0.0621531647733448,0.358999841097978,-0.0623552835670776,0.00798844620832446,-0.00412859429813924,0.433183989534562,-0.174515049834283,0.415996305103271,14949,14957,15093,15006,5117,5,30135,27372,14349,50811
"140",1,1,0,1,0,0,0,1,0,TRUE,2.19822019520893e-16,"c10001",6.17193772852212e-15,0.475735630698281,0.486922917654949,-0.154153320175861,0.0289568096219309,-0.00178440685013869,0.00274707814865405,-0.188852988373087,0.0692463813526325,-0.180885879370198,15017,15164,14917,14945,5337,7,29903,27674,14285,83589
"141",0,0,1,1,0,0,0,1,0,TRUE,1.03573013170063e-15,"c01001",3.46226730849237e-14,-0.0236205538676696,-0.0273069433888374,0.514147820038326,0.514877087883318,-0.00255231400568041,-0.00134818346678202,-0.203214940847835,0.0763940641470027,-0.194495986334106,15049,15049,15182,15118,5336,8,29749,27474,14422,81668
"142",1,0,1,1,0,0,0,1,0,TRUE,1.03573013170063e-15,"c11001",2.90773622022945e-14,0.0203752798033932,-0.155446606495631,0.482479488918592,0.485867916378169,-0.00553523440882046,-0.00241348712310037,-0.186135682960927,0.0798553720579248,-0.179941523894428,15110,14993,14962,15043,5174,3,30013,27585,14293,83741
"143",0,1,1,1,0,0,0,1,0,TRUE,2.19822019520893e-16,"c01001",7.34827122026751e-15,-0.153863534940363,0.0277998180980697,0.480389804769291,0.477722554455202,-0.000729116766789384,0.003558481889809,-0.189085949045018,0.0752807528964623,-0.180250770052986,14988,15029,15229,15096,5335,6,30033,27595,14257,83654
"144",1,1,1,1,0,0,0,1,0,TRUE,2.19822019520893e-16,"c11001",6.17134163235526e-15,0.253174041106058,0.2561325692704,0.257712383301849,0.246784382883334,0.00455543020205163,-0.001467554104328,-0.0962152074692197,0.038682332533814,-0.0952008228793803,14879,15084,15061,14937,5220,4,30122,27766,14408,94891
"145",0,0,0,0,1,0,0,1,0,FALSE,8.09268318291524e-12,"c00100",2.48322738102024e-10,0.0705240019940583,0.0729134011264385,0.0738677918028031,0.0678235141363634,-0.000215103710131063,-0.000300814178136445,0.563746990620627,-0.225752862102992,0.548634540638544,14924,14795,14807,15116,24514,3,30011,27520,14463,64031
"146",1,0,0,0,1,0,0,1,0,FALSE,8.09268318291524e-12,"c10100",3.01026433892853e-10,-0.0698734694785141,0.403550506162633,0.0642473092903312,0.0605856898051639,-0.00410537861499941,-0.00105237125776104,0.490047737066286,-0.198446288498835,0.471064671309365,14948,14978,15034,14933,24784,3,29813,27570,14260,57159
"147",0,1,0,0,1,0,0,1,0,FALSE,1.71758058027165e-12,"c00100",5.27036957908287e-11,0.406606218414148,-0.0724338362608081,0.0677950569330349,0.0643664290403283,0.00127363350583142,0.00264737067927799,0.4851018299297,-0.197149049165624,0.47628402057642,15024,14960,15335,15128,24834,3,30007,28026,14488,57245
"148",1,1,0,0,1,0,0,1,0,TRUE,1.71758058027165e-12,"c10101",4.82244699974107e-11,0.516310524957788,0.518982566372427,-0.0276639340823707,-0.0196300991626256,0.00123195679330009,-0.00299942501293188,-0.204357371265453,0.0800382081920792,-0.193515561030241,15016,15074,15071,15024,24783,4,29956,27661,14274,81639
"149",0,0,1,0,1,0,0,1,0,FALSE,8.09268318291524e-12,"c01100",2.48354519321729e-10,0.0564059993822562,0.0637253001150674,-0.0768960140966025,0.400026279082146,-0.00596539618077013,0.00242618985366765,0.489594402242515,-0.19464052496988,0.47119784451352,14991,14936,15253,15026,24600,5,30131,27485,14353,56987
"150",1,0,1,0,1,0,0,1,0,FALSE,8.09268318291524e-12,"c11100",3.01064960317399e-10,-0.065951267169333,0.357792131905621,-0.0624468727545726,0.358495865178196,-0.00379461220070982,-0.00241069485764376,0.431268286581458,-0.170681476319788,0.418168806795054,15019,15047,15033,15129,24784,6,29890,27641,14330,51110
"151",0,1,1,0,1,0,0,1,0,FALSE,1.71758058027165e-12,"c01100",5.27104409956697e-11,0.354753727277901,-0.0620342757842678,-0.0648837606595563,0.349472192674087,0.00703994579581084,-0.00126870960192669,0.433023959743411,-0.177017310470351,0.417712350106278,15082,14989,14827,14942,24714,5,30001,27688,14342,51031
"152",1,1,1,0,1,0,0,1,0,TRUE,1.71758058027165e-12,"c11101",4.82198123966735e-11,0.485438590658504,0.477117806677365,0.0293356154921431,-0.153456952823745,0.00163502572321952,-0.0013943856231511,-0.190499842093648,0.0714228436556864,-0.180397663344521,15262,15009,15090,14992,24567,1,30184,27740,14338,83722
"153",0,0,0,1,1,0,0,1,0,FALSE,1.03573013170063e-15,"c00100",3.17812197049359e-14,0.0594181323693535,0.065454598351623,0.400362149315213,-0.0717956502938443,-0.00309644048197706,0.00517587035510087,0.489094347370186,-0.199593093499521,0.470869131730498,14859,14889,15095,14907,24747,2,29956,27717,14202,57255
"154",1,0,0,1,1,0,0,1,0,FALSE,1.03573013170063e-15,"c10100",3.85264245459934e-14,-0.0720601005541733,0.353541785091991,0.356812931412948,-0.0642067369696128,0.00133910345603164,-0.00693703297745446,0.43434080982195,-0.172761633169142,0.419882833091896,15224,15039,15097,14871,24781,5,29845,27401,14506,50958
"155",0,1,0,1,1,0,0,1,0,FALSE,2.19822019520893e-16,"c00100",6.74520484105752e-15,0.35329830530774,-0.0642118995772294,0.355168055388464,-0.0641744577835016,-0.00201891643286412,0.00271133851005218,0.432429585415131,-0.174076095683309,0.420647724825794,14979,14961,15007,15129,24977,6,30073,27816,14614,50832
"156",1,1,0,1,1,0,0,1,0,TRUE,2.19822019520893e-16,"c10101",6.17193772852212e-15,0.484462440029516,0.478521315869752,-0.151775549428585,0.0286473475690223,-0.00208607677286441,-0.00196306299980817,-0.187578790942136,0.077613664137898,-0.180554148421357,15057,14917,14928,14926,24941,2,30153,27727,14471,83845
"157",0,0,1,1,1,0,0,1,0,TRUE,1.03573013170063e-15,"c01101",3.46226730849237e-14,-0.0319315835847237,-0.0185218495567368,0.514701895051234,0.516403398753182,0.00382070793706513,-0.0025783109287531,-0.201522955434748,0.0762763897330934,-0.192536127848388,15127,15000,14918,14925,24679,3,30040,27614,14332,81861
"158",1,0,1,1,1,0,0,1,0,TRUE,1.03573013170063e-15,"c11101",2.90773622022945e-14,0.0241483473086934,-0.152234133163,0.474510638479063,0.483833641317405,0.000198169924700453,-0.00278605003590497,-0.1851272480502,0.0699278346141206,-0.180842083945841,14908,15109,14951,15136,24939,4,29777,27603,14423,83749
"159",0,1,1,1,1,0,0,1,0,TRUE,2.19822019520893e-16,"c01101",7.34827122026751e-15,-0.153756254229624,0.0290088280687097,0.492083427173338,0.476304666917449,0.000574141595951504,0.00254530706567471,-0.185544718977231,0.0777819159461638,-0.180219737159665,14869,15041,14975,14863,24364,3,30144,27936,14377,83792
"160",1,1,1,1,1,0,0,1,0,TRUE,2.19822019520893e-16,"c11101",6.17134163235526e-15,0.25270158767339,0.257886854300711,0.256708359297532,0.249791145347578,-0.00372478348739949,-0.00164939600362428,-0.103665929599981,0.0341529467022733,-0.0961463078104364,14999,15018,14965,15179,24759,5,30118,27620,14523,94840
"161",0,0,0,0,0,1,0,1,0,FALSE,0.00216792353879996,"c00000",0.0665224001709537,0.0721092084929883,0.0756185649875408,0.0694946709870209,0.0707396254716036,0.00382608711941531,-0.000888989361586519,0.56227588721335,-0.226964743622496,0.549867155357153,15198,14885,14866,14924,5214,30137,29868,27605,14475,64112
"162",1,0,0,0,0,1,0,1,0,FALSE,0.00216792353879996,"c10000",0.080641028085105,-0.0729602685641181,0.397871334801771,0.0587077779251294,0.0665130756372172,-0.00123016020200124,0.00159318290827296,0.489831369675878,-0.204788492948884,0.47347750316848,15015,14953,14992,14871,5213,29926,30139,27601,14465,57001
"163",0,1,0,0,0,1,0,1,0,FALSE,0.000460117279472598,"c00000",0.0141186279141513,0.402544578593853,-0.0688547067828702,0.0685248025795772,0.0627892956602983,-6.00775600465457e-05,0.00188098690565319,0.488116503072158,-0.194673485777693,0.472739508130063,15173,15066,14839,15000,5226,29807,29959,27619,14345,57163
"164",1,1,0,0,0,1,0,1,0,TRUE,0.000460117279472598,"c10001",0.0129187021523655,0.517355630532684,0.51789670052586,-0.0246587166267857,-0.0266726310595528,0.00309121884782581,-0.00168188731884438,-0.200781431586599,0.0847810852347999,-0.195061322753806,15167,15031,15120,15108,5382,29957,30160,27374,14488,81661
"165",0,0,1,0,0,1,0,1,0,FALSE,0.00216792353879996,"c01000",0.0665309139423115,0.0618949671701626,0.0657764241712954,-0.0687684919123593,0.404850934372932,-0.00159044196876239,0.00213450557493721,0.492000852623948,-0.19887258390782,0.47275985823128,14861,14969,14959,14997,5284,29835,29688,27279,14328,57199
"166",1,0,1,0,0,1,0,1,0,FALSE,0.00216792353879996,"c11000",0.080651348808251,-0.0582947385520808,0.352689381260779,-0.0624087697694784,0.355973588444934,-7.75313702925264e-05,0.00108333354665702,0.428871368198134,-0.178166970409442,0.419070626281363,15011,14932,15062,15044,5225,30412,30019,27597,14462,50950
"167",0,1,1,0,0,1,0,1,0,FALSE,0.000460117279472598,"c01000",0.0141204348659395,0.353783556812382,-0.064106921542985,-0.0621274614816756,0.354244080597913,0.00236030769710049,-0.000284358716726466,0.431725421889662,-0.183545488852771,0.417945291005917,14816,14879,15036,14769,5154,29942,30136,27310,14261,51224
"168",1,1,1,0,0,1,0,1,0,TRUE,0.000460117279472598,"c11001",0.0129174544422989,0.48123648390296,0.477420722990727,0.0333650194711939,-0.149601754916368,-0.000676796494443774,-0.00371030620979993,-0.188636120674028,0.0743256729479734,-0.179524201621754,14994,14880,15102,14913,5238,29954,29943,27306,14411,83934
"169",0,0,0,1,0,1,0,1,0,FALSE,2.77458499437922e-07,"c00000",8.51377135775676e-06,0.0593673656669146,0.0629323841294597,0.402560362881398,-0.068760147026407,0.00151720950706943,-0.0026363601528349,0.489992377233098,-0.199221249407001,0.472142928954865,14945,14771,15067,15121,5220,29924,29920,27573,14316,57159
"170",1,0,0,1,0,1,0,1,0,FALSE,2.77458499437922e-07,"c10000",1.03207231459878e-05,-0.0646286714268471,0.3527582126244,0.357702308897416,-0.0620376698666335,-0.00228895022110598,1.28674834017819e-05,0.432383425866711,-0.175366253542139,0.41974260644641,15026,14921,14975,14910,5236,30068,30030,27640,14466,51022
"171",0,1,0,1,0,1,0,1,0,FALSE,5.88874319795399e-08,"c00000",1.80695178823105e-06,0.35500299264627,-0.0656502188493803,0.35224024768579,-0.0587581843367492,-0.00225297454313712,0.000918718345904325,0.432596904932766,-0.180937234364741,0.418171266026079,15117,15067,14749,14848,5271,29924,30149,27719,14444,50879
"172",1,1,0,1,0,1,0,1,0,TRUE,5.88874319795399e-08,"c10001",1.65338105783237e-06,0.48075900945669,0.482242483083287,-0.152183102770273,0.0292968045805778,0.00294106896146754,0.00439785001615026,-0.187222464788212,0.0762562894120892,-0.17952570957022,15027,15061,14913,14814,5210,30007,29682,27560,14240,83745
"173",0,0,1,1,0,1,0,1,0,TRUE,2.77458499437922e-07,"c01001",9.27495939979984e-06,-0.0209421945495032,-0.0253265178779101,0.514558759791793,0.516732496205761,0.00316395674448106,0.0028439150190518,-0.202743397133421,0.0852453579408882,-0.192028522888238,14807,14713,14837,15037,5288,29976,30299,27363,14321,81926
"174",1,0,1,1,0,1,0,1,0,TRUE,2.77458499437922e-07,"c11001",7.78944344412831e-06,0.0294977176350875,-0.148923170739188,0.483141793354872,0.482328226898599,0.00148325477647253,0.00336443571673267,-0.184455182953073,0.0827586684102049,-0.179472796024657,15068,14887,14972,14775,5319,30227,29914,27695,14332,83855
"175",0,1,1,1,0,1,0,1,0,TRUE,5.88874319795399e-08,"c01001",1.96850535080079e-06,-0.154656985415305,0.0263305155268106,0.475789704583227,0.47632907987416,-0.00329970613191208,-0.00310981085376157,-0.184293873373261,0.0709769740317353,-0.180884802634717,15183,15081,15326,15172,5359,30043,30063,27805,14437,83758
"176",1,1,1,1,0,1,0,1,0,TRUE,5.88874319795399e-08,"c11001",1.65322137149815e-06,0.262953458889938,0.256452979882141,0.262365256795973,0.251564765626002,-0.00170266145418366,-0.00137436876004724,-0.0991478862173222,0.0453052133520091,-0.095569216236257,14955,14943,15034,15128,5365,29955,30158,27599,14156,94752
"177",0,0,0,0,1,1,0,1,0,FALSE,0.00216792353879996,"c00100",0.0665224001709537,0.0714947743864291,0.0736081887453413,0.0706892243545767,0.0769178642678366,0.00175955059913524,-0.00470022663598002,0.565721225835167,-0.232523198356211,0.544947244886261,15017,14986,15014,14896,24772,29868,30116,27471,14347,63937
"178",1,0,0,0,1,1,0,1,0,FALSE,0.00216792353879996,"c10100",0.080641028085105,-0.0711869991024152,0.400946727800392,0.0685872622264817,0.0601037248442535,0.00254084943161034,-0.00097522922879064,0.488008973879931,-0.193159346430769,0.477498294674655,15158,14946,14933,15149,24405,29727,29789,27495,14538,57271
"179",0,1,0,0,1,1,0,1,0,FALSE,0.000460117279472598,"c00100",0.0141186279141513,0.404237325191546,-0.0677641153829548,0.0645537676933021,0.0687833480272444,-0.00182059901144879,0.00449987812335751,0.483315097504335,-0.20561760975806,0.473231985212499,14787,14865,14987,15005,24697,29909,30097,27615,14347,57210
"180",1,1,0,0,1,1,0,1,0,TRUE,0.000460117279472598,"c10101",0.0129187021523655,0.516593282839298,0.514413613361295,-0.0252213313574477,-0.0259637810771517,0.00139930442864843,0.00573274655817638,-0.204653406988287,0.0833694565683954,-0.193758777859252,15061,15133,14854,14734,24766,29875,30351,27483,14340,81682
"181",0,0,1,0,1,1,0,1,0,FALSE,0.00216792353879996,"c01100",0.0665309139423115,0.0644650535529571,0.0600541038777248,-0.071186541437201,0.404544249391624,-0.00220930832767718,0.000862807601021932,0.494042170559737,-0.197337109379862,0.473397555436814,14905,14891,14956,14795,24592,29869,29781,27379,14189,57543
"182",1,0,1,0,1,1,0,1,0,FALSE,0.00216792353879996,"c11100",0.080651348808251,-0.0611658601103334,0.354856369459144,-0.0596942129520014,0.355286740584756,-0.00169489893303455,-0.00318372754284871,0.427032327155247,-0.180158080776556,0.421004382790339,15043,14850,15003,14976,24627,30041,29850,27403,14383,51340
"183",0,1,1,0,1,1,0,1,0,FALSE,0.000460117279472598,"c01100",0.0141204348659395,0.355361380420522,-0.0610504017963229,-0.0639283790073247,0.355723943627996,-0.000710935833955424,-0.00330144443022981,0.437440412582143,-0.175573825564003,0.418320756947725,14951,15002,15005,14890,24863,29990,29713,27682,14307,51175
"184",1,1,1,0,1,1,0,1,0,TRUE,0.000460117279472598,"c11101",0.0129174544422989,0.477606363606056,0.485265180202672,0.0253394545495527,-0.15202356649554,0.000284391251357077,0.000929731143678733,-0.187990034911692,0.073520428258469,-0.181678639140764,15197,15156,14944,14939,24583,29887,30081,27587,14370,83564
"185",0,0,0,1,1,1,0,1,0,FALSE,2.77458499437922e-07,"c00100",8.51377135775676e-06,0.0602748366769967,0.0693333684410989,0.403009789789818,-0.067056293683713,-0.00296658831122744,0.00308789041474963,0.484170518632681,-0.196726497399526,0.473843756526059,14905,14982,14971,15039,24875,30195,29945,27715,14313,57341
"186",1,0,0,1,1,1,0,1,0,FALSE,2.77458499437922e-07,"c10100",1.03207231459878e-05,-0.0607405188470294,0.353997210182073,0.357575315068422,-0.0665516438087341,0.00239985244915685,-0.00177361216581854,0.434564958975447,-0.171377801711884,0.419307521007861,15009,14793,14851,14960,24975,29909,29913,27683,14300,51307
"187",0,1,0,1,1,1,0,1,0,FALSE,5.88874319795399e-08,"c00100",1.80695178823105e-06,0.355099968902191,-0.0662875024557747,0.354371152171545,-0.0662357922604841,-0.00119569003171786,0.000176199248007434,0.430638671608335,-0.176009832220985,0.419925974446879,15026,15034,14946,14964,24820,30204,29923,27816,14414,51149
"188",1,1,0,1,1,1,0,1,0,TRUE,5.88874319795399e-08,"c10101",1.65338105783237e-06,0.479224968369793,0.484433552257535,-0.153221371459843,0.027863704064501,-0.00299451607383367,0.00290663116517338,-0.190819144504482,0.0725713920629566,-0.179389567272974,15077,14900,14960,15091,24672,30299,30186,27618,14261,83789
"189",0,0,1,1,1,1,0,1,0,TRUE,2.77458499437922e-07,"c01101",9.27495939979984e-06,-0.0244668126059996,-0.0267347293501693,0.520310357718721,0.510694906037574,0.00193188290413953,-0.00130668910757206,-0.199887008921463,0.0834453797176349,-0.193229447190529,15037,14945,15024,14993,24721,30113,30178,27460,14418,81858
"190",1,0,1,1,1,1,0,1,0,TRUE,2.77458499437922e-07,"c11101",7.78944344412831e-06,0.020846344778041,-0.151146497167303,0.486565908720581,0.484974995644358,0.00389624959049056,0.00233428823612148,-0.186150620719718,0.0761737778889339,-0.179713109655593,14867,14791,15083,14772,24635,29796,30072,27518,14325,83811
"191",0,1,1,1,1,1,0,1,0,TRUE,5.88874319795399e-08,"c01101",1.96850535080079e-06,-0.15433988501998,0.0276737991643688,0.481209732164697,0.482407578356377,-0.00461445087600745,0.00562606706707601,-0.187139093721777,0.073915499132866,-0.179353432515746,15086,14987,14832,14991,24862,29988,29749,27353,14362,83906
"192",1,1,1,1,1,1,0,1,0,TRUE,5.88874319795399e-08,"c11101",1.65322137149815e-06,0.252541535081731,0.256353581264115,0.255757654667213,0.255257841501233,-0.000548042336215954,-0.00210867850970903,-0.0994660165938754,0.0364467396038508,-0.0947989326554611,15014,15220,14917,14907,24839,29901,30308,27586,14231,94862
"193",0,0,0,0,0,0,1,1,0,TRUE,8.09268318291524e-12,"c00011",2.48707181924621e-10,-0.0288562435343601,-0.0321530329235702,-0.0350265877184628,-0.0274268557641114,-0.00530031907561518,-0.00242066571424339,0,0.873793350454703,-0.222111561786238,14979,14727,14961,14982,5236,2,0,27731,14412,77341
"194",1,0,0,0,0,0,1,1,0,TRUE,8.09268318291524e-12,"c10011",2.14179568705826e-10,0.0322856979744439,-0.175407739911537,-0.0228415152865356,-0.0350931420644233,-0.00405233275662918,0.000767475971516083,0,0.813080620878289,-0.206835509348572,15101,14913,14927,15114,5246,4,0,27606,14508,79866
"195",0,1,0,0,0,0,1,1,0,TRUE,1.71758058027165e-12,"c00011",5.27852896490056e-11,-0.176643346878631,0.0249585192826606,-0.0335645753979825,-0.031011043316581,0.000462492834055729,0.000716199694853037,0,0.814016391265682,-0.207186955948095,15031,15152,15095,14976,5177,4,0,27932,14321,79566
"196",1,1,0,0,0,0,1,1,0,TRUE,1.71758058027165e-12,"c10011",4.54571938114061e-11,0.285859996697522,0.282281831970941,-0.0099187047454396,-0.0114477993373014,-0.00296267700842472,0.00860259004622727,0,0.421087702022569,-0.10697531781659,14919,14965,15010,14932,5257,6,0,27551,14509,93683
"197",0,0,1,0,0,0,1,1,0,TRUE,8.09268318291524e-12,"c01011",2.48677880567741e-10,-0.0242741684536129,-0.0286751357846732,0.0335705982134964,-0.174198925090558,0.00667775724298746,-1.50025373132443e-05,0,0.811476172551783,-0.203572542384473,15243,15187,14986,15002,5133,5,0,27624,14155,79915
"198",1,0,1,0,0,0,1,1,0,TRUE,8.09268318291524e-12,"c11011",2.14161642274948e-10,0.0268744817466209,-0.166157682066924,0.027819211227047,-0.159113669910419,0.00115169200890662,0.0052968133359104,0,0.758286078054312,-0.193632768061102,15109,15186,14993,14767,5242,4,0,27489,14676,82103
"199",0,1,1,0,0,0,1,1,0,TRUE,1.71758058027165e-12,"c01011",5.27790707670335e-11,-0.165582238591439,0.0334173968746151,0.0230651629815017,-0.165328189631499,-0.00482226680151814,-0.00256745223063307,0,0.759284107560195,-0.19055255490071,15094,14815,15108,15039,5123,3,0,27595,14182,81986
"200",1,1,1,0,0,0,1,1,0,TRUE,1.71758058027165e-12,"c11011",4.54533891289721e-11,0.264921388365365,0.268554191222099,0.0125310340704924,-0.0863283468177287,0.00100772656789774,0.00314255148741857,0,0.396103917685763,-0.0996500264590224,15081,14953,14975,14785,5220,7,0,27545,14272,94371
"201",0,0,0,1,0,0,1,1,0,TRUE,1.03573013170063e-15,"c00011",3.18304221810504e-14,-0.0264539225451226,-0.0279929154763838,-0.174998168320984,0.028027951931071,-0.00407600338754089,-0.00317310899462663,0,0.814465571827479,-0.205765734681751,15080,14891,14926,14927,5289,4,0,27507,14399,79891
"202",1,0,0,1,0,0,1,1,0,TRUE,1.03573013170063e-15,"c10011",2.74114564835044e-14,0.0297911352552326,-0.163174573321149,-0.160825585134619,0.0243990195431574,0.00072794661904464,-0.00207804365210666,0,0.753971428080131,-0.191769988550269,14899,15009,15017,14901,5371,2,0,27526,14554,82243
"203",0,1,0,1,0,0,1,1,0,TRUE,2.19822019520893e-16,"c00011",6.75564751075872e-15,-0.164033044079379,0.0275916661022255,-0.167110281005122,0.0276392108136471,-0.00210228451422368,0.00530271246856826,0,0.755337468272684,-0.190284611375661,14981,14879,15042,14902,5343,4,0,27616,14262,82124
"204",1,1,0,1,0,0,1,1,0,TRUE,2.19822019520893e-16,"c10011",5.81777196374421e-15,0.26922306442229,0.267808084262952,-0.0829612310381238,0.0132042947965284,-0.0020507759067943,-0.0013442496829615,0,0.397610608895076,-0.100713129757756,15073,14943,14883,14945,5256,3,0,27588,14413,94319
"205",0,0,1,1,0,0,1,1,0,TRUE,1.03573013170063e-15,"c01011",3.1826672090069e-14,-0.0136377015275107,-0.0135773926162276,0.285129242320694,0.282897221146757,-0.000940306694911004,-0.00142722374746763,0,0.423106172469913,-0.106643448719427,15002,15159,14955,14943,5366,3,0,27498,14347,93642
"206",1,0,1,1,0,0,1,1,0,TRUE,1.03573013170063e-15,"c11011",2.7409162195665e-14,0.016237997407917,-0.0830465264848638,0.273023643523801,0.268690441088067,-0.000827947824178244,-0.00135300826704077,0,0.400883504081393,-0.101816777734204,14712,14863,15131,14863,5239,3,0,27520,14522,94249
"207",0,1,1,1,0,0,1,1,0,TRUE,2.19822019520893e-16,"c01011",6.75485159631372e-15,-0.0862448486048648,0.0170481479641694,0.267408330628267,0.272054191395532,0.000239153491109519,0.00431079551339836,0,0.40051861964181,-0.100555514521665,14893,14861,15234,15067,5258,5,0,27652,14157,94223
"208",1,1,1,1,0,0,1,1,0,TRUE,2.19822019520893e-16,"c11011",5.81728502706951e-15,0.14757333105548,0.144605658522138,0.14731578990156,0.149802915764111,-0.00395749842516456,-0.00073185407887273,0,0.218682527163013,-0.0553616641664581,14950,14947,14983,15074,5341,3,0,27184,14652,98246
"209",0,0,0,0,1,0,1,1,0,TRUE,8.09268318291524e-12,"c00111",2.48707181924621e-10,-0.0289352117441107,-0.0311099195221443,-0.029988852578152,-0.0315293716855752,0.000550965554996526,-0.00241120212204509,0,0.873908594130752,-0.222067638231949,14992,15154,15047,15080,24532,2,0,27569,14504,77478
"210",1,0,0,0,1,0,1,1,0,TRUE,8.09268318291524e-12,"c10111",2.14179568705826e-10,0.0304085709671877,-0.174205527277528,-0.0323507702726464,-0.0280884432762142,-0.000410309195128552,0.000795776712570466,0,0.814267954688404,-0.203243477121988,15002,14941,15178,14854,24993,4,0,27344,14203,80030
"211",0,1,0,0,1,0,1,1,0,TRUE,1.71758058027165e-12,"c00111",5.27852896490056e-11,-0.17615972642467,0.0311938204108364,-0.0242836533952256,-0.0282804290808202,0.0041080078557831,0.00179152915745053,0,0.81573331748421,-0.20462724257282,14980,15017,14922,14881,24573,3,0,27559,14193,79799
"212",1,1,0,0,1,0,1,1,0,TRUE,1.71758058027165e-12,"c10111",4.54571938114061e-11,0.290076272624723,0.278825519968134,-0.0141858806425383,-0.0133045274941974,0.00274328112290486,0.00218475312056032,0,0.427472425882549,-0.1068714001605,15160,15102,14951,14939,24885,8,0,27510,14141,93515
"213",0,0,1,0,1,0,1,1,0,TRUE,8.09268318291524e-12,"c01111",2.48677880567741e-10,-0.0230318934610306,-0.0266664147230505,0.0345129442206179,-0.173350151319077,-0.00260973305915279,-0.00169918096953899,0,0.812864608655203,-0.205361480865786,15023,15060,14915,15180,24534,8,0,27593,14346,79885
"214",1,0,1,0,1,0,1,1,0,TRUE,8.09268318291524e-12,"c11111",2.14161642274948e-10,0.0271827284204908,-0.163071152044769,0.0278860409659747,-0.161257422143459,-7.48187776918155e-05,-0.000791653011352428,0,0.755634414513457,-0.191184785000068,14972,15015,15032,14991,24792,7,0,27652,14346,82086
"215",0,1,1,0,1,0,1,1,0,TRUE,1.71758058027165e-12,"c01111",5.27790707670335e-11,-0.163962305626771,0.0280066231563649,0.0296697303009172,-0.164684314776617,0.0018823475115529,0.000331212424142218,0,0.761252117681694,-0.193388576326066,15089,15100,15038,15022,24552,5,0,27733,14396,81807
"216",1,1,1,0,1,0,1,1,0,TRUE,1.71758058027165e-12,"c11111",4.54533891289721e-11,0.263973928423054,0.27652028893229,0.0119374660011139,-0.0871923743459046,0.000561849748530415,-0.00134738279039133,0,0.39713556563784,-0.100735002485114,14955,15107,15054,15061,25050,3,0,27729,14361,94294
"217",0,0,0,1,1,0,1,1,0,TRUE,1.03573013170063e-15,"c00111",3.18304221810504e-14,-0.0275408322274178,-0.0296270294949423,-0.17230224598594,0.0397853601487088,-0.000259559675416335,-0.00275285336382359,0,0.812568045874055,-0.205645473425148,15255,15003,14893,14867,24881,3,0,27671,14341,79834
"218",1,0,0,1,1,0,1,1,0,TRUE,1.03573013170063e-15,"c10111",2.74114564835044e-14,0.0308721297771624,-0.165449358095758,-0.163815419730399,0.0228867703794028,-0.00188087423013375,-0.0020979376185464,0,0.758868698443191,-0.192585019783742,15050,15278,14979,14906,24528,2,0,27648,14423,81963
"219",0,1,0,1,1,0,1,1,0,TRUE,2.19822019520893e-16,"c00111",6.75564751075872e-15,-0.159918878414387,0.0281456770357389,-0.161767456339912,0.0305587716561124,-0.0033354624038269,-0.00148140104014059,0,0.761679960151647,-0.191139984439318,14784,15008,14988,15044,24640,1,0,27445,14272,82004
"220",1,1,0,1,1,0,1,1,0,TRUE,2.19822019520893e-16,"c10111",5.81777196374421e-15,0.264715722416867,0.266553188927147,-0.0836138758059664,0.00798954489117021,-0.000848558215816306,-0.0015376765622136,0,0.394360592021119,-0.0990733166786574,14793,15095,14816,15041,24734,4,0,27540,14241,94419
"221",0,0,1,1,1,0,1,1,0,TRUE,1.03573013170063e-15,"c01111",3.1826672090069e-14,-0.0114153269283821,-0.0164628336090921,0.285386715112911,0.289539384547013,0.000675375203525483,-0.00082745437974547,0,0.423149858180758,-0.106514722872204,14896,14996,15206,14850,24717,1,0,27661,14215,93592
"222",1,0,1,1,1,0,1,1,0,TRUE,1.03573013170063e-15,"c11111",2.7409162195665e-14,0.0160841578863078,-0.083612890648186,0.260742571370524,0.269685785025342,0.000662422866160064,-0.00108677471694919,0,0.394588682846993,-0.100726921958415,15098,15099,14915,15129,24721,2,0,27498,14662,94424
"223",0,1,1,1,1,0,1,1,0,TRUE,2.19822019520893e-16,"c01111",6.75485159631372e-15,-0.0844014623988202,0.0162269168547415,0.261688124809257,0.266878527612951,0.00121747790501577,-0.00154350410435469,0,0.396600368091003,-0.0997214151833466,14919,15040,15049,15034,24656,4,0,27465,14308,94379
"224",1,1,1,1,1,0,1,1,0,TRUE,2.19822019520893e-16,"c11111",5.81728502706951e-15,0.148348454317299,0.144920977217709,0.145619064359836,0.151274363301945,-0.000235170571301548,-0.00060393679412504,0,0.218037112129618,-0.0550439002812712,15103,14920,14939,14946,24810,2,0,27725,14247,98209
"225",0,0,0,0,0,1,1,1,0,TRUE,0.00216792353879996,"c00011",0.0666253876219036,-0.0257370127477276,-0.0273326908712965,-0.0280195385360193,-0.0268041935901954,-0.00155556364771633,-0.0044883689980531,0,0.872965040951727,-0.222392585144155,15078,14895,15130,14634,5288,29914,0,27603,14546,77486
"226",1,0,0,0,0,1,1,1,0,TRUE,0.00216792353879996,"c10011",0.0573758935117634,0.0326394439477919,-0.172883702938699,-0.0315650207223395,-0.0327983900228433,0.000577662397386468,-0.00190841856890099,0,0.817578430464694,-0.205205053058919,15057,14850,15145,14881,5316,29707,0,27606,14178,79688
"227",0,1,0,0,0,1,1,1,0,TRUE,0.000460117279472598,"c00011",0.0141404858371374,-0.173133916501967,0.0337224353317104,-0.0273270312560624,-0.0201620359551963,0.0043928127124512,0.000121357378492626,0,0.812064205080647,-0.203495227588422,15162,14983,15069,15135,5241,29776,0,27387,14273,80082
"228",1,1,0,0,0,1,1,1,0,TRUE,0.000460117279472598,"c10011",0.0121773852063784,0.280264488804237,0.290844980303121,-0.0123417072117476,-0.0147421119647259,0.00443612284503421,-0.00511406377168215,0,0.424293109446231,-0.107517598922042,15067,15065,14912,14876,5216,30010,0,27343,14576,93655
"229",0,0,1,0,0,1,1,1,0,TRUE,0.00216792353879996,"c01011",0.0666175381732273,-0.0224571056054793,-0.0331140374636688,0.0304639007650183,-0.173274010495726,0.00344282423385145,0.00250778320950486,0,0.813477389093889,-0.204928452518278,15097,15026,14992,14961,5298,29872,0,27456,14360,79971
"230",1,0,1,0,0,1,1,1,0,TRUE,0.00216792353879996,"c11011",0.0573710912563693,0.0293775800457482,-0.160349745148063,0.0308916252436217,-0.16361997435233,-0.00085156645960294,0.00629914285348009,0,0.761511279835347,-0.1923625845542,14820,14865,15103,15082,5327,30009,0,27497,14402,81972
"231",0,1,1,0,0,1,1,1,0,TRUE,0.000460117279472598,"c01011",0.0141388198803333,-0.164482344826263,0.0268460560791553,0.0262173607671744,-0.167397567829706,-0.000176656812730353,-0.00505372106785279,0,0.761412746907641,-0.191418398133297,14877,14835,15001,15242,5358,29807,0,27517,14272,81961
"232",1,1,1,0,0,1,1,1,0,TRUE,0.000460117279472598,"c11011",0.0121763659819234,0.268590329113811,0.267130746508375,0.0112674869549094,-0.0858239311226779,-0.00469495605345957,-0.00504580577950363,0,0.398372731071642,-0.101249898805128,15146,15036,15091,15188,5193,30029,0,27519,14540,94317
"233",0,0,0,1,0,1,1,1,0,TRUE,2.77458499437922e-07,"c00011",8.52695205490318e-06,-0.0230288348548751,-0.0307196365531843,-0.175671584279194,0.0321873773036407,-0.00126234350590302,-0.00346779895867567,0,0.811737474653417,-0.206513999979141,15136,15023,15119,14931,5250,29952,0,27702,14451,79842
"234",1,0,0,1,0,1,1,1,0,TRUE,2.77458499437922e-07,"c10011",7.34316918137066e-06,0.0359923530397124,-0.162611234097444,-0.164653129674633,0.0341720390277261,0.00349565242852636,0.00150214488408895,0,0.758757986158455,-0.191399873417335,14981,15038,15106,15043,5296,29911,0,27620,14292,81988
"235",0,1,0,1,0,1,1,1,0,TRUE,5.88874319795399e-08,"c00011",1.80974924229436e-06,-0.165687244982828,0.0283011731401332,-0.164900772113725,0.0276825071107752,2.95995834670813e-05,0.00130168400487559,0,0.759709520118679,-0.192263268796304,15109,15013,14807,15000,5217,30068,0,27701,14322,81891
"236",1,1,0,1,0,1,1,1,0,TRUE,5.88874319795399e-08,"c10011",1.55850470091282e-06,0.275490262973884,0.267580901156893,-0.0898605369331132,0.00848893883283532,-0.000712471709952745,-0.000729087536639803,0,0.402177838541481,-0.101176661749052,15022,14872,15073,14928,5251,30102,0,27582,14249,94197
"237",0,0,1,1,0,1,1,1,0,TRUE,2.77458499437922e-07,"c01011",8.52594745478136e-06,-0.0128290869773705,-0.0187485600892037,0.291012626870666,0.278425654746095,0.00397822098107251,-0.00537991001696285,0,0.42378385173543,-0.106076544883805,15025,15036,15106,14930,5158,30309,0,27471,14194,93631
"238",1,0,1,1,0,1,1,1,0,TRUE,2.77458499437922e-07,"c11011",7.3425545717907e-06,0.0111185050527527,-0.0857605092939179,0.272353198867011,0.2635808964385,0.00457868086415312,0.000673922530655872,0,0.395106365801093,-0.0992434748510779,14987,14905,14961,14778,5205,30120,0,27476,14276,94416
"239",0,1,1,1,0,1,1,1,0,TRUE,5.88874319795399e-08,"c01011",1.80953602726775e-06,-0.0850926582707326,0.0174100544309962,0.273532982572831,0.266560261271066,-0.00215803315568819,-0.00190992798927633,0,0.397003583322474,-0.100291413266166,14898,15045,14930,14934,5330,29845,0,27608,14335,94330
"240",1,1,1,1,0,1,1,1,0,TRUE,5.88874319795399e-08,"c11011",1.55837425697289e-06,0.149463232856732,0.147960826458934,0.145282122314269,0.152422254026989,-0.00157867468272302,-0.000965126638798673,0,0.220413629767204,-0.0554083265301725,15015,15073,15122,14959,5194,30166,0,27652,14188,98177
"241",0,0,0,0,1,1,1,1,0,TRUE,0.00216792353879996,"c00111",0.0666253876219036,-0.0285635471990725,-0.0254943445907852,-0.0318174952147311,-0.0314858991393881,-0.00246433533674586,0.00176523050164891,0,0.872873723393649,-0.220470422076314,14950,14951,14976,15220,24626,30006,0,27724,14260,77384
"242",1,0,0,0,1,1,1,1,0,TRUE,0.00216792353879996,"c10111",0.0573758935117634,0.0289932746886905,-0.175095263340912,-0.0311077150730577,-0.0271617251229121,0.000449350482423881,0.00135767176363836,0,0.816361040099947,-0.206616598793683,14974,14968,14909,14849,24847,30146,0,27652,14354,79699
"243",0,1,0,0,1,1,1,1,0,TRUE,0.000460117279472598,"c00111",0.0141404858371374,-0.176341690871464,0.0326328525631899,-0.0292521027516896,-0.0279524050398827,-0.00237808760967567,-0.00288479977379894,0,0.815777336658142,-0.205264311828127,15128,14987,15213,15015,24714,30130,0,27485,14313,79857
"244",1,1,0,0,1,1,1,1,0,TRUE,0.000460117279472598,"c10111",0.0121773852063784,0.283010775992467,0.28737311204872,-0.0158433557677896,-0.0162296943442475,0.0034074634793318,0.00209931433589264,0,0.424231371775689,-0.106653574871761,15007,15097,14852,15125,24513,30081,0,27469,14302,93619
"245",0,0,1,0,1,1,1,1,0,TRUE,0.00216792353879996,"c01111",0.0666175381732273,-0.0279056267014184,-0.0258495431893375,0.0281194088651149,-0.175992414001873,0.00648497401608531,-0.000740878232136198,0,0.812430164529163,-0.206410087179046,15076,15225,14733,15150,24753,30012,0,27638,14457,79866
"246",1,0,1,0,1,1,1,1,0,TRUE,0.00216792353879996,"c11111",0.0573710912563693,0.0294372180071156,-0.160070210267683,0.0249865684627895,-0.162353381671051,-0.00281776003002098,-0.00196864780646854,0,0.760952685434025,-0.191957945827767,14965,14928,15044,14862,24708,30133,0,27402,14427,82064
"247",0,1,1,0,1,1,1,1,0,TRUE,0.000460117279472598,"c01111",0.0141388198803333,-0.163983349772516,0.028541493907213,0.0328304111088105,-0.161485499290301,0.000274470489857235,-0.000359913701924656,0,0.757244465652661,-0.189891981919659,15081,14960,14946,15129,24792,29671,0,27590,14166,82069
"248",1,1,1,0,1,1,1,1,0,TRUE,0.000460117279472598,"c11111",0.0121763659819234,0.267375174096491,0.270651880257195,0.0128173452804931,-0.0869867211560027,0.000188374596347342,-0.00604729937550241,0,0.398123176912453,-0.100957546649952,14955,14953,15205,15056,24629,29751,0,27852,14279,94234
"249",0,0,0,1,1,1,1,1,0,TRUE,2.77458499437922e-07,"c00111",8.52695205490318e-06,-0.0246229524398815,-0.0272989579066508,-0.175710379789244,0.0302341470747949,0.0003798662154537,0.00237264813167905,0,0.812562316158329,-0.20632813650188,15193,15034,15033,14858,24579,29815,0,27721,14392,79794
"250",1,0,0,1,1,1,1,1,0,TRUE,2.77458499437922e-07,"c10111",7.34316918137066e-06,0.0265876260533411,-0.164736186287073,-0.16205947418842,0.0262400742664768,0.00440513648401407,0.00544720858726551,0,0.758378163281837,-0.191718032370904,15034,14920,15282,14933,24801,29962,0,27682,14307,81957
"251",0,1,0,1,1,1,1,1,0,TRUE,5.88874319795399e-08,"c00111",1.80974924229436e-06,-0.162912018624359,0.0270619556981229,-0.165672113694942,0.0304362673418982,0.00194466360118827,0.001526550458209,0,0.7593032200697,-0.19181011752205,15027,14986,15111,14849,24704,29959,0,27690,14284,81915
"252",1,1,0,1,1,1,1,1,0,TRUE,5.88874319795399e-08,"c10111",1.55850470091282e-06,0.270468885744047,0.269751914137754,-0.0854215456011454,0.0151532567156959,-0.0014184201348122,0.000739108324279523,0,0.400396497004948,-0.101785333567296,15041,15133,14878,15019,24556,29712,0,27734,14412,94204
"253",0,0,1,1,1,1,1,1,0,TRUE,2.77458499437922e-07,"c01111",8.52594745478136e-06,-0.0124098949963035,-0.0158567311791308,0.277760985803308,0.288586654588024,0.00115630087338172,-0.00217749206683406,0,0.421283287152115,-0.106769366040001,15073,14793,14945,15228,24805,30165,0,27788,14304,93607
"254",1,0,1,1,1,1,1,1,0,TRUE,2.77458499437922e-07,"c11111",7.3425545717907e-06,0.01111456937692,-0.0850380202914495,0.26820164607642,0.271586178990417,0.00191194566878311,2.89079325711306e-05,0,0.396342590410777,-0.0997013691957362,14937,14876,14918,14928,24535,29812,0,27566,14257,94359
"255",0,1,1,1,1,1,1,1,0,TRUE,5.88874319795399e-08,"c01111",1.80953602726775e-06,-0.0837886764185466,0.0143333960166987,0.269635931810124,0.270192810931748,0.000587283712053531,-0.000844798833676361,0,0.401571456025942,-0.102034106361529,15006,14824,14985,15038,24704,30082,0,27635,14461,94199
"256",1,1,1,1,1,1,1,1,0,TRUE,5.88874319795399e-08,"c11111",1.55837425697289e-06,0.143659144753986,0.154686350445171,0.145528700288518,0.153094120442971,0.00150054111587099,1.74935741447891e-05,0,0.221002065597484,-0.0557051418660299,15127,14798,14994,15048,24744,29983,0,27333,14450,98196
"257",0,0,0,0,0,0,0,0,1,TRUE,8.46662963525793e-11,"c00001",2.83064296854033e-09,-0.0244931287211878,-0.0239405129039096,-0.0258715924353597,-0.0210406745377715,-0.00145834695455408,0.00284376622753078,-0.00832578344699243,-0.0164825964773656,0.970754241506232,14968,14918,15036,15033,5204,3,30085,2446,15631,85136
"258",1,0,0,0,0,0,0,0,1,TRUE,8.46662963525793e-11,"c10001",2.3771736331585e-09,0.0182255202220925,-0.136010842258582,-0.0253451220008022,-0.0217864539019357,0.00290758310090384,-0.00175691555231283,0.000185228666125059,-0.0209042756203116,0.908162477974424,15086,15049,14996,15255,5309,2,30113,2409,15763,86630
"259",0,1,0,0,0,0,0,0,1,TRUE,1.79694649020388e-11,"c00001",6.00771991508504e-10,-0.137472885550862,0.0224360164669248,-0.0247542269455805,-0.0212052463664862,-0.000674885183313847,-0.00215456993335362,-0.00144954657703502,-0.0214050247405091,0.908346530792495,15138,14930,14786,15031,5382,3,29915,2391,15792,86600
"260",1,1,0,0,0,0,0,0,1,TRUE,1.79694649020388e-11,"c10001",5.04528248043441e-10,0.226914753234211,0.23493568477815,-0.0155937561827356,-0.0101137728163059,-0.00125601013649874,-0.000935934075881719,-0.000910520627746859,-0.00853744441257394,0.482538013423303,14782,14928,14929,14825,5282,2,29918,2468,15832,95804
"261",0,0,1,0,0,0,0,0,1,TRUE,8.46662963525793e-11,"c01001",2.83024835351022e-09,-0.0210943976183395,-0.02143749002916,0.0242330289453894,-0.138626121930681,-0.000821884084809474,-0.00175441186977639,-0.0049113512564633,-0.0163342771433819,0.905300688001938,14925,15053,15009,14992,5175,2,30267,2425,15809,86663
"262",1,0,1,0,0,0,0,0,1,TRUE,8.46662963525793e-11,"c11001",2.37694404171525e-09,0.0214933854365862,-0.130035375714462,0.0260166083199389,-0.128446353014923,0.00165356317935575,-0.00326584859922076,-0.0058183400660463,-0.00973010932809432,0.846404902598555,15131,15058,15169,15054,5280,8,30000,2471,15689,88237
"263",0,1,1,0,0,0,0,0,1,TRUE,1.79694649020388e-11,"c01001",6.0068823892644e-10,-0.12676855994999,0.0180857837705188,0.0210751008634661,-0.126413121072101,0.000610868359998116,0.00258493041834887,-0.00467689391717712,-0.0162313111842616,0.850991577890253,14863,15033,14941,14939,5238,4,30044,2417,15606,88190
"264",1,1,1,0,0,0,0,0,1,TRUE,1.79694649020388e-11,"c11001",5.04479519853371e-10,0.217572961260702,0.218448455771598,0.0198117805458674,-0.0674887055243113,0.00450242436627286,-0.00155339203051152,-0.00285553161782873,-0.00910020045127845,0.463789305355019,15055,15243,15017,15180,5143,6,29907,2402,15751,96134
"265",0,0,0,1,0,0,0,0,1,TRUE,1.0835891173522e-14,"c00001",3.6227566906278e-13,-0.0215421627926835,-0.0209998901684959,-0.136969742090278,0.0250946755875585,-0.000540624065444064,-0.00275309308006192,-0.00333081593272974,-0.0128679990378688,0.90649008148289,15029,14824,15024,14890,5273,5,30013,2448,15574,86837
"266",1,0,0,1,0,0,0,0,1,TRUE,1.0835891173522e-14,"c10001",3.04239064411215e-13,0.0219928071357402,-0.126894734536848,-0.125302466186893,0.0208615844412626,-0.000530792802971859,-0.00163004224567232,-0.00220451689406014,-0.0121360075308937,0.848467041207567,14954,15023,14774,15285,5217,2,30012,2441,15579,88273
"267",0,1,0,1,0,0,0,0,1,TRUE,2.29979548549112e-15,"c00001",7.68889180291623e-14,-0.129599721505087,0.0240138460113505,-0.128006021784134,0.0171771199084563,-0.00409031323892073,0.000640148594580327,-0.00434021600435869,-0.0137978747623703,0.852142669766619,15018,14919,15026,14827,5450,7,30097,2396,15578,88184
"268",1,1,0,1,0,0,0,0,1,TRUE,2.29979548549112e-15,"c10001",6.45713043475994e-14,0.215538102073072,0.207688352841261,-0.0685685686863917,0.0116200700437822,0.000958057612359504,-0.00107769181797519,0.00116078572500372,-0.0086434924078068,0.457288431393956,15196,15148,14989,15009,5231,3,29915,2450,15621,96273
"269",0,0,1,1,0,0,0,0,1,TRUE,1.0835891173522e-14,"c01001",3.6222516483966e-13,-0.011276590846907,-0.0107579449841591,0.228035780372489,0.232567135259803,0.0010969255839938,-0.00116075306880336,-0.00837634897633717,-0.0118528097354,0.488884797819659,14950,15103,14852,15147,5213,3,30058,2418,15818,95702
"270",1,0,1,1,0,0,0,0,1,TRUE,1.0835891173522e-14,"c11001",3.0420968048868e-13,0.0131800787477435,-0.0695881526525036,0.217687505913358,0.220049443425877,-0.00129579686807509,-0.00155088251319119,-0.00322284839731694,-0.0139601904573268,0.463669146112985,14910,14969,15159,14955,5256,6,30006,2454,15715,96146
"271",0,1,1,1,0,0,0,0,1,TRUE,2.29979548549112e-15,"c01001",7.68781990783655e-14,-0.0695154728189222,0.00891413755499288,0.213531036640822,0.220446954805623,0.00282595272839344,-0.000890904723185324,-0.0004644422521094,-0.00888863481905025,0.45875438858499,15042,15112,14994,14965,5289,2,30183,2505,15865,96183
"272",1,1,1,1,0,0,0,0,1,TRUE,2.29979548549112e-15,"c11001",6.45650679419997e-14,0.116641881414161,0.123232697933688,0.1214104668782,0.11739944130418,-0.00452202713596337,-0.000487856153742678,0.0014047664133177,-0.00715509586746479,0.253034480114648,15025,14969,15010,14987,5355,2,30022,2462,15673,98824
"273",0,0,0,0,1,0,0,0,1,TRUE,8.46662963525793e-11,"c00101",2.83064296854033e-09,-0.0220614205899134,-0.0235490002731384,-0.0212073217806854,-0.0200304589967568,-0.00191213410051118,0.00259036433170536,-0.000154470602042933,-0.0193013008672471,0.967452332344303,14964,14977,14944,15066,24623,8,30034,2456,15586,85265
"274",1,0,0,0,1,0,0,0,1,TRUE,8.46662963525793e-11,"c10101",2.3771736331585e-09,0.0252282499847216,-0.135264021168948,-0.0203464610506254,-0.0218979222201818,-0.00201848037694764,-0.00216680799564933,-0.00230899424143983,-0.0257828780246194,0.90889679073746,14910,14937,14990,15138,24725,3,29834,2439,15927,86468
"275",0,1,0,0,1,0,0,0,1,TRUE,1.79694649020388e-11,"c00101",6.00771991508504e-10,-0.134296028083529,0.0280063466025016,-0.0244684135018771,-0.0240774948305195,-0.00479650172545178,-0.00175312144356184,-0.00477729964726846,-0.0132200377626311,0.907774183082295,14982,14791,14983,15033,24717,2,29935,2476,15717,86680
"276",1,1,0,0,1,0,0,0,1,TRUE,1.79694649020388e-11,"c10101",5.04528248043441e-10,0.224306244651762,0.235789807008888,-0.0164072680546305,-0.0128058830611185,-0.00251141014712812,-0.00116075306880336,-0.00387270560210975,-0.00977147328650976,0.48928905089642,14760,15131,15154,14902,24521,3,29967,2432,15796,95702
"277",0,0,1,0,1,0,0,0,1,TRUE,8.46662963525793e-11,"c01101",2.83024835351022e-09,-0.0230851091056814,-0.0196731096658701,0.0253807260527881,-0.136410603083394,0.00141553292100933,-0.00326223696993328,-0.00704033258234199,-0.0139079655932012,0.905766853226897,15061,14939,14935,15059,24828,7,30003,2471,15633,86804
"278",1,0,1,0,1,0,0,0,1,TRUE,8.46662963525793e-11,"c11101",2.37694404171525e-09,0.0229568044975736,-0.129347991232837,0.0203892574408222,-0.126415869541585,-0.00089721889512782,-0.0028271894882964,-0.00372932731234537,-0.018761245608063,0.852044854775769,15054,15108,14857,14943,24785,6,29791,2434,15504,88245
"279",0,1,1,0,1,0,0,0,1,TRUE,1.79694649020388e-11,"c01101",6.0068823892644e-10,-0.125422047924115,0.0254922465566805,0.0225904587259457,-0.130469453036917,-0.00340104792369295,-0.00164339788300859,-0.00369929481758353,-0.0186336212779219,0.854379738934961,14992,15124,15042,15035,24767,2,30243,2408,15611,88103
"280",1,1,1,0,1,0,0,0,1,TRUE,1.79694649020388e-11,"c11101",5.04479519853371e-10,0.218959277882705,0.212379918245975,0.0129363511017369,-0.0693981427494287,-0.00406848431550908,-0.00153638551585688,0.000861961058544911,-0.00702822894799487,0.458556255482548,15003,14988,14928,14925,24689,6,29999,2361,15760,96215
"281",0,0,0,1,1,0,0,0,1,TRUE,1.0835891173522e-14,"c00101",3.6227566906278e-13,-0.0181571819509041,-0.021072783002512,-0.136985058977108,0.0255483068251462,9.25528335242198e-05,-0.00276055490301354,-0.00383336832004586,-0.018490156087685,0.90711942870077,15007,15097,15072,15101,24882,5,29833,2413,15627,86775
"282",1,0,0,1,1,0,0,0,1,TRUE,1.0835891173522e-14,"c10101",3.04239064411215e-13,0.0194284903201256,-0.126285596608955,-0.126835966116133,0.0240906785749445,0.00622898792255842,-0.00230502820707375,-0.00539233359637181,-0.015264436719608,0.85074735580858,15114,14935,14952,14964,24738,4,30103,2476,15506,88275
"283",0,1,0,1,1,0,0,0,1,TRUE,2.29979548549112e-15,"c00101",7.68889180291623e-14,-0.126016509199458,0.0234759584208336,-0.127919478855452,0.0181413903419407,-0.00404080936471864,0.00365445461809115,-0.00391929210528076,-0.0151253937090916,0.850787298977659,14861,14799,14846,15115,24746,3,30123,2491,15606,88195
"284",1,1,0,1,1,0,0,0,1,TRUE,2.29979548549112e-15,"c10101",6.45713043475994e-14,0.215426070377339,0.217857488755274,-0.0684648287080778,0.0141451329707627,1.58322202662749e-06,-0.00124770861871731,-0.00797716028509482,-0.0085679734611062,0.455786326825986,14980,15038,15174,14606,25013,4,29908,2369,15778,96254
"285",0,0,1,1,1,0,0,0,1,TRUE,1.0835891173522e-14,"c01101",3.6222516483966e-13,-0.0112781776001674,-0.00827283815204184,0.22253967754263,0.237703455880859,0.000583297186488909,-0.00132592708770856,0.000847728708840329,-0.00982849585465028,0.484943454594643,14909,15045,14742,15034,24773,4,29981,2349,15746,95790
"286",1,0,1,1,1,0,0,0,1,TRUE,1.0835891173522e-14,"c11101",3.0420968048868e-13,0.0111886889369412,-0.0679892822471801,0.215270136291122,0.214474763718531,-0.00138486197253392,-0.00186589248640311,-0.000860578837594667,-0.00851178972060814,0.457426960205465,15070,15044,15038,15095,24686,9,30061,2471,15602,96276
"287",0,1,1,1,1,0,0,0,1,TRUE,2.29979548549112e-15,"c01101",7.68781990783655e-14,-0.0707398954539823,0.0143828267331278,0.224907156172074,0.209592835712705,0.000847151096518777,-0.00139324570410416,0.00255162563250079,-0.0121574130531955,0.46091879404918,15022,15076,14802,14830,24514,5,29966,2486,15450,96263
"288",1,1,1,1,1,0,0,0,1,TRUE,2.29979548549112e-15,"c11101",6.45650679419997e-14,0.118298209394621,0.121531371182096,0.114736867807705,0.124145795942803,0.00421551969946691,-0.000852970861690321,-0.00448587066333099,-0.00425134577866817,0.254122132234484,15030,14927,15065,15120,24889,6,30082,2431,15808,98802
"289",0,0,0,0,0,1,0,0,1,TRUE,0.0226809888212687,"c00001",0.758292074795712,-0.020976746723298,-0.0208076491346861,-0.0252355782745345,-0.0202127907784894,0.00102861936580395,0.00400133935331819,-0.0047847086385155,-0.020516232230068,0.96922135661925,14943,14970,15072,15001,5258,30350,30103,2388,15797,85017
"290",1,0,0,0,0,1,0,0,1,TRUE,0.0226809888212687,"c10001",0.636813595522772,0.020352908096307,-0.135474629857507,-0.0235032415251241,-0.0194252669005616,0.00628549284804751,-0.000985731771875489,-0.00537488762166087,-0.017078605910035,0.908659624744452,14984,14932,14912,14936,5294,29849,30116,2460,15439,86900
"291",0,1,0,0,0,1,0,0,1,TRUE,0.00481378364384903,"c00001",0.160938926238039,-0.133807793274528,0.0284291363770776,-0.0222274827027513,-0.0220881800257203,-2.0191102406308e-05,0.00331662399443618,-0.00535634644421715,-0.0214473115252427,0.90446609674786,15075,14925,14993,14963,5162,29985,30175,2420,15402,87037
"292",1,1,0,0,0,1,0,0,1,TRUE,0.00481378364384903,"c10001",0.135156491388665,0.239483634338502,0.219066848703372,-0.00936291716750889,-0.0121774392138919,0.000895579523641875,-0.000281666109273116,0.00235983832200857,-0.0117600386674306,0.488275528674468,15106,14802,14977,15007,5165,30007,30164,2368,15601,95779
"293",0,0,1,0,0,1,0,0,1,TRUE,0.0226809888212687,"c01001",0.758186362611854,-0.0229209674370119,-0.0215822104362399,0.0222535739653121,-0.137939281931282,-0.00425861903129329,0.0051351005696558,0.00108865083088757,-0.0130063439487718,0.901902094941031,15048,14934,14941,15347,5263,30213,29976,2414,15694,86849
"294",1,0,1,0,0,1,0,0,1,TRUE,0.0226809888212687,"c11001",0.636752090990485,0.018191511394646,-0.129533700585522,0.0228196974778788,-0.129009793951395,-0.00235898954868673,-2.65946192702481e-05,-0.00939483698452426,-0.0189341148347521,0.849334960380813,15062,14908,14994,14856,5190,29952,30019,2425,15755,88113
"295",0,1,1,0,0,1,0,0,1,TRUE,0.00481378364384903,"c01001",0.160916490021275,-0.129161545612098,0.0236145650392924,0.0208322773196846,-0.13178995102907,-0.00114178631340515,-0.00296202904137086,-0.00151036068004173,-0.0180480722947069,0.851447748372272,14960,15134,15192,15107,5223,29905,30027,2469,15698,88106
"296",1,1,1,0,0,1,0,0,1,TRUE,0.00481378364384903,"c11001",0.135143437746521,0.219095756752975,0.21758657705864,0.00874351774024774,-0.0694720654472101,0.0025468958850478,-0.00352697585350333,-0.0030106770993866,-0.00607612454421059,0.461150806394699,14894,15280,15009,14817,5233,30020,30086,2396,15618,96213
"297",0,0,0,1,0,1,0,0,1,TRUE,2.90279293134155e-06,"c00001",9.70488937653906e-05,-0.0188336010770442,-0.0216448880415625,-0.135326127684248,0.0235654076025741,-0.00454923980594488,-0.00198719670978329,-0.0050726755109976,-0.0142099926328227,0.907983654897022,14953,14889,15013,15056,5188,29940,30205,2424,15626,86754
"298",1,0,0,1,0,1,0,0,1,TRUE,2.90279293134155e-06,"c10001",8.15016496076339e-05,0.0216996878682798,-0.125066587057824,-0.128258263587331,0.0189337002676386,0.00161527927618182,-0.00391206368827199,-0.00422149952826739,-0.0163484668462828,0.852617737546464,14904,14801,15015,14943,5374,29824,29922,2409,15639,88124
"299",0,1,0,1,0,1,0,0,1,TRUE,6.16085006014784e-07,"c00001",2.05975313132467e-05,-0.125696746105023,0.0257687139305948,-0.127991725331983,0.0214487425509049,-0.000110903420567125,-0.000506692698095435,0.001840294961198,-0.015339516617225,0.852426331270878,14671,15198,14868,15023,5354,30153,30062,2475,15597,88162
"300",1,1,0,1,0,1,0,0,1,TRUE,6.16085006014784e-07,"c10001",1.72978043823222e-05,0.217970286532194,0.215213315613636,-0.0693494306812112,0.0156452565887494,-0.000719460896143103,0.0031772668204502,-0.002572193768864,-0.00955842854691511,0.461488681594774,15002,14924,14957,15229,5268,29922,29802,2413,15707,96183
"301",0,0,1,1,0,1,0,0,1,TRUE,2.90279293134155e-06,"c01001",9.70353643473181e-05,-0.00868124483219905,-0.0116039137702429,0.232163338925153,0.225754705717648,0.00100368048672051,-0.00282845958003216,-0.00237963321916013,-0.00671490362442321,0.484725644661236,14901,15099,15015,15059,5213,30121,30070,2384,15636,95827
"302",1,0,1,1,0,1,0,0,1,TRUE,2.90279293134155e-06,"c11001",8.14937780407029e-05,0.0105940964482829,-0.0692475361629735,0.216099430972119,0.22011813546033,0.00445625461359482,0.00131097648543318,-0.00345144431573557,-0.00956898355034207,0.459820206689684,14782,15009,14839,15198,5224,30054,29867,2407,15843,96172
"303",0,1,1,1,0,1,0,0,1,TRUE,6.16085006014784e-07,"c01001",2.05946598471064e-05,-0.0682134477940616,0.0112021800356208,0.216219006580548,0.205885582525727,-0.00734559672649028,0.00375532154855501,0.00023238121570764,-0.00875921329208334,0.451534928529974,15151,14998,15064,14952,5128,30074,30020,2457,15447,96409
"304",1,1,1,1,0,1,0,0,1,TRUE,6.16085006014784e-07,"c11001",1.72961337311684e-05,0.117325285640294,0.123943970758374,0.120879059315162,0.122362587311273,-0.00435365882969665,-0.00261078464079887,-0.00340378489822898,-0.00513930804396072,0.256145925520763,15062,14913,14828,15118,5220,30305,29879,2381,15598,98802
"305",0,0,0,0,1,1,0,0,1,TRUE,0.0226809888212687,"c00101",0.758292074795712,-0.0239473038722069,-0.0199869281099088,-0.0211771149743961,-0.0223220276170771,-0.00444755358174893,0.000305746308487202,-0.00952150688593267,-0.0162206035548446,0.968987405521218,15077,15125,15133,14865,24637,29824,30183,2323,15560,85250
"306",1,0,0,0,1,1,0,0,1,TRUE,0.0226809888212687,"c10101",0.636813595522772,0.0317214371925294,-0.135175114432352,-0.0212345162399749,-0.0204550218591167,-0.00321196436977553,0.00214711394531467,-0.00839950586898744,-0.0126916409257186,0.905358650240108,14824,14972,15083,14912,24676,29953,29935,2471,15676,86777
"307",0,1,0,0,1,1,0,0,1,TRUE,0.00481378364384903,"c00101",0.160938926238039,-0.135089867730435,0.027009422455152,-0.0224820863586393,-0.0256473632671423,0.00510164001723172,-0.001090248272532,-0.00370914516947664,-0.0196931686869526,0.905960035212672,14975,15052,14895,15147,24656,30060,29898,2461,15655,86780
"308",1,1,0,0,1,1,0,0,1,TRUE,0.00481378364384903,"c10101",0.135156491388665,0.229326633090189,0.223863972346902,-0.00879397285278771,-0.00985243251700797,0.000335911983091147,-0.00784946149231263,0.00155918724979989,-0.00744714148546371,0.480462716975077,14799,14767,15014,15026,24788,30053,29730,2372,15502,95937
"309",0,0,1,0,1,1,0,0,1,TRUE,0.0226809888212687,"c01101",0.758186362611854,-0.0225887422893309,-0.0206600404907434,0.0236909029722653,-0.135815238749519,0.00179026739467297,0.00390346083810021,-0.00925408505540443,-0.0178591451732299,0.9083274862149,14866,14992,15142,14920,24815,29894,30100,2317,15569,86795
"310",1,0,1,0,1,1,0,0,1,TRUE,0.0226809888212687,"c11101",0.636752090990485,0.0240923361168439,-0.128497852802424,0.024127375609085,-0.124837435250036,0.00449523526850723,0.000766095325297989,-0.00333466769190735,-0.0166673079646892,0.84502644463801,15183,15045,15052,14979,25091,30050,29944,2408,15736,88234
"311",0,1,1,0,1,1,0,0,1,TRUE,0.00481378364384903,"c01101",0.160916490021275,-0.126584973796219,0.0206936747399152,0.0221620369320096,-0.129770588617496,-3.02710104388709e-05,0.000972044360048974,-0.00741849031800493,-0.0128211121073517,0.849128811403796,15058,15112,15120,15223,24801,29968,30021,2429,15712,88152
"312",1,1,1,0,1,1,0,0,1,TRUE,0.00481378364384903,"c11101",0.135143437746521,0.2068183331072,0.218575895778048,0.00937285766624859,-0.0677430525757309,-0.000686118702281124,-0.00268369027763651,-0.00718157875402791,-0.0114483758231473,0.456726430151595,15129,15249,14944,15076,24781,29772,30125,2495,15624,96281
"313",0,0,0,1,1,1,0,0,1,TRUE,2.90279293134155e-06,"c00101",9.70488937653906e-05,-0.025538658335525,-0.0199753486215558,-0.138513189814442,0.0246426414196048,-0.00397638186406956,0.00371649604343837,0.000299144399490225,-0.0235027981007086,0.90826482811093,15051,15031,15180,15015,24640,29886,30293,2411,15666,86712
"314",1,0,0,1,1,1,0,0,1,TRUE,2.90279293134155e-06,"c10101",8.15016496076339e-05,0.0288899760286514,-0.12854056905446,-0.12690159491552,0.0213754792570445,-0.00735291754621473,-0.00655435903402712,-0.0045926400666603,-0.0156365556795224,0.851459490008315,14770,14934,15024,14868,24884,29893,29943,2466,15709,88097
"315",0,1,0,1,1,1,0,0,1,TRUE,6.16085006014784e-07,"c00101",2.05975313132467e-05,-0.126876869931441,0.0210375743581512,-0.127866944511994,0.0188969098470769,0.00218894521532902,0.0044610969982717,-0.00355219178943665,-0.0208308559768072,0.845304380697977,15067,15053,15085,14879,24979,30130,30389,2407,15643,88300
"316",1,1,0,1,1,1,0,0,1,TRUE,6.16085006014784e-07,"c10101",1.72978043823222e-05,0.215650796999786,0.218744406858768,-0.0647016167174883,0.0150128031863726,0.000509312872563582,-0.000448938907858808,-0.00376567635023287,-0.0119767490438774,0.458837357703254,15017,15069,14961,14911,24721,30000,30103,2339,15554,96267
"317",0,0,1,1,1,1,0,0,1,TRUE,2.90279293134155e-06,"c01101",9.70353643473181e-05,-0.0164329970295235,-0.00666122835075244,0.235258548193973,0.225177598979615,0.00745726772068062,0.00166463481077609,-0.00120537155875426,-0.00880381128193729,0.484332994297992,14896,15088,14907,14843,24738,29834,29862,2414,15545,95861
"318",1,0,1,1,1,1,0,0,1,TRUE,2.90279293134155e-06,"c11101",8.14937780407029e-05,0.0142704056218444,-0.0690141673588347,0.217814693056429,0.212013200519503,0.00153532119366682,-0.00259973362210123,-0.00251221058906186,-0.00739167531698344,0.454793398906256,14993,14965,14896,14822,24771,29755,30163,2411,15873,96244
"319",0,1,1,1,1,1,0,0,1,TRUE,6.16085006014784e-07,"c01101",2.05946598471064e-05,-0.0654992522773367,0.0137686697322223,0.215863669078783,0.210275802687605,-0.00270093388126517,-0.0062300464807613,-0.00521283363693977,-0.0122705852809888,0.455930928992832,14921,14948,15220,14926,24816,30024,30030,2433,15537,96317
"320",1,1,1,1,1,1,0,0,1,TRUE,6.16085006014784e-07,"c11101",1.72961337311684e-05,0.125014976888244,0.124039889228406,0.122522111737049,0.121871383751698,-0.00285262522806971,-0.00297742034043154,-6.84523900763167e-05,-0.00628189046137929,0.257769465274089,14904,14936,15170,15153,24822,29911,30020,2512,15751,98773
"321",0,0,0,0,0,0,1,0,1,TRUE,8.46662963525793e-11,"c00011",2.6019943563711e-09,-0.0216152236276617,-0.0235995466329771,-0.0221038358742368,-0.023378353067669,0.00164628012904616,-0.0029062792531347,0,-0.0640082918922884,0.961282290298611,14998,15078,14904,14977,5143,5,0,2368,15455,85549
"322",1,0,0,0,0,0,1,0,1,TRUE,8.46662963525793e-11,"c10011",2.24076371542605e-09,0.0237539984107892,-0.132499874087766,-0.0187555594712552,-0.0227137286226135,0.00563568034597669,0.00697672600593623,0,-0.0612564341386801,0.900319238358377,15275,14970,14923,14885,5232,4,0,2459,15514,87044
"323",0,1,0,0,0,0,1,0,1,TRUE,1.79694649020388e-11,"c00011",5.52243906682817e-10,-0.130435554683623,0.0251646257362824,-0.0210925335094122,-0.0215170359076109,-0.0011735449455587,0.00332578551203776,0,-0.0599979782319721,0.89924531678891,14878,15059,15038,14859,5390,3,0,2363,15536,87052
"324",1,1,0,0,0,0,1,0,1,TRUE,1.79694649020388e-11,"c10011",4.75576784065668e-10,0.228023084251608,0.226667757410649,-0.0118581645328615,-0.0131267945038289,0.00691339681441213,-0.00173549556750333,0,-0.0326237711853222,0.480045367494468,14989,15137,14986,15167,5154,7,0,2414,15733,95875
"325",0,0,1,0,0,0,1,0,1,TRUE,8.46662963525793e-11,"c01011",2.60168780324045e-09,-0.0210963357343664,-0.0235790484017016,0.0237973266107918,-0.136528926882201,-0.00250084263677338,-0.00173805874133221,0,-0.0596030377356383,0.902359997887098,15113,15097,15092,15078,5234,2,0,2298,15647,86878
"326",1,0,1,0,0,0,1,0,1,TRUE,8.46662963525793e-11,"c11011",2.24057616767768e-09,0.0222563864609402,-0.127585822665657,0.0182837798415561,-0.126039126097432,-0.00423032661257044,-0.00256988665133841,0,-0.0572934137997368,0.842358454579982,14942,15006,14758,14775,5169,5,0,2425,15693,88333
"327",0,1,1,0,0,0,1,0,1,TRUE,1.79694649020388e-11,"c01011",5.52178844244052e-10,-0.124204216517741,0.0153413017145203,0.0249164395833324,-0.127012689013221,-0.00394819560935096,0.00118016656347178,0,-0.0587774091829276,0.843374456687201,14933,15022,15140,14962,5311,6,0,2527,15779,88241
"328",1,1,1,0,0,0,1,0,1,TRUE,1.79694649020388e-11,"c11011",4.75536979174854e-10,0.210647165817791,0.219394143554385,0.0109106940258274,-0.0678737241366506,0.00165609954221307,-0.0015091800368439,0,-0.0304274051890968,0.449792848651433,14836,15091,15138,14932,5252,6,0,2381,15798,96343
"329",0,0,0,1,0,0,1,0,1,TRUE,1.0835891173522e-14,"c00011",3.3301241337335e-13,-0.0245136293204777,-0.0165137732567608,-0.134044232598516,0.0215820331873616,0.00309594600136682,-0.00271078707143106,0,-0.0608166911176494,0.896312540115962,15080,14887,15258,14900,5152,5,0,2455,15464,87187
"330",1,0,0,1,0,0,1,0,1,TRUE,1.0835891173522e-14,"c10011",2.86780842105347e-13,0.0256205252382764,-0.129697400268038,-0.124664044122191,0.02200411869971,-0.000916756652039782,-0.00280534072672211,0,-0.0568634511806111,0.840207165224777,15023,15205,14947,15197,5205,6,0,2406,15668,88405
"331",0,1,0,1,0,0,1,0,1,TRUE,2.29979548549112e-15,"c00011",7.06781226042533e-14,-0.126395724623949,0.024136815956363,-0.122195919900114,0.0205045202277149,-0.000409513792378038,-0.00160704412899028,0,-0.0574226931234376,0.837579003069574,15079,15019,14937,15154,5237,2,0,2490,15545,88564
"332",1,1,0,1,0,0,1,0,1,TRUE,2.29979548549112e-15,"c10011",6.08659938935921e-14,0.214647082738854,0.221002512935844,-0.0660773049995838,0.014354502586509,0.00190958795868815,-0.000628071720924758,0,-0.031277666471824,0.45856390483685,15029,14961,14866,15020,5292,1,0,2420,15796,96205
"333",0,0,1,1,0,0,1,0,1,TRUE,1.0835891173522e-14,"c01011",3.32973179622663e-13,-0.0139248174522004,-0.0158046296988136,0.22901502666423,0.225380668665176,0.00646292128539876,-0.00114057131777529,0,-0.0331179989121989,0.487637406829983,14970,15058,15157,15005,5183,3,0,2467,15423,95844
"334",1,0,1,1,0,0,1,0,1,TRUE,1.0835891173522e-14,"c11011",2.86756839083143e-13,0.00395411768043717,-0.0697847852910601,0.211906849238425,0.214157145676659,-0.0012391966903674,-0.00122872636242446,0,-0.030768984594345,0.452054073444512,14704,14955,14906,15038,5340,4,0,2447,15590,96363
"335",0,1,1,1,0,0,1,0,1,TRUE,2.29979548549112e-15,"c01011",7.06697956839046e-14,-0.0678916908904608,0.0131230113545502,0.213181806496962,0.208768417331754,0.00159452174996305,-0.00106030187208187,0,-0.0300891727311127,0.449977772901823,14938,14968,14945,15071,5270,3,0,2359,15617,96388
"336",1,1,1,1,0,0,1,0,1,TRUE,2.29979548549112e-15,"c11011",6.08608995232982e-14,0.12422741183231,0.118668509909068,0.117970241184629,0.128697841061166,-0.00279776459272531,-0.00094058611527022,0,-0.017336554584831,0.260553409528455,14937,15134,14967,14911,5200,7,0,2323,15694,98752
"337",0,0,0,0,1,0,1,0,1,TRUE,8.46662963525793e-11,"c00111",2.6019943563711e-09,-0.0186313046451995,-0.0254786510228363,-0.0209335095037678,-0.0215906891673071,-0.000383639533020314,-0.00130658003932911,0,-0.0651083701659276,0.96002229377158,14860,15013,15083,14796,24680,1,0,2423,15628,85418
"338",1,0,0,0,1,0,1,0,1,TRUE,8.46662963525793e-11,"c10111",2.24076371542605e-09,0.0235869381536499,-0.138364717156096,-0.0231817030095054,-0.020336434863552,0.00365922069142634,0.0049188100078927,0,-0.0602277575660111,0.898098110473708,15036,15119,15079,15077,24927,2,0,2369,15636,86995
"339",0,1,0,0,1,0,1,0,1,TRUE,1.79694649020388e-11,"c00111",5.52243906682817e-10,-0.133743698520976,0.0239264381677125,-0.0172209495725063,-0.0192649358257263,-0.00586928041971584,0.00223823648675153,0,-0.0616837940072208,0.899965515673323,15013,15082,15037,15034,24598,4,0,2468,15658,86929
"340",1,1,0,0,1,0,1,0,1,TRUE,1.79694649020388e-11,"c10111",4.75576784065668e-10,0.235731376347261,0.220595777710892,-0.0162758311395568,-0.0107978272471573,0.00427983345492696,-0.00132658453032021,0,-0.0334967660919953,0.485568270931987,14930,14946,15094,15109,24889,4,0,2487,15725,95786
"341",0,0,1,0,1,0,1,0,1,TRUE,8.46662963525793e-11,"c01111",2.60168780324045e-09,-0.0223682550030108,-0.0137314223276932,0.0228324513863999,-0.136965711886411,0.000331920746885475,-0.0024414899449499,0,-0.060752968155055,0.899089549372264,14959,15003,14969,15044,24668,4,0,2417,15565,87031
"342",1,0,1,0,1,0,1,0,1,TRUE,8.46662963525793e-11,"c11111",2.24057616767768e-09,0.0163709238639242,-0.126147760616075,0.0234685182576677,-0.125040123783432,-0.00285549898719163,0.00370438958219611,0,-0.056249030360584,0.842387237446311,15010,15057,15056,15009,24777,3,0,2345,15660,88358
"343",0,1,1,0,1,0,1,0,1,TRUE,1.79694649020388e-11,"c01111",5.52178844244052e-10,-0.125963970724193,0.0242248052863784,0.0171632516700073,-0.12986561852433,-0.00237009315251855,-0.00305019521187987,0,-0.0573496073048989,0.840749884369192,15009,14864,15156,14902,24874,7,0,2415,15826,88269
"344",1,1,1,0,1,0,1,0,1,TRUE,1.79694649020388e-11,"c11111",4.75536979174854e-10,0.212870021653113,0.210988997837171,0.0138156548672311,-0.0680103265775756,0.00620665345305616,0.00720825311442869,0,-0.0301812195838367,0.451733205438265,14975,14850,14999,14977,24667,4,0,2352,15635,96356
"345",0,0,0,1,1,0,1,0,1,TRUE,1.0835891173522e-14,"c00111",3.3301241337335e-13,-0.0215009269191545,-0.0248961842139926,-0.135108551898731,0.0202905750077013,0.00598478584644599,-0.0017178778892016,0,-0.0606841687594522,0.895003866254522,15134,14974,15156,14954,24790,2,0,2435,15555,87142
"346",1,0,0,1,1,0,1,0,1,TRUE,1.0835891173522e-14,"c10111",2.86780842105347e-13,0.0196904708662224,-0.12658420286691,-0.126260775496958,0.0222364513250294,-0.00832154887623012,-0.00162239564055638,0,-0.0566321467657827,0.84294913522571,14960,14876,15141,14878,25096,2,0,2379,15627,88370
"347",0,1,0,1,1,0,1,0,1,TRUE,2.29979548549112e-15,"c00111",7.06781226042533e-14,-0.124877740504652,0.0208574725561933,-0.127322414131416,0.015451062476223,0.00244102428452754,-0.00113942925756562,0,-0.0576969547702435,0.842323051115596,14992,14727,15043,14995,24892,1,0,2500,15468,88509
"348",1,1,0,1,1,0,1,0,1,TRUE,2.29979548549112e-15,"c10111",6.08659938935921e-14,0.213410060088626,0.214072935091753,-0.0663125171839151,0.0078560125179475,0.000698415060585348,-0.00174068899823773,0,-0.0303732240086304,0.454104877814286,15090,14729,14737,14975,24674,8,0,2378,15516,96351
"349",0,0,1,1,1,0,1,0,1,TRUE,1.0835891173522e-14,"c01111",3.32973179622663e-13,-0.00898714471831331,-0.00677519525956138,0.231644013438485,0.23065008413272,0.00446007718348642,0,0,-0.0332799140550938,0.485452506634776,14914,14942,14940,14987,24682,0,0,2448,15774,95773
"350",1,0,1,1,1,0,1,0,1,TRUE,1.0835891173522e-14,"c11111",2.86756839083143e-13,0.00923043860603334,-0.0668231298536461,0.2137842616181,0.21542909835075,0.00032520158540419,-0.00123257771529038,0,-0.0308654277249089,0.451261219564875,15007,15088,14815,14933,24607,4,0,2447,15719,96341
"351",0,1,1,1,1,0,1,0,1,TRUE,2.29979548549112e-15,"c01111",7.06697956839046e-14,-0.065803792524211,0.0043012035189208,0.209528639459626,0.220953205425936,-0.00190997464395551,0.00420160634762212,0,-0.0308314024243343,0.452995572016305,14975,14914,14882,14812,24597,8,0,2435,15655,96331
"352",1,1,1,1,1,0,1,0,1,TRUE,2.29979548549112e-15,"c11111",6.08608995232982e-14,0.123901529155168,0.11068175840284,0.118271072196567,0.112297447511997,0.000813771891599805,-0.000828494989172918,0,-0.0166929582191411,0.250376263698747,14856,14800,14779,15058,24694,6,0,2378,15432,98869
"353",0,0,0,0,0,1,1,0,1,TRUE,0.0226809888212687,"c00011",0.697040114570446,-0.02948301234192,-0.0197843182791789,-0.0245095757929481,-0.0140040388855513,0.00170681574800291,0.000569415261698988,0,-0.06389510988969,0.960716837805163,15121,15060,15086,14940,5248,30086,0,2345,15555,85469
"354",1,0,0,0,0,1,1,0,1,TRUE,0.0226809888212687,"c10011",0.600271170112835,0.023418833314414,-0.134051996502522,-0.0225886421701249,-0.0220589008068609,-0.00284351736197471,-0.000807126439054257,0,-0.0620210663186649,0.900650373487199,14989,14833,14984,14884,5249,30267,0,2485,15689,86885
"355",0,1,0,0,0,1,1,0,1,TRUE,0.00481378364384903,"c00011",0.147938889660728,-0.13531605851794,0.0196722915492401,-0.018789695380442,-0.0180956753983887,0.00301482177132581,-0.00336622753392574,0,-0.0627001850669129,0.898312979834893,15041,15145,14928,14861,5292,29957,0,2558,15653,86975
"356",1,1,0,0,0,1,1,0,1,TRUE,0.00481378364384903,"c10011",0.127400774425392,0.232283278911383,0.224453990296609,-0.00704862663857535,-0.0154281103158574,-0.000797551594767099,-0.000326047310897245,0,-0.032537008135628,0.48205130473111,14957,14977,15156,14973,5214,30267,0,2385,15716,95847
"357",0,0,1,0,0,1,1,0,1,TRUE,0.0226809888212687,"c01011",0.696957993012884,-0.0217782475412926,-0.0164862298488389,0.0243667551704056,-0.134236649257687,0.000799323245362493,0.00433154214040609,0,-0.0604200438030262,0.895063645112529,14937,15195,15011,15026,5313,29902,0,2411,15572,87126
"358",1,0,1,0,0,1,1,0,1,TRUE,0.0226809888212687,"c11011",0.600220928534218,0.022620752086246,-0.125758639066248,0.0196100497654256,-0.127115538540205,0.000187372699489226,-0.00218164390169422,0,-0.0567608864185952,0.846354067590747,14803,14902,15017,14961,5271,29978,0,2374,15609,88301
"359",0,1,1,0,0,1,1,0,1,TRUE,0.00481378364384903,"c01011",0.147921460287885,-0.125656351084568,0.0218931756604298,0.0212042449941084,-0.121640638318404,0.00165963187802291,-0.00408054324386153,0,-0.0570482804307644,0.840895072195093,15146,15047,14980,14848,5257,29954,0,2445,15515,88507
"360",1,1,1,0,0,1,1,0,1,TRUE,0.00481378364384903,"c11011",0.127390111217923,0.207078781752774,0.215673672962217,0.00499353176407603,-0.0679846179216678,0.000137762694500719,-0.0014531610104229,0,-0.0305037277053385,0.455500342081203,14909,15179,14901,14887,5210,29945,0,2394,15458,96345
"361",0,0,0,1,0,1,1,0,1,TRUE,2.90279293134155e-06,"c00011",8.92096518975058e-05,-0.0215467624768631,-0.0163261759946527,-0.134043525252843,0.0244538255045886,0.00186812155800431,-0.0027025570906059,0,-0.0607293245358415,0.898725085602479,15022,14896,14907,14985,5329,29730,0,2416,15571,87035
"362",1,0,0,1,0,1,1,0,1,TRUE,2.90279293134155e-06,"c10011",7.68248211408534e-05,0.0203778578637433,-0.126553434312326,-0.127943521424056,0.0249773133028423,-0.000801174000265177,0.00331042796365936,0,-0.0569862260408759,0.842613240543223,15098,14843,15052,14866,5161,30141,0,2415,15599,88400
"363",0,1,0,1,0,1,1,0,1,TRUE,6.16085006014784e-07,"c00011",1.89337407888929e-05,-0.127584050689739,0.0227149290135373,-0.128388608766901,0.016114786032463,-0.003451752255134,0.00159759018764275,0,-0.0571651950284879,0.844062295497103,15070,14990,14968,15003,5252,29935,0,2419,15614,88353
"364",1,1,0,1,0,1,1,0,1,TRUE,6.16085006014784e-07,"c10011",1.63052003756854e-05,0.224366875658839,0.2105693585488,-0.0679626774295773,0.011893489456996,0.00362581852588012,-0.00263925767887433,0,-0.0308995878119192,0.456234118969907,15297,14957,15297,14950,5272,29836,0,2405,15693,96270
"365",0,0,1,1,0,1,1,0,1,TRUE,2.90279293134155e-06,"c01011",8.91991416909764e-05,-0.0133921202667223,-0.0198650316777545,0.233131005795654,0.22817590083141,-0.00556827617968622,0.00344375948498238,0,-0.0334468986825153,0.483353007726409,15047,14826,15031,15038,5333,29804,0,2475,15873,95778
"366",1,0,1,1,0,1,1,0,1,TRUE,2.90279293134155e-06,"c11011",7.68183910464506e-05,0.0156466994368829,-0.0685058700182475,0.212931965807513,0.213277303973081,-0.00417037107190953,-0.00198451835782703,0,-0.0302753121004499,0.454614842692932,14965,14897,14977,15065,5360,30093,0,2350,15561,96331
"367",0,1,1,1,0,1,1,0,1,TRUE,6.16085006014784e-07,"c01011",1.89315101162938e-05,-0.0680539659997717,0.00688588944581684,0.210172036330866,0.21995945689413,0.000583548469621907,-0.000156186090090009,0,-0.0306030566919985,0.454314658809614,14893,14962,14944,15090,5150,30110,0,2392,15623,96319
"368",1,1,1,1,0,1,1,0,1,TRUE,6.16085006014784e-07,"c11011",1.6303835660791e-05,0.113984329369588,0.126879913640291,0.123591954288293,0.111747173979514,-1.44184812784514e-06,0.00114485788712559,0,-0.0171934830779633,0.25187822662325,14923,14982,15008,15246,5362,29987,0,2426,15783,98825
"369",0,0,0,0,1,1,1,0,1,TRUE,0.0226809888212687,"c00111",0.697040114570446,-0.0223647553125432,-0.0207612903056251,-0.024240856893564,-0.0187213811004283,-0.00161246442648537,0.00505607424263587,0,-0.0656759507313045,0.957170878009121,15064,14983,14917,14942,24854,30104,0,2454,15764,85364
"370",1,0,0,0,1,1,1,0,1,TRUE,0.0226809888212687,"c10111",0.600271170112835,0.0263319266103822,-0.136364866701695,-0.019429316873801,-0.0165420585001589,-0.000845821524193766,0.00446084824426399,0,-0.0614208711437308,0.897892412856821,14982,15134,15004,14950,24775,29910,0,2445,15733,86917
"371",0,1,0,0,1,1,1,0,1,TRUE,0.00481378364384903,"c00111",0.147938889660728,-0.132971159322209,0.0243032808906745,-0.0234175894472194,-0.0251419078234497,0.00289556891797236,-0.000240527450120414,0,-0.0609899172150105,0.898987395364011,15097,14975,15101,14924,24536,29923,0,2456,15455,87128
"372",1,1,0,0,1,1,1,0,1,TRUE,0.00481378364384903,"c10111",0.127400774425392,0.235474729989209,0.220576773561355,-0.0175444266084673,-0.0100914708697121,-0.000549916867138718,-0.000916934087762781,0,-0.0320569192846238,0.482551298269017,15061,14644,15132,14855,24610,30022,0,2372,15372,95942
"373",0,0,1,0,1,1,1,0,1,TRUE,0.0226809888212687,"c01111",0.696957993012884,-0.0245680066628569,-0.0272909903775157,0.0237798774533449,-0.137189155026835,-9.11483861576677e-05,-0.000255643677195129,0,-0.0610268301420225,0.896338703284091,15087,15004,14995,15050,24508,30309,0,2412,15793,86905
"374",1,0,1,0,1,1,1,0,1,TRUE,0.0226809888212687,"c11111",0.600220928534218,0.0197787459888892,-0.125542040725504,0.0218359081042564,-0.128291174234324,0.00140702329154028,-0.0041141644362293,0,-0.0575441924243988,0.845785230078547,15134,14966,14999,14959,24488,29893,0,2449,15568,88347
"375",0,1,1,0,1,1,1,0,1,TRUE,0.00481378364384903,"c01111",0.147921460287885,-0.125357533959756,0.0204395967660302,0.0173525406072536,-0.128119246623072,0.00130665775955273,0.00273990359414222,0,-0.0579340617731986,0.84609160199159,14748,15098,14988,14990,24798,30077,0,2470,15621,88298
"376",1,1,1,0,1,1,1,0,1,TRUE,0.00481378364384903,"c11111",0.127390111217923,0.211399366623737,0.225491548929244,0.00446663857436221,-0.0688737006209349,-0.00491878151481886,0.00271248460841321,0,-0.0316996016070143,0.459225965299272,15216,15103,15072,14922,24651,30103,0,2465,15863,96176
"377",0,0,0,1,1,1,1,0,1,TRUE,2.90279293134155e-06,"c00111",8.92096518975058e-05,-0.0285344625096509,-0.0213590301956086,-0.13574638514659,0.0211895826611405,-0.00359599768226052,0.000568878878385813,0,-0.0603329519477776,0.895552069373769,14961,14986,14867,15089,24878,30059,0,2388,15649,87048
"378",1,0,0,1,1,1,1,0,1,TRUE,2.90279293134155e-06,"c10111",7.68248211408534e-05,0.0245371615314715,-0.124904245752759,-0.12439770681477,0.0226681040255828,-0.0013316165147416,-0.00512217708165122,0,-0.05601235266078,0.840647139060245,14955,14875,15046,15128,25043,29899,0,2324,15725,88350
"379",0,1,0,1,1,1,1,0,1,TRUE,6.16085006014784e-07,"c00111",1.89337407888929e-05,-0.123789816316537,0.0243451266300242,-0.124933227104188,0.0289198482533879,0.00182991016495946,-0.000281677167389963,0,-0.0568672352276369,0.840465892437084,14977,15226,15095,15125,24670,30065,0,2407,15656,88408
"380",1,1,0,1,1,1,1,0,1,TRUE,6.16085006014784e-07,"c10111",1.63052003756854e-05,0.214947975784396,0.210940788147363,-0.0671048461502477,0.00874783716581599,0.0016997608077775,0.00341667531651679,0,-0.0310314843519701,0.458560124783065,15106,15121,14916,14940,24741,29997,0,2435,15504,96285
"381",0,0,1,1,1,1,1,0,1,TRUE,2.90279293134155e-06,"c01111",8.91991416909764e-05,-0.0163393940158104,-0.00860247132490136,0.228646024075727,0.224721448530539,0.00135885280999014,-0.00197687696255648,0,-0.0325124782813017,0.4837162027902,14798,14854,15072,14873,24508,29878,0,2385,15605,95853
"382",1,0,1,1,1,1,1,0,1,TRUE,2.90279293134155e-06,"c11111",7.68183910464506e-05,0.0186765608993066,-0.0657752123628503,0.215925107179214,0.208359240107193,-0.000835738462775206,-0.00396207604861571,0,-0.0313131727338442,0.452488232638282,14852,14912,14961,14848,24746,30305,0,2530,15576,96360
"383",0,1,1,1,1,1,1,0,1,TRUE,6.16085006014784e-07,"c01111",1.89315101162938e-05,-0.0704491673495451,0.00962610594674282,0.218712567942647,0.214303931997883,-0.00418883170554899,0.00305734277835684,0,-0.0312553922867073,0.457312078480717,14959,14899,14820,15192,24739,29916,0,2458,15638,96268
"384",1,1,1,1,1,1,1,0,1,TRUE,6.16085006014784e-07,"c11111",1.6303835660791e-05,0.121425729770333,0.114141180804765,0.117943935760146,0.11782808755087,-0.00141983702243941,0.003589872968377,0,-0.0167582311047535,0.250323765876476,14786,15196,14795,14980,24767,29941,0,2343,15740,98843
"385",0,0,0,0,0,0,0,1,1,TRUE,7.42748794846126e-12,"c00001",2.48322738102024e-10,-0.0186826321693239,-0.0198290425610122,-0.0174892412122533,-0.0161293826540812,-0.00331466435818316,-0.003441908782616,-0.156633286684078,0.0580058525683667,0.843501998810845,15002,15212,14987,14937,5382,9,29776,27684,15611,88369
"386",1,0,0,0,0,0,0,1,1,TRUE,7.42748794846126e-12,"c10001",2.08541406348486e-10,0.0209950385497174,-0.118439662968126,-0.0219871742749639,-0.01553267898097,0.0019769288232891,0.00574971048173747,-0.1428456912674,0.0634030548952354,0.792979861900336,15053,14875,15112,15013,5339,2,30169,27182,15770,89467
"387",0,1,0,0,0,0,0,1,1,TRUE,1.57640040665514e-12,"c00001",5.27036957908287e-11,-0.117712340742113,0.0197211328654846,-0.0206524795159953,-0.0146630024988456,0.0032414675444623,-0.00108515770480215,-0.145493318330178,0.0650499523390961,0.79342242899198,15002,15041,14729,15094,5266,1,30214,27207,15758,89465
"388",1,1,0,0,0,0,0,1,1,TRUE,1.57640040665514e-12,"c10001",4.42605575469556e-11,0.193750722855848,0.20789166686131,-0.0100193148305293,-0.0107264396224113,0.00324868946715926,-0.0012976688180603,-0.0777159441761631,0.0342607446518478,0.427224834003201,15137,14948,14994,14912,5312,5,30108,27569,15577,96742
"389",0,0,1,0,0,0,0,1,1,TRUE,7.42748794846126e-12,"c01001",2.48288119859504e-10,-0.0190913460074747,-0.0190686987953034,0.016716012921315,-0.120177446654786,-0.00156146486880019,0.0081303068300194,-0.145459219911873,0.0580270979571427,0.790565754747756,15181,15038,15068,14843,5342,4,30034,27565,15854,89465
"390",1,0,1,0,0,0,0,1,1,TRUE,7.42748794846126e-12,"c11001",2.08521265067348e-10,0.0225119540607293,-0.112496709734207,0.0166798948552659,-0.1111837328929,-9.85111371000027e-05,-0.00142941367671231,-0.137172659555407,0.0484967439921168,0.744064459605189,15066,15042,15143,15032,5153,2,30096,27691,15578,90731
"391",0,1,1,0,0,0,0,1,1,TRUE,1.57640040665514e-12,"c01001",5.26963484599457e-11,-0.111894287867372,0.0210079144039314,0.0153531372446096,-0.110426163405322,-0.00267359028527366,-0.00175878265013169,-0.139569941362685,0.0518430423233358,0.744539996062757,15097,15187,15198,14947,5344,3,30009,27735,15683,90653
"392",1,1,1,0,0,0,0,1,1,TRUE,1.57640040665514e-12,"c11001",4.42562827875757e-11,0.191032997938739,0.188007085405822,0.0112256973760512,-0.0600924594836758,0.00290642320791659,0.00630948176056364,-0.0706545487136826,0.0303183296917407,0.404448532452931,14920,14923,15061,14812,5225,6,29794,27561,15578,97070
"393",0,0,0,1,0,0,0,1,1,TRUE,9.50596099857869e-16,"c00001",3.17812197049359e-14,-0.0130167535903887,-0.0203075747113719,-0.120165136602667,0.0241882638172106,-0.00120730525524958,-0.00108889585524225,-0.144846059248537,0.0569473995338185,0.793735377059751,14942,14862,14811,15160,5305,1,29865,27685,15839,89400
"394",1,0,0,1,0,0,0,1,1,TRUE,9.50596099857869e-16,"c10001",2.66898645826568e-14,0.021147020739916,-0.113160590478449,-0.11000604914371,0.0158005651650669,-0.000664798709076649,0.00452759796330653,-0.137786227253165,0.0485416544996078,0.744747994512304,14796,15056,14930,15023,5136,3,30070,27693,15621,90688
"395",0,1,0,1,0,0,0,1,1,TRUE,2.01753283045202e-16,"c00001",6.74520484105752e-15,-0.110797874367903,0.0212303422562169,-0.114737661989078,0.0146789026999555,0.000681361971572621,0,-0.131661393266954,0.0531944849930328,0.747415183273227,14983,15107,15111,14792,5179,0,29977,27635,15328,90816
"396",1,1,0,1,0,0,0,1,1,TRUE,2.01753283045202e-16,"c10001",5.66462223481455e-15,0.185390071510968,0.197675899951834,-0.0617987341281245,0.0132759334819919,0.000281619686031143,-0.00111074841164477,-0.0749954008822784,0.0298103717047457,0.405602339365767,15155,14868,14905,14827,5245,4,29996,27883,15788,97008
"397",0,0,1,1,0,0,0,1,1,TRUE,9.50596099857869e-16,"c01001",3.17767891401808e-14,-0.0134747966333995,-0.00388241603439623,0.205386321286327,0.205157851546885,-0.00120509323309491,-0.00131608264399695,-0.0829676434058297,0.0302797452835395,0.432777140956508,14947,14992,15123,14986,5373,5,30057,27751,15608,96652
"398",1,0,1,1,0,0,0,1,1,TRUE,9.50596099857869e-16,"c11001",2.66872868304707e-14,0.00826322977119242,-0.0583279924139058,0.187035801976977,0.191435682956644,0.00785661756480534,-0.00109670193218404,-0.0750116085817714,0.0229845590167136,0.400699168626071,14983,14885,14965,14876,5258,4,29956,27677,15773,97081
"399",0,1,1,1,0,0,0,1,1,TRUE,2.01753283045202e-16,"c01001",6.74426450374157e-15,-0.0614185609908338,0.0110919290594236,0.193869001271134,0.19114153905888,-0.00366581082409011,-0.0011063397763504,-0.0746775775722456,0.0285282825039795,0.408425030894019,14994,14855,14850,15232,5215,4,30006,27541,15500,97031
"400",1,1,1,1,0,0,0,1,1,TRUE,2.01753283045202e-16,"c11001",5.66407513603464e-15,0.104915062390501,0.114459423940076,0.101028364191581,0.11351225875223,0.00265239075899812,-0.000533558332801698,-0.041074237557115,0.0206651673301625,0.225010888115359,14768,14981,15153,14994,5345,3,29952,27256,15784,99060
"401",0,0,0,0,1,0,0,1,1,TRUE,7.42748794846126e-12,"c00101",2.48322738102024e-10,-0.0196116447720313,-0.0187054356703648,-0.0226564920383974,-0.0168112326305604,0.000764062655385613,0.00533978262878472,-0.151666520987035,0.0635708121694813,0.845725786234888,15087,14984,15023,14834,24755,2,29915,27642,15589,88332
"402",1,0,0,0,1,0,0,1,1,TRUE,7.42748794846126e-12,"c10101",2.08541406348486e-10,0.0135715731546786,-0.12005105277544,-0.0214487533333377,-0.0175184701704673,0.00231968593109633,-0.00107441928715603,-0.148022307804616,0.0596689629982834,0.794902864013924,14926,14961,15092,15124,24732,1,30208,27833,15447,89651
"403",0,1,0,0,1,0,0,1,1,TRUE,1.57640040665514e-12,"c00101",5.27036957908287e-11,-0.115935884761579,0.019590581023796,-0.0170372863029541,-0.0181001925624658,-0.00614158358735741,-0.00240122766508206,-0.14180258947719,0.0576502243386544,0.794626520792842,14848,15029,15075,14887,24748,5,29630,27331,15442,89661
"404",1,1,0,0,1,0,0,1,1,TRUE,1.57640040665514e-12,"c10101",4.42605575469556e-11,0.203515294982577,0.201635504160093,-0.0133057075970137,-0.00820256430001969,0.000997430246023836,-0.000838504942725615,-0.0788155113284181,0.034380499610744,0.435563446276827,15263,15108,15084,15020,24741,2,30014,27717,15633,96604
"405",0,0,1,0,1,0,0,1,1,TRUE,7.42748794846126e-12,"c01101",2.48288119859504e-10,-0.0189660914193176,-0.0177176001722788,0.0216191128221537,-0.117861188801316,-0.00314535766576012,0.00411352449195995,-0.145581575344894,0.0615851952699273,0.790220206991866,14900,15117,15106,15048,24909,3,30055,27688,15680,89596
"406",1,0,1,0,1,0,0,1,1,TRUE,7.42748794846126e-12,"c11101",2.08521265067348e-10,0.019187984559081,-0.110717223513419,0.0182174525589585,-0.111462619309258,0.0020080712802472,-0.0020314765689301,-0.13731782436794,0.0490101720889506,0.745041379585201,14886,15085,14998,14789,24677,4,29797,27699,15673,90648
"407",0,1,1,0,1,0,0,1,1,TRUE,1.57640040665514e-12,"c01101",5.26963484599457e-11,-0.110968980532179,0.0237930393077031,0.0226807043745372,-0.109419156355948,0.0033832455367006,-0.00144068873048187,-0.140440773468416,0.0493086384341142,0.747406157399708,14922,14819,15073,14984,24733,2,30049,27805,15667,90598
"408",1,1,1,0,1,0,0,1,1,TRUE,1.57640040665514e-12,"c11101",4.42562827875757e-11,0.19178305714455,0.198074529161041,0.00680512499507618,-0.061555936791023,0.00358481851129553,-0.00125760387793851,-0.07180757078608,0.0334650811446476,0.411704559166491,15072,14997,14818,15247,24637,5,30138,27716,15726,96934
"409",0,0,0,1,1,0,0,1,1,TRUE,9.50596099857869e-16,"c00101",3.17812197049359e-14,-0.0175024669845454,-0.0215680802691374,-0.119963113382727,0.0185945472348925,0.00233874263163228,-0.00216020222714764,-0.144857187619218,0.0568834413403061,0.795413311412365,14991,14750,15046,14808,24831,4,30168,27590,15568,89553
"410",1,0,0,1,1,0,0,1,1,TRUE,9.50596099857869e-16,"c10101",2.66898645826568e-14,0.0197060918900027,-0.109947415355296,-0.111100103813102,0.0217749951361554,0.000989195913481428,-0.00224829086388458,-0.133793472519386,0.0550403051907761,0.743361307866889,15089,15008,14890,14983,24591,5,29975,27656,15465,90819
"411",0,1,0,1,1,0,0,1,1,TRUE,2.01753283045202e-16,"c00101",6.74520484105752e-15,-0.114173897050531,0.0208884459746874,-0.114743872420801,0.0218394815860981,-0.00203853841515059,0.00448720829382425,-0.138680792025811,0.0530901428342619,0.746010599307095,15010,15134,15058,14985,24731,3,30001,27505,15732,90588
"412",1,1,0,1,1,0,0,1,1,TRUE,2.01753283045202e-16,"c10101",5.66462223481455e-15,0.194054074282776,0.182936851599316,-0.0603738468405576,0.0120980676311164,0.00321656662781683,-0.000774519307988472,-0.0733857832204526,0.0282144686564586,0.402463277224223,15166,14964,14931,14986,24680,2,29994,27607,15624,97088
"413",0,0,1,1,1,0,0,1,1,TRUE,9.50596099857869e-16,"c01101",3.17767891401808e-14,-0.00782017771380123,-0.0100000744222168,0.207036906730628,0.203562570582031,-0.00263348124286535,-0.00144903865391073,-0.0765493927865576,0.0326992498637676,0.430429402257658,14979,14856,14840,15016,24802,6,30098,27645,15887,96619
"414",1,0,1,1,1,0,0,1,1,TRUE,9.50596099857869e-16,"c11101",2.66872868304707e-14,0.0166545050561681,-0.0596218609979679,0.193731095136534,0.18821136925794,-0.00715044699671348,-0.00123176980101759,-0.0763933769370556,0.0289024150114799,0.402548815090524,14991,15060,15077,14689,24899,5,30015,27749,15772,97055
"415",0,1,1,1,1,0,0,1,1,TRUE,2.01753283045202e-16,"c01101",6.74426450374157e-15,-0.0620050263251801,0.0103085271479368,0.188882840513698,0.195172073824386,0.000908718371774218,-0.0011076831709655,-0.0723784102512715,0.0356728875348616,0.405214744112044,15042,15097,14960,14878,24642,4,29992,27620,15740,97024
"416",1,1,1,1,1,0,0,1,1,TRUE,2.01753283045202e-16,"c11101",5.66407513603464e-15,0.108807281364224,0.110689509030778,0.109357299766199,0.111286403577494,-0.00157262648320353,-0.00063275876816675,-0.0437589278533992,0.0162754937319588,0.231111168025102,14927,15041,15076,14939,24694,4,30166,27266,15782,99009
"417",0,0,0,0,0,1,0,1,1,TRUE,0.00198972647188465,"c00001",0.0665224001709537,-0.0205893326164369,-0.0175341477495734,-0.0140144444493802,-0.0215693967974524,-0.0015263379216156,0.00324398785624612,-0.154226957139643,0.0631229711760262,0.844774478275553,14951,14906,15090,14826,5231,29726,29938,27643,15657,88302
"418",1,0,0,0,0,1,0,1,1,TRUE,0.00198972647188465,"c10001",0.0558655038654892,0.0184933552369231,-0.118061373396061,-0.0142095783996843,-0.0218903752793585,-0.00492015226581417,0.00155077708009277,-0.143537273495794,0.0630488731156036,0.791610175387252,15024,14962,15182,14958,5094,29883,29951,27483,15635,89595
"419",0,1,0,0,0,1,0,1,1,TRUE,0.000422296965161857,"c00001",0.0141186279141513,-0.118490424752204,0.0168528757828861,-0.0179951539303112,-0.0201026231539674,0.000794071195586871,0.00194704042205605,-0.149540783298032,0.0552117455448028,0.791030602354724,14899,14996,15203,15081,5183,30124,30019,27462,15609,89627
"420",1,1,0,0,0,1,0,1,1,TRUE,0.000422296965161857,"c10001",0.0118568220672503,0.20500685383441,0.204424516803249,-0.00363129413999532,-0.00692632550558948,0.00553072423686673,0.00613910253831829,-0.077412469689657,0.0354522621941562,0.43421372524926,15062,14929,14934,15093,5248,29864,29939,27552,15529,96650
"421",0,0,1,0,0,1,0,1,1,TRUE,0.00198972647188465,"c01001",0.066513126398444,-0.0183724962874289,-0.018439658334182,0.0184864550123369,-0.118701918025554,0.00128751285708536,0.00524557087178176,-0.143872946322771,0.0578315357227864,0.792032617672988,14968,15016,14908,15115,5333,29977,29923,27612,15628,89590
"422",1,0,1,0,0,1,0,1,1,TRUE,0.00198972647188465,"c11001",0.0558601082807994,0.0191763639603504,-0.109990576389623,0.0173660728473474,-0.111298586883827,-0.00515133180169592,0.00131571058692477,-0.136389958206648,0.0571990732092858,0.744487842595416,15029,14960,15302,15018,5277,30006,29990,27544,15663,90667
"423",0,1,1,0,0,1,0,1,1,TRUE,0.000422296965161857,"c01001",0.0141166596607045,-0.113404456731769,0.0139566816024675,0.0244229089258424,-0.112581032963427,-0.00323014596471395,-0.00138360848780677,-0.135586219453313,0.0501731005377587,0.738996919577643,14939,14940,15234,15014,5275,29946,30113,27461,15667,90789
"424",1,1,1,0,0,1,0,1,1,TRUE,0.000422296965161857,"c11001",0.0118556769153554,0.190388524000848,0.194357687866444,0.0116015628977691,-0.0601450665880529,0.00421511208417903,-0.00368914073368067,-0.0705132280209423,0.0331558879350837,0.409218992554939,15070,15163,15151,14931,5270,29755,30075,27299,15576,97003
"425",0,0,0,1,0,1,0,1,1,TRUE,2.54652210421876e-07,"c00001",8.51377135775676e-06,-0.0161874416816624,-0.0232179749467843,-0.121860437844483,0.0227685460428757,0.00692327147998408,0.000341814748458896,-0.148113469884676,0.0504317136406415,0.789023060385044,15000,15150,15088,14874,5287,30144,29883,27594,15659,89639
"426",1,0,0,1,0,1,0,1,1,TRUE,2.54652210421876e-07,"c10001",7.14986418821864e-06,0.0188587928566332,-0.110511595379203,-0.111343763751718,0.018577688372402,0.00337587702479557,0.00526275018706129,-0.135205770649561,0.0553302049567922,0.743075787305296,14963,15024,14950,14817,5278,29961,30123,27706,15406,90863
"427",0,1,0,1,0,1,0,1,1,TRUE,5.40470547849007e-08,"c00001",1.80695178823105e-06,-0.112454007419699,0.023897417789811,-0.112942168312149,0.0204278195651148,0.00822254990049012,0.00810335884406094,-0.137540405937774,0.0465737287139106,0.74490067125224,15011,14988,15208,15079,5301,29893,29932,27663,15639,90673
"428",1,1,0,1,0,1,0,1,1,TRUE,5.40470547849007e-08,"c10001",1.5174778999368e-06,0.191876298397409,0.191465730527671,-0.0608107824516937,0.00958518485824928,0.00169282429215062,-0.00538216567973842,-0.0749778722004057,0.0254368289289826,0.406333916882571,14984,14750,14997,15074,5249,29968,29984,27608,15699,97017
"429",0,0,1,1,0,1,0,1,1,TRUE,2.54652210421876e-07,"c01001",8.51258446764804e-06,-0.0112321028369709,-0.00943573037173418,0.197546622839023,0.208438099059431,0.00297621254328446,0.00495577354906675,-0.0759564386378446,0.0296572692330716,0.427743151264734,15017,14779,14989,14967,5322,29880,29820,27541,15753,96692
"430",1,0,1,1,0,1,0,1,1,TRUE,2.54652210421876e-07,"c11001",7.14917364226311e-06,0.00919051937125297,-0.0619520453908731,0.189164851884324,0.19005383390731,0.00331209737680929,-0.000399051438304428,-0.0717714573506389,0.0319428350183008,0.406854670711158,15238,14930,14899,15266,5252,29700,29906,27550,15729,97003
"431",0,1,1,1,0,1,0,1,1,TRUE,5.40470547849007e-08,"c01001",1.8066998842141e-06,-0.0603839121967519,0.0110924481687781,0.194934689134578,0.189197695249512,0.00403365926955417,-0.000305678974985309,-0.0743652368532487,0.0296244252091363,0.407961930324823,14861,14811,15130,15048,5187,29872,30067,27356,15598,97016
"432",1,1,1,1,0,1,0,1,1,TRUE,5.40470547849007e-08,"c11001",1.51733133935903e-06,0.113917806192734,0.105344272005076,0.106601680620054,0.112181867415791,0.000387086109412212,0.00193350020553314,-0.0424339848085353,0.0140776737797794,0.232394451801039,15027,15003,14931,15179,5303,29859,29764,27672,15783,98998
"433",0,0,0,0,1,1,0,1,1,TRUE,0.00198972647188465,"c00101",0.0665224001709537,-0.0181428025391993,-0.0158048548945307,-0.0184120098868245,-0.0227191227894495,-0.0014135045959606,0.000168932666136269,-0.156427867626866,0.0577172031126095,0.843379463429608,15047,14870,15030,14854,24810,29989,30126,27650,15775,88244
"434",1,0,0,0,1,1,0,1,1,TRUE,0.00198972647188465,"c10101",0.0558655038654892,0.0227840250673191,-0.118138096540001,-0.0217879452538072,-0.0191727658145605,0.000527027694028453,0.00264344669782082,-0.144427855664346,0.0549271638621056,0.792085334362815,14980,14845,15108,15121,24755,30106,29990,27773,15752,89501
"435",0,1,0,0,1,1,0,1,1,TRUE,0.000422296965161857,"c00101",0.0141186279141513,-0.118036275717253,0.0218687546956627,-0.0217187622297259,-0.0227779791235478,-0.0020950575691256,-0.00234103868704199,-0.14047195618946,0.0675478578221813,0.792028405680955,15012,15045,14966,14869,24841,29972,29845,27554,15655,89571
"436",1,1,0,0,1,1,0,1,1,TRUE,0.000422296965161857,"c10101",0.0118568220672503,0.206161655184663,0.203666083074209,-0.0132458695288676,-0.00603301744054716,0.0012493345770893,0.000683965473022071,-0.0789605980419722,0.0376829955840239,0.429781169129934,14970,15027,14924,14988,24573,30018,29894,27665,15619,96694
"437",0,0,1,0,1,1,0,1,1,TRUE,0.00198972647188465,"c01101",0.066513126398444,-0.0231177417589452,-0.0195886202648192,0.0178607979128164,-0.12155255984938,0.000378561286672175,-0.000185149081246854,-0.141813752956676,0.0586830648048158,0.795701673648431,14995,14817,14909,15088,24709,29816,29955,27425,15477,89611
"438",1,0,1,0,1,1,0,1,1,TRUE,0.00198972647188465,"c11101",0.0558601082807994,0.025263249601482,-0.113221988681728,0.0209859909725789,-0.110073625778293,-0.00144372271429518,0.00395129886144767,-0.135568255091765,0.0560015301653456,0.74639667487982,14962,15094,15057,14694,24663,29963,29967,27537,15667,90621
"439",0,1,1,0,1,1,0,1,1,TRUE,0.000422296965161857,"c01101",0.0141166596607045,-0.113100998790337,0.0214428277451557,0.0265714159971911,-0.108532925453278,0.00360079209527672,0.00199574887573909,-0.137622270904834,0.0582164363217493,0.749708607168342,15037,14882,15117,14900,24998,30075,29903,27514,15538,90629
"440",1,1,1,0,1,1,0,1,1,TRUE,0.000422296965161857,"c11101",0.0118556769153554,0.190843463770303,0.192920327331386,0.0123565111510932,-0.0571864656826357,-0.00361345478130174,0.000327526145105307,-0.0716012226774847,0.0326640622679594,0.403038755000096,14922,15061,14637,14929,24522,29849,30072,27635,15684,97067
"441",0,0,0,1,1,1,0,1,1,TRUE,2.54652210421876e-07,"c00101",8.51377135775676e-06,-0.0218044824139339,-0.0148404339263263,-0.120844375767563,0.0215853189164577,-0.000864718346997842,-0.000279118169229933,-0.144960993587764,0.0575402479397391,0.796931143473545,15004,15000,15200,15084,24777,29823,29782,27394,15665,89448
"442",1,0,0,1,1,1,0,1,1,TRUE,2.54652210421876e-07,"c10101",7.14986418821864e-06,0.0191566355880488,-0.11230485786571,-0.11094653988524,0.0177566833599314,0.000195940366246961,0.00250101380753113,-0.136006559952417,0.0556577845275412,0.747300616306344,14868,14839,15016,14863,25019,29882,30191,27524,15604,90641
"443",0,1,0,1,1,1,0,1,1,TRUE,5.40470547849007e-08,"c00101",1.80695178823105e-06,-0.113532338086001,0.0127209531638758,-0.11241869976639,0.0194836130352776,0.00515702662602348,-0.000193561574340528,-0.131466410249901,0.0563362057380425,0.741769887900005,15096,14887,15054,15043,24698,30346,30161,27529,15617,90758
"444",1,1,0,1,1,1,0,1,1,TRUE,5.40470547849007e-08,"c10101",1.5174778999368e-06,0.183964348941292,0.193024347441264,-0.0571064412739936,0.00825739240006288,-0.00085094461848943,-0.00473240299753771,-0.0708114486845407,0.02735189184348,0.402166850236195,15176,15135,15149,14960,24798,29956,29882,27437,15550,97108
"445",0,0,1,1,1,1,0,1,1,TRUE,2.54652210421876e-07,"c01101",8.51258446764804e-06,-0.00954697707160546,-0.011561606285925,0.197157187164021,0.20588464788091,-0.000292158174652774,-0.000708422630890498,-0.0791813791778943,0.0304431974366403,0.429349182740703,15161,15192,14913,15045,24813,30109,29897,27531,15761,96666
"446",1,0,1,1,1,1,0,1,1,TRUE,2.54652210421876e-07,"c11101",7.14917364226311e-06,0.00785596764046556,-0.061587048209632,0.1959777100371,0.189896022144886,0.000535933232713045,-0.00185985818637542,-0.0749901661700196,0.0250441924761938,0.406069351832373,14877,15007,15068,15005,24835,30152,30009,27663,15794,97000
"447",0,1,1,1,1,1,0,1,1,TRUE,5.40470547849007e-08,"c01101",1.8066998842141e-06,-0.0591493429711427,0.0138613431091565,0.192615827332654,0.194563141363359,0.00277412792397656,-0.003878091225852,-0.0757259671509046,0.0293313411562747,0.409603958563604,14878,15171,15016,14987,24553,30032,29930,27369,15402,97036
"448",1,1,1,1,1,1,0,1,1,TRUE,5.40470547849007e-08,"c11101",1.51733133935903e-06,0.0980969613321519,0.117866173408087,0.105260302123573,0.107754036727321,0.00216368722312589,0.00179104682859196,-0.0409761736140022,0.0132498366736698,0.227794632611434,14932,15157,14944,14963,24731,30004,30148,27930,15600,99050
"449",0,0,0,0,0,0,1,1,1,TRUE,7.42748794846126e-12,"c00011",2.28264168346627e-10,-0.00942695967930444,-0.0128043903865195,-0.0109522092978661,-0.0128494238693088,0.000991881719821566,-0.00131371504507331,0,0.337361767014882,0.481384483461066,14864,14965,14859,14896,5213,4,0,27488,15696,95864
"450",1,0,0,0,0,0,1,1,1,TRUE,7.42748794846126e-12,"c10011",1.96574625425543e-10,0.00977699503844494,-0.0683099504731607,-0.0117063997884311,-0.0163069322291691,0.00283630350902505,-0.00136117210456229,0,0.31192437225088,0.448029491342144,14980,15077,15138,15126,5214,5,0,27580,15583,96427
"451",0,1,0,0,0,0,1,1,1,TRUE,1.57640040665514e-12,"c00011",4.84464909675104e-11,-0.0683834572209701,0.00946019502926679,-0.00586682629754994,-0.013097563708744,0.00123528860751958,-0.00122521615952262,0,0.313158058725549,0.45334922073688,14973,15010,15187,14934,5249,4,0,27676,15440,96383
"452",1,1,0,0,0,0,1,1,1,TRUE,1.57640040665514e-12,"c10011",4.17207434881271e-11,0.125960982398872,0.11187140189417,-0.00538410576498117,-0.00622990866194935,-0.0028177443950789,-0.000594151532779838,0,0.175452015989031,0.253101255540014,14893,14756,15105,14763,5221,3,0,27654,15518,98837
"453",0,0,1,0,0,0,1,1,1,TRUE,7.42748794846126e-12,"c01011",2.28237275476836e-10,-0.0109217518890962,-0.00773177861353538,0.00867316087107517,-0.0683655471599883,-0.00343073211776681,-0.00107588842101917,0,0.318129517611209,0.456592493447645,15299,14859,15082,15018,5290,3,0,27601,15617,96285
"454",1,0,1,0,0,0,1,1,1,TRUE,7.42748794846126e-12,"c11011",1.96558172495619e-10,0.00591775449458707,-0.0643986347540815,0.0101942831414869,-0.065813188641574,-0.00164936218984141,-0.00101120340708649,0,0.29901776529105,0.427391062331311,15114,15190,15104,15007,5050,3,0,27599,15725,96704
"455",0,1,1,0,0,0,1,1,1,TRUE,1.57640040665514e-12,"c01011",4.84407832597135e-11,-0.0654448386698248,0.00942879103163241,0.0104569515455497,-0.0643084628354775,0.000810893644768793,-0.00116379092061115,0,0.298614075047334,0.427968913086631,15078,14995,14835,15067,5215,4,0,27521,15602,96725
"456",1,1,1,0,0,0,1,1,1,TRUE,1.57640040665514e-12,"c11011",4.1717251539624e-11,0.109981518743659,0.114893592812276,0.0037475387159987,-0.0344012939378949,-0.000638440981409091,0,0,0.166192738776719,0.238056160271562,15029,15039,14804,14984,5250,0,0,27504,15605,98963
"457",0,0,0,1,0,0,1,1,1,TRUE,9.50596099857869e-16,"c00011",2.92140532133151e-14,-0.00725612680675284,-0.00939103181677815,-0.0671712059593299,0.0187427449047183,0.000194911275443754,-0.00122627012237216,0,0.314204362826413,0.451854520754209,14999,15093,14989,14962,5277,4,0,27577,15549,96377
"458",1,0,0,1,0,0,1,1,1,TRUE,9.50596099857869e-16,"c10011",2.51583137606107e-14,0.0123147350700557,-0.0632718610164299,-0.066620459298811,0.00804660531068212,0.00155166570257902,-0.00116983917437903,0,0.299250695195019,0.42687502305913,15118,15039,15058,15012,5165,4,0,27643,15807,96692
"459",0,1,0,1,0,0,1,1,1,TRUE,2.01753283045202e-16,"c00011",6.20035275520784e-15,-0.0659521375362189,0.00958340850286234,-0.0647564388684169,0.013292356984599,0.000120712216914667,-0.00142850792532854,0,0.298786453013401,0.42932134400081,14843,14989,14909,15000,5215,6,0,27586,15577,96711
"460",1,1,0,1,0,0,1,1,1,TRUE,2.01753283045202e-16,"c10011",5.33956787519264e-15,0.114688984731237,0.115638405272436,-0.0378304509917028,0.0101999620802812,-0.00106819722056702,-0.000572317420999666,0,0.168159482191287,0.241501634594173,15032,15143,15089,15030,5133,3,0,27855,15768,98920
"461",0,0,1,1,0,0,1,1,1,TRUE,9.50596099857869e-16,"c01011",2.92106113690045e-14,-0.00585909472590587,-0.00892461121115008,0.115564899536147,0.125863772516492,-0.000488979642131732,-0.000603387158732255,0,0.178420052771903,0.254334569917361,15081,14985,15042,14882,5186,3,0,27600,15797,98801
"462",1,0,1,1,0,0,1,1,1,TRUE,9.50596099857869e-16,"c11011",2.51562080566195e-14,0.00203293555305169,-0.0376263051944718,0.106664682710134,0.113445129440999,-0.0015831379320409,-0.00045241290265912,0,0.163925973268467,0.234084753357168,14882,15091,14935,15161,5286,2,0,27580,15737,98987
"463",0,1,1,1,0,0,1,1,1,TRUE,2.01753283045202e-16,"c01011",6.1996222626364e-15,-0.036702916813312,0.00949742815244069,0.109017425107099,0.112662757749772,0.00264465525581564,-0.000326066762340125,0,0.166189911550225,0.237887055215947,14987,14878,15002,15081,5318,1,0,27795,15816,98948
"464",1,1,1,1,0,0,1,1,1,TRUE,2.01753283045202e-16,"c11011",5.33912096330924e-15,0.0691621474793911,0.0530520622289813,0.0551895239711035,0.0666648520850439,-0.00611608914928972,0.0559882615813767,0,0.0917081314628826,0.131350478960376,14752,14942,15056,14895,5244,1,0,27500,15605,99682
"465",0,0,0,0,1,0,1,1,1,TRUE,7.42748794846126e-12,"c00111",2.28264168346627e-10,-0.0155679693875786,-0.00935408440261085,-0.0136739733824931,-0.00373232780558003,-0.00265367534041743,-0.00217615239676517,0,0.337826034773307,0.480438552681624,15066,14807,15209,14962,24612,11,0,27388,15718,95873
"466",1,0,0,0,1,0,1,1,1,TRUE,7.42748794846126e-12,"c10111",1.96574625425543e-10,0.0133294607722078,-0.066347829540957,-0.0119949733901519,-0.0137112972446769,0.00495073310871465,-0.00107151954553585,0,0.317441281500948,0.452559653991911,14909,15222,14821,14981,24789,3,0,27525,15744,96314
"467",0,1,0,0,1,0,1,1,1,TRUE,1.57640040665514e-12,"c00111",4.84464909675104e-11,-0.0670201061727208,0.00980208191761782,-0.0110091227993333,-0.0056821638989826,0.000220279753052724,-0.00175818995751938,0,0.316624209954567,0.454037995823937,14915,14917,15125,15094,24656,8,0,27819,15784,96280
"468",1,1,0,0,1,0,1,1,1,TRUE,1.57640040665514e-12,"c10111",4.17207434881271e-11,0.126008575817199,0.110746574162655,-0.00714508225048715,-0.00359903002768208,0.00580640335039125,-0.000590262721191755,0,0.175086730103557,0.250357045412498,14777,15154,14998,14864,24596,3,0,27475,15632,98852
"469",0,0,1,0,1,0,1,1,1,TRUE,7.42748794846126e-12,"c01111",2.28237275476836e-10,-0.00356997078363491,-0.0128703332953345,0.0114271735343293,-0.0687667323509291,0.000924952345028626,-0.00106045413780351,0,0.313573599455804,0.452275288305949,15080,15024,14736,15054,24566,3,0,27600,15487,96387
"470",1,0,1,0,1,0,1,1,1,TRUE,7.42748794846126e-12,"c11111",1.96558172495619e-10,0.0103351441948129,-0.0650334621972967,0.0101518565174709,-0.0631802780168112,-0.00243060288866554,-0.000581151563170992,0,0.297149116039394,0.428584248207925,14894,14942,15160,15000,24752,1,0,27667,15531,96733
"471",0,1,1,0,1,0,1,1,1,TRUE,1.57640040665514e-12,"c01111",4.84407832597135e-11,-0.0636425612779764,0.00706095654874848,0.0134634613651975,-0.0616562983274234,0.00287041847994659,-0.0018302716201565,0,0.295732461832253,0.423258587406228,15013,15006,15107,15125,24778,10,0,27693,15752,96759
"472",1,1,1,0,1,0,1,1,1,TRUE,1.57640040665514e-12,"c11111",4.1717251539624e-11,0.118378640854523,0.114022188030922,0.0076263691598699,-0.0371000503422445,0.0027848607085446,-0.000746094037220225,0,0.170521362659034,0.245885172005167,15120,14868,14952,14873,24836,5,0,27686,15550,98899
"473",0,0,0,1,1,0,1,1,1,TRUE,9.50596099857869e-16,"c00111",2.92140532133151e-14,-0.0136555352339893,-0.0088025160082054,-0.0665693253618551,0.014226135535414,-0.00343335550949147,-0.00106925381436558,0,0.317805404796265,0.451551656135044,14972,15013,15014,15021,24758,3,0,27395,15747,96329
"474",1,0,0,1,1,0,1,1,1,TRUE,9.50596099857869e-16,"c10111",2.51583137606107e-14,0.00856392603321557,-0.0643639261464724,-0.0647779483083527,0.0138552600958735,0.00186767711795258,-0.000823175966697564,0,0.297203067837545,0.428201557558497,15117,15075,14965,15238,24950,2,0,27723,15596,96723
"475",0,1,0,1,1,0,1,1,1,TRUE,2.01753283045202e-16,"c00111",6.20035275520784e-15,-0.0643198945827442,0.0130426189246806,-0.0638071559107689,0.0106886339995134,0.00201840702552466,-0.00102335440759569,0,0.301765045069429,0.433557757860318,14851,15027,14972,14948,24734,3,0,27711,15662,96627
"476",1,1,0,1,1,0,1,1,1,TRUE,2.01753283045202e-16,"c10111",5.33956787519264e-15,0.111910118647783,0.109208713997481,-0.034667962672995,0.010057316909251,-0.00490900692439507,-0.000722438392730167,0,0.165081832987549,0.23814354729254,15141,14989,15031,14977,24825,5,0,27694,15544,98967
"477",0,0,1,1,1,0,1,1,1,TRUE,9.50596099857869e-16,"c01111",2.92106113690045e-14,-0.00293876525398643,-0.0084910014779752,0.115942461899534,0.118640310141566,0.00177608259926707,-0.000697028976076255,0,0.177509009051225,0.255383314507462,15122,14911,15050,14989,24804,4,0,27822,15699,98800
"478",1,0,1,1,1,0,1,1,1,TRUE,9.50596099857869e-16,"c11111",2.51562080566195e-14,0.00821760122890965,-0.0371761265411462,0.113324648566477,0.10236113493822,0.00395770423522417,0,0,0.162499179765168,0.233243637522015,15042,14988,15186,15032,24559,0,0,27466,15526,99010
"479",0,1,1,1,1,0,1,1,1,TRUE,2.01753283045202e-16,"c01111",6.1996222626364e-15,-0.0384248705843611,0.00620977235148372,0.111944795644103,0.10698998182755,0.00274788552236844,-0.000559592776561364,0,0.165482587094511,0.235724122769445,15119,15149,15182,14894,24592,3,0,27597,15814,98967
"480",1,1,1,1,1,0,1,1,1,TRUE,2.01753283045202e-16,"c11111",5.33912096330924e-15,0.0671131871383948,0.0590450736119464,0.0696180070843655,0.0568219866224947,0.00548441677698075,-0.000258892255958677,0,0.0941384858945758,0.133803144406181,14949,14889,14928,15128,24659,2,0,27439,15767,99666
"481",0,0,0,0,0,1,1,1,1,TRUE,0.00198972647188465,"c00011",0.0611489727743161,-0.0129133808494738,-0.0118206832103274,-0.00932852909490318,-0.0158381541538595,0.00339183877367291,0.00430293799303244,0,0.331953437347192,0.478383391840698,14847,14830,14715,15074,5278,29904,0,27629,15528,95963
"482",1,0,0,0,0,1,1,1,1,TRUE,0.00198972647188465,"c10011",0.0526597604229088,0.0120273281975053,-0.0698726961522261,-0.0124064826710573,-0.00979515701453652,0.00226939337428178,4.96229725289049e-05,0,0.31752085698758,0.458115890571877,14900,14841,15132,15279,5247,29911,0,27834,15632,96257
"483",0,1,0,0,0,1,1,1,1,TRUE,0.000422296965161857,"c00011",0.012978178654325,-0.0695840438194254,0.00999608304263514,-0.0139568188214919,-0.0104975576788976,0.00397939573272235,0.00663599895282687,0,0.318836142901592,0.454562278064099,14743,15051,15185,15028,5157,30101,0,27696,15857,96252
"484",1,1,0,0,0,1,1,1,1,TRUE,0.000422296965161857,"c10011",0.0111764392377416,0.125124935762884,0.117933898447958,-0.011816065744958,-0.00749952652809741,0.000420259950352547,-0.00143363043331552,0,0.179512472584742,0.257499424242,15046,14935,15017,14935,5158,29993,0,27724,15713,98779
"485",0,0,1,0,0,1,1,1,1,TRUE,0.00198972647188465,"c01011",0.0611417685276987,-0.0173915466299581,-0.0126960904493432,0.0150240149162914,-0.0674897816449351,-0.00505563297211327,0.00127340573715879,0,0.317121341855724,0.454127940412744,14922,15110,15034,14932,5331,30076,0,27554,15645,96316
"486",1,0,1,0,0,1,1,1,1,TRUE,0.00198972647188465,"c11011",0.0526553528990679,0.0156483564098505,-0.0642270796204085,0.00880743465902161,-0.0651871402266635,-0.00293172291923324,0.00143003638525461,0,0.302561403563021,0.4298633921155,14968,14975,15196,14938,5309,29807,0,27581,15873,96631
"487",0,1,1,0,0,1,1,1,1,TRUE,0.000422296965161857,"c01011",0.0129766496343688,-0.0623681827163817,0.016290998867619,0.0124319907548062,-0.0621121087385148,0.00346976709924083,0.00422561152313687,0,0.301059290037441,0.4306636268335,14717,15013,15034,15047,5281,29912,0,27564,15680,96666
"488",1,1,1,0,0,1,1,1,1,TRUE,0.000422296965161857,"c11011",0.0111755037905995,0.110150750956645,0.115648632161817,0.00851688977988332,-0.0335383812958558,0.00326490484024919,-0.00411727031964339,0,0.166231802661236,0.240083263327283,15092,15001,15058,14889,5236,29831,0,27611,15459,98957
"489",0,0,0,1,0,1,1,1,1,TRUE,2.54652210421876e-07,"c00011",7.82606117073837e-06,-0.00795154726006605,-0.010118779283794,-0.0688141203553021,0.0136637276295256,-0.000563091781020266,-0.00310185634773494,0,0.315916529646526,0.456851714645512,15045,15148,15142,14697,5236,30052,0,27757,15521,96307
"490",1,0,0,1,0,1,1,1,1,TRUE,2.54652210421876e-07,"c10011",6.73958183773793e-06,0.00700805432295462,-0.0656344290170431,-0.0620791761156694,0.0159086027876565,0.0034350965394338,0.00729564652519446,0,0.302244280770898,0.436196079581704,14990,14905,14989,15075,5387,30044,0,28008,15739,96568
"491",0,1,0,1,0,1,1,1,1,TRUE,5.40470547849007e-08,"c00011",1.66099307029045e-06,-0.0646427752603816,0.0119379761698061,-0.0597128340075306,0.0190798769636908,0.00228939813030429,-0.00798212423732486,0,0.295357210814613,0.425675605923246,14979,15085,14839,14969,5280,30059,0,27603,15509,96781
"492",1,1,0,1,0,1,1,1,1,TRUE,5.40470547849007e-08,"c10011",1.43040010612157e-06,0.106249298800494,0.114930535997451,-0.0333306799882344,0.0018488171664492,-0.00563066305853418,0.00141883730859923,0,0.163610938224599,0.235869670154847,14959,14963,15114,15035,5325,30139,0,27537,15458,98993
"493",0,0,1,1,0,1,1,1,1,TRUE,2.54652210421876e-07,"c01011",7.8251391458513e-06,-0.00473879647950763,-0.00566094833319915,0.116729293222036,0.123342917707514,0.000155036402102543,0.00494460219566497,0,0.176732121348335,0.254349730491742,15087,14961,15077,15091,5267,30226,0,27811,15683,98811
"494",1,0,1,1,0,1,1,1,1,TRUE,2.54652210421876e-07,"c11011",6.73901774729413e-06,0.000432239779206719,-0.0360778845854263,0.100271758000574,0.121683058126394,0.00176514300243773,-0.000883624350647191,0,0.16549309942655,0.237230794839243,14840,15032,15035,14794,5225,30087,0,27614,15658,98966
"495",0,1,1,1,0,1,1,1,1,TRUE,5.40470547849007e-08,"c01011",1.66079738092454e-06,-0.0322926279963117,0.00832318981115735,0.113916872274568,0.109515777656831,-0.0014763357197531,0.000165342212999767,0,0.165591178837217,0.238004844393703,14874,14984,14792,14875,5185,29498,0,27473,15495,98972
"496",1,1,1,1,0,1,1,1,1,TRUE,5.40470547849007e-08,"c11011",1.43028038429756e-06,0.0659202259436883,0.065855884159955,0.0683928068313761,0.0670766493262191,-5.48454761217457e-05,-0.00672535094108652,0,0.0973969771267646,0.140370550556609,15086,14839,15043,15153,5240,30104,0,27804,15641,99636
"497",0,0,0,0,1,1,1,1,1,TRUE,0.00198972647188465,"c00111",0.0611489727743161,-0.00720217729960975,-0.0125888953983436,-0.0059212716058882,-0.0100355599892974,-0.00374113875578859,-0.000973418446572399,0,0.337067529748279,0.48250226172191,14970,15029,15017,14923,25013,29903,0,27558,15658,95857
"498",1,0,0,0,1,1,1,1,1,TRUE,0.00198972647188465,"c10111",0.0526597604229088,0.0204443764085166,-0.067427491910767,-0.0103086266520064,-0.00988504400480244,-0.0019086040770563,-0.00247995986333645,0,0.314432584723027,0.450422154861039,15049,15159,14981,15015,24888,30201,0,27588,15659,96370
"499",0,1,0,0,1,1,1,1,1,TRUE,0.000422296965161857,"c00111",0.012978178654325,-0.0652742374907167,0.0148257606140036,-0.00622833166199973,-0.00847492524726086,0.000342928146432893,0.00133861252437232,0,0.313774940139554,0.453236541442136,15001,15022,15021,14990,24791,30119,0,27448,15349,96409
"500",1,1,0,0,1,1,1,1,1,TRUE,0.000422296965161857,"c10111",0.0111764392377416,0.129427676703893,0.119490917313906,-0.00448737286282626,-0.00594033686223514,-0.000604891509173951,-0.00406334739883465,0,0.181199731206437,0.261741190370757,14955,15124,15085,14811,24811,30012,0,27744,15542,98755
"501",0,0,1,0,1,1,1,1,1,TRUE,0.00198972647188465,"c01111",0.0611417685276987,-0.00958861427796411,-0.00803876957003453,0.00477583484563564,-0.0699047744455856,-0.0013904216869678,-0.000226566914456162,0,0.320225357051755,0.457113504816324,14974,14933,14712,14858,24754,29773,0,27356,15598,96282
"502",1,0,1,0,1,1,1,1,1,TRUE,0.00198972647188465,"c11111",0.0526553528990679,0.0165088758599418,-0.0623718441661445,0.0116668971171027,-0.0637646812070591,-0.00237708720819826,-0.00112305446438787,0,0.294814172123196,0.425598934507687,15036,14879,15109,15009,24737,29633,0,27593,15459,96794
"503",0,1,1,0,1,1,1,1,1,TRUE,0.000422296965161857,"c01111",0.0129766496343688,-0.0638534076801667,0.0138781274710175,0.014215189772863,-0.0639062935020863,0.000799233262366158,0.000804981657920786,0,0.300884072432113,0.428504406244619,14793,14944,14996,14946,24836,29991,0,27432,15710,96691
"504",1,1,1,0,1,1,1,1,1,TRUE,0.000422296965161857,"c11111",0.0111755037905995,0.11111143582634,0.115988234186884,0.00814381661981084,-0.0352778967385495,0.00497135459835333,-0.0023441085050827,0,0.164689978774865,0.238355487223659,14840,14771,14818,15087,24859,29956,0,27750,15495,98969
"505",0,0,0,1,1,1,1,1,1,TRUE,2.54652210421876e-07,"c00111",7.82606117073837e-06,-0.0132579676018606,-0.00948515306230983,-0.066849196655714,0.0119683293864158,-4.68359232793864e-05,-0.00308314731159043,0,0.313973609650082,0.451913637079466,14936,15049,14880,14965,24810,30147,0,27572,15523,96383
"506",1,0,0,1,1,1,1,1,1,TRUE,2.54652210421876e-07,"c10111",6.73958183773793e-06,0.0135076529575811,-0.0619482111849382,-0.0660543407870684,0.00947748491126226,-0.000335173438476548,0.00127840976740122,0,0.299722081937747,0.427985304814252,15136,15147,15112,15100,24683,29944,0,27455,15655,96712
"507",0,1,0,1,1,1,1,1,1,TRUE,5.40470547849007e-08,"c00111",1.66099307029045e-06,-0.0633946261741443,0.0103351441948129,-0.0655968849670985,0.0104712398672494,-0.00372981845225042,-0.00194740745601926,0,0.298184477888834,0.428306773211118,15109,14894,15016,14927,24751,29839,0,27528,15548,96733
"508",1,1,0,1,1,1,1,1,1,TRUE,5.40470547849007e-08,"c10111",1.43040010612157e-06,0.110097542667501,0.115488455890053,-0.0364754269778236,0.0036173681604484,0.00027584404151963,-0.00486950875427313,0,0.166754759514588,0.240730793784066,15112,15033,15237,15205,24861,29973,0,27755,15565,98943
"509",0,0,1,1,1,1,1,1,1,TRUE,2.54652210421876e-07,"c01111",7.8251391458513e-06,-0.00799486412796304,-0.00700385929642653,0.117592958893754,0.119579447920724,-0.00228563422482078,0.00246800458624568,0,0.176955371767978,0.25465823349354,14831,14848,15160,14927,24783,30189,0,27692,15606,98815
"510",1,0,1,1,1,1,1,1,1,TRUE,2.54652210421876e-07,"c11111",6.73901774729413e-06,0.00398039382898754,-0.0379720674389131,0.118476938304867,0.110905843978564,4.39313491882733e-05,0.00253556589714944,0,0.167637999424336,0.239526641056422,15136,15050,14720,14836,24841,29932,0,27715,15811,98934
"511",0,1,1,1,1,1,1,1,1,TRUE,5.40470547849007e-08,"c01111",1.66079738092454e-06,-0.0348386098944129,0.00252981691995268,0.103037675206219,0.123149230110788,0.00284727238833722,-0.000769089107619388,0,0.165305417673977,0.236914873483979,14778,14934,15133,15088,24740,30239,0,27718,15732,98963
"512",1,1,1,1,1,1,1,1,1,TRUE,5.40470547849007e-08,"c11111",1.43028038429756e-06,0.0557443639692674,0.0642921887099183,0.0646119292914667,0.0601828985470483,0.0026378126202164,0.000678913978436,0,0.0923808744578055,0.132851521298284,15100,14889,14795,14940,24698,29825,0,27706,15634,99674
