"","P","Pu","K","Ku","C","Cu","S","Su","br","sem","prior","condition","posterior","node","ces","node3","uvars","uvars_id","s_hat"
"1",0,0,0,0,0,0,0,0,0,FALSE,1.82207395284679e-09,"c00000",2.91534261371429e-08,"P",0.00386131217055627,"P=0","00000",1,0.0139775907440009
"2",0,0,0,0,0,0,0,0,0,FALSE,1.82207395284679e-09,"c00000",2.91534261371429e-08,"Pu",-0.00155665056784094,"Pu=0","00000",1,0.0132404396832451
"3",0,0,0,0,0,0,0,0,0,FALSE,1.82207395284679e-09,"c00000",2.91534261371429e-08,"K",0.352467252609903,"K=0","00000",1,0.45646626151633
"4",0,0,0,0,0,0,0,0,0,FALSE,1.82207395284679e-09,"c00000",2.91534261371429e-08,"Ku",0.351571152968366,"Ku=0","00000",1,0.452394141359257
"5",0,0,0,0,0,0,0,0,0,FALSE,1.82207395284679e-09,"c00000",2.91534261371429e-08,"C",-0.0126993082397597,"C=0","00000",1,0.0118443289326207
"6",0,0,0,0,0,0,0,0,0,FALSE,1.82207395284679e-09,"c00000",2.91534261371429e-08,"Cu",-0.013898717446279,"Cu=0","00000",1,0.0117031155171939
"7",0,0,0,0,0,0,0,0,0,FALSE,1.82207395284679e-09,"c00000",2.91534261371429e-08,"S",0,"S=0","00000",1,0.0134481596049562
"8",0,0,0,0,0,0,0,0,0,FALSE,1.82207395284679e-09,"c00000",2.91534261371429e-08,"Su",0.00022018484430028,"Su=0","00000",1,0.0134778030374402
"9",0,0,0,0,0,0,0,0,0,FALSE,1.82207395284679e-09,"c00000",2.91534261371429e-08,"br",0,"br=0","00000",1,0.0134481596049562
"10",1,0,0,0,0,0,0,0,0,FALSE,1.82207395284679e-09,"c10000",2.91534261371429e-08,"P",-0.000753767886367246,"P=1","00000",1,0.0133761159147326
"11",1,0,0,0,0,0,0,0,0,FALSE,1.82207395284679e-09,"c10000",2.91534261371429e-08,"Pu",0.00398069775098226,"Pu=0","00000",1,0.0140246343329571
"12",1,0,0,0,0,0,0,0,0,FALSE,1.82207395284679e-09,"c10000",2.91534261371429e-08,"K",0.350900765731493,"K=0","00000",1,0.450345946925791
"13",1,0,0,0,0,0,0,0,0,FALSE,1.82207395284679e-09,"c10000",2.91534261371429e-08,"Ku",0.35255124292951,"Ku=0","00000",1,0.457840481756383
"14",1,0,0,0,0,0,0,0,0,FALSE,1.82207395284679e-09,"c10000",2.91534261371429e-08,"C",-0.00799433035071748,"C=0","00000",1,0.01244184138346
"15",1,0,0,0,0,0,0,0,0,FALSE,1.82207395284679e-09,"c10000",2.91534261371429e-08,"Cu",-0.0159571041330392,"Cu=0","00000",1,0.0114895434866836
"16",1,0,0,0,0,0,0,0,0,FALSE,1.82207395284679e-09,"c10000",2.91534261371429e-08,"S",0,"S=0","00000",1,0.0134773217302288
"17",1,0,0,0,0,0,0,0,0,FALSE,1.82207395284679e-09,"c10000",2.91534261371429e-08,"Su",0.000366396496399577,"Su=0","00000",1,0.0135267927395351
"18",1,0,0,0,0,0,0,0,0,FALSE,1.82207395284679e-09,"c10000",2.91534261371429e-08,"br",0,"br=0","00000",1,0.0134773217302288
"19",0,1,0,0,0,0,0,0,0,FALSE,0.0276860529446664,"c00000",0.442980537804344,"P",-0.00170879338449579,"P=0","10000",17,0.0130008396571224
"20",0,1,0,0,0,0,0,0,0,FALSE,0.0276860529446664,"c00000",0.442980537804344,"Pu",-0.000231927374746207,"Pu=1","10000",17,0.0131942694728119
"21",0,1,0,0,0,0,0,0,0,FALSE,0.0276860529446664,"c00000",0.442980537804344,"K",0.35365810582925,"K=0","10000",17,0.45426600316704
"22",0,1,0,0,0,0,0,0,0,FALSE,0.0276860529446664,"c00000",0.442980537804344,"Ku",0.354338244575406,"Ku=0","10000",17,0.4573661730426
"23",0,1,0,0,0,0,0,0,0,FALSE,0.0276860529446664,"c00000",0.442980537804344,"C",-0.0113940210259023,"C=0","10000",17,0.011800733233474
"24",0,1,0,0,0,0,0,0,0,FALSE,0.0276860529446664,"c00000",0.442980537804344,"Cu",-0.0186616839872474,"Cu=0","10000",17,0.0109735193462633
"25",0,1,0,0,0,0,0,0,0,FALSE,0.0276860529446664,"c00000",0.442980537804344,"S",0,"S=0","10000",17,0.0132249061092575
"26",0,1,0,0,0,0,0,0,0,FALSE,0.0276860529446664,"c00000",0.442980537804344,"Su",-0.00211103532670399,"Su=0","10000",17,0.0129486498621732
"27",0,1,0,0,0,0,0,0,0,FALSE,0.0276860529446664,"c00000",0.442980537804344,"br",0,"br=0","10000",17,0.0132249061092575
"28",1,1,0,0,0,0,0,0,0,FALSE,0.0276860529446664,"c10000",0.442980537804344,"P",0.000273923811237504,"P=1","10000",17,0.0134711480342586
"29",1,1,0,0,0,0,0,0,0,FALSE,0.0276860529446664,"c10000",0.442980537804344,"Pu",-0.0017283791776807,"Pu=1","10000",17,0.0132040973386991
"30",1,1,0,0,0,0,0,0,0,FALSE,0.0276860529446664,"c10000",0.442980537804344,"K",0.352630311235625,"K=0","10000",17,0.456739903538052
"31",1,1,0,0,0,0,0,0,0,FALSE,0.0276860529446664,"c10000",0.442980537804344,"Ku",0.351842547805559,"Ku=0","10000",17,0.453156008448736
"32",1,1,0,0,0,0,0,0,0,FALSE,0.0276860529446664,"c10000",0.442980537804344,"C",-0.0188036724334641,"C=0","10000",17,0.0111314479739366
"33",1,1,0,0,0,0,0,0,0,FALSE,0.0276860529446664,"c10000",0.442980537804344,"Cu",-0.00992177252878946,"Cu=0","10000",17,0.0121653683146625
"34",1,1,0,0,0,0,0,0,0,FALSE,0.0276860529446664,"c10000",0.442980537804344,"S",0,"S=0","10000",17,0.0134342978459078
"35",1,1,0,0,0,0,0,0,0,FALSE,0.0276860529446664,"c10000",0.442980537804344,"Su",-0.0012800303894231,"Su=0","10000",17,0.0132634306598392
"36",1,1,0,0,0,0,0,0,0,FALSE,0.0276860529446664,"c10000",0.442980537804344,"br",0,"br=0","10000",17,0.0134342978459078
"37",0,0,1,0,0,0,0,0,0,FALSE,1.82207395284679e-09,"c01000",5.6190581884842e-08,"P",0.00121178233320028,"P=0","00000",1,0.000138493040778473
"38",0,0,1,0,0,0,0,0,0,FALSE,1.82207395284679e-09,"c01000",5.6190581884842e-08,"Pu",0.00190446942695436,"Pu=0","00000",1,0.000139455694437388
"39",0,0,1,0,0,0,0,0,0,FALSE,1.82207395284679e-09,"c01000",5.6190581884842e-08,"K",-0.159139191421887,"K=1","00000",1,2.78632980217157e-05
"40",0,0,1,0,0,0,0,0,0,FALSE,1.82207395284679e-09,"c01000",5.6190581884842e-08,"Ku",0.889590650413768,"Ku=0","00000",1,0.999098606618837
"41",0,0,1,0,0,0,0,0,0,FALSE,1.82207395284679e-09,"c01000",5.6190581884842e-08,"C",-0.0334333022127683,"C=0","00000",1,9.79413893420599e-05
"42",0,0,1,0,0,0,0,0,0,FALSE,1.82207395284679e-09,"c01000",5.6190581884842e-08,"Cu",-0.0384584825119849,"Cu=0","00000",1,9.31412752138076e-05
"43",0,0,1,0,0,0,0,0,0,FALSE,1.82207395284679e-09,"c01000",5.6190581884842e-08,"S",0,"S=0","00000",1,0.000136824933902067
"44",0,0,1,0,0,0,0,0,0,FALSE,1.82207395284679e-09,"c01000",5.6190581884842e-08,"Su",-0.00446596768603293,"Su=0","00000",1,0.000130848815565507
"45",0,0,1,0,0,0,0,0,0,FALSE,1.82207395284679e-09,"c01000",5.6190581884842e-08,"br",0,"br=0","00000",1,0.000136824933902067
"46",1,0,1,0,0,0,0,0,0,FALSE,1.82207395284679e-09,"c11000",5.6190581884842e-08,"P",-0.000457715448909722,"P=1","00000",1,0.000142822754017594
"47",1,0,1,0,0,0,0,0,0,FALSE,1.82207395284679e-09,"c11000",5.6190581884842e-08,"Pu",0.00719503471283562,"Pu=0","00000",1,0.000154181715980244
"48",1,0,1,0,0,0,0,0,0,FALSE,1.82207395284679e-09,"c11000",5.6190581884842e-08,"K",-0.156695600457403,"K=1","00000",1,2.99409027044706e-05
"49",1,0,1,0,0,0,0,0,0,FALSE,1.82207395284679e-09,"c11000",5.6190581884842e-08,"Ku",0.884835656083246,"Ku=0","00000",1,0.999028009118564
"50",1,0,1,0,0,0,0,0,0,FALSE,1.82207395284679e-09,"c11000",5.6190581884842e-08,"C",-0.0218110476101403,"C=0","00000",1,0.000115361543979675
"51",1,0,1,0,0,0,0,0,0,FALSE,1.82207395284679e-09,"c11000",5.6190581884842e-08,"Cu",-0.0436851712062994,"Cu=0","00000",1,9.26964171146926e-05
"52",1,0,1,0,0,0,0,0,0,FALSE,1.82207395284679e-09,"c11000",5.6190581884842e-08,"S",0,"S=0","00000",1,0.00014347797420538
"53",1,0,1,0,0,0,0,0,0,FALSE,1.82207395284679e-09,"c11000",5.6190581884842e-08,"Su",-0.00438771007394915,"Su=0","00000",1,0.000137318690554573
"54",1,0,1,0,0,0,0,0,0,FALSE,1.82207395284679e-09,"c11000",5.6190581884842e-08,"br",0.00848973338927651,"br=0","00000",1,0.000156190882879599
"55",0,1,1,0,0,0,0,0,0,FALSE,0.0276860529446664,"c01000",0.853804766060534,"P",-0.00484637455450893,"P=0","10000",17,0.0001318597605432
"56",0,1,1,0,0,0,0,0,0,FALSE,0.0276860529446664,"c01000",0.853804766060534,"Pu",-0.00151695300165522,"Pu=1","10000",17,0.000136323829301438
"57",0,1,1,0,0,0,0,0,0,FALSE,0.0276860529446664,"c01000",0.853804766060534,"K",-0.157915785794605,"K=1","10000",17,2.85325295837726e-05
"58",0,1,1,0,0,0,0,0,0,FALSE,0.0276860529446664,"c01000",0.853804766060534,"Ku",0.888439312920958,"Ku=0","10000",17,0.999085672733324
"59",0,1,1,0,0,0,0,0,0,FALSE,0.0276860529446664,"c01000",0.853804766060534,"C",-0.0223656831707526,"C=0","10000",17,0.000110669230984692
"60",0,1,1,0,0,0,0,0,0,FALSE,0.0276860529446664,"c01000",0.853804766060534,"Cu",-0.0382489233604983,"Cu=0","10000",17,9.44162737422235e-05
"61",0,1,1,0,0,0,0,0,0,FALSE,0.0276860529446664,"c01000",0.853804766060534,"S",0,"S=0","10000",17,0.000138407562389842
"62",0,1,1,0,0,0,0,0,0,FALSE,0.0276860529446664,"c01000",0.853804766060534,"Su",-0.00196786120983511,"Su=0","10000",17,0.000135710517740642
"63",0,1,1,0,0,0,0,0,0,FALSE,0.0276860529446664,"c01000",0.853804766060534,"br",0,"br=0","10000",17,0.000138407562389842
"64",1,1,1,0,0,0,0,0,0,FALSE,0.0276860529446664,"c11000",0.853804766060534,"P",0.00372170154432558,"P=1","10000",17,0.000141033177174202
"65",1,1,1,0,0,0,0,0,0,FALSE,0.0276860529446664,"c11000",0.853804766060534,"Pu",0.000589021791266164,"Pu=1","10000",17,0.000136683545119209
"66",1,1,1,0,0,0,0,0,0,FALSE,0.0276860529446664,"c11000",0.853804766060534,"K",-0.157138697740338,"K=1","10000",17,2.82301673111085e-05
"67",1,1,1,0,0,0,0,0,0,FALSE,0.0276860529446664,"c11000",0.853804766060534,"Ku",0.890282374353117,"Ku=0","10000",17,0.999091744644941
"68",1,1,1,0,0,0,0,0,0,FALSE,0.0276860529446664,"c11000",0.853804766060534,"C",-0.0253628387321289,"C=0","10000",17,0.000105440810656282
"69",1,1,1,0,0,0,0,0,0,FALSE,0.0276860529446664,"c11000",0.853804766060534,"Cu",-0.0379592686220746,"Cu=0","10000",17,9.29615029001767e-05
"70",1,1,1,0,0,0,0,0,0,FALSE,0.0276860529446664,"c11000",0.853804766060534,"S",0,"S=0","10000",17,0.000135880815699852
"71",1,1,1,0,0,0,0,0,0,FALSE,0.0276860529446664,"c11000",0.853804766060534,"Su",-0.00278819704308034,"Su=0","10000",17,0.000132144520498411
"72",1,1,1,0,0,0,0,0,0,FALSE,0.0276860529446664,"c11000",0.853804766060534,"br",0,"br=0","10000",17,0.000135880815699852
"73",0,0,0,1,0,0,0,0,0,FALSE,1.68980815548743e-09,"c00000",2.70371557476991e-08,"P",-0.00129066937267627,"P=0","01000",9,0.000139407417478943
"74",0,0,0,1,0,0,0,0,0,FALSE,1.68980815548743e-09,"c00000",2.70371557476991e-08,"Pu",0.00455726176620523,"Pu=0","01000",9,0.000147802957481132
"75",0,0,0,1,0,0,0,0,0,FALSE,1.68980815548743e-09,"c00000",2.70371557476991e-08,"K",0.886425060955305,"K=0","01000",9,0.999047905791402
"76",0,0,0,1,0,0,0,0,0,FALSE,1.68980815548743e-09,"c00000",2.70371557476991e-08,"Ku",-0.155796087598733,"Ku=1","01000",9,2.97356458966249e-05
"77",0,0,0,1,0,0,0,0,0,FALSE,1.68980815548743e-09,"c00000",2.70371557476991e-08,"C",-0.0236245134408085,"C=0","01000",9,0.000111504200882308
"78",0,0,0,1,0,0,0,0,0,FALSE,1.68980815548743e-09,"c00000",2.70371557476991e-08,"Cu",-0.0450228033465759,"Cu=0","01000",9,9.0024275992364e-05
"79",0,0,0,1,0,0,0,0,0,FALSE,1.68980815548743e-09,"c00000",2.70371557476991e-08,"S",0,"S=0","01000",9,0.000141218367871263
"80",0,0,0,1,0,0,0,0,0,FALSE,1.68980815548743e-09,"c00000",2.70371557476991e-08,"Su",-0.00189147685489374,"Su=0","01000",9,0.000138572358344766
"81",0,0,0,1,0,0,0,0,0,FALSE,1.68980815548743e-09,"c00000",2.70371557476991e-08,"br",0.00855340954054177,"br=0","01000",9,0.000153828984650097
"82",1,0,0,1,0,0,0,0,0,FALSE,1.68980815548743e-09,"c10000",2.70371557476991e-08,"P",0.000909961034002295,"P=1","01000",9,0.000140499225750476
"83",1,0,0,1,0,0,0,0,0,FALSE,1.68980815548743e-09,"c10000",2.70371557476991e-08,"Pu",0.0011676466177768,"Pu=0","01000",9,0.00014086173887198
"84",1,0,0,1,0,0,0,0,0,FALSE,1.68980815548743e-09,"c10000",2.70371557476991e-08,"K",0.887847784201321,"K=0","01000",9,0.999070084434471
"85",1,0,0,1,0,0,0,0,0,FALSE,1.68980815548743e-09,"c10000",2.70371557476991e-08,"Ku",-0.157586852206342,"Ku=1","01000",9,2.87959238944423e-05
"86",1,0,0,1,0,0,0,0,0,FALSE,1.68980815548743e-09,"c10000",2.70371557476991e-08,"C",-0.0223714437957031,"C=0","01000",9,0.000111317661539917
"87",1,0,0,1,0,0,0,0,0,FALSE,1.68980815548743e-09,"c10000",2.70371557476991e-08,"Cu",-0.0445270008216317,"Cu=0","01000",9,8.91956578446533e-05
"88",1,0,0,1,0,0,0,0,0,FALSE,1.68980815548743e-09,"c10000",2.70371557476991e-08,"S",0,"S=0","01000",9,0.000139226536811636
"89",1,0,0,1,0,0,0,0,0,FALSE,1.68980815548743e-09,"c10000",2.70371557476991e-08,"Su",0.00111832733731571,"Su=0","01000",9,0.000140792284004652
"90",1,0,0,1,0,0,0,0,0,FALSE,1.68980815548743e-09,"c10000",2.70371557476991e-08,"br",0,"br=0","01000",9,0.000139226536811636
"91",0,1,0,1,0,0,0,0,0,FALSE,0.025676300342288,"c00000",0.41082422825619,"P",0.001451532982481,"P=0","11000",25,0.000146496530645392
"92",0,1,0,1,0,0,0,0,0,FALSE,0.025676300342288,"c00000",0.41082422825619,"Pu",-0.00707478807184749,"Pu=1","11000",25,0.000134523450369244
"93",0,1,0,1,0,0,0,0,0,FALSE,0.025676300342288,"c00000",0.41082422825619,"K",0.884207470945438,"K=0","11000",25,0.999051018808312
"94",0,1,0,1,0,0,0,0,0,FALSE,0.025676300342288,"c00000",0.41082422825619,"Ku",-0.160024848135895,"Ku=1","11000",25,2.91436757947749e-05
"95",0,1,0,1,0,0,0,0,0,FALSE,0.025676300342288,"c00000",0.41082422825619,"C",-0.0283860712412652,"C=0","11000",25,0.000108703686102397
"96",0,1,0,1,0,0,0,0,0,FALSE,0.025676300342288,"c00000",0.41082422825619,"Cu",-0.0404942579147152,"Cu=0","11000",25,9.63072727349783e-05
"97",0,1,0,1,0,0,0,0,0,FALSE,0.025676300342288,"c00000",0.41082422825619,"S",0,"S=0","11000",25,0.000144385443811844
"98",0,1,0,1,0,0,0,0,0,FALSE,0.025676300342288,"c00000",0.41082422825619,"Su",0.000449342240316889,"Su=0","11000",25,0.000145035688417517
"99",0,1,0,1,0,0,0,0,0,FALSE,0.025676300342288,"c00000",0.41082422825619,"br",0,"br=0","11000",25,0.000144385443811844
"100",1,1,0,1,0,0,0,0,0,FALSE,0.025676300342288,"c10000",0.41082422825619,"P",0.000900126853363465,"P=1","11000",25,0.000138008755059309
"101",1,1,0,1,0,0,0,0,0,FALSE,0.025676300342288,"c10000",0.41082422825619,"Pu",0.000238697528931955,"Pu=1","11000",25,0.000137098936902067
"102",1,1,0,1,0,0,0,0,0,FALSE,0.025676300342288,"c10000",0.41082422825619,"K",0.88962774412862,"K=0","11000",25,0.999083160945863
"103",1,1,0,1,0,0,0,0,0,FALSE,0.025676300342288,"c10000",0.41082422825619,"Ku",-0.156049299489014,"Ku=1","11000",25,2.87265810228404e-05
"104",1,1,0,1,0,0,0,0,0,FALSE,0.025676300342288,"c10000",0.41082422825619,"C",-0.0223768172294986,"C=0","11000",25,0.000109349337084275
"105",1,1,0,1,0,0,0,0,0,FALSE,0.025676300342288,"c10000",0.41082422825619,"Cu",-0.0419388987393775,"Cu=0","11000",25,8.99205830009783e-05
"106",1,1,0,1,0,0,0,0,0,FALSE,0.025676300342288,"c10000",0.41082422825619,"S",0,"S=0","11000",25,0.000136772075387864
"107",1,1,0,1,0,0,0,0,0,FALSE,0.025676300342288,"c10000",0.41082422825619,"Su",0.00246878549349738,"Su=0","11000",25,0.000140190710291884
"108",1,1,0,1,0,0,0,0,0,FALSE,0.025676300342288,"c10000",0.41082422825619,"br",0,"br=0","11000",25,0.000136772075387864
"109",0,0,1,1,0,0,0,0,0,TRUE,1.68980815548743e-09,"c01001",5.61896089471258e-08,"P",-0.000723678223565914,"P=0","01000",9,0.000900860576491203
"110",0,0,1,1,0,0,0,0,0,TRUE,1.68980815548743e-09,"c01001",5.61896089471258e-08,"Pu",0.00373098380410406,"Pu=0","01000",9,0.000941898126571517
"111",0,0,1,1,0,0,0,0,0,TRUE,1.68980815548743e-09,"c01001",5.61896089471258e-08,"K",0.631372445403007,"K=1","01000",9,0.500975130356093
"112",0,0,1,1,0,0,0,0,0,TRUE,1.68980815548743e-09,"c01001",5.61896089471258e-08,"Ku",0.628591317761507,"Ku=1","01000",9,0.487234332748744
"113",0,0,1,1,0,0,0,0,0,TRUE,1.68980815548743e-09,"c01001",5.61896089471258e-08,"C",0.103066292132967,"C=0","01000",9,0.00254338259949029
"114",0,0,1,1,0,0,0,0,0,TRUE,1.68980815548743e-09,"c01001",5.61896089471258e-08,"Cu",0.163680197333624,"Cu=0","01000",9,0.0046628832461199
"115",0,0,1,1,0,0,0,0,0,TRUE,1.68980815548743e-09,"c01001",5.61896089471258e-08,"S",0,"S=0","01000",9,0.000907403554807406
"116",0,0,1,1,0,0,0,0,0,TRUE,1.68980815548743e-09,"c01001",5.61896089471258e-08,"Su",0.00410763282459906,"Su=0","01000",9,0.000945452466129922
"117",0,0,1,1,0,0,0,0,0,TRUE,1.68980815548743e-09,"c01001",5.61896089471258e-08,"br",-0.00208767094561747,"br=0","01000",9,0.000888656325553047
"118",1,0,1,1,0,0,0,0,0,TRUE,1.68980815548743e-09,"c11001",5.61896089471258e-08,"P",-0.000669107865877083,"P=1","01000",9,0.000915380827779954
"119",1,0,1,1,0,0,0,0,0,TRUE,1.68980815548743e-09,"c11001",5.61896089471258e-08,"Pu",-0.00250834665266777,"Pu=0","01000",9,0.000898698671163311
"120",1,0,1,1,0,0,0,0,0,TRUE,1.68980815548743e-09,"c11001",5.61896089471258e-08,"K",0.628828344307052,"K=1","01000",9,0.495991816033976
"121",1,0,1,1,0,0,0,0,0,TRUE,1.68980815548743e-09,"c11001",5.61896089471258e-08,"Ku",0.628040498943841,"Ku=1","01000",9,0.492099520278149
"122",1,0,1,1,0,0,0,0,0,TRUE,1.68980815548743e-09,"c11001",5.61896089471258e-08,"C",0.100670122893983,"C=0","01000",9,0.00252181079400702
"123",1,0,1,1,0,0,0,0,0,TRUE,1.68980815548743e-09,"c11001",5.61896089471258e-08,"Cu",0.164438125726219,"Cu=0","01000",9,0.00477148339508387
"124",1,0,1,1,0,0,0,0,0,TRUE,1.68980815548743e-09,"c11001",5.61896089471258e-08,"S",0,"S=0","01000",9,0.00092152624972437
"125",1,0,1,1,0,0,0,0,0,TRUE,1.68980815548743e-09,"c11001",5.61896089471258e-08,"Su",0.00390643974028869,"Su=0","01000",9,0.000958237500391723
"126",1,0,1,1,0,0,0,0,0,TRUE,1.68980815548743e-09,"c11001",5.61896089471258e-08,"br",0,"br=0","01000",9,0.00092152624972437
"127",0,1,1,1,0,0,0,0,0,TRUE,0.025676300342288,"c01001",0.853789982464578,"P",0.00412025319467624,"P=0","11000",25,0.00096965659778184
"128",0,1,1,1,0,0,0,0,0,TRUE,0.025676300342288,"c01001",0.853789982464578,"Pu",0.00307878873295325,"Pu=1","11000",25,0.000959610373647239
"129",0,1,1,1,0,0,0,0,0,TRUE,0.025676300342288,"c01001",0.853789982464578,"K",0.626887829008966,"K=1","11000",25,0.491205446573209
"130",0,1,1,1,0,0,0,0,0,TRUE,0.025676300342288,"c01001",0.853789982464578,"Ku",0.627968197565189,"Ku=1","11000",25,0.496541045936015
"131",0,1,1,1,0,0,0,0,0,TRUE,0.025676300342288,"c01001",0.853789982464578,"C",0.106585345250799,"C=0","11000",25,0.00270158227054093
"132",0,1,1,1,0,0,0,0,0,TRUE,0.025676300342288,"c01001",0.853789982464578,"Cu",0.163813881415512,"Cu=0","11000",25,0.00478804884475202
"133",0,1,1,1,0,0,0,0,0,TRUE,0.025676300342288,"c01001",0.853789982464578,"S",0,"S=0","11000",25,0.000930516170259831
"134",0,1,1,1,0,0,0,0,0,TRUE,0.025676300342288,"c01001",0.853789982464578,"Su",0.00650920627548184,"Su=0","11000",25,0.000993100151755572
"135",0,1,1,1,0,0,0,0,0,TRUE,0.025676300342288,"c01001",0.853789982464578,"br",-0.00212041505436294,"br=0","11000",25,0.000910993082038807
"136",1,1,1,1,0,0,0,0,0,TRUE,0.025676300342288,"c11001",0.853789982464578,"P",0.00118071338189214,"P=1","11000",25,0.000923473661541189
"137",1,1,1,1,0,0,0,0,0,TRUE,0.025676300342288,"c11001",0.853789982464578,"Pu",-0.00099694014785866,"Pu=1","11000",25,0.000903580987627088
"138",1,1,1,1,0,0,0,0,0,TRUE,0.025676300342288,"c11001",0.853789982464578,"K",0.628614646477188,"K=1","11000",25,0.490157285759951
"139",1,1,1,1,0,0,0,0,0,TRUE,0.025676300342288,"c11001",0.853789982464578,"Ku",0.630170172283883,"Ku=1","11000",25,0.49784141822412
"140",1,1,1,1,0,0,0,0,0,TRUE,0.025676300342288,"c11001",0.853789982464578,"C",0.103526643595189,"C=0","11000",25,0.00256984684083342
"141",1,1,1,1,0,0,0,0,0,TRUE,0.025676300342288,"c11001",0.853789982464578,"Cu",0.166088649030057,"Cu=0","11000",25,0.00480408384136831
"142",1,1,1,1,0,0,0,0,0,TRUE,0.025676300342288,"c11001",0.853789982464578,"S",0,"S=0","11000",25,0.00091263420184241
"143",1,1,1,1,0,0,0,0,0,TRUE,0.025676300342288,"c11001",0.853789982464578,"Su",0.00661456899017013,"Su=0","11000",25,0.000975042280874179
"144",1,1,1,1,0,0,0,0,0,TRUE,0.025676300342288,"c11001",0.853789982464578,"br",0,"br=0","11000",25,0.00091263420184241
"145",0,0,0,0,1,0,0,0,0,FALSE,1.82207395284679e-09,"c00100",2.91534261371425e-08,"P",0.00210514528957967,"P=0","00000",1,0.0166030441920168
"146",0,0,0,0,1,0,0,0,0,FALSE,1.82207395284679e-09,"c00100",2.91534261371425e-08,"Pu",0.00310629067145701,"Pu=0","00000",1,0.0167700996408345
"147",0,0,0,0,1,0,0,0,0,FALSE,1.82207395284679e-09,"c00100",2.91534261371425e-08,"K",0.331040361935616,"K=0","00000",1,0.445384622940846
"148",0,0,0,0,1,0,0,0,0,FALSE,1.82207395284679e-09,"c00100",2.91534261371425e-08,"Ku",0.331496032618208,"Ku=0","00000",1,0.447418741012581
"149",0,0,0,0,1,0,0,0,0,FALSE,1.82207395284679e-09,"c00100",2.91534261371425e-08,"C",-0.000439384137746542,"C=1","00000",1,0.0161859044747829
"150",0,0,0,0,1,0,0,0,0,FALSE,1.82207395284679e-09,"c00100",2.91534261371425e-08,"Cu",-0.0567825192012825,"Cu=0","00000",1,0.00921386503605255
"151",0,0,0,0,1,0,0,0,0,FALSE,1.82207395284679e-09,"c00100",2.91534261371425e-08,"S",0,"S=0","00000",1,0.0162571792419382
"152",0,0,0,0,1,0,0,0,0,FALSE,1.82207395284679e-09,"c00100",2.91534261371425e-08,"Su",-0.0017156684557695,"Su=0","00000",1,0.0159806389861651
"153",0,0,0,0,1,0,0,0,0,FALSE,1.82207395284679e-09,"c00100",2.91534261371425e-08,"br",-0.000439384137746544,"br=0","00000",1,0.0161859044747829
"154",1,0,0,0,1,0,0,0,0,FALSE,1.82207395284679e-09,"c10100",2.91534261371425e-08,"P",0.00078002066833222,"P=1","00000",1,0.015776121793128
"155",1,0,0,0,1,0,0,0,0,FALSE,1.82207395284679e-09,"c10100",2.91534261371425e-08,"Pu",-0.002015302594367,"Pu=0","00000",1,0.0153412347573488
"156",1,0,0,0,1,0,0,0,0,FALSE,1.82207395284679e-09,"c10100",2.91534261371425e-08,"K",0.33517165248059,"K=0","00000",1,0.446935297630203
"157",1,0,0,0,1,0,0,0,0,FALSE,1.82207395284679e-09,"c10100",2.91534261371425e-08,"Ku",0.336050538164241,"Ku=0","00000",1,0.450880660193359
"158",1,0,0,0,1,0,0,0,0,FALSE,1.82207395284679e-09,"c10100",2.91534261371425e-08,"C",0,"C=1","00000",1,0.0156535434721042
"159",1,0,0,0,1,0,0,0,0,FALSE,1.82207395284679e-09,"c10100",2.91534261371425e-08,"Cu",-0.0578657379008125,"Cu=0","00000",1,0.00877616858260046
"160",1,0,0,0,1,0,0,0,0,FALSE,1.82207395284679e-09,"c10100",2.91534261371425e-08,"S",0,"S=0","00000",1,0.0156535434721042
"161",1,0,0,0,1,0,0,0,0,FALSE,1.82207395284679e-09,"c10100",2.91534261371425e-08,"Su",-0.00208930139393213,"Su=0","00000",1,0.0153298866270478
"162",1,0,0,0,1,0,0,0,0,FALSE,1.82207395284679e-09,"c10100",2.91534261371425e-08,"br",0,"br=0","00000",1,0.0156535434721042
"163",0,1,0,0,1,0,0,0,0,FALSE,0.0276860529446664,"c00100",0.442980537804339,"P",-0.00281165630282108,"P=0","10000",17,0.0159461901832579
"164",0,1,0,0,1,0,0,0,0,FALSE,0.0276860529446664,"c00100",0.442980537804339,"Pu",0.00893250203846896,"Pu=1","10000",17,0.0179333395316092
"165",0,1,0,0,1,0,0,0,0,FALSE,0.0276860529446664,"c00100",0.442980537804339,"K",0.328725318957055,"K=0","10000",17,0.439039634814023
"166",0,1,0,0,1,0,0,0,0,FALSE,0.0276860529446664,"c00100",0.442980537804339,"Ku",0.331666993663754,"Ku=0","10000",17,0.452146589533443
"167",0,1,0,0,1,0,0,0,0,FALSE,0.0276860529446664,"c00100",0.442980537804339,"C",0,"C=1","10000",17,0.0164009047951393
"168",0,1,0,0,1,0,0,0,0,FALSE,0.0276860529446664,"c00100",0.442980537804339,"Cu",-0.0569542714767198,"Cu=0","10000",17,0.00927937122871729
"169",0,1,0,0,1,0,0,0,0,FALSE,0.0276860529446664,"c00100",0.442980537804339,"S",0,"S=0","10000",17,0.0164009047951393
"170",0,1,0,0,1,0,0,0,0,FALSE,0.0276860529446664,"c00100",0.442980537804339,"Su",0.00031202915035873,"Su=0","10000",17,0.0164521603235313
"171",0,1,0,0,1,0,0,0,0,FALSE,0.0276860529446664,"c00100",0.442980537804339,"br",0,"br=0","10000",17,0.0164009047951393
"172",1,1,0,0,1,0,0,0,0,FALSE,0.0276860529446664,"c10100",0.442980537804339,"P",-0.000639683786430579,"P=1","10000",17,0.0155373443554492
"173",1,1,0,0,1,0,0,0,0,FALSE,0.0276860529446664,"c10100",0.442980537804339,"Pu",0.00246718788900433,"Pu=1","10000",17,0.0160276468015667
"174",1,1,0,0,1,0,0,0,0,FALSE,0.0276860529446664,"c10100",0.442980537804339,"K",0.334539093129574,"K=0","10000",17,0.443649221535552
"175",1,1,0,0,1,0,0,0,0,FALSE,0.0276860529446664,"c10100",0.442980537804339,"Ku",0.336694669298056,"Ku=0","10000",17,0.45331623402274
"176",1,1,0,0,1,0,0,0,0,FALSE,0.0276860529446664,"c10100",0.442980537804339,"C",0,"C=1","10000",17,0.0156370527975
"177",1,1,0,0,1,0,0,0,0,FALSE,0.0276860529446664,"c10100",0.442980537804339,"Cu",-0.057752991360776,"Cu=0","10000",17,0.00877681305263547
"178",1,1,0,0,1,0,0,0,0,FALSE,0.0276860529446664,"c10100",0.442980537804339,"S",0,"S=0","10000",17,0.0156370527975
"179",1,1,0,0,1,0,0,0,0,FALSE,0.0276860529446664,"c10100",0.442980537804339,"Su",0.000920027640902369,"Su=0","10000",17,0.0157815818395562
"180",1,1,0,0,1,0,0,0,0,FALSE,0.0276860529446664,"c10100",0.442980537804339,"br",0,"br=0","10000",17,0.0156370527975
"181",0,0,1,0,1,0,0,0,0,FALSE,1.82207395284679e-09,"c01100",5.61905818111592e-08,"P",0.00540175321157871,"P=0","00000",1,0.00025926321519996
"182",0,0,1,0,1,0,0,0,0,FALSE,1.82207395284679e-09,"c01100",5.61905818111592e-08,"Pu",-0.00168001840135378,"Pu=0","00000",1,0.000241537829427106
"183",0,0,1,0,1,0,0,0,0,FALSE,1.82207395284679e-09,"c01100",5.61905818111592e-08,"K",-0.147106997528226,"K=1","00000",1,5.64161978474013e-05
"184",0,0,1,0,1,0,0,0,0,FALSE,1.82207395284679e-09,"c01100",5.61905818111592e-08,"Ku",0.831009426928902,"Ku=0","00000",1,0.998411263134793
"185",0,0,1,0,1,0,0,0,0,FALSE,1.82207395284679e-09,"c01100",5.61905818111592e-08,"C",0,"C=1","00000",1,0.000245629987664193
"186",0,0,1,0,1,0,0,0,0,FALSE,1.82207395284679e-09,"c01100",5.61905818111592e-08,"Cu",-0.143136027398414,"Cu=0","00000",1,5.87015431030564e-05
"187",0,0,1,0,1,0,0,0,0,FALSE,1.82207395284679e-09,"c01100",5.61905818111592e-08,"S",0,"S=0","00000",1,0.000245629987664193
"188",0,0,1,0,1,0,0,0,0,FALSE,1.82207395284679e-09,"c01100",5.61905818111592e-08,"Su",-0.00402991203235382,"Su=0","00000",1,0.000235928116636645
"189",0,0,1,0,1,0,0,0,0,FALSE,1.82207395284679e-09,"c01100",5.61905818111592e-08,"br",0,"br=0","00000",1,0.000245629987664193
"190",1,0,1,0,1,0,0,0,0,FALSE,1.82207395284679e-09,"c11100",5.61905818111592e-08,"P",-0.00172913545588551,"P=1","00000",1,0.000245196619030251
"191",1,0,1,0,1,0,0,0,0,FALSE,1.82207395284679e-09,"c11100",5.61905818111592e-08,"Pu",0.00729808686631694,"Pu=0","00000",1,0.000268360879114938
"192",1,0,1,0,1,0,0,0,0,FALSE,1.82207395284679e-09,"c11100",5.61905818111592e-08,"K",-0.146655154069907,"K=1","00000",1,5.75584083260966e-05
"193",1,0,1,0,1,0,0,0,0,FALSE,1.82207395284679e-09,"c11100",5.61905818111592e-08,"Ku",0.829453331418145,"Ku=0","00000",1,0.998375846489675
"194",1,0,1,0,1,0,0,0,0,FALSE,1.82207395284679e-09,"c11100",5.61905818111592e-08,"C",0,"C=1","00000",1,0.000249473268683177
"195",1,0,1,0,1,0,0,0,0,FALSE,1.82207395284679e-09,"c11100",5.61905818111592e-08,"Cu",-0.14301774177047,"Cu=0","00000",1,5.9690587950594e-05
"196",1,0,1,0,1,0,0,0,0,FALSE,1.82207395284679e-09,"c11100",5.61905818111592e-08,"S",0,"S=0","00000",1,0.000249473268683177
"197",1,0,1,0,1,0,0,0,0,FALSE,1.82207395284679e-09,"c11100",5.61905818111592e-08,"Su",-0.00183907061436735,"Su=0","00000",1,0.000244927209853364
"198",1,0,1,0,1,0,0,0,0,FALSE,1.82207395284679e-09,"c11100",5.61905818111592e-08,"br",0,"br=0","00000",1,0.000249473268683177
"199",0,1,1,0,1,0,0,0,0,FALSE,0.0276860529446664,"c01100",0.853804764940938,"P",0.00242745030867255,"P=0","10000",17,0.000247703606441302
"200",0,1,1,0,1,0,0,0,0,FALSE,0.0276860529446664,"c01100",0.853804764940938,"Pu",-0.00397034243787202,"Pu=1","10000",17,0.000232352349792403
"201",0,1,1,0,1,0,0,0,0,FALSE,0.0276860529446664,"c01100",0.853804764940938,"K",-0.147332060335175,"K=1","10000",17,5.54032241473507e-05
"202",0,1,1,0,1,0,0,0,0,FALSE,0.0276860529446664,"c01100",0.853804764940938,"Ku",0.832599288573737,"Ku=0","10000",17,0.99844193583449
"203",0,1,1,0,1,0,0,0,0,FALSE,0.0276860529446664,"c01100",0.853804764940938,"C",0,"C=1","10000",17,0.000241763117392666
"204",0,1,1,0,1,0,0,0,0,FALSE,0.0276860529446664,"c01100",0.853804764940938,"Cu",-0.143457748164312,"Cu=0","10000",17,5.75918411734078e-05
"205",0,1,1,0,1,0,0,0,0,FALSE,0.0276860529446664,"c01100",0.853804764940938,"S",0,"S=0","10000",17,0.000241763117392666
"206",0,1,1,0,1,0,0,0,0,FALSE,0.0276860529446664,"c01100",0.853804764940938,"Su",-0.000847100002378044,"Su=0","10000",17,0.000239723791777935
"207",0,1,1,0,1,0,0,0,0,FALSE,0.0276860529446664,"c01100",0.853804764940938,"br",0,"br=0","10000",17,0.000241763117392666
"208",1,1,1,0,1,0,0,0,0,FALSE,0.0276860529446664,"c11100",0.853804764940938,"P",0.00193715131899539,"P=1","10000",17,0.000250137514767678
"209",1,1,1,0,1,0,0,0,0,FALSE,0.0276860529446664,"c11100",0.853804764940938,"Pu",-0.00468855186568778,"Pu=1","10000",17,0.000234101268676134
"210",1,1,1,0,1,0,0,0,0,FALSE,0.0276860529446664,"c11100",0.853804764940938,"K",-0.146662086267067,"K=1","10000",17,5.66005357009419e-05
"211",1,1,1,0,1,0,0,0,0,FALSE,0.0276860529446664,"c11100",0.853804764940938,"Ku",0.831125916427186,"Ku=0","10000",17,0.998389217528447
"212",1,1,1,0,1,0,0,0,0,FALSE,0.0276860529446664,"c11100",0.853804764940938,"C",0,"C=1","10000",17,0.000245338603752286
"213",1,1,1,0,1,0,0,0,0,FALSE,0.0276860529446664,"c11100",0.853804764940938,"Cu",-0.143394915900232,"Cu=0","10000",17,5.8480312171291e-05
"214",1,1,1,0,1,0,0,0,0,FALSE,0.0276860529446664,"c11100",0.853804764940938,"S",0,"S=0","10000",17,0.000245338603752286
"215",1,1,1,0,1,0,0,0,0,FALSE,0.0276860529446664,"c11100",0.853804764940938,"Su",-0.00139521157933927,"Su=0","10000",17,0.000241939379470875
"216",1,1,1,0,1,0,0,0,0,FALSE,0.0276860529446664,"c11100",0.853804764940938,"br",0.0128021253835255,"br=0","10000",17,0.000278846253261513
"217",0,0,0,1,1,0,0,0,0,FALSE,1.68980815548743e-09,"c00100",2.70371557476988e-08,"P",0.0005545336906117,"P=0","01000",9,0.000246103316517394
"218",0,0,0,1,1,0,0,0,0,FALSE,1.68980815548743e-09,"c00100",2.70371557476988e-08,"Pu",-0.00181014385870785,"Pu=0","01000",9,0.000240352034276424
"219",0,0,0,1,1,0,0,0,0,FALSE,1.68980815548743e-09,"c00100",2.70371557476988e-08,"K",0.831372750038191,"K=0","01000",9,0.998424281867043
"220",0,0,0,1,1,0,0,0,0,FALSE,1.68980815548743e-09,"c00100",2.70371557476988e-08,"Ku",-0.145626595160369,"Ku=1","01000",9,5.70506885285198e-05
"221",0,0,0,1,1,0,0,0,0,FALSE,1.68980815548743e-09,"c00100",2.70371557476988e-08,"C",0,"C=1","01000",9,0.000244742367661068
"222",0,0,0,1,1,0,0,0,0,FALSE,1.68980815548743e-09,"c00100",2.70371557476988e-08,"Cu",-0.142956741794116,"Cu=0","01000",9,5.85943736256235e-05
"223",0,0,0,1,1,0,0,0,0,FALSE,1.68980815548743e-09,"c00100",2.70371557476988e-08,"S",0,"S=0","01000",9,0.000244742367661068
"224",0,0,0,1,1,0,0,0,0,FALSE,1.68980815548743e-09,"c00100",2.70371557476988e-08,"Su",-0.00221094980556249,"Su=0","01000",9,0.000239390617025476
"225",0,0,0,1,1,0,0,0,0,FALSE,1.68980815548743e-09,"c00100",2.70371557476988e-08,"br",0,"br=0","01000",9,0.000244742367661068
"226",1,0,0,1,1,0,0,0,0,FALSE,1.68980815548743e-09,"c10100",2.70371557476988e-08,"P",0.00465038690570503,"P=1","01000",9,0.000260983985843479
"227",1,0,0,1,1,0,0,0,0,FALSE,1.68980815548743e-09,"c10100",2.70371557476988e-08,"Pu",0.000481645166900722,"Pu=0","01000",9,0.000250327893157127
"228",1,0,0,1,1,0,0,0,0,FALSE,1.68980815548743e-09,"c10100",2.70371557476988e-08,"K",0.829592411120811,"K=0","01000",9,0.998370062498841
"229",1,0,0,1,1,0,0,0,0,FALSE,1.68980815548743e-09,"c10100",2.70371557476988e-08,"Ku",-0.145994875135239,"Ku=1","01000",9,5.78588502499812e-05
"230",1,0,0,1,1,0,0,0,0,FALSE,1.68980815548743e-09,"c10100",2.70371557476988e-08,"C",0,"C=1","01000",9,0.000249125099881391
"231",1,0,0,1,1,0,0,0,0,FALSE,1.68980815548743e-09,"c10100",2.70371557476988e-08,"Cu",-0.142332560100123,"Cu=0","01000",9,6.00171034115611e-05
"232",1,0,0,1,1,0,0,0,0,FALSE,1.68980815548743e-09,"c10100",2.70371557476988e-08,"S",0,"S=0","01000",9,0.000249125099881391
"233",1,0,0,1,1,0,0,0,0,FALSE,1.68980815548743e-09,"c10100",2.70371557476988e-08,"Su",0.0016912934345188,"Su=0","01000",9,0.000253374368852457
"234",1,0,0,1,1,0,0,0,0,FALSE,1.68980815548743e-09,"c10100",2.70371557476988e-08,"br",0,"br=0","01000",9,0.000249125099881391
"235",0,1,0,1,1,0,0,0,0,FALSE,0.025676300342288,"c00100",0.410824228256186,"P",0.00100858212183339,"P=0","11000",25,0.000242299033227477
"236",0,1,0,1,1,0,0,0,0,FALSE,0.025676300342288,"c00100",0.410824228256186,"Pu",0.00182790239261679,"Pu=1","11000",25,0.000244292393172735
"237",0,1,0,1,1,0,0,0,0,FALSE,0.025676300342288,"c00100",0.410824228256186,"K",0.833383564850413,"K=0","11000",25,0.998413167506694
"238",0,1,0,1,1,0,0,0,0,FALSE,0.025676300342288,"c00100",0.410824228256186,"Ku",-0.145769964913254,"Ku=1","11000",25,5.58342325299929e-05
"239",0,1,0,1,1,0,0,0,0,FALSE,0.025676300342288,"c00100",0.410824228256186,"C",0,"C=1","11000",25,0.000239867530957331
"240",0,1,0,1,1,0,0,0,0,FALSE,0.025676300342288,"c00100",0.410824228256186,"Cu",-0.142876856867729,"Cu=0","11000",25,5.74731710187371e-05
"241",0,1,0,1,1,0,0,0,0,FALSE,0.025676300342288,"c00100",0.410824228256186,"S",0,"S=0","11000",25,0.000239867530957331
"242",0,1,0,1,1,0,0,0,0,FALSE,0.025676300342288,"c00100",0.410824228256186,"Su",0.00194587531624031,"Su=0","11000",25,0.000244580762116342
"243",0,1,0,1,1,0,0,0,0,FALSE,0.025676300342288,"c00100",0.410824228256186,"br",0.00906130764063112,"br=0","11000",25,0.000262617839326505
"244",1,1,0,1,1,0,0,0,0,FALSE,0.025676300342288,"c10100",0.410824228256186,"P",-0.000724021831444253,"P=1","11000",25,0.000241052585140009
"245",1,1,0,1,1,0,0,0,0,FALSE,0.025676300342288,"c10100",0.410824228256186,"Pu",0.00283481482541486,"Pu=1","11000",25,0.000249785730374819
"246",1,1,0,1,1,0,0,0,0,FALSE,0.025676300342288,"c10100",0.410824228256186,"K",0.832166329716715,"K=0","11000",25,0.998409329268354
"247",1,1,0,1,1,0,0,0,0,FALSE,0.025676300342288,"c10100",0.410824228256186,"Ku",-0.147405990207938,"Ku=1","11000",25,5.56006794511457e-05
"248",1,1,0,1,1,0,0,0,0,FALSE,0.025676300342288,"c10100",0.410824228256186,"C",0,"C=1","11000",25,0.000242804191837422
"249",1,1,0,1,1,0,0,0,0,FALSE,0.025676300342288,"c10100",0.410824228256186,"Cu",-0.142285989357435,"Cu=0","11000",25,5.85215715101186e-05
"250",1,1,0,1,1,0,0,0,0,FALSE,0.025676300342288,"c10100",0.410824228256186,"S",0,"S=0","11000",25,0.000242804191837422
"251",1,1,0,1,1,0,0,0,0,FALSE,0.025676300342288,"c10100",0.410824228256186,"Su",0.00579780278079588,"Su=0","11000",25,0.000257297589657273
"252",1,1,0,1,1,0,0,0,0,FALSE,0.025676300342288,"c10100",0.410824228256186,"br",0,"br=0","11000",25,0.000242804191837422
"253",0,0,1,1,1,0,0,0,0,TRUE,1.68980815548743e-09,"c01101",5.61896090265733e-08,"P",-0.00154228635094739,"P=0","01000",9,0.00163560314116402
"254",0,0,1,1,1,0,0,0,0,TRUE,1.68980815548743e-09,"c01101",5.61896090265733e-08,"Pu",0.00254535096641816,"Pu=0","01000",9,0.0017038459223736
"255",0,0,1,1,1,0,0,0,0,TRUE,1.68980815548743e-09,"c01101",5.61896090265733e-08,"K",0.532896387291306,"K=1","01000",9,0.342543400487258
"256",0,0,1,1,1,0,0,0,0,TRUE,1.68980815548743e-09,"c01101",5.61896090265733e-08,"Ku",0.53210372770135,"Ku=1","01000",9,0.339838930155603
"257",0,0,1,1,1,0,0,0,0,TRUE,1.68980815548743e-09,"c01101",5.61896090265733e-08,"C",0,"C=1","01000",9,0.00166102435522438
"258",0,0,1,1,1,0,0,0,0,TRUE,1.68980815548743e-09,"c01101",5.61896090265733e-08,"Cu",0.522154601678209,"Cu=0","01000",9,0.307655456869682
"259",0,0,1,1,1,0,0,0,0,TRUE,1.68980815548743e-09,"c01101",5.61896090265733e-08,"S",0,"S=0","01000",9,0.00166102435522438
"260",0,0,1,1,1,0,0,0,0,TRUE,1.68980815548743e-09,"c01101",5.61896090265733e-08,"Su",-0.0012927075449434,"Su=0","01000",9,0.00163969035824691
"261",0,0,1,1,1,0,0,0,0,TRUE,1.68980815548743e-09,"c01101",5.61896090265733e-08,"br",0,"br=0","01000",9,0.00166102435522438
"262",1,0,1,1,1,0,0,0,0,TRUE,1.68980815548743e-09,"c11101",5.61896090265733e-08,"P",-0.00473082503550182,"P=1","01000",9,0.00157992536123092
"263",1,0,1,1,1,0,0,0,0,TRUE,1.68980815548743e-09,"c11101",5.61896090265733e-08,"Pu",-0.00128058134422315,"Pu=0","01000",9,0.0016353879313859
"264",1,0,1,1,1,0,0,0,0,TRUE,1.68980815548743e-09,"c11101",5.61896090265733e-08,"K",0.533980107896485,"K=1","01000",9,0.345325322164071
"265",1,0,1,1,1,0,0,0,0,TRUE,1.68980815548743e-09,"c11101",5.61896090265733e-08,"Ku",0.531682874925055,"Ku=1","01000",9,0.337482820164728
"266",1,0,1,1,1,0,0,0,0,TRUE,1.68980815548743e-09,"c11101",5.61896090265733e-08,"C",0,"C=1","01000",9,0.00165646507106634
"267",1,0,1,1,1,0,0,0,0,TRUE,1.68980815548743e-09,"c11101",5.61896090265733e-08,"Cu",0.522326906498613,"Cu=0","01000",9,0.307340090637575
"268",1,0,1,1,1,0,0,0,0,TRUE,1.68980815548743e-09,"c11101",5.61896090265733e-08,"S",0,"S=0","01000",9,0.00165646507106634
"269",1,0,1,1,1,0,0,0,0,TRUE,1.68980815548743e-09,"c11101",5.61896090265733e-08,"Su",0.000637485626599745,"Su=0","01000",9,0.00166705852781067
"270",1,0,1,1,1,0,0,0,0,TRUE,1.68980815548743e-09,"c11101",5.61896090265733e-08,"br",0,"br=0","01000",9,0.00165646507106634
"271",0,1,1,1,1,0,0,0,0,TRUE,0.025676300342288,"c01101",0.853789983671766,"P",-0.00116271765053331,"P=0","11000",25,0.00162396253967915
"272",0,1,1,1,1,0,0,0,0,TRUE,0.025676300342288,"c01101",0.853789983671766,"Pu",-0.00186479593510707,"Pu=1","11000",25,0.00161260098152363
"273",0,1,1,1,1,0,0,0,0,TRUE,0.025676300342288,"c01101",0.853789983671766,"K",0.534796468404353,"K=1","11000",25,0.34531637828728
"274",0,1,1,1,1,0,0,0,0,TRUE,0.025676300342288,"c01101",0.853789983671766,"Ku",0.533268297464467,"Ku=1","11000",25,0.340079470112543
"275",0,1,1,1,1,0,0,0,0,TRUE,0.025676300342288,"c01101",0.853789983671766,"C",0,"C=1","11000",25,0.00164295483820411
"276",0,1,1,1,1,0,0,0,0,TRUE,0.025676300342288,"c01101",0.853789983671766,"Cu",0.522309365283776,"Cu=0","11000",25,0.304779938816884
"277",0,1,1,1,1,0,0,0,0,TRUE,0.025676300342288,"c01101",0.853789983671766,"S",0,"S=0","11000",25,0.00164295483820411
"278",0,1,1,1,1,0,0,0,0,TRUE,0.025676300342288,"c01101",0.853789983671766,"Su",0.000958890315568716,"Su=0","11000",25,0.00165878474747769
"279",0,1,1,1,1,0,0,0,0,TRUE,0.025676300342288,"c01101",0.853789983671766,"br",0,"br=0","11000",25,0.00164295483820411
"280",1,1,1,1,1,0,0,0,0,TRUE,0.025676300342288,"c11101",0.853789983671766,"P",-0.00379741853338785,"P=1","11000",25,0.00157321598828615
"281",1,1,1,1,1,0,0,0,0,TRUE,0.025676300342288,"c11101",0.853789983671766,"Pu",0.000332392707230888,"Pu=1","11000",25,0.00163954708635385
"282",1,1,1,1,1,0,0,0,0,TRUE,0.025676300342288,"c11101",0.853789983671766,"K",0.53640860514981,"K=1","11000",25,0.349038475552994
"283",1,1,1,1,1,0,0,0,0,TRUE,0.025676300342288,"c11101",0.853789983671766,"Ku",0.532696833752085,"Ku=1","11000",25,0.336320457260165
"284",1,1,1,1,1,0,0,0,0,TRUE,0.025676300342288,"c11101",0.853789983671766,"C",0,"C=1","11000",25,0.00163410639864106
"285",1,1,1,1,1,0,0,0,0,TRUE,0.025676300342288,"c11101",0.853789983671766,"Cu",0.522873677178894,"Cu=0","11000",25,0.304853971977621
"286",1,1,1,1,1,0,0,0,0,TRUE,0.025676300342288,"c11101",0.853789983671766,"S",0,"S=0","11000",25,0.00163410639864106
"287",1,1,1,1,1,0,0,0,0,TRUE,0.025676300342288,"c11101",0.853789983671766,"Su",0.0022932143298411,"Su=0","11000",25,0.00167201293865687
"288",1,1,1,1,1,0,0,0,0,TRUE,0.025676300342288,"c11101",0.853789983671766,"br",0,"br=0","11000",25,0.00163410639864106
"289",0,0,0,0,0,1,0,0,0,FALSE,2.57626065172293e-18,"c00000",4.12205138560297e-17,"P",0.00292436603883183,"P=0","00100",5,0.0196972788895706
"290",0,0,0,0,0,1,0,0,0,FALSE,2.57626065172293e-18,"c00000",4.12205138560297e-17,"Pu",0.00163576570652172,"Pu=0","00100",5,0.0194450880440421
"291",0,0,0,0,0,1,0,0,0,FALSE,2.57626065172293e-18,"c00000",4.12205138560297e-17,"K",0.311350485114999,"K=0","00100",5,0.430411483519845
"292",0,0,0,0,0,1,0,0,0,FALSE,2.57626065172293e-18,"c00000",4.12205138560297e-17,"Ku",0.313666551637171,"Ku=0","00100",5,0.440496436095276
"293",0,0,0,0,0,1,0,0,0,FALSE,2.57626065172293e-18,"c00000",4.12205138560297e-17,"C",-0.0681291372838694,"C=0","00100",5,0.00967887296760315
"294",0,0,0,0,0,1,0,0,0,FALSE,2.57626065172293e-18,"c00000",4.12205138560297e-17,"Cu",0.0193229095584862,"Cu=1","00100",5,0.0232072779441622
"295",0,0,0,0,0,1,0,0,0,FALSE,2.57626065172293e-18,"c00000",4.12205138560297e-17,"S",0,"S=0","00100",5,0.0191295993250075
"296",0,0,0,0,0,1,0,0,0,FALSE,2.57626065172293e-18,"c00000",4.12205138560297e-17,"Su",-0.00171478737012123,"Su=0","00100",5,0.0188043638894858
"297",0,0,0,0,0,1,0,0,0,FALSE,2.57626065172293e-18,"c00000",4.12205138560297e-17,"br",0,"br=0","00100",5,0.0191295993250075
"298",1,0,0,0,0,1,0,0,0,FALSE,2.57626065172293e-18,"c10000",4.12205138560297e-17,"P",-0.00148451330936578,"P=1","00100",5,0.0188238755864483
"299",1,0,0,0,0,1,0,0,0,FALSE,2.57626065172293e-18,"c10000",4.12205138560297e-17,"Pu",-0.00169275560882563,"Pu=0","00100",5,0.0187847171014953
"300",1,0,0,0,0,1,0,0,0,FALSE,2.57626065172293e-18,"c10000",4.12205138560297e-17,"K",0.312923457561704,"K=0","00100",5,0.436682222443601
"301",1,0,0,0,0,1,0,0,0,FALSE,2.57626065172293e-18,"c10000",4.12205138560297e-17,"Ku",0.312163672303265,"Ku=0","00100",5,0.433376947686811
"302",1,0,0,0,0,1,0,0,0,FALSE,2.57626065172293e-18,"c10000",4.12205138560297e-17,"C",-0.0658308485480046,"C=0","00100",5,0.00989137029584758
"303",1,0,0,0,0,1,0,0,0,FALSE,2.57626065172293e-18,"c10000",4.12205138560297e-17,"Cu",0.0271688224274877,"Cu=1","00100",5,0.0250696863084947
"304",1,0,0,0,0,1,0,0,0,FALSE,2.57626065172293e-18,"c10000",4.12205138560297e-17,"S",0,"S=0","00100",5,0.0191054030107244
"305",1,0,0,0,0,1,0,0,0,FALSE,2.57626065172293e-18,"c10000",4.12205138560297e-17,"Su",0.000287314600356345,"Su=0","00100",5,0.019160374555853
"306",1,0,0,0,0,1,0,0,0,FALSE,2.57626065172293e-18,"c10000",4.12205138560297e-17,"br",0,"br=0","00100",5,0.0191054030107244
"307",0,1,0,0,0,1,0,0,0,FALSE,3.91457705058688e-11,"c00000",6.26337546421395e-10,"P",-0.00385197591189544,"P=0","10100",21,0.0173517137315438
"308",0,1,0,0,0,1,0,0,0,FALSE,3.91457705058688e-11,"c00000",6.26337546421395e-10,"Pu",0.00148853647347173,"Pu=1","10100",21,0.0183035750651934
"309",0,1,0,0,0,1,0,0,0,FALSE,3.91457705058688e-11,"c00000",6.26337546421395e-10,"K",0.321077531695368,"K=0","10100",21,0.447191248336535
"310",0,1,0,0,0,1,0,0,0,FALSE,3.91457705058688e-11,"c00000",6.26337546421395e-10,"Ku",0.31747247824499,"Ku=0","10100",21,0.431356898080849
"311",0,1,0,0,0,1,0,0,0,FALSE,3.91457705058688e-11,"c00000",6.26337546421395e-10,"C",-0.0684156955072395,"C=0","10100",21,0.00909799518321213
"312",0,1,0,0,0,1,0,0,0,FALSE,3.91457705058688e-11,"c00000",6.26337546421395e-10,"Cu",0.0197860559878204,"Cu=1","10100",21,0.0219786514736155
"313",0,1,0,0,0,1,0,0,0,FALSE,3.91457705058688e-11,"c00000",6.26337546421395e-10,"S",0,"S=0","10100",21,0.0180331374491539
"314",0,1,0,0,0,1,0,0,0,FALSE,3.91457705058688e-11,"c00000",6.26337546421395e-10,"Su",0.0033830439718546,"Su=0","10100",21,0.0186536432307429
"315",0,1,0,0,0,1,0,0,0,FALSE,3.91457705058688e-11,"c00000",6.26337546421395e-10,"br",0,"br=0","10100",21,0.0180331374491539
"316",1,1,0,0,0,1,0,0,0,FALSE,3.91457705058688e-11,"c10000",6.26337546421395e-10,"P",0.00186459350612121,"P=1","10100",21,0.0202190567853229
"317",1,1,0,0,0,1,0,0,0,FALSE,3.91457705058688e-11,"c10000",6.26337546421395e-10,"Pu",-0.00367238623990236,"Pu=1","10100",21,0.0191299614336098
"318",1,1,0,0,0,1,0,0,0,FALSE,3.91457705058688e-11,"c10000",6.26337546421395e-10,"K",0.30761917317946,"K=0","10100",21,0.430166077827826
"319",1,1,0,0,0,1,0,0,0,FALSE,3.91457705058688e-11,"c10000",6.26337546421395e-10,"Ku",0.308972442782025,"Ku=0","10100",21,0.436026951869606
"320",1,1,0,0,0,1,0,0,0,FALSE,3.91457705058688e-11,"c10000",6.26337546421395e-10,"C",-0.0685161071340366,"C=0","10100",21,0.0100023349275372
"321",1,1,0,0,0,1,0,0,0,FALSE,3.91457705058688e-11,"c10000",6.26337546421395e-10,"Cu",0.01951596523232,"Cu=1","10100",21,0.0241223617119834
"322",1,1,0,0,0,1,0,0,0,FALSE,3.91457705058688e-11,"c10000",6.26337546421395e-10,"S",0,"S=0","10100",21,0.0198455466102283
"323",1,1,0,0,0,1,0,0,0,FALSE,3.91457705058688e-11,"c10000",6.26337546421395e-10,"Su",0.00393560641917392,"Su=0","10100",21,0.0206421622236577
"324",1,1,0,0,0,1,0,0,0,FALSE,3.91457705058688e-11,"c10000",6.26337546421395e-10,"br",0,"br=0","10100",21,0.0198455466102283
"325",0,0,1,0,0,1,0,0,0,FALSE,2.57626065172293e-18,"c01000",7.94487978279693e-17,"P",-0.00669780752350586,"P=0","00100",5,0.000391539525782839
"326",0,0,1,0,0,1,0,0,0,FALSE,2.57626065172293e-18,"c01000",7.94487978279693e-17,"Pu",0.00136167494531892,"Pu=0","00100",5,0.000424402074530485
"327",0,0,1,0,0,1,0,0,0,FALSE,2.57626065172293e-18,"c01000",7.94487978279693e-17,"K",-0.137101188866025,"K=1","00100",5,0.000106277399984274
"328",0,0,1,0,0,1,0,0,0,FALSE,2.57626065172293e-18,"c01000",7.94487978279693e-17,"Ku",0.777555088715834,"Ku=0","00100",5,0.997109061451918
"329",0,0,1,0,0,1,0,0,0,FALSE,2.57626065172293e-18,"c01000",7.94487978279693e-17,"C",-0.168350012371921,"C=0","00100",5,7.77551216113485e-05
"330",0,0,1,0,0,1,0,0,0,FALSE,2.57626065172293e-18,"c01000",7.94487978279693e-17,"Cu",0.0420118198745055,"Cu=1","00100",5,0.00063726319179312
"331",0,0,1,0,0,1,0,0,0,FALSE,2.57626065172293e-18,"c01000",7.94487978279693e-17,"S",0,"S=0","00100",5,0.000418662265273836
"332",0,0,1,0,0,1,0,0,0,FALSE,2.57626065172293e-18,"c01000",7.94487978279693e-17,"Su",-0.000547415685738748,"Su=0","00100",5,0.000416376703831878
"333",0,0,1,0,0,1,0,0,0,FALSE,2.57626065172293e-18,"c01000",7.94487978279693e-17,"br",0,"br=0","00100",5,0.000418662265273836
"334",1,0,1,0,0,1,0,0,0,FALSE,2.57626065172293e-18,"c11000",7.94487978279693e-17,"P",-0.00318409940378714,"P=1","00100",5,0.000443488057999461
"335",1,0,1,0,0,1,0,0,0,FALSE,2.57626065172293e-18,"c11000",7.94487978279693e-17,"Pu",0.00299994257396336,"Pu=0","00100",5,0.000471779301394654
"336",1,0,1,0,0,1,0,0,0,FALSE,2.57626065172293e-18,"c11000",7.94487978279693e-17,"K",-0.136334056946763,"K=1","00100",5,0.000117116749850771
"337",1,0,1,0,0,1,0,0,0,FALSE,2.57626065172293e-18,"c11000",7.94487978279693e-17,"Ku",0.768578116976272,"Ku=0","00100",5,0.996787651171718
"338",1,0,1,0,0,1,0,0,0,FALSE,2.57626065172293e-18,"c11000",7.94487978279693e-17,"C",-0.165821111864512,"C=0","00100",5,8.72084081547408e-05
"339",1,0,1,0,0,1,0,0,0,FALSE,2.57626065172293e-18,"c11000",7.94487978279693e-17,"Cu",0.0442645946504594,"Cu=1","00100",5,0.000712769306817448
"340",1,0,1,0,0,1,0,0,0,FALSE,2.57626065172293e-18,"c11000",7.94487978279693e-17,"S",0,"S=0","00100",5,0.000457836378776289
"341",1,0,1,0,0,1,0,0,0,FALSE,2.57626065172293e-18,"c11000",7.94487978279693e-17,"Su",0.00140497097027929,"Su=0","00100",5,0.000464314246512548
"342",1,0,1,0,0,1,0,0,0,FALSE,2.57626065172293e-18,"c11000",7.94487978279693e-17,"br",0,"br=0","00100",5,0.000457836378776289
"343",0,1,1,0,0,1,0,0,0,FALSE,3.91457705058688e-11,"c01000",1.2072087522126e-09,"P",-0.000936940206686228,"P=0","10100",21,0.000443078694678968
"344",0,1,1,0,0,1,0,0,0,FALSE,3.91457705058688e-11,"c01000",1.2072087522126e-09,"Pu",-0.00695265503156601,"Pu=1","10100",21,0.000417210231226346
"345",0,1,1,0,0,1,0,0,0,FALSE,3.91457705058688e-11,"c01000",1.2072087522126e-09,"K",-0.136696818556867,"K=1","10100",21,0.000113994318692962
"346",0,1,1,0,0,1,0,0,0,FALSE,3.91457705058688e-11,"c01000",1.2072087522126e-09,"Ku",0.770928427310374,"Ku=0","10100",21,0.996895341285447
"347",0,1,1,0,0,1,0,0,0,FALSE,3.91457705058688e-11,"c01000",1.2072087522126e-09,"C",-0.166777159640486,"C=0","10100",21,8.43812482926618e-05
"348",0,1,1,0,0,1,0,0,0,FALSE,3.91457705058688e-11,"c01000",1.2072087522126e-09,"Cu",0.0489007343412671,"Cu=1","10100",21,0.000729328421460225
"349",0,1,1,0,0,1,0,0,0,FALSE,3.91457705058688e-11,"c01000",1.2072087522126e-09,"S",0,"S=0","10100",21,0.000447249585983476
"350",0,1,1,0,0,1,0,0,0,FALSE,3.91457705058688e-11,"c01000",1.2072087522126e-09,"Su",-0.00577167069552046,"Su=0","10100",21,0.00042216662823508
"351",0,1,1,0,0,1,0,0,0,FALSE,3.91457705058688e-11,"c01000",1.2072087522126e-09,"br",0,"br=0","10100",21,0.000447249585983476
"352",1,1,1,0,0,1,0,0,0,FALSE,3.91457705058688e-11,"c11000",1.2072087522126e-09,"P",-0.00562241076555342,"P=1","10100",21,0.000435410257234347
"353",1,1,1,0,0,1,0,0,0,FALSE,3.91457705058688e-11,"c11000",1.2072087522126e-09,"Pu",-0.00104758245574324,"Pu=1","10100",21,0.000455792193578359
"354",1,1,1,0,0,1,0,0,0,FALSE,3.91457705058688e-11,"c11000",1.2072087522126e-09,"K",-0.134829517815409,"K=1","10100",21,0.000119607749696499
"355",1,1,1,0,0,1,0,0,0,FALSE,3.91457705058688e-11,"c11000",1.2072087522126e-09,"Ku",0.767982703724035,"Ku=0","10100",21,0.996834315021839
"356",1,1,1,0,0,1,0,0,0,FALSE,3.91457705058688e-11,"c11000",1.2072087522126e-09,"C",-0.168157830523212,"C=0","10100",21,8.5707000564348e-05
"357",1,1,1,0,0,1,0,0,0,FALSE,3.91457705058688e-11,"c11000",1.2072087522126e-09,"Cu",0.0397863771987782,"Cu=1","10100",21,0.000685656371711143
"358",1,1,1,0,0,1,0,0,0,FALSE,3.91457705058688e-11,"c11000",1.2072087522126e-09,"S",0,"S=0","10100",21,0.000460592090174114
"359",1,1,1,0,0,1,0,0,0,FALSE,3.91457705058688e-11,"c11000",1.2072087522126e-09,"Su",0.000376010528692452,"Su=0","10100",21,0.000462327225028028
"360",1,1,1,0,0,1,0,0,0,FALSE,3.91457705058688e-11,"c11000",1.2072087522126e-09,"br",0,"br=0","10100",21,0.000460592090174114
"361",0,0,0,1,0,1,0,0,0,FALSE,2.38924784207638e-18,"c00000",3.82282839719397e-17,"P",0.00787913019352916,"P=0","01100",13,0.000478869907063113
"362",0,0,0,1,0,1,0,0,0,FALSE,2.38924784207638e-18,"c00000",3.82282839719397e-17,"Pu",0.00271459458027748,"Pu=0","01100",13,0.000454766277713801
"363",0,0,0,1,0,1,0,0,0,FALSE,2.38924784207638e-18,"c00000",3.82282839719397e-17,"K",0.771974039830463,"K=0","01100",13,0.996872407297763
"364",0,0,0,1,0,1,0,0,0,FALSE,2.38924784207638e-18,"c00000",3.82282839719397e-17,"Ku",-0.13772359833573,"Ku=1","01100",13,0.000111653651480741
"365",0,0,0,1,0,1,0,0,0,FALSE,2.38924784207638e-18,"c00000",3.82282839719397e-17,"C",-0.171866354603841,"C=0","01100",13,7.9358385580266e-05
"366",0,0,0,1,0,1,0,0,0,FALSE,2.38924784207638e-18,"c00000",3.82282839719397e-17,"Cu",0.0452425521430431,"Cu=1","01100",13,0.00069580064328834
"367",0,0,0,1,0,1,0,0,0,FALSE,2.38924784207638e-18,"c00000",3.82282839719397e-17,"S",0,"S=0","01100",13,0.000442587270210634
"368",0,0,0,1,0,1,0,0,0,FALSE,2.38924784207638e-18,"c00000",3.82282839719397e-17,"Su",-0.0047705111087492,"Su=0","01100",13,0.00042196929668986
"369",0,0,0,1,0,1,0,0,0,FALSE,2.38924784207638e-18,"c00000",3.82282839719397e-17,"br",0,"br=0","01100",13,0.000442587270210634
"370",1,0,0,1,0,1,0,0,0,FALSE,2.38924784207638e-18,"c10000",3.82282839719397e-17,"P",0.00143907555549871,"P=1","01100",13,0.000454657459344814
"371",1,0,0,1,0,1,0,0,0,FALSE,2.38924784207638e-18,"c10000",3.82282839719397e-17,"Pu",-0.00213029928617718,"Pu=0","01100",13,0.000438715241682571
"372",1,0,0,1,0,1,0,0,0,FALSE,2.38924784207638e-18,"c10000",3.82282839719397e-17,"K",0.77071899021663,"K=0","01100",13,0.996837897479805
"373",1,0,0,1,0,1,0,0,0,FALSE,2.38924784207638e-18,"c10000",3.82282839719397e-17,"Ku",-0.13618303990272,"Ku=1","01100",13,0.000114815115603762
"374",1,0,0,1,0,1,0,0,0,FALSE,2.38924784207638e-18,"c10000",3.82282839719397e-17,"C",-0.167570627140178,"C=0","01100",13,8.3885038473296e-05
"375",1,0,0,1,0,1,0,0,0,FALSE,2.38924784207638e-18,"c10000",3.82282839719397e-17,"Cu",0.0456428687626519,"Cu=1","01100",13,0.000707390064016046
"376",1,0,0,1,0,1,0,0,0,FALSE,2.38924784207638e-18,"c10000",3.82282839719397e-17,"S",0,"S=0","01100",13,0.00044816144834592
"377",1,0,0,1,0,1,0,0,0,FALSE,2.38924784207638e-18,"c10000",3.82282839719397e-17,"Su",0.00397114831581069,"Su=0","01100",13,0.000466316704382801
"378",1,0,0,1,0,1,0,0,0,FALSE,2.38924784207638e-18,"c10000",3.82282839719397e-17,"br",0,"br=0","01100",13,0.00044816144834592
"379",0,1,0,1,0,1,0,0,0,FALSE,3.63041478916408e-11,"c00000",5.80871205791205e-10,"P",0.00278776202669322,"P=0","11100",29,0.000457718675298087
"380",0,1,0,1,0,1,0,0,0,FALSE,3.63041478916408e-11,"c00000",5.80871205791205e-10,"Pu",-0.00132965763149463,"Pu=1","11100",29,0.00043925519445391
"381",0,1,0,1,0,1,0,0,0,FALSE,3.63041478916408e-11,"c00000",5.80871205791205e-10,"K",0.771395510097934,"K=0","11100",29,0.996826717599232
"382",0,1,0,1,0,1,0,0,0,FALSE,3.63041478916408e-11,"c00000",5.80871205791205e-10,"Ku",-0.135562785841664,"Ku=1","11100",29,0.000114749245141353
"383",0,1,0,1,0,1,0,0,0,FALSE,3.63041478916408e-11,"c00000",5.80871205791205e-10,"C",-0.1685208746877,"C=0","11100",29,8.25305379789401e-05
"384",0,1,0,1,0,1,0,0,0,FALSE,3.63041478916408e-11,"c00000",5.80871205791205e-10,"Cu",0.0486777090129071,"Cu=1","11100",29,0.000724262734256703
"385",0,1,0,1,0,1,0,0,0,FALSE,3.63041478916408e-11,"c00000",5.80871205791205e-10,"S",0,"S=0","11100",29,0.000445134787270771
"386",0,1,0,1,0,1,0,0,0,FALSE,3.63041478916408e-11,"c00000",5.80871205791205e-10,"Su",-0.00608232339550865,"Su=0","11100",29,0.000418867187649571
"387",0,1,0,1,0,1,0,0,0,FALSE,3.63041478916408e-11,"c00000",5.80871205791205e-10,"br",0.0097586310361724,"br=0","11100",29,0.000490764038718943
"388",1,1,0,1,0,1,0,0,0,FALSE,3.63041478916408e-11,"c10000",5.80871205791205e-10,"P",7.82922169826696e-05,"P=1","11100",29,0.000432692259901853
"389",1,1,0,1,0,1,0,0,0,FALSE,3.63041478916408e-11,"c10000",5.80871205791205e-10,"Pu",-0.00118340168979207,"Pu=1","11100",29,0.000427267303162988
"390",1,1,0,1,0,1,0,0,0,FALSE,3.63041478916408e-11,"c10000",5.80871205791205e-10,"K",0.774320444188191,"K=0","11100",29,0.996942404903993
"391",1,1,0,1,0,1,0,0,0,FALSE,3.63041478916408e-11,"c10000",5.80871205791205e-10,"Ku",-0.136922495199199,"Ku=1","11100",29,0.000109949248824104
"392",1,1,0,1,0,1,0,0,0,FALSE,3.63041478916408e-11,"c10000",5.80871205791205e-10,"C",-0.169464725531486,"C=0","11100",29,7.94077985288395e-05
"393",1,1,0,1,0,1,0,0,0,FALSE,3.63041478916408e-11,"c10000",5.80871205791205e-10,"Cu",0.0473224261524973,"Cu=1","11100",29,0.000693997319784371
"394",1,1,0,1,0,1,0,0,0,FALSE,3.63041478916408e-11,"c10000",5.80871205791205e-10,"S",0,"S=0","11100",29,0.000432353628117327
"395",1,1,0,1,0,1,0,0,0,FALSE,3.63041478916408e-11,"c10000",5.80871205791205e-10,"Su",0.00390564295884558,"Su=0","11100",29,0.000449573909570376
"396",1,1,0,1,0,1,0,0,0,FALSE,3.63041478916408e-11,"c10000",5.80871205791205e-10,"br",0,"br=0","11100",29,0.000432353628117327
"397",0,0,1,1,0,1,0,0,0,TRUE,2.38924784207638e-18,"c01001",7.94474221751585e-17,"P",-0.00244987599970757,"P=0","01100",13,0.0021062395994979
"398",0,0,1,1,0,1,0,0,0,TRUE,2.38924784207638e-18,"c01001",7.94474221751585e-17,"Pu",-0.000594329423546209,"Pu=0","01100",13,0.00214568670415796
"399",0,0,1,1,0,1,0,0,0,TRUE,2.38924784207638e-18,"c01001",7.94474221751585e-17,"K",0.452940617574807,"K=1","01100",13,0.200098373461336
"400",0,0,1,1,0,1,0,0,0,TRUE,2.38924784207638e-18,"c01001",7.94474221751585e-17,"Ku",0.457561166356151,"Ku=1","01100",13,0.209560944321624
"401",0,0,1,1,0,1,0,0,0,TRUE,2.38924784207638e-18,"c01001",7.94474221751585e-17,"C",0.559222818115833,"C=0","01100",13,0.579190314273684
"402",0,0,1,1,0,1,0,0,0,TRUE,2.38924784207638e-18,"c01001",7.94474221751585e-17,"Cu",-0.157290838321438,"Cu=1","01100",13,0.000447756623169899
"403",0,0,1,1,0,1,0,0,0,TRUE,2.38924784207638e-18,"c01001",7.94474221751585e-17,"S",0,"S=0","01100",13,0.00215847712253843
"404",0,0,1,1,0,1,0,0,0,TRUE,2.38924784207638e-18,"c01001",7.94474221751585e-17,"Su",-0.00115309537143974,"Su=0","01100",13,0.00213373077145426
"405",0,0,1,1,0,1,0,0,0,TRUE,2.38924784207638e-18,"c01001",7.94474221751585e-17,"br",0,"br=0","01100",13,0.00215847712253843
"406",1,0,1,1,0,1,0,0,0,TRUE,2.38924784207638e-18,"c11001",7.94474221751585e-17,"P",0.00653951601605164,"P=1","01100",13,0.00225737274615731
"407",1,0,1,1,0,1,0,0,0,TRUE,2.38924784207638e-18,"c11001",7.94474221751585e-17,"Pu",-0.00226258132667242,"Pu=0","01100",13,0.00206717028901205
"408",1,0,1,1,0,1,0,0,0,TRUE,2.38924784207638e-18,"c11001",7.94474221751585e-17,"K",0.453508560990115,"K=1","01100",13,0.197135652885795
"409",1,0,1,1,0,1,0,0,0,TRUE,2.38924784207638e-18,"c11001",7.94474221751585e-17,"Ku",0.454618170990002,"Ku=1","01100",13,0.199335270825202
"410",1,0,1,1,0,1,0,0,0,TRUE,2.38924784207638e-18,"c11001",7.94474221751585e-17,"C",0.563545647050519,"C=0","01100",13,0.592447905359158
"411",1,0,1,1,0,1,0,0,0,TRUE,2.38924784207638e-18,"c11001",7.94474221751585e-17,"Cu",-0.1597257193122,"Cu=1","01100",13,0.000428077631461841
"412",1,0,1,1,0,1,0,0,0,TRUE,2.38924784207638e-18,"c11001",7.94474221751585e-17,"S",0,"S=0","01100",13,0.00211447483181395
"413",1,0,1,1,0,1,0,0,0,TRUE,2.38924784207638e-18,"c11001",7.94474221751585e-17,"Su",-0.000705933922717698,"Su=0","01100",13,0.00209960059958487
"414",1,0,1,1,0,1,0,0,0,TRUE,2.38924784207638e-18,"c11001",7.94474221751585e-17,"br",0,"br=0","01100",13,0.00211447483181395
"415",0,1,1,1,0,1,0,0,0,TRUE,3.63041478916408e-11,"c01001",1.20718784944052e-09,"P",-0.00337511414571525,"P=0","11100",29,0.00206891302008767
"416",0,1,1,1,0,1,0,0,0,TRUE,3.63041478916408e-11,"c01001",1.20718784944052e-09,"Pu",0.00159230616360752,"Pu=1","11100",29,0.00217427996984005
"417",0,1,1,1,0,1,0,0,0,TRUE,3.63041478916408e-11,"c01001",1.20718784944052e-09,"K",0.454776146702544,"K=1","11100",29,0.202054197682367
"418",0,1,1,1,0,1,0,0,0,TRUE,3.63041478916408e-11,"c01001",1.20718784944052e-09,"Ku",0.452503275886337,"Ku=1","11100",29,0.197513563633812
"419",0,1,1,1,0,1,0,0,0,TRUE,3.63041478916408e-11,"c01001",1.20718784944052e-09,"C",0.561834524187489,"C=0","11100",29,0.589408647338183
"420",0,1,1,1,0,1,0,0,0,TRUE,3.63041478916408e-11,"c01001",1.20718784944052e-09,"Cu",-0.159346813763372,"Cu=1","11100",29,0.000434876307941968
"421",0,1,1,1,0,1,0,0,0,TRUE,3.63041478916408e-11,"c01001",1.20718784944052e-09,"S",0,"S=0","11100",29,0.00213993295637563
"422",0,1,1,1,0,1,0,0,0,TRUE,3.63041478916408e-11,"c01001",1.20718784944052e-09,"Su",-0.000598976223564566,"Su=0","11100",29,0.00212715357769403
"423",0,1,1,1,0,1,0,0,0,TRUE,3.63041478916408e-11,"c01001",1.20718784944052e-09,"br",-0.00291590459207716,"br=0","11100",29,0.00207843551369891
"424",1,1,1,1,0,1,0,0,0,TRUE,3.63041478916408e-11,"c11001",1.20718784944052e-09,"P",-0.00236597167928803,"P=1","11100",29,0.00205037606931233
"425",1,1,1,1,0,1,0,0,0,TRUE,3.63041478916408e-11,"c11001",1.20718784944052e-09,"Pu",0.00269426513050092,"Pu=1","11100",29,0.00215679989460319
"426",1,1,1,1,0,1,0,0,0,TRUE,3.63041478916408e-11,"c11001",1.20718784944052e-09,"K",0.456374891199689,"K=1","11100",29,0.201427971019965
"427",1,1,1,1,0,1,0,0,0,TRUE,3.63041478916408e-11,"c11001",1.20718784944052e-09,"Ku",0.454266290892189,"Ku=1","11100",29,0.197225126520739
"428",1,1,1,1,0,1,0,0,0,TRUE,3.63041478916408e-11,"c11001",1.20718784944052e-09,"C",0.563900760671299,"C=0","11100",29,0.590335221908256
"429",1,1,1,1,0,1,0,0,0,TRUE,3.63041478916408e-11,"c11001",1.20718784944052e-09,"Cu",-0.153688336935863,"Cu=1","11100",29,0.00045149073456111
"430",1,1,1,1,0,1,0,0,0,TRUE,3.63041478916408e-11,"c11001",1.20718784944052e-09,"S",0,"S=0","11100",29,0.00209946582130318
"431",1,1,1,1,0,1,0,0,0,TRUE,3.63041478916408e-11,"c11001",1.20718784944052e-09,"Su",0.00256818026244505,"Su=0","11100",29,0.00215408220995644
"432",1,1,1,1,0,1,0,0,0,TRUE,3.63041478916408e-11,"c11001",1.20718784944052e-09,"br",0,"br=0","11100",29,0.00209946582130318
"433",0,0,0,0,1,1,0,0,0,FALSE,2.57626065172293e-18,"c00100",4.12205138560292e-17,"P",-0.00137384868753638,"P=0","00100",5,0.0543569658064707
"434",0,0,0,0,1,1,0,0,0,FALSE,2.57626065172293e-18,"c00100",4.12205138560292e-17,"Pu",0.00232167493499988,"Pu=0","00100",5,0.0564033191693337
"435",0,0,0,0,1,1,0,0,0,FALSE,2.57626065172293e-18,"c00100",4.12205138560292e-17,"K",0.140782499636738,"K=0","00100",5,0.225233187476745
"436",0,0,0,0,1,1,0,0,0,FALSE,2.57626065172293e-18,"c00100",4.12205138560292e-17,"Ku",0.140438046511863,"Ku=0","00100",5,0.22445869936424
"437",0,0,0,0,1,1,0,0,0,FALSE,2.57626065172293e-18,"c00100",4.12205138560292e-17,"C",0,"C=1","00100",5,0.0551089016712542
"438",0,0,0,0,1,1,0,0,0,FALSE,2.57626065172293e-18,"c00100",4.12205138560292e-17,"Cu",0.137169275289991,"Cu=1","00100",5,0.217240277562459
"439",0,0,0,0,1,1,0,0,0,FALSE,2.57626065172293e-18,"c00100",4.12205138560292e-17,"S",0,"S=0","00100",5,0.0551089016712542
"440",0,0,0,0,1,1,0,0,0,FALSE,2.57626065172293e-18,"c00100",4.12205138560292e-17,"Su",0.00334039114346509,"Su=0","00100",5,0.0569808456069891
"441",0,0,0,0,1,1,0,0,0,FALSE,2.57626065172293e-18,"c00100",4.12205138560292e-17,"br",0,"br=0","00100",5,0.0551089016712542
"442",1,0,0,0,1,1,0,0,0,FALSE,2.57626065172293e-18,"c10100",4.12205138560292e-17,"P",0.000696469358891684,"P=1","00100",5,0.0551538035266484
"443",1,0,0,0,1,1,0,0,0,FALSE,2.57626065172293e-18,"c10100",4.12205138560292e-17,"Pu",-0.00464893534846144,"Pu=0","00100",5,0.0522830205344633
"444",1,0,0,0,1,1,0,0,0,FALSE,2.57626065172293e-18,"c10100",4.12205138560292e-17,"K",0.14247077732991,"K=0","00100",5,0.227663529229257
"445",1,0,0,0,1,1,0,0,0,FALSE,2.57626065172293e-18,"c10100",4.12205138560292e-17,"Ku",0.141714400268104,"Ku=0","00100",5,0.225948030514178
"446",1,0,0,0,1,1,0,0,0,FALSE,2.57626065172293e-18,"c10100",4.12205138560292e-17,"C",0,"C=1","00100",5,0.054771008756313
"447",1,0,0,0,1,1,0,0,0,FALSE,2.57626065172293e-18,"c10100",4.12205138560292e-17,"Cu",0.138824395870718,"Cu=1","00100",5,0.219511577363684
"448",1,0,0,0,1,1,0,0,0,FALSE,2.57626065172293e-18,"c10100",4.12205138560292e-17,"S",0,"S=0","00100",5,0.054771008756313
"449",1,0,0,0,1,1,0,0,0,FALSE,2.57626065172293e-18,"c10100",4.12205138560292e-17,"Su",0.000835326058207144,"Su=0","00100",5,0.0552304414739206
"450",1,0,0,0,1,1,0,0,0,FALSE,2.57626065172293e-18,"c10100",4.12205138560292e-17,"br",-0.000189017316845734,"br=0","00100",5,0.0546675798452226
"451",0,1,0,0,1,1,0,0,0,FALSE,3.91457705058688e-11,"c00100",6.26337546421388e-10,"P",0.00454743955953084,"P=0","10100",21,0.0579300243979766
"452",0,1,0,0,1,1,0,0,0,FALSE,3.91457705058688e-11,"c00100",6.26337546421388e-10,"Pu",-0.00385119299842606,"Pu=1","10100",21,0.0532634034390453
"453",0,1,0,0,1,1,0,0,0,FALSE,3.91457705058688e-11,"c00100",6.26337546421388e-10,"K",0.139805546116378,"K=0","10100",21,0.224038266944914
"454",0,1,0,0,1,1,0,0,0,FALSE,3.91457705058688e-11,"c00100",6.26337546421388e-10,"Ku",0.139997257326122,"Ku=0","10100",21,0.224468185386012
"455",0,1,0,0,1,1,0,0,0,FALSE,3.91457705058688e-11,"c00100",6.26337546421388e-10,"C",0,"C=1","10100",21,0.0553546911955085
"456",0,1,0,0,1,1,0,0,0,FALSE,3.91457705058688e-11,"c00100",6.26337546421388e-10,"Cu",0.136847208117278,"Cu=1","10100",21,0.217507534617657
"457",0,1,0,0,1,1,0,0,0,FALSE,3.91457705058688e-11,"c00100",6.26337546421388e-10,"S",0,"S=0","10100",21,0.0553546911955085
"458",0,1,0,0,1,1,0,0,0,FALSE,3.91457705058688e-11,"c00100",6.26337546421388e-10,"Su",0.00245155242502172,"Su=0","10100",21,0.0567285116278691
"459",0,1,0,0,1,1,0,0,0,FALSE,3.91457705058688e-11,"c00100",6.26337546421388e-10,"br",0,"br=0","10100",21,0.0553546911955085
"460",1,1,0,0,1,1,0,0,0,FALSE,3.91457705058688e-11,"c10100",6.26337546421388e-10,"P",0.00380431092129868,"P=1","10100",21,0.0560928791104844
"461",1,1,0,0,1,1,0,0,0,FALSE,3.91457705058688e-11,"c10100",6.26337546421388e-10,"Pu",-0.00569991043523315,"Pu=1","10100",21,0.0510071928385587
"462",1,1,0,0,1,1,0,0,0,FALSE,3.91457705058688e-11,"c10100",6.26337546421388e-10,"K",0.143725288927305,"K=0","10100",21,0.227288162887169
"463",1,1,0,0,1,1,0,0,0,FALSE,3.91457705058688e-11,"c10100",6.26337546421388e-10,"Ku",0.144836415410051,"Ku=0","10100",21,0.229827704489155
"464",1,1,0,0,1,1,0,0,0,FALSE,3.91457705058688e-11,"c10100",6.26337546421388e-10,"C",0,"C=1","10100",21,0.0539990127063924
"465",1,1,0,0,1,1,0,0,0,FALSE,3.91457705058688e-11,"c10100",6.26337546421388e-10,"Cu",0.140367184549796,"Cu=1","10100",21,0.219782321473975
"466",1,1,0,0,1,1,0,0,0,FALSE,3.91457705058688e-11,"c10100",6.26337546421388e-10,"S",0,"S=0","10100",21,0.0539990127063924
"467",1,1,0,0,1,1,0,0,0,FALSE,3.91457705058688e-11,"c10100",6.26337546421388e-10,"Su",1.05336657304384e-05,"Su=0","10100",21,0.0540047010814806
"468",1,1,0,0,1,1,0,0,0,FALSE,3.91457705058688e-11,"c10100",6.26337546421388e-10,"br",0,"br=0","10100",21,0.0539990127063924
"469",0,0,1,0,1,1,0,0,0,FALSE,2.57626065172293e-18,"c01100",7.9448797723788e-17,"P",-0.00185373151340787,"P=0","00100",5,0.0154267500783513
"470",0,0,1,0,1,1,0,0,0,FALSE,2.57626065172293e-18,"c01100",7.9448797723788e-17,"Pu",0.00282689389367201,"Pu=0","00100",5,0.0161659838886866
"471",0,0,1,0,1,1,0,0,0,FALSE,2.57626065172293e-18,"c01100",7.9448797723788e-17,"K",-0.0599250255943567,"K=1","00100",5,0.00863125640126723
"472",0,0,1,0,1,1,0,0,0,FALSE,2.57626065172293e-18,"c01100",7.9448797723788e-17,"Ku",0.338807338044728,"Ku=0","00100",5,0.465314590805543
"473",0,0,1,0,1,1,0,0,0,FALSE,2.57626065172293e-18,"c01100",7.9448797723788e-17,"C",0,"C=1","00100",5,0.0157153876232342
"474",0,0,1,0,1,1,0,0,0,FALSE,2.57626065172293e-18,"c01100",7.9448797723788e-17,"Cu",0.331013277997353,"Cu=1","00100",5,0.430425009929148
"475",0,0,1,0,1,1,0,0,0,FALSE,2.57626065172293e-18,"c01100",7.9448797723788e-17,"S",0,"S=0","00100",5,0.0157153876232342
"476",0,0,1,0,1,1,0,0,0,FALSE,2.57626065172293e-18,"c01100",7.9448797723788e-17,"Su",0.00720959614040454,"Su=0","00100",5,0.0168902460273012
"477",0,0,1,0,1,1,0,0,0,FALSE,2.57626065172293e-18,"c01100",7.9448797723788e-17,"br",0,"br=0","00100",5,0.0157153876232342
"478",1,0,1,0,1,1,0,0,0,FALSE,2.57626065172293e-18,"c11100",7.9448797723788e-17,"P",-0.00590899532477701,"P=1","00100",5,0.0150891235404055
"479",1,0,1,0,1,1,0,0,0,FALSE,2.57626065172293e-18,"c11100",7.9448797723788e-17,"Pu",0.00140669840637906,"Pu=0","00100",5,0.0162343785475064
"480",1,0,1,0,1,1,0,0,0,FALSE,2.57626065172293e-18,"c11100",7.9448797723788e-17,"K",-0.0597433931202365,"K=1","00100",5,0.00880773410433261
"481",1,0,1,0,1,1,0,0,0,FALSE,2.57626065172293e-18,"c11100",7.9448797723788e-17,"Ku",0.33564745203344,"Ku=0","00100",5,0.459224254447077
"482",1,0,1,0,1,1,0,0,0,FALSE,2.57626065172293e-18,"c11100",7.9448797723788e-17,"C",0,"C=1","00100",5,0.0160076085277462
"483",1,0,1,0,1,1,0,0,0,FALSE,2.57626065172293e-18,"c11100",7.9448797723788e-17,"Cu",0.330574767161715,"Cu=1","00100",5,0.436510231038872
"484",1,0,1,0,1,1,0,0,0,FALSE,2.57626065172293e-18,"c11100",7.9448797723788e-17,"S",0,"S=0","00100",5,0.0160076085277462
"485",1,0,1,0,1,1,0,0,0,FALSE,2.57626065172293e-18,"c11100",7.9448797723788e-17,"Su",0.00108889427740617,"Su=0","00100",5,0.0161828669185665
"486",1,0,1,0,1,1,0,0,0,FALSE,2.57626065172293e-18,"c11100",7.9448797723788e-17,"br",-0.000447124590977497,"br=0","00100",5,0.0159361943477476
"487",0,1,1,0,1,1,0,0,0,FALSE,3.91457705058688e-11,"c01100",1.20720875062958e-09,"P",-0.00137461347761408,"P=0","10100",21,0.0149426255805542
"488",0,1,1,0,1,1,0,0,0,FALSE,3.91457705058688e-11,"c01100",1.20720875062958e-09,"Pu",0.000740964509006071,"Pu=1","10100",21,0.0152621160974525
"489",0,1,1,0,1,1,0,0,0,FALSE,3.91457705058688e-11,"c01100",1.20720875062958e-09,"K",-0.0605969072669099,"K=1","10100",21,0.00826471268688366
"490",0,1,1,0,1,1,0,0,0,FALSE,3.91457705058688e-11,"c01100",1.20720875062958e-09,"Ku",0.342375110815684,"Ku=0","10100",21,0.46485017476751
"491",0,1,1,0,1,1,0,0,0,FALSE,3.91457705058688e-11,"c01100",1.20720875062958e-09,"C",0,"C=1","10100",21,0.0151494471677246
"492",0,1,1,0,1,1,0,0,0,FALSE,3.91457705058688e-11,"c01100",1.20720875062958e-09,"Cu",0.335768033228792,"Cu=1","10100",21,0.435129798091809
"493",0,1,1,0,1,1,0,0,0,FALSE,3.91457705058688e-11,"c01100",1.20720875062958e-09,"S",0,"S=0","10100",21,0.0151494471677246
"494",0,1,1,0,1,1,0,0,0,FALSE,3.91457705058688e-11,"c01100",1.20720875062958e-09,"Su",0.0060993810038914,"Su=0","10100",21,0.0161022312726173
"495",0,1,1,0,1,1,0,0,0,FALSE,3.91457705058688e-11,"c01100",1.20720875062958e-09,"br",0,"br=0","10100",21,0.0151494471677246
"496",1,1,1,0,1,1,0,0,0,FALSE,3.91457705058688e-11,"c11100",1.20720875062958e-09,"P",0.00569010243509062,"P=1","10100",21,0.0171334197820219
"497",1,1,1,0,1,1,0,0,0,FALSE,3.91457705058688e-11,"c11100",1.20720875062958e-09,"Pu",0.00341760734084529,"Pu=1","10100",21,0.016748454384834
"498",1,1,1,0,1,1,0,0,0,FALSE,3.91457705058688e-11,"c11100",1.20720875062958e-09,"K",-0.0591915988814572,"K=1","10100",21,0.00895501684209113
"499",1,1,1,0,1,1,0,0,0,FALSE,3.91457705058688e-11,"c11100",1.20720875062958e-09,"Ku",0.335959571296921,"Ku=0","10100",21,0.465785681803652
"500",1,1,1,0,1,1,0,0,0,FALSE,3.91457705058688e-11,"c11100",1.20720875062958e-09,"C",0,"C=1","10100",21,0.0161857286277854
"501",1,1,1,0,1,1,0,0,0,FALSE,3.91457705058688e-11,"c11100",1.20720875062958e-09,"Cu",0.327107075475159,"Cu=1","10100",21,0.426324443060164
"502",1,1,1,0,1,1,0,0,0,FALSE,3.91457705058688e-11,"c11100",1.20720875062958e-09,"S",0,"S=0","10100",21,0.0161857286277854
"503",1,1,1,0,1,1,0,0,0,FALSE,3.91457705058688e-11,"c11100",1.20720875062958e-09,"Su",0.00189757915185434,"Su=0","10100",21,0.0164957982438807
"504",1,1,1,0,1,1,0,0,0,FALSE,3.91457705058688e-11,"c11100",1.20720875062958e-09,"br",0,"br=0","10100",21,0.0161857286277854
"505",0,0,0,1,1,1,0,0,0,FALSE,2.38924784207638e-18,"c00100",3.82282839719392e-17,"P",-0.00281183381107447,"P=0","01100",13,0.0155901985453835
"506",0,0,0,1,1,1,0,0,0,FALSE,2.38924784207638e-18,"c00100",3.82282839719392e-17,"Pu",0.00342388984641185,"Pu=0","01100",13,0.0165933108779893
"507",0,0,0,1,1,1,0,0,0,FALSE,2.38924784207638e-18,"c00100",3.82282839719392e-17,"K",0.336161648862687,"K=0","01100",13,0.462375460065896
"508",0,0,0,1,1,1,0,0,0,FALSE,2.38924784207638e-18,"c00100",3.82282839719392e-17,"Ku",-0.0593170465129089,"Ku=1","01100",13,0.00886038565570973
"509",0,0,0,1,1,1,0,0,0,FALSE,2.38924784207638e-18,"c00100",3.82282839719392e-17,"C",0,"C=1","01100",13,0.0160347903178676
"510",0,0,0,1,1,1,0,0,0,FALSE,2.38924784207638e-18,"c00100",3.82282839719392e-17,"Cu",0.329574826900531,"Cu=1","01100",13,0.432900983155381
"511",0,0,0,1,1,1,0,0,0,FALSE,2.38924784207638e-18,"c00100",3.82282839719392e-17,"S",0,"S=0","01100",13,0.0160347903178676
"512",0,0,0,1,1,1,0,0,0,FALSE,2.38924784207638e-18,"c00100",3.82282839719392e-17,"Su",-0.00290750245496155,"Su=0","01100",13,0.0155752907460376
"513",0,0,0,1,1,1,0,0,0,FALSE,2.38924784207638e-18,"c00100",3.82282839719392e-17,"br",0,"br=0","01100",13,0.0160347903178676
"514",1,0,0,1,1,1,0,0,0,FALSE,2.38924784207638e-18,"c10100",3.82282839719392e-17,"P",0.00266657950507979,"P=1","01100",13,0.0167880455339032
"515",1,0,0,1,1,1,0,0,0,FALSE,2.38924784207638e-18,"c10100",3.82282839719392e-17,"Pu",-0.00174954915230965,"Pu=0","01100",13,0.0160627956896876
"516",1,0,0,1,1,1,0,0,0,FALSE,2.38924784207638e-18,"c10100",3.82282839719392e-17,"K",0.333973753733212,"K=0","01100",13,0.461157115763564
"517",1,0,0,1,1,1,0,0,0,FALSE,2.38924784207638e-18,"c10100",3.82282839719392e-17,"Ku",-0.0592423751036165,"Ku=1","01100",13,0.00903926179902093
"518",1,0,0,1,1,1,0,0,0,FALSE,2.38924784207638e-18,"c10100",3.82282839719392e-17,"C",0,"C=1","01100",13,0.0163462949435371
"519",1,0,0,1,1,1,0,0,0,FALSE,2.38924784207638e-18,"c10100",3.82282839719392e-17,"Cu",0.327464498678806,"Cu=1","01100",13,0.432095336177917
"520",1,0,0,1,1,1,0,0,0,FALSE,2.38924784207638e-18,"c10100",3.82282839719392e-17,"S",0,"S=0","01100",13,0.0163462949435371
"521",1,0,0,1,1,1,0,0,0,FALSE,2.38924784207638e-18,"c10100",3.82282839719392e-17,"Su",-0.00328173155511141,"Su=0","01100",13,0.0158185602052955
"522",1,0,0,1,1,1,0,0,0,FALSE,2.38924784207638e-18,"c10100",3.82282839719392e-17,"br",0,"br=0","01100",13,0.0163462949435371
"523",0,1,0,1,1,1,0,0,0,FALSE,3.63041478916408e-11,"c00100",5.80871205791198e-10,"P",-0.00130579641745711,"P=0","11100",29,0.0153083648422442
"524",0,1,0,1,1,1,0,0,0,FALSE,3.63041478916408e-11,"c00100",5.80871205791198e-10,"Pu",0.00761934044226384,"Pu=1","11100",29,0.0167374842382326
"525",0,1,0,1,1,1,0,0,0,FALSE,3.63041478916408e-11,"c00100",5.80871205791198e-10,"K",0.340053848306395,"K=0","11100",29,0.464980676102183
"526",0,1,0,1,1,1,0,0,0,FALSE,3.63041478916408e-11,"c00100",5.80871205791198e-10,"Ku",-0.0602228269609377,"Ku=1","11100",29,0.00849288789724328
"527",0,1,0,1,1,1,0,0,0,FALSE,3.63041478916408e-11,"c00100",5.80871205791198e-10,"C",0,"C=1","11100",29,0.01550957173917
"528",0,1,0,1,1,1,0,0,0,FALSE,3.63041478916408e-11,"c00100",5.80871205791198e-10,"Cu",0.331799312358201,"Cu=1","11100",29,0.4281401042835
"529",0,1,0,1,1,1,0,0,0,FALSE,3.63041478916408e-11,"c00100",5.80871205791198e-10,"S",0,"S=0","11100",29,0.01550957173917
"530",0,1,0,1,1,1,0,0,0,FALSE,3.63041478916408e-11,"c00100",5.80871205791198e-10,"Su",0.00305432865298261,"Su=0","11100",29,0.0159905936329632
"531",0,1,0,1,1,1,0,0,0,FALSE,3.63041478916408e-11,"c00100",5.80871205791198e-10,"br",0.0220239495888918,"br=0","11100",29,0.0193307455252935
"532",1,1,0,1,1,1,0,0,0,FALSE,3.63041478916408e-11,"c10100",5.80871205791198e-10,"P",-0.00259548930884254,"P=1","11100",29,0.0149826814811906
"533",1,1,0,1,1,1,0,0,0,FALSE,3.63041478916408e-11,"c10100",5.80871205791198e-10,"Pu",-0.00182383535297982,"Pu=1","11100",29,0.0150987431568834
"534",1,1,0,1,1,1,0,0,0,FALSE,3.63041478916408e-11,"c10100",5.80871205791198e-10,"K",0.340289418668547,"K=0","11100",29,0.462082776953912
"535",1,1,0,1,1,1,0,0,0,FALSE,3.63041478916408e-11,"c10100",5.80871205791198e-10,"Ku",-0.0607492378166079,"Ku=1","11100",29,0.00837589117559969
"536",1,1,0,1,1,1,0,0,0,FALSE,3.63041478916408e-11,"c10100",5.80871205791198e-10,"C",0,"C=1","11100",29,0.0153766459134299
"537",1,1,0,1,1,1,0,0,0,FALSE,3.63041478916408e-11,"c10100",5.80871205791198e-10,"Cu",0.334908259239816,"Cu=1","11100",29,0.437874549043062
"538",1,1,0,1,1,1,0,0,0,FALSE,3.63041478916408e-11,"c10100",5.80871205791198e-10,"S",0,"S=0","11100",29,0.0153766459134299
"539",1,1,0,1,1,1,0,0,0,FALSE,3.63041478916408e-11,"c10100",5.80871205791198e-10,"Su",0.000510992069847109,"Su=0","11100",29,0.0154554204490625
"540",1,1,0,1,1,1,0,0,0,FALSE,3.63041478916408e-11,"c10100",5.80871205791198e-10,"br",0,"br=0","11100",29,0.0153766459134299
"541",0,0,1,1,1,1,0,0,0,FALSE,2.38924784207638e-18,"c01100",7.3681546310221e-17,"P",0.00616741436682251,"P=0","01100",13,0.000259289707385151
"542",0,0,1,1,1,1,0,0,0,FALSE,2.38924784207638e-18,"c01100",7.3681546310221e-17,"Pu",0.00252772470126463,"Pu=0","01100",13,0.00025002204681975
"543",0,0,1,1,1,1,0,0,0,FALSE,2.38924784207638e-18,"c01100",7.3681546310221e-17,"K",-0.150298326387079,"K=1","01100",13,5.42329463697201e-05
"544",0,0,1,1,1,1,0,0,0,FALSE,2.38924784207638e-18,"c01100",7.3681546310221e-17,"Ku",-0.150481339208577,"Ku=1","01100",13,5.41337838920895e-05
"545",0,0,1,1,1,1,0,0,0,FALSE,2.38924784207638e-18,"c01100",7.3681546310221e-17,"C",0,"C=1","01100",13,0.000243781383458507
"546",0,0,1,1,1,1,0,0,0,FALSE,2.38924784207638e-18,"c01100",7.3681546310221e-17,"Cu",0.831762624088325,"Cu=1","01100",13,0.998388836479046
"547",0,0,1,1,1,1,0,0,0,FALSE,2.38924784207638e-18,"c01100",7.3681546310221e-17,"S",0,"S=0","01100",13,0.000243781383458507
"548",0,0,1,1,1,1,0,0,0,FALSE,2.38924784207638e-18,"c01100",7.3681546310221e-17,"Su",0.0072610238245085,"Su=0","01100",13,0.000262140886111771
"549",0,0,1,1,1,1,0,0,0,FALSE,2.38924784207638e-18,"c01100",7.3681546310221e-17,"br",0,"br=0","01100",13,0.000243781383458507
"550",1,0,1,1,1,1,0,0,0,FALSE,2.38924784207638e-18,"c11100",7.3681546310221e-17,"P",-0.00788117385803381,"P=1","01100",13,0.00022835987137614
"551",1,0,1,1,1,1,0,0,0,FALSE,2.38924784207638e-18,"c11100",7.3681546310221e-17,"Pu",0.0014883811824054,"Pu=0","01100",13,0.000250790597556628
"552",1,0,1,1,1,1,0,0,0,FALSE,2.38924784207638e-18,"c11100",7.3681546310221e-17,"K",-0.151420280832909,"K=1","01100",13,5.43547332502736e-05
"553",1,0,1,1,1,1,0,0,0,FALSE,2.38924784207638e-18,"c11100",7.3681546310221e-17,"Ku",-0.149667561198814,"Ku=1","01100",13,5.53158172824427e-05
"554",1,0,1,1,1,1,0,0,0,FALSE,2.38924784207638e-18,"c11100",7.3681546310221e-17,"C",0,"C=1","01100",13,0.000247085518741222
"555",1,0,1,1,1,1,0,0,0,FALSE,2.38924784207638e-18,"c11100",7.3681546310221e-17,"Cu",0.830419557459712,"Cu=1","01100",13,0.998420771354645
"556",1,0,1,1,1,1,0,0,0,FALSE,2.38924784207638e-18,"c11100",7.3681546310221e-17,"S",0,"S=0","01100",13,0.000247085518741222
"557",1,0,1,1,1,1,0,0,0,FALSE,2.38924784207638e-18,"c11100",7.3681546310221e-17,"Su",0.00194615339373062,"Su=0","01100",13,0.000251941278961286
"558",1,0,1,1,1,1,0,0,0,FALSE,2.38924784207638e-18,"c11100",7.3681546310221e-17,"br",-0.00113567283225447,"br=0","01100",13,0.000244295309445845
"559",0,1,1,1,1,1,0,0,0,FALSE,3.63041478916408e-11,"c01100",1.11957650731051e-09,"P",0.00302178362558113,"P=0","11100",29,0.000261685963216488
"560",0,1,1,1,1,1,0,0,0,FALSE,3.63041478916408e-11,"c01100",1.11957650731051e-09,"Pu",-0.000865499819440637,"Pu=1","11100",29,0.00025170866733306
"561",0,1,1,1,1,1,0,0,0,FALSE,3.63041478916408e-11,"c01100",1.11957650731051e-09,"K",-0.150850413057023,"K=1","11100",29,5.61722691903335e-05
"562",0,1,1,1,1,1,0,0,0,FALSE,3.63041478916408e-11,"c01100",1.11957650731051e-09,"Ku",-0.14871455616406,"Ku=1","11100",29,5.73849327530041e-05
"563",0,1,1,1,1,1,0,0,0,FALSE,3.63041478916408e-11,"c01100",1.11957650731051e-09,"C",0,"C=1","11100",29,0.000253896660273473
"564",0,1,1,1,1,1,0,0,0,FALSE,3.63041478916408e-11,"c01100",1.11957650731051e-09,"Cu",0.827694886690251,"Cu=1","11100",29,0.998366978686805
"565",0,1,1,1,1,1,0,0,0,FALSE,3.63041478916408e-11,"c01100",1.11957650731051e-09,"S",0,"S=0","11100",29,0.000253896660273473
"566",0,1,1,1,1,1,0,0,0,FALSE,3.63041478916408e-11,"c01100",1.11957650731051e-09,"Su",-0.00382049905091093,"Su=0","11100",29,0.000244379499881333
"567",0,1,1,1,1,1,0,0,0,FALSE,3.63041478916408e-11,"c01100",1.11957650731051e-09,"br",0,"br=0","11100",29,0.000253896660273473
"568",1,1,1,1,1,1,0,0,0,FALSE,3.63041478916408e-11,"c11100",1.11957650731051e-09,"P",0.00104724892053893,"P=1","11100",29,0.000249014069364373
"569",1,1,1,1,1,1,0,0,0,FALSE,3.63041478916408e-11,"c11100",1.11957650731051e-09,"Pu",0.00122721807439793,"Pu=1","11100",29,0.000249462621384568
"570",1,1,1,1,1,1,0,0,0,FALSE,3.63041478916408e-11,"c11100",1.11957650731051e-09,"K",-0.148685067512245,"K=1","11100",29,5.57114802332096e-05
"571",1,1,1,1,1,1,0,0,0,FALSE,3.63041478916408e-11,"c11100",1.11957650731051e-09,"Ku",-0.149682969753794,"Ku=1","11100",29,5.51582988185474e-05
"572",1,1,1,1,1,1,0,0,0,FALSE,3.63041478916408e-11,"c11100",1.11957650731051e-09,"C",0,"C=1","11100",29,0.00024641987973177
"573",1,1,1,1,1,1,0,0,0,FALSE,3.63041478916408e-11,"c11100",1.11957650731051e-09,"Cu",0.830688991917105,"Cu=1","11100",29,0.998417523779236
"574",1,1,1,1,1,1,0,0,0,FALSE,3.63041478916408e-11,"c11100",1.11957650731051e-09,"S",0,"S=0","11100",29,0.00024641987973177
"575",1,1,1,1,1,1,0,0,0,FALSE,3.63041478916408e-11,"c11100",1.11957650731051e-09,"Su",-0.00359017497769276,"Su=0","11100",29,0.000237729900972953
"576",1,1,1,1,1,1,0,0,0,FALSE,3.63041478916408e-11,"c11100",1.11957650731051e-09,"br",-0.00157874334666751,"br=0","11100",29,0.000242560090526745
"577",0,0,0,0,0,0,1,0,0,FALSE,1.82207395284679e-09,"c00010",2.91533906273108e-08,"P",-0.00163171611923849,"P=0","00000",1,0.0138126041473638
"578",0,0,0,0,0,0,1,0,0,FALSE,1.82207395284679e-09,"c00010",2.91533906273108e-08,"Pu",0.00505268044361923,"Pu=0","00000",1,0.0147674507469182
"579",0,0,0,0,0,0,1,0,0,FALSE,1.82207395284679e-09,"c00010",2.91533906273108e-08,"K",0.347781455259875,"K=0","00000",1,0.454734273072027
"580",0,0,0,0,0,0,1,0,0,FALSE,1.82207395284679e-09,"c00010",2.91533906273108e-08,"Ku",0.346418023309241,"Ku=0","00000",1,0.448576355602986
"581",0,0,0,0,0,0,1,0,0,FALSE,1.82207395284679e-09,"c00010",2.91533906273108e-08,"C",-0.00790759733095399,"C=0","00000",1,0.0129723829231096
"582",0,0,0,0,0,0,1,0,0,FALSE,1.82207395284679e-09,"c00010",2.91533906273108e-08,"Cu",-0.0154000561619515,"Cu=0","00000",1,0.0120359513762862
"583",0,0,0,0,0,0,1,0,0,FALSE,1.82207395284679e-09,"c00010",2.91533906273108e-08,"S",0.00158270483910975,"S=1","00000",1,0.0142638124061383
"584",0,0,0,0,0,0,1,0,0,FALSE,1.82207395284679e-09,"c00010",2.91533906273108e-08,"Su",-0.0207883283751308,"Su=0","00000",1,0.0114045841930832
"585",0,0,0,0,0,0,1,0,0,FALSE,1.82207395284679e-09,"c00010",2.91533906273108e-08,"br",0.0216442506051231,"br=0","00000",1,0.0174325855320873
"586",1,0,0,0,0,0,1,0,0,FALSE,1.82207395284679e-09,"c10010",2.91533906273108e-08,"P",0.00141723472482002,"P=1","00000",1,0.0143787479617011
"587",1,0,0,0,0,0,1,0,0,FALSE,1.82207395284679e-09,"c10010",2.91533906273108e-08,"Pu",-0.00126988366291377,"Pu=0","00000",1,0.0139975189575563
"588",1,0,0,0,0,0,1,0,0,FALSE,1.82207395284679e-09,"c10010",2.91533906273108e-08,"K",0.34578176331701,"K=0","00000",1,0.450067047626922
"589",1,0,0,0,0,0,1,0,0,FALSE,1.82207395284679e-09,"c10010",2.91533906273108e-08,"Ku",0.346499799230499,"Ku=0","00000",1,0.453310320661651
"590",1,0,0,0,0,0,1,0,0,FALSE,1.82207395284679e-09,"c10010",2.91533906273108e-08,"C",-0.010003805765637,"C=0","00000",1,0.0128268531476995
"591",1,0,0,0,0,0,1,0,0,FALSE,1.82207395284679e-09,"c10010",2.91533906273108e-08,"Cu",-0.0157317359371775,"Cu=0","00000",1,0.0121127858175953
"592",1,0,0,0,0,0,1,0,0,FALSE,1.82207395284679e-09,"c10010",2.91533906273108e-08,"S",0.00113581741712418,"S=1","00000",1,0.0143383405596858
"593",1,0,0,0,0,0,1,0,0,FALSE,1.82207395284679e-09,"c10010",2.91533906273108e-08,"Su",-0.0221837518643366,"Su=0","00000",1,0.0113559452184254
"594",1,0,0,0,0,0,1,0,0,FALSE,1.82207395284679e-09,"c10010",2.91533906273108e-08,"br",0.0217026540094153,"br=0","00000",1,0.0176124400487636
"595",0,1,0,0,0,0,1,0,0,FALSE,0.0276860529446664,"c00010",0.442979998239476,"P",0.000823272883819869,"P=0","10000",17,0.0145977123184232
"596",0,1,0,0,0,0,1,0,0,FALSE,0.0276860529446664,"c00010",0.442979998239476,"Pu",-0.00455329261047888,"Pu=1","10000",17,0.0138335827838731
"597",0,1,0,0,0,0,1,0,0,FALSE,0.0276860529446664,"c00010",0.442979998239476,"K",0.345424833325887,"K=0","10000",17,0.458005150799819
"598",0,1,0,0,0,0,1,0,0,FALSE,0.0276860529446664,"c00010",0.442979998239476,"Ku",0.343179535434395,"Ku=0","10000",17,0.447836160082555
"599",0,1,0,0,0,0,1,0,0,FALSE,0.0276860529446664,"c00010",0.442979998239476,"C",-0.0122827203265078,"C=0","10000",17,0.0128046052812452
"600",0,1,0,0,0,0,1,0,0,FALSE,0.0276860529446664,"c00010",0.442979998239476,"Cu",-0.0150088708147033,"Cu=0","10000",17,0.0124602476521075
"601",0,1,0,0,0,0,1,0,0,FALSE,0.0276860529446664,"c00010",0.442979998239476,"S",-0.00169643110967091,"S=1","10000",17,0.0142344884780698
"602",0,1,0,0,0,0,1,0,0,FALSE,0.0276860529446664,"c00010",0.442979998239476,"Su",-0.0208776648248779,"Su=0","10000",17,0.0117500259468597
"603",0,1,0,0,0,0,1,0,0,FALSE,0.0276860529446664,"c00010",0.442979998239476,"br",0,"br=0","10000",17,0.0144780266570476
"604",1,1,0,0,0,0,1,0,0,FALSE,0.0276860529446664,"c10010",0.442979998239476,"P",0.000473810338680523,"P=1","10000",17,0.0141997246127058
"605",1,1,0,0,0,0,1,0,0,FALSE,0.0276860529446664,"c10010",0.442979998239476,"Pu",0.00214811190253913,"Pu=1","10000",17,0.01443947227272
"606",1,1,0,0,0,0,1,0,0,FALSE,0.0276860529446664,"c10010",0.442979998239476,"K",0.344960550996382,"K=0","10000",17,0.445006984489347
"607",1,1,0,0,0,0,1,0,0,FALSE,0.0276860529446664,"c10010",0.442979998239476,"Ku",0.347558100096207,"Ku=0","10000",17,0.456717696706104
"608",1,1,0,0,0,0,1,0,0,FALSE,0.0276860529446664,"c10010",0.442979998239476,"C",-0.00630459039398595,"C=0","10000",17,0.0132691071617627
"609",1,1,0,0,0,0,1,0,0,FALSE,0.0276860529446664,"c10010",0.442979998239476,"Cu",-0.0157671594324126,"Cu=0","10000",17,0.0120710843949066
"610",1,1,0,0,0,0,1,0,0,FALSE,0.0276860529446664,"c10010",0.442979998239476,"S",0.00473485671502998,"S=1","10000",17,0.0148178574028752
"611",1,1,0,0,0,0,1,0,0,FALSE,0.0276860529446664,"c10010",0.442979998239476,"Su",-0.0170498474912149,"Su=0","10000",17,0.0119172388255096
"612",1,1,0,0,0,0,1,0,0,FALSE,0.0276860529446664,"c10010",0.442979998239476,"br",0.021718662145805,"br=0","10000",17,0.0175608341340698
"613",0,0,1,0,0,0,1,0,0,FALSE,1.82207395284679e-09,"c01010",4.94816125027267e-08,"P",-0.00410969299945328,"P=0","00000",1,0.000160219702075734
"614",0,0,1,0,0,0,1,0,0,FALSE,1.82207395284679e-09,"c01010",4.94816125027267e-08,"Pu",-0.000554014449834675,"Pu=0","00000",1,0.000166019092501407
"615",0,0,1,0,0,0,1,0,0,FALSE,1.82207395284679e-09,"c01010",4.94816125027267e-08,"K",-0.154949709817891,"K=1","00000",1,3.54508008299635e-05
"616",0,0,1,0,0,0,1,0,0,FALSE,1.82207395284679e-09,"c01010",4.94816125027267e-08,"Ku",0.869681934232798,"Ku=0","00000",1,0.998952274921176
"617",0,0,1,0,0,0,1,0,0,FALSE,1.82207395284679e-09,"c01010",4.94816125027267e-08,"C",-0.0274331147082188,"C=0","00000",1,0.000126888886522152
"618",0,0,1,0,0,0,1,0,0,FALSE,1.82207395284679e-09,"c01010",4.94816125027267e-08,"Cu",-0.0399216159869092,"Cu=0","00000",1,0.00011199192622734
"619",0,0,1,0,0,0,1,0,0,FALSE,1.82207395284679e-09,"c01010",4.94816125027267e-08,"S",0.00820968462264731,"S=1","00000",1,0.000181225078714989
"620",0,0,1,0,0,0,1,0,0,FALSE,1.82207395284679e-09,"c01010",4.94816125027267e-08,"Su",-0.0522642521050938,"Su=0","00000",1,9.89881771483259e-05
"621",0,0,1,0,0,0,1,0,0,FALSE,1.82207395284679e-09,"c01010",4.94816125027267e-08,"br",0,"br=0","00000",1,0.000166941414803679
"622",1,0,1,0,0,0,1,0,0,FALSE,1.82207395284679e-09,"c11010",4.94816125027267e-08,"P",0.0043270783784842,"P=1","00000",1,0.000169255728885329
"623",1,0,1,0,0,0,1,0,0,FALSE,1.82207395284679e-09,"c11010",4.94816125027267e-08,"Pu",-0.00305052948123966,"Pu=0","00000",1,0.000157218205016058
"624",1,0,1,0,0,0,1,0,0,FALSE,1.82207395284679e-09,"c11010",4.94816125027267e-08,"K",-0.155279073197267,"K=1","00000",1,3.43069941382061e-05
"625",1,0,1,0,0,0,1,0,0,FALSE,1.82207395284679e-09,"c11010",4.94816125027267e-08,"Ku",0.872635017765996,"Ku=0","00000",1,0.998980116223498
"626",1,0,1,0,0,0,1,0,0,FALSE,1.82207395284679e-09,"c11010",4.94816125027267e-08,"C",-0.0275346267447394,"C=0","00000",1,0.000123074973292827
"627",1,0,1,0,0,0,1,0,0,FALSE,1.82207395284679e-09,"c11010",4.94816125027267e-08,"Cu",-0.0413563511989512,"Cu=0","00000",1,0.000107187159867022
"628",1,0,1,0,0,0,1,0,0,FALSE,1.82207395284679e-09,"c11010",4.94816125027267e-08,"S",0.0075649524472823,"S=1","00000",1,0.000174825704017385
"629",1,0,1,0,0,0,1,0,0,FALSE,1.82207395284679e-09,"c11010",4.94816125027267e-08,"Su",-0.0567146089480532,"Su=0","00000",1,9.19269175226055e-05
"630",1,0,1,0,0,0,1,0,0,FALSE,1.82207395284679e-09,"c11010",4.94816125027267e-08,"br",0,"br=0","00000",1,0.000162088093762848
"631",0,1,1,0,0,0,1,0,0,FALSE,0.0276860529446664,"c01010",0.751863304668595,"P",-0.0018609024128324,"P=0","10000",17,0.000162373877382025
"632",0,1,1,0,0,0,1,0,0,FALSE,0.0276860529446664,"c01010",0.751863304668595,"Pu",-0.00340271303979103,"Pu=1","10000",17,0.000159889580475313
"633",0,1,1,0,0,0,1,0,0,FALSE,0.0276860529446664,"c01010",0.751863304668595,"K",-0.152940940694706,"K=1","10000",17,3.58413114205177e-05
"634",0,1,1,0,0,0,1,0,0,FALSE,0.0276860529446664,"c01010",0.751863304668595,"Ku",0.870595440155732,"Ku=0","10000",17,0.998954975370616
"635",0,1,1,0,0,0,1,0,0,FALSE,0.0276860529446664,"c01010",0.751863304668595,"C",-0.0210576334345345,"C=0","10000",17,0.000134012657040083
"636",0,1,1,0,0,0,1,0,0,FALSE,0.0276860529446664,"c01010",0.751863304668595,"Cu",-0.042978122849456,"Cu=0","10000",17,0.000107633222230813
"637",0,1,1,0,0,0,1,0,0,FALSE,0.0276860529446664,"c01010",0.751863304668595,"S",0.00964508025230057,"S=1","10000",17,0.00018217383851516
"638",0,1,1,0,0,0,1,0,0,FALSE,0.0276860529446664,"c01010",0.751863304668595,"Su",-0.0526851065510205,"Su=0","10000",17,9.76763556316759e-05
"639",0,1,1,0,0,0,1,0,0,FALSE,0.0276860529446664,"c01010",0.751863304668595,"br",0,"br=0","10000",17,0.000165423786688252
"640",1,1,1,0,0,0,1,0,0,FALSE,0.0276860529446664,"c11010",0.751863304668595,"P",0.00973943115863475,"P=1","10000",17,0.000181943034655326
"641",1,1,1,0,0,0,1,0,0,FALSE,0.0276860529446664,"c11010",0.751863304668595,"Pu",0.000904218649840825,"Pu=1","10000",17,0.000166557653474161
"642",1,1,1,0,0,0,1,0,0,FALSE,0.0276860529446664,"c11010",0.751863304668595,"K",-0.153973840935454,"K=1","10000",17,3.53946585643756e-05
"643",1,1,1,0,0,0,1,0,0,FALSE,0.0276860529446664,"c11010",0.751863304668595,"Ku",0.870815906445941,"Ku=0","10000",17,0.998948389922512
"644",1,1,1,0,0,0,1,0,0,FALSE,0.0276860529446664,"c11010",0.751863304668595,"C",-0.0308395957688631,"C=0","10000",17,0.000121255922308827
"645",1,1,1,0,0,0,1,0,0,FALSE,0.0276860529446664,"c11010",0.751863304668595,"Cu",-0.0474271867847526,"Cu=0","10000",17,0.000102722118345358
"646",1,1,1,0,0,0,1,0,0,FALSE,0.0276860529446664,"c11010",0.751863304668595,"S",0.00993651216378536,"S=1","10000",17,0.00018230196339083
"647",1,1,1,0,0,0,1,0,0,FALSE,0.0276860529446664,"c11010",0.751863304668595,"Su",-0.0538038696546453,"Su=0","10000",17,9.63763301448939e-05
"648",1,1,1,0,0,0,1,0,0,FALSE,0.0276860529446664,"c11010",0.751863304668595,"br",0,"br=0","10000",17,0.00016505839660389
"649",0,0,0,1,0,0,1,0,0,FALSE,1.68980815548743e-09,"c00010",2.7037122815554e-08,"P",-0.00491717717226453,"P=0","01000",9,0.000151437044066153
"650",0,0,0,1,0,0,1,0,0,FALSE,1.68980815548743e-09,"c00010",2.7037122815554e-08,"Pu",-0.00116926207313087,"Pu=0","01000",9,0.00015722047802681
"651",0,0,0,1,0,0,1,0,0,FALSE,1.68980815548743e-09,"c00010",2.7037122815554e-08,"K",0.874516860926091,"K=0","01000",9,0.999000310907528
"652",0,0,0,1,0,0,1,0,0,FALSE,1.68980815548743e-09,"c00010",2.7037122815554e-08,"Ku",-0.154048185937128,"Ku=1","01000",9,3.40850850558989e-05
"653",0,0,0,1,0,0,1,0,0,FALSE,1.68980815548743e-09,"c00010",2.7037122815554e-08,"C",-0.0228611611227414,"C=0","01000",9,0.00012656172683967
"654",0,0,0,1,0,0,1,0,0,FALSE,1.68980815548743e-09,"c00010",2.7037122815554e-08,"Cu",-0.0432224607484424,"Cu=0","01000",9,0.000103246274834348
"655",0,0,0,1,0,0,1,0,0,FALSE,1.68980815548743e-09,"c00010",2.7037122815554e-08,"S",0.012018135302507,"S=1","01000",9,0.000179382987046943
"656",0,0,0,1,0,0,1,0,0,FALSE,1.68980815548743e-09,"c00010",2.7037122815554e-08,"Su",-0.0584240735684818,"Su=0","01000",9,8.8685909757223e-05
"657",0,0,0,1,0,0,1,0,0,FALSE,1.68980815548743e-09,"c00010",2.7037122815554e-08,"br",0,"br=0","01000",9,0.00015906958684456
"658",1,0,0,1,0,0,1,0,0,FALSE,1.68980815548743e-09,"c10010",2.7037122815554e-08,"P",0.00259919053788329,"P=1","01000",9,0.000167982452929921
"659",1,0,0,1,0,0,1,0,0,FALSE,1.68980815548743e-09,"c10010",2.7037122815554e-08,"Pu",-5.19473511675821e-05,"Pu=0","01000",9,0.000163587521729409
"660",1,0,0,1,0,0,1,0,0,FALSE,1.68980815548743e-09,"c10010",2.7037122815554e-08,"K",0.871659986521832,"K=0","01000",9,0.998957472787292
"661",1,0,0,1,0,0,1,0,0,FALSE,1.68980815548743e-09,"c10010",2.7037122815554e-08,"Ku",-0.152906262470937,"Ku=1","01000",9,3.54741760660936e-05
"662",1,0,0,1,0,0,1,0,0,FALSE,1.68980815548743e-09,"c10010",2.7037122815554e-08,"C",-0.0254798784610163,"C=0","01000",9,0.000126858061709178
"663",1,0,0,1,0,0,1,0,0,FALSE,1.68980815548743e-09,"c10010",2.7037122815554e-08,"Cu",-0.0364560295482551,"Cu=0","01000",9,0.000113670888055186
"664",1,0,0,1,0,0,1,0,0,FALSE,1.68980815548743e-09,"c10010",2.7037122815554e-08,"S",0.00688937832331433,"S=1","01000",9,0.000175346042109474
"665",1,0,0,1,0,0,1,0,0,FALSE,1.68980815548743e-09,"c10010",2.7037122815554e-08,"Su",-0.0534191041995983,"Su=0","01000",9,9.59355469191005e-05
"666",1,0,0,1,0,0,1,0,0,FALSE,1.68980815548743e-09,"c10010",2.7037122815554e-08,"br",0,"br=0","01000",9,0.000163672523189881
"667",0,1,0,1,0,0,1,0,0,FALSE,0.025676300342288,"c00010",0.410823727858766,"P",0.000634607243013843,"P=0","11000",25,0.000163231271059681
"668",0,1,0,1,0,0,1,0,0,FALSE,0.025676300342288,"c00010",0.410823727858766,"Pu",-0.00527716656774426,"Pu=1","11000",25,0.000153861107783945
"669",0,1,0,1,0,0,1,0,0,FALSE,0.025676300342288,"c00010",0.410823727858766,"K",0.872565923113086,"K=0","11000",25,0.998971166409111
"670",0,1,0,1,0,0,1,0,0,FALSE,0.025676300342288,"c00010",0.410823727858766,"Ku",-0.154045561427826,"Ku=1","11000",25,3.47564911187742e-05
"671",0,1,0,1,0,0,1,0,0,FALSE,0.025676300342288,"c00010",0.410823727858766,"C",-0.0267569634234228,"C=0","11000",25,0.000124120433156662
"672",0,1,0,1,0,0,1,0,0,FALSE,0.025676300342288,"c00010",0.410823727858766,"Cu",-0.0383195644962883,"Cu=0","11000",25,0.000110567513763401
"673",0,1,0,1,0,0,1,0,0,FALSE,0.025676300342288,"c00010",0.410823727858766,"S",0.0042599676395981,"S=1","11000",25,0.000169257570422834
"674",0,1,0,1,0,0,1,0,0,FALSE,0.025676300342288,"c00010",0.410823727858766,"Su",-0.0521913756240873,"Su=0","11000",25,9.62460763737649e-05
"675",0,1,0,1,0,0,1,0,0,FALSE,0.025676300342288,"c00010",0.410823727858766,"br",0.00861583125736581,"br=0","11000",25,0.0001767931272104
"676",1,1,0,1,0,0,1,0,0,FALSE,0.025676300342288,"c10010",0.410823727858766,"P",0.00194065942950134,"P=1","11000",25,0.000170909484044505
"677",1,1,0,1,0,0,1,0,0,FALSE,0.025676300342288,"c10010",0.410823727858766,"Pu",0.00138411590041308,"Pu=1","11000",25,0.000169960940348092
"678",1,1,0,1,0,0,1,0,0,FALSE,0.025676300342288,"c10010",0.410823727858766,"K",0.869271558526368,"K=0","11000",25,0.998933085845826
"679",1,1,0,1,0,0,1,0,0,FALSE,0.025676300342288,"c10010",0.410823727858766,"Ku",-0.153851433972888,"Ku=1","11000",25,3.59889932718767e-05
"680",1,1,0,1,0,0,1,0,0,FALSE,0.025676300342288,"c10010",0.410823727858766,"C",-0.0231767564918293,"C=0","11000",25,0.000132948245919931
"681",1,1,0,1,0,0,1,0,0,FALSE,0.025676300342288,"c10010",0.410823727858766,"Cu",-0.0439094116049143,"Cu=0","11000",25,0.000108054245366422
"682",1,1,0,1,0,0,1,0,0,FALSE,0.025676300342288,"c10010",0.410823727858766,"S",0.0103101877372089,"S=1","11000",25,0.000185829459063575
"683",1,1,0,1,0,0,1,0,0,FALSE,0.025676300342288,"c10010",0.410823727858766,"Su",-0.0561574578090812,"Su=0","11000",25,9.55980967032695e-05
"684",1,1,0,1,0,0,1,0,0,FALSE,0.025676300342288,"c10010",0.410823727858766,"br",0,"br=0","11000",25,0.000167624689455954
"685",0,0,1,1,0,0,1,0,0,TRUE,1.68980815548743e-09,"c01011",6.58108356890402e-08,"P",0.00414908824854826,"P=0","01000",9,0.00126949032579239
"686",0,0,1,1,0,0,1,0,0,TRUE,1.68980815548743e-09,"c01011",6.58108356890402e-08,"Pu",-0.00143822680178025,"Pu=0","01000",9,0.00120050505947542
"687",0,0,1,1,0,0,1,0,0,TRUE,1.68980815548743e-09,"c01011",6.58108356890402e-08,"K",0.59993732149873,"K=1","01000",9,0.491026370528114
"688",0,0,1,1,0,0,1,0,0,TRUE,1.68980815548743e-09,"c01011",6.58108356890402e-08,"Ku",0.59890353779248,"Ku=1","01000",9,0.485976367942921
"689",0,0,1,1,0,0,1,0,0,TRUE,1.68980815548743e-09,"c01011",6.58108356890402e-08,"C",0.096741547117857,"C=0","01000",9,0.00320444878730155
"690",0,0,1,1,0,0,1,0,0,TRUE,1.68980815548743e-09,"c01011",6.58108356890402e-08,"Cu",0.155189752634236,"Cu=0","01000",9,0.00574897826228322
"691",0,0,1,1,0,0,1,0,0,TRUE,1.68980815548743e-09,"c01011",6.58108356890402e-08,"S",-0.0305781933666668,"S=1","01000",9,0.0008970377666642
"692",0,0,1,1,0,0,1,0,0,TRUE,1.68980815548743e-09,"c01011",6.58108356890402e-08,"Su",0.204983206197063,"Su=0","01000",9,0.00945890552304501
"693",0,0,1,1,0,0,1,0,0,TRUE,1.68980815548743e-09,"c01011",6.58108356890402e-08,"br",0,"br=0","01000",9,0.00121789580440341
"694",1,0,1,1,0,0,1,0,0,TRUE,1.68980815548743e-09,"c11011",6.58108356890402e-08,"P",0.00289162709866811,"P=1","01000",9,0.00125501768662741
"695",1,0,1,1,0,0,1,0,0,TRUE,1.68980815548743e-09,"c11011",6.58108356890402e-08,"Pu",0.00221298766326154,"Pu=0","01000",9,0.00124652947643262
"696",1,0,1,1,0,0,1,0,0,TRUE,1.68980815548743e-09,"c11011",6.58108356890402e-08,"K",0.598354920870407,"K=1","01000",9,0.483853707178593
"697",1,0,1,1,0,0,1,0,0,TRUE,1.68980815548743e-09,"c11011",6.58108356890402e-08,"Ku",0.600136804121004,"Ku=1","01000",9,0.492552688018338
"698",1,0,1,1,0,0,1,0,0,TRUE,1.68980815548743e-09,"c11011",6.58108356890402e-08,"C",0.098458962089593,"C=0","01000",9,0.00326357433107558
"699",1,0,1,1,0,0,1,0,0,TRUE,1.68980815548743e-09,"c11011",6.58108356890402e-08,"Cu",0.155311977301957,"Cu=0","01000",9,0.00576239488791517
"700",1,0,1,1,0,0,1,0,0,TRUE,1.68980815548743e-09,"c11011",6.58108356890402e-08,"S",-0.0272622670947148,"S=1","01000",9,0.000928310254111411
"701",1,0,1,1,0,0,1,0,0,TRUE,1.68980815548743e-09,"c11011",6.58108356890402e-08,"Su",0.209886729213874,"Su=0","01000",9,0.00994530605473263
"702",1,0,1,1,0,0,1,0,0,TRUE,1.68980815548743e-09,"c11011",6.58108356890402e-08,"br",-0.00222048369388839,"br=0","01000",9,0.00119247211217375
"703",0,1,1,1,0,0,1,0,0,TRUE,0.025676300342288,"c01011",0.999982617814588,"P",-0.00391143750881305,"P=0","11000",25,0.00117895027876743
"704",0,1,1,1,0,0,1,0,0,TRUE,0.025676300342288,"c01011",0.999982617814588,"Pu",-0.00263132750206902,"Pu=1","11000",25,0.00119413914897037
"705",0,1,1,1,0,0,1,0,0,TRUE,0.025676300342288,"c01011",0.999982617814588,"K",0.595832245463148,"K=1","11000",25,0.474404948171971
"706",0,1,1,1,0,0,1,0,0,TRUE,0.025676300342288,"c01011",0.999982617814588,"Ku",0.601518461415785,"Ku=1","11000",25,0.502162331798219
"707",0,1,1,1,0,0,1,0,0,TRUE,0.025676300342288,"c01011",0.999982617814588,"C",0.10034965732672,"C=0","11000",25,0.00334422640121809
"708",0,1,1,1,0,0,1,0,0,TRUE,0.025676300342288,"c01011",0.999982617814588,"Cu",0.158088947007481,"Cu=0","11000",25,0.00595736514434558
"709",0,1,1,1,0,0,1,0,0,TRUE,0.025676300342288,"c01011",0.999982617814588,"S",-0.0313492460903531,"S=1","11000",25,0.000896054862398246
"710",0,1,1,1,0,0,1,0,0,TRUE,0.025676300342288,"c01011",0.999982617814588,"Su",0.206176791301957,"Su=0","11000",25,0.00963600627924321
"711",0,1,1,1,0,0,1,0,0,TRUE,0.025676300342288,"c01011",0.999982617814588,"br",0,"br=0","11000",25,0.00122597791486695
"712",1,1,1,1,0,0,1,0,0,TRUE,0.025676300342288,"c11011",0.999982617814588,"P",-0.00144418473239023,"P=1","11000",25,0.00120356669907695
"713",1,1,1,1,0,0,1,0,0,TRUE,0.025676300342288,"c11011",0.999982617814588,"Pu",-0.000567409179285015,"Pu=1","11000",25,0.00121416567437361
"714",1,1,1,1,0,0,1,0,0,TRUE,0.025676300342288,"c11011",0.999982617814588,"K",0.599121374726647,"K=1","11000",25,0.488307334881579
"715",1,1,1,1,0,0,1,0,0,TRUE,0.025676300342288,"c11011",0.999982617814588,"Ku",0.598980382871326,"Ku=1","11000",25,0.487619346428275
"716",1,1,1,1,0,0,1,0,0,TRUE,0.025676300342288,"c11011",0.999982617814588,"C",0.103912242859122,"C=0","11000",25,0.0034516544731951
"717",1,1,1,1,0,0,1,0,0,TRUE,0.025676300342288,"c11011",0.999982617814588,"Cu",0.157713741204949,"Cu=0","11000",25,0.00591131704591088
"718",1,1,1,1,0,0,1,0,0,TRUE,0.025676300342288,"c11011",0.999982617814588,"S",-0.032256516007142,"S=1","11000",25,0.000884410537579475
"719",1,1,1,1,0,0,1,0,0,TRUE,0.025676300342288,"c11011",0.999982617814588,"Su",0.212139388605232,"Su=0","11000",25,0.0101871297159042
"720",1,1,1,1,0,0,1,0,0,TRUE,0.025676300342288,"c11011",0.999982617814588,"br",0,"br=0","11000",25,0.00122107454410616
"721",0,0,0,0,1,0,1,0,0,FALSE,1.82207395284679e-09,"c00110",2.91533906273105e-08,"P",-0.000569129754121419,"P=0","00000",1,0.0157713046731346
"722",0,0,0,0,1,0,1,0,0,FALSE,1.82207395284679e-09,"c00110",2.91533906273105e-08,"Pu",-0.00323603504080601,"Pu=0","00000",1,0.0153562579657886
"723",0,0,0,0,1,0,1,0,0,FALSE,1.82207395284679e-09,"c00110",2.91533906273105e-08,"K",0.333060878661861,"K=0","00000",1,0.443408830782187
"724",0,0,0,0,1,0,1,0,0,FALSE,1.82207395284679e-09,"c00110",2.91533906273105e-08,"Ku",0.335681259064303,"Ku=0","00000",1,0.455181398294722
"725",0,0,0,0,1,0,1,0,0,FALSE,1.82207395284679e-09,"c00110",2.91533906273105e-08,"C",0,"C=1","00000",1,0.0158613197690173
"726",0,0,0,0,1,0,1,0,0,FALSE,1.82207395284679e-09,"c00110",2.91533906273105e-08,"Cu",-0.0578289253192198,"Cu=0","00000",1,0.00889593270848656
"727",0,0,0,0,1,0,1,0,0,FALSE,1.82207395284679e-09,"c00110",2.91533906273105e-08,"S",0.00317760447835132,"S=1","00000",1,0.0163734229946183
"728",0,0,0,0,1,0,1,0,0,FALSE,1.82207395284679e-09,"c00110",2.91533906273105e-08,"Su",-0.0176855523505601,"Su=0","00000",1,0.0132902130430283
"729",0,0,0,0,1,0,1,0,0,FALSE,1.82207395284679e-09,"c00110",2.91533906273105e-08,"br",0,"br=0","00000",1,0.0158613197690173
"730",1,0,0,0,1,0,1,0,0,FALSE,1.82207395284679e-09,"c10110",2.91533906273105e-08,"P",-0.00518550430948169,"P=1","00000",1,0.0163703079669366
"731",1,0,0,0,1,0,1,0,0,FALSE,1.82207395284679e-09,"c10110",2.91533906273105e-08,"Pu",-0.00499423554843269,"Pu=0","00000",1,0.0164016492156191
"732",1,0,0,0,1,0,1,0,0,FALSE,1.82207395284679e-09,"c10110",2.91533906273105e-08,"K",0.323834557415279,"K=0","00000",1,0.439514110028554
"733",1,0,0,0,1,0,1,0,0,FALSE,1.82207395284679e-09,"c10110",2.91533906273105e-08,"Ku",0.325589236504686,"Ku=0","00000",1,0.447294230669893
"734",1,0,0,0,1,0,1,0,0,FALSE,1.82207395284679e-09,"c10110",2.91533906273105e-08,"C",0,"C=1","00000",1,0.017241585841767
"735",1,0,0,0,1,0,1,0,0,FALSE,1.82207395284679e-09,"c10110",2.91533906273105e-08,"Cu",-0.0560323765626507,"Cu=0","00000",1,0.00984536200207624
"736",1,0,0,0,1,0,1,0,0,FALSE,1.82207395284679e-09,"c10110",2.91533906273105e-08,"S",0.00126118721993821,"S=1","00000",1,0.0174604115191423
"737",1,0,0,0,1,0,1,0,0,FALSE,1.82207395284679e-09,"c10110",2.91533906273105e-08,"Su",-0.0199124043918799,"Su=0","00000",1,0.0141285871634898
"738",1,0,0,0,1,0,1,0,0,FALSE,1.82207395284679e-09,"c10110",2.91533906273105e-08,"br",0.023200236993295,"br=0","00000",1,0.0217437555925214
"739",0,1,0,0,1,0,1,0,0,FALSE,0.0276860529446664,"c00110",0.442979998239472,"P",3.86311579387414e-05,"P=0","10000",17,0.0172649673632865
"740",0,1,0,0,1,0,1,0,0,FALSE,0.0276860529446664,"c00110",0.442979998239472,"Pu",-0.000296252887984099,"Pu=1","10000",17,0.0172072464450699
"741",0,1,0,0,1,0,1,0,0,FALSE,0.0276860529446664,"c00110",0.442979998239472,"K",0.324867429093887,"K=0","10000",17,0.44450771876777
"742",0,1,0,0,1,0,1,0,0,FALSE,0.0276860529446664,"c00110",0.442979998239472,"Ku",0.324996272140831,"Ku=0","10000",17,0.445080805168238
"743",0,1,0,0,1,0,1,0,0,FALSE,0.0276860529446664,"c00110",0.442979998239472,"C",0,"C=1","10000",17,0.0172582989945933
"744",0,1,0,0,1,0,1,0,0,FALSE,0.0276860529446664,"c00110",0.442979998239472,"Cu",-0.0554957697218332,"Cu=0","10000",17,0.00990792985235854
"745",0,1,0,0,1,0,1,0,0,FALSE,0.0276860529446664,"c00110",0.442979998239472,"S",-0.000205030129036718,"S=1","10000",17,0.0172229505317775
"746",0,1,0,0,1,0,1,0,0,FALSE,0.0276860529446664,"c00110",0.442979998239472,"Su",-0.0188608310458925,"Su=0","10000",17,0.014291783882313
"747",0,1,0,0,1,0,1,0,0,FALSE,0.0276860529446664,"c00110",0.442979998239472,"br",0,"br=0","10000",17,0.0172582989945933
"748",1,1,0,0,1,0,1,0,0,FALSE,0.0276860529446664,"c10110",0.442979998239472,"P",0.000977451814249041,"P=1","10000",17,0.0169397095198608
"749",1,1,0,0,1,0,1,0,0,FALSE,0.0276860529446664,"c10110",0.442979998239472,"Pu",0.00172726500282522,"Pu=1","10000",17,0.0170672030803851
"750",1,1,0,0,1,0,1,0,0,FALSE,0.0276860529446664,"c10110",0.442979998239472,"K",0.327677659552998,"K=0","10000",17,0.444372253023979
"751",1,1,0,0,1,0,1,0,0,FALSE,0.0276860529446664,"c10110",0.442979998239472,"Ku",0.328374024433865,"Ku=0","10000",17,0.447477504727101
"752",1,1,0,0,1,0,1,0,0,FALSE,0.0276860529446664,"c10110",0.442979998239472,"C",0,"C=1","10000",17,0.0167749386118109
"753",1,1,0,0,1,0,1,0,0,FALSE,0.0276860529446664,"c10110",0.442979998239472,"Cu",-0.056166408478843,"Cu=0","10000",17,0.00956606498492805
"754",1,1,0,0,1,0,1,0,0,FALSE,0.0276860529446664,"c10110",0.442979998239472,"S",0.00213353669445279,"S=1","10000",17,0.0171366833387957
"755",1,1,0,0,1,0,1,0,0,FALSE,0.0276860529446664,"c10110",0.442979998239472,"Su",-0.0188666176624615,"Su=0","10000",17,0.0138907041013288
"756",1,1,0,0,1,0,1,0,0,FALSE,0.0276860529446664,"c10110",0.442979998239472,"br",0,"br=0","10000",17,0.0167749386118109
"757",0,0,1,0,1,0,1,0,0,FALSE,1.82207395284679e-09,"c01110",4.94816124539418e-08,"P",-0.00192992046886312,"P=0","00000",1,0.000284298061383539
"758",0,0,1,0,1,0,1,0,0,FALSE,1.82207395284679e-09,"c01110",4.94816124539418e-08,"Pu",0.00120217101998067,"Pu=0","00000",1,0.000293343452277851
"759",0,0,1,0,1,0,1,0,0,FALSE,1.82207395284679e-09,"c01110",4.94816124539418e-08,"K",-0.144280667536717,"K=1","00000",1,6.84782193521231e-05
"760",0,0,1,0,1,0,1,0,0,FALSE,1.82207395284679e-09,"c01110",4.94816124539418e-08,"Ku",0.814438569145148,"Ku=0","00000",1,0.998199161357574
"761",0,0,1,0,1,0,1,0,0,FALSE,1.82207395284679e-09,"c01110",4.94816124539418e-08,"C",0,"C=1","00000",1,0.000289838074838186
"762",0,0,1,0,1,0,1,0,0,FALSE,1.82207395284679e-09,"c01110",4.94816124539418e-08,"Cu",-0.140476248963977,"Cu=0","00000",1,7.11336082337387e-05
"763",0,0,1,0,1,0,1,0,0,FALSE,1.82207395284679e-09,"c01110",4.94816124539418e-08,"S",0.00359871225451319,"S=1","00000",1,0.000300458465651436
"764",0,0,1,0,1,0,1,0,0,FALSE,1.82207395284679e-09,"c01110",4.94816124539418e-08,"Su",-0.0502449640936767,"Su=0","00000",1,0.000175365569472011
"765",0,0,1,0,1,0,1,0,0,FALSE,1.82207395284679e-09,"c01110",4.94816124539418e-08,"br",0.00924874121397819,"br=0","00000",1,0.000317923191216666
"766",1,0,1,0,1,0,1,0,0,FALSE,1.82207395284679e-09,"c11110",4.94816124539418e-08,"P",-0.00109705280418698,"P=1","00000",1,0.000275086543073289
"767",1,0,1,0,1,0,1,0,0,FALSE,1.82207395284679e-09,"c11110",4.94816124539418e-08,"Pu",-0.00664242785897795,"Pu=0","00000",1,0.000260247213309959
"768",1,0,1,0,1,0,1,0,0,FALSE,1.82207395284679e-09,"c11110",4.94816124539418e-08,"K",-0.142583131607448,"K=1","00000",1,6.68348707938275e-05
"769",1,0,1,0,1,0,1,0,0,FALSE,1.82207395284679e-09,"c11110",4.94816124539418e-08,"Ku",0.818576779718581,"Ku=0","00000",1,0.998314938818834
"770",1,0,1,0,1,0,1,0,0,FALSE,1.82207395284679e-09,"c11110",4.94816124539418e-08,"C",0,"C=1","00000",1,0.000278121002083183
"771",1,0,1,0,1,0,1,0,0,FALSE,1.82207395284679e-09,"c11110",4.94816124539418e-08,"Cu",-0.139651281057052,"Cu=0","00000",1,6.88233768975273e-05
"772",1,0,1,0,1,0,1,0,0,FALSE,1.82207395284679e-09,"c11110",4.94816124539418e-08,"S",0.00572356011490138,"S=1","00000",1,0.000294503792107188
"773",1,0,1,0,1,0,1,0,0,FALSE,1.82207395284679e-09,"c11110",4.94816124539418e-08,"Su",-0.0532324111475382,"Su=0","00000",1,0.00016332338081747
"774",1,0,1,0,1,0,1,0,0,FALSE,1.82207395284679e-09,"c11110",4.94816124539418e-08,"br",0,"br=0","00000",1,0.000278121002083183
"775",0,1,1,0,1,0,1,0,0,FALSE,0.0276860529446664,"c01110",0.751863303927318,"P",0.00269355572113611,"P=0","10000",17,0.000304340237233727
"776",0,1,1,0,1,0,1,0,0,FALSE,0.0276860529446664,"c01110",0.751863303927318,"Pu",-0.000106432992332945,"Pu=1","10000",17,0.00029593693963662
"777",0,1,1,0,1,0,1,0,0,FALSE,0.0276860529446664,"c01110",0.751863303927318,"K",-0.144797904544908,"K=1","10000",17,6.96325182408804e-05
"778",0,1,1,0,1,0,1,0,0,FALSE,0.0276860529446664,"c01110",0.751863303927318,"Ku",0.812246541772408,"Ku=0","10000",17,0.998167261063242
"779",0,1,1,0,1,0,1,0,0,FALSE,0.0276860529446664,"c01110",0.751863303927318,"C",0,"C=1","10000",17,0.000296252081854791
"780",0,1,1,0,1,0,1,0,0,FALSE,0.0276860529446664,"c01110",0.751863303927318,"Cu",-0.141593936313557,"Cu=0","10000",17,7.18996471099153e-05
"781",0,1,1,0,1,0,1,0,0,FALSE,0.0276860529446664,"c01110",0.751863303927318,"S",0.00642081018631783,"S=1","10000",17,0.000315897824668829
"782",0,1,1,0,1,0,1,0,0,FALSE,0.0276860529446664,"c01110",0.751863303927318,"Su",-0.0484309291577559,"Su=0","10000",17,0.000182527606158539
"783",0,1,1,0,1,0,1,0,0,FALSE,0.0276860529446664,"c01110",0.751863303927318,"br",0,"br=0","10000",17,0.000296252081854791
"784",1,1,1,0,1,0,1,0,0,FALSE,0.0276860529446664,"c11110",0.751863303927318,"P",-0.00246306227425022,"P=1","10000",17,0.000283448830512047
"785",1,1,1,0,1,0,1,0,0,FALSE,0.0276860529446664,"c11110",0.751863303927318,"Pu",-0.000184432038113062,"Pu=1","10000",17,0.000289981728904333
"786",1,1,1,0,1,0,1,0,0,FALSE,0.0276860529446664,"c11110",0.751863303927318,"K",-0.143772641964703,"K=1","10000",17,6.89882236265156e-05
"787",1,1,1,0,1,0,1,0,0,FALSE,0.0276860529446664,"c11110",0.751863303927318,"Ku",0.814204108728876,"Ku=0","10000",17,0.998194398985527
"788",1,1,1,0,1,0,1,0,0,FALSE,0.0276860529446664,"c11110",0.751863303927318,"C",0,"C=1","10000",17,0.000290517041609433
"789",1,1,1,0,1,0,1,0,0,FALSE,0.0276860529446664,"c11110",0.751863303927318,"Cu",-0.141097667030923,"Cu=0","10000",17,7.08585451069364e-05
"790",1,1,1,0,1,0,1,0,0,FALSE,0.0276860529446664,"c11110",0.751863303927318,"S",0.0149558480880243,"S=1","10000",17,0.000337383652815067
"791",1,1,1,0,1,0,1,0,0,FALSE,0.0276860529446664,"c11110",0.751863303927318,"Su",-0.0513147600092989,"Su=0","10000",17,0.000173905950289489
"792",1,1,1,0,1,0,1,0,0,FALSE,0.0276860529446664,"c11110",0.751863303927318,"br",0,"br=0","10000",17,0.000290517041609433
"793",0,0,0,1,1,0,1,0,0,FALSE,1.68980815548743e-09,"c00110",2.70371228155537e-08,"P",-0.000943828628764795,"P=0","01000",9,0.000274050353986541
"794",0,0,0,1,1,0,1,0,0,FALSE,1.68980815548743e-09,"c00110",2.70371228155537e-08,"Pu",-0.00473397170298155,"Pu=0","01000",9,0.000263857829227291
"795",0,0,0,1,1,0,1,0,0,FALSE,1.68980815548743e-09,"c00110",2.70371228155537e-08,"K",0.819107219320768,"K=0","01000",9,0.998313208942165
"796",0,0,0,1,1,0,1,0,0,FALSE,1.68980815548743e-09,"c00110",2.70371228155537e-08,"Ku",-0.143602301629466,"Ku=1","01000",9,6.5807060379169e-05
"797",0,0,0,1,1,0,1,0,0,FALSE,1.68980815548743e-09,"c00110",2.70371228155537e-08,"C",0,"C=1","01000",9,0.000276649164551679
"798",0,0,0,1,1,0,1,0,0,FALSE,1.68980815548743e-09,"c00110",2.70371228155537e-08,"Cu",-0.141322269043246,"Cu=0","01000",9,6.73247186046277e-05
"799",0,0,0,1,1,0,1,0,0,FALSE,1.68980815548743e-09,"c00110",2.70371228155537e-08,"S",0.00639390766373662,"S=1","01000",9,0.000294915603654674
"800",0,0,0,1,1,0,1,0,0,FALSE,1.68980815548743e-09,"c00110",2.70371228155537e-08,"Su",-0.0501544954869719,"Su=0","01000",9,0.000167537162879803
"801",0,0,0,1,1,0,1,0,0,FALSE,1.68980815548743e-09,"c00110",2.70371228155537e-08,"br",0,"br=0","01000",9,0.000276649164551679
"802",1,0,0,1,1,0,1,0,0,FALSE,1.68980815548743e-09,"c10110",2.70371228155537e-08,"P",0.00417911655965371,"P=1","01000",9,0.000292470768319591
"803",1,0,0,1,1,0,1,0,0,FALSE,1.68980815548743e-09,"c10110",2.70371228155537e-08,"Pu",-0.00290109155450841,"Pu=0","01000",9,0.000272479298706298
"804",1,0,0,1,1,0,1,0,0,FALSE,1.68980815548743e-09,"c10110",2.70371228155537e-08,"K",0.817718942859449,"K=0","01000",9,0.99825395545507
"805",1,0,0,1,1,0,1,0,0,FALSE,1.68980815548743e-09,"c10110",2.70371228155537e-08,"Ku",-0.144049474195579,"Ku=1","01000",9,6.64253537214212e-05
"806",1,0,0,1,1,0,1,0,0,FALSE,1.68980815548743e-09,"c10110",2.70371228155537e-08,"C",0,"C=1","01000",9,0.000280499953366775
"807",1,0,0,1,1,0,1,0,0,FALSE,1.68980815548743e-09,"c10110",2.70371228155537e-08,"Cu",-0.140106842920363,"Cu=0","01000",9,6.90965726375988e-05
"808",1,0,0,1,1,0,1,0,0,FALSE,1.68980815548743e-09,"c10110",2.70371228155537e-08,"S",0.0110206574236251,"S=1","01000",9,0.000313180635076862
"809",1,0,0,1,1,0,1,0,0,FALSE,1.68980815548743e-09,"c10110",2.70371228155537e-08,"Su",-0.0492620171286095,"Su=0","01000",9,0.00017139200973466
"810",1,0,0,1,1,0,1,0,0,FALSE,1.68980815548743e-09,"c10110",2.70371228155537e-08,"br",0,"br=0","01000",9,0.000280499953366775
"811",0,1,0,1,1,0,1,0,0,FALSE,0.025676300342288,"c00110",0.410823727858761,"P",-0.00370604955234207,"P=0","11000",25,0.00026940806203837
"812",0,1,0,1,1,0,1,0,0,FALSE,0.025676300342288,"c00110",0.410823727858761,"Pu",-0.000496238149534822,"Pu=1","11000",25,0.000278195833699818
"813",0,1,0,1,1,0,1,0,0,FALSE,0.025676300342288,"c00110",0.410823727858761,"K",0.818050562263291,"K=0","11000",25,0.998284223254703
"814",0,1,0,1,1,0,1,0,0,FALSE,0.025676300342288,"c00110",0.410823727858761,"Ku",-0.143337995624655,"Ku=1","11000",25,6.66801780909254e-05
"815",0,1,0,1,1,0,1,0,0,FALSE,0.025676300342288,"c00110",0.410823727858761,"C",0,"C=1","11000",25,0.000279579778548211
"816",0,1,0,1,1,0,1,0,0,FALSE,0.025676300342288,"c00110",0.410823727858761,"Cu",-0.140713888301406,"Cu=0","11000",25,6.84530974467329e-05
"817",0,1,0,1,1,0,1,0,0,FALSE,0.025676300342288,"c00110",0.410823727858761,"S",0.00970880447037891,"S=1","11000",25,0.000308085003306787
"818",0,1,0,1,1,0,1,0,0,FALSE,0.025676300342288,"c00110",0.410823727858761,"Su",-0.0522535517385295,"Su=0","11000",25,0.000165795013618231
"819",0,1,0,1,1,0,1,0,0,FALSE,0.025676300342288,"c00110",0.410823727858761,"br",0,"br=0","11000",25,0.000279579778548211
"820",1,1,0,1,1,0,1,0,0,FALSE,0.025676300342288,"c10110",0.410823727858761,"P",-0.00360823709877106,"P=1","11000",25,0.000261076149937655
"821",1,1,0,1,1,0,1,0,0,FALSE,0.025676300342288,"c10110",0.410823727858761,"Pu",-0.000320646850589077,"Pu=1","11000",25,0.000269801911725875
"822",1,1,0,1,1,0,1,0,0,FALSE,0.025676300342288,"c10110",0.410823727858761,"K",0.821295215818022,"K=0","11000",25,0.998337481702439
"823",1,1,0,1,1,0,1,0,0,FALSE,0.025676300342288,"c10110",0.410823727858761,"Ku",-0.145167302230381,"Ku=1","11000",25,6.33846346039479e-05
"824",1,1,0,1,1,0,1,0,0,FALSE,0.025676300342288,"c10110",0.410823727858761,"C",0,"C=1","11000",25,0.000270668411518395
"825",1,1,0,1,1,0,1,0,0,FALSE,0.025676300342288,"c10110",0.410823727858761,"Cu",-0.142790247877883,"Cu=0","11000",25,6.49093719432981e-05
"826",1,1,0,1,1,0,1,0,0,FALSE,0.025676300342288,"c10110",0.410823727858761,"S",0.00990921330823071,"S=1","11000",25,0.000298863405450915
"827",1,1,0,1,1,0,1,0,0,FALSE,0.025676300342288,"c10110",0.410823727858761,"Su",-0.0506248987260321,"Su=0","11000",25,0.000163146000862322
"828",1,1,0,1,1,0,1,0,0,FALSE,0.025676300342288,"c10110",0.410823727858761,"br",0,"br=0","11000",25,0.000270668411518395
"829",0,0,1,1,1,0,1,0,0,TRUE,1.68980815548743e-09,"c01111",6.58108357820913e-08,"P",0.00136620189363985,"P=0","01000",9,0.00200347459815038
"830",0,0,1,1,1,0,1,0,0,TRUE,1.68980815548743e-09,"c01111",6.58108357820913e-08,"Pu",0.000535998802461488,"Pu=0","01000",9,0.00198691054289286
"831",0,0,1,1,1,0,1,0,0,TRUE,1.68980815548743e-09,"c01111",6.58108357820913e-08,"K",0.51158026617711,"K=1","01000",9,0.329317922880305
"832",0,0,1,1,1,0,1,0,0,TRUE,1.68980815548743e-09,"c01111",6.58108357820913e-08,"Ku",0.516435131187731,"Ku=1","01000",9,0.345700317453
"833",0,0,1,1,1,0,1,0,0,TRUE,1.68980815548743e-09,"c01111",6.58108357820913e-08,"C",0,"C=1","01000",9,0.00197628921669633
"834",0,0,1,1,1,0,1,0,0,TRUE,1.68980815548743e-09,"c01111",6.58108357820913e-08,"Cu",0.50337915258868,"Cu=0","01000",9,0.303387989333391
"835",0,0,1,1,1,0,1,0,0,TRUE,1.68980815548743e-09,"c01111",6.58108357820913e-08,"S",-0.0239635901921205,"S=1","01000",9,0.00155517029082388
"836",0,0,1,1,1,0,1,0,0,TRUE,1.68980815548743e-09,"c01111",6.58108357820913e-08,"Su",0.181162381174686,"Su=0","01000",9,0.0120956364680446
"837",0,0,1,1,1,0,1,0,0,TRUE,1.68980815548743e-09,"c01111",6.58108357820913e-08,"br",0,"br=0","01000",9,0.00197628921669633
"838",1,0,1,1,1,0,1,0,0,TRUE,1.68980815548743e-09,"c11111",6.58108357820913e-08,"P",-0.00505846635200271,"P=1","01000",9,0.00187054264357019
"839",1,0,1,1,1,0,1,0,0,TRUE,1.68980815548743e-09,"c11111",6.58108357820913e-08,"Pu",-0.000143591714349087,"Pu=0","01000",9,0.00196477418251012
"840",1,0,1,1,1,0,1,0,0,TRUE,1.68980815548743e-09,"c11111",6.58108357820913e-08,"K",0.516342851568703,"K=1","01000",9,0.343862459953691
"841",1,0,1,1,1,0,1,0,0,TRUE,1.68980815548743e-09,"c11111",6.58108357820913e-08,"Ku",0.512181757599988,"Ku=1","01000",9,0.329847627182996
"842",1,0,1,1,1,0,1,0,0,TRUE,1.68980815548743e-09,"c11111",6.58108357820913e-08,"C",0,"C=1","01000",9,0.00196759746195445
"843",1,0,1,1,1,0,1,0,0,TRUE,1.68980815548743e-09,"c11111",6.58108357820913e-08,"Cu",0.504347360047773,"Cu=0","01000",9,0.30499239336102
"844",1,0,1,1,1,0,1,0,0,TRUE,1.68980815548743e-09,"c11111",6.58108357820913e-08,"S",-0.0233038089110422,"S=1","01000",9,0.00155857999468847
"845",1,0,1,1,1,0,1,0,0,TRUE,1.68980815548743e-09,"c11111",6.58108357820913e-08,"Su",0.180545892635391,"Su=0","01000",9,0.0119684277576141
"846",1,0,1,1,1,0,1,0,0,TRUE,1.68980815548743e-09,"c11111",6.58108357820913e-08,"br",0,"br=0","01000",9,0.00196759746195445
"847",0,1,1,1,1,0,1,0,0,TRUE,0.025676300342288,"c01111",0.99998261922848,"P",0.00282708385910849,"P=0","11000",25,0.00204915737845209
"848",0,1,1,1,1,0,1,0,0,TRUE,0.025676300342288,"c01111",0.99998261922848,"Pu",1.61386002054158e-05,"Pu=1","11000",25,0.0019923587157975
"849",0,1,1,1,1,0,1,0,0,TRUE,0.025676300342288,"c01111",0.99998261922848,"K",0.516466566304109,"K=1","11000",25,0.348564571879481
"850",0,1,1,1,1,0,1,0,0,TRUE,0.025676300342288,"c01111",0.99998261922848,"Ku",0.511111084032196,"Ku=1","11000",25,0.330388315225691
"851",0,1,1,1,1,0,1,0,0,TRUE,0.025676300342288,"c01111",0.99998261922848,"C",0,"C=1","11000",25,0.00199203720293423
"852",0,1,1,1,1,0,1,0,0,TRUE,0.025676300342288,"c01111",0.99998261922848,"Cu",0.501249305060747,"Cu=0","11000",25,0.299361204399999
"853",0,1,1,1,1,0,1,0,0,TRUE,0.025676300342288,"c01111",0.99998261922848,"S",-0.0285167125963974,"S=1","11000",25,0.00149779003121964
"854",0,1,1,1,1,0,1,0,0,TRUE,0.025676300342288,"c01111",0.99998261922848,"Su",0.180920191150621,"Su=0","11000",25,0.0121625279634914
"855",0,1,1,1,1,0,1,0,0,TRUE,0.025676300342288,"c01111",0.99998261922848,"br",0,"br=0","11000",25,0.00199203720293423
"856",1,1,1,1,1,0,1,0,0,TRUE,0.025676300342288,"c11111",0.99998261922848,"P",-0.00355560841051237,"P=1","11000",25,0.00189926186277077
"857",1,1,1,1,1,0,1,0,0,TRUE,0.025676300342288,"c11111",0.99998261922848,"Pu",0.000725202235293338,"Pu=1","11000",25,0.00198233099777435
"858",1,1,1,1,1,0,1,0,0,TRUE,0.025676300342288,"c11111",0.99998261922848,"K",0.512663499769496,"K=1","11000",25,0.331509477582891
"859",1,1,1,1,1,0,1,0,0,TRUE,0.025676300342288,"c11111",0.99998261922848,"Ku",0.516111331444807,"Ku=1","11000",25,0.34313869223031
"860",1,1,1,1,1,0,1,0,0,TRUE,0.025676300342288,"c11111",0.99998261922848,"C",0,"C=1","11000",25,0.00196800709049213
"861",1,1,1,1,1,0,1,0,0,TRUE,0.025676300342288,"c11111",0.99998261922848,"Cu",0.503870144005527,"Cu=0","11000",25,0.303603581301813
"862",1,1,1,1,1,0,1,0,0,TRUE,0.025676300342288,"c11111",0.99998261922848,"S",-0.0217685704478922,"S=1","11000",25,0.00158302202939992
"863",1,1,1,1,1,0,1,0,0,TRUE,0.025676300342288,"c11111",0.99998261922848,"Su",0.184049846037206,"Su=0","11000",25,0.0123978102204096
"864",1,1,1,1,1,0,1,0,0,TRUE,0.025676300342288,"c11111",0.99998261922848,"br",-0.00258340061923482,"br=0","11000",25,0.00191781668413884
"865",0,0,0,0,0,1,1,0,0,FALSE,2.57626065172293e-18,"c00010",4.12204636480878e-17,"P",-0.0020459187039615,"P=0","00100",5,0.0199385550209026
"866",0,0,0,0,0,1,1,0,0,FALSE,2.57626065172293e-18,"c00010",4.12204636480878e-17,"Pu",0.000116572920041326,"Pu=0","00100",5,0.0203744203938353
"867",0,0,0,0,0,1,1,0,0,FALSE,2.57626065172293e-18,"c00010",4.12204636480878e-17,"K",0.304909095221866,"K=0","00100",5,0.429321233523524
"868",0,0,0,0,0,1,1,0,0,FALSE,2.57626065172293e-18,"c00010",4.12204636480878e-17,"Ku",0.306741389933907,"Ku=0","00100",5,0.437260174066196
"869",0,0,0,0,0,1,1,0,0,FALSE,2.57626065172293e-18,"c00010",4.12204636480878e-17,"C",-0.066748937603363,"C=0","00100",5,0.0104397966736408
"870",0,0,0,0,0,1,1,0,0,FALSE,2.57626065172293e-18,"c00010",4.12204636480878e-17,"Cu",0.0179821837340093,"Cu=1","00100",5,0.0243598508464168
"871",0,0,0,0,0,1,1,0,0,FALSE,2.57626065172293e-18,"c00010",4.12204636480878e-17,"S",0.00387608958968248,"S=1","00100",5,0.0211549808403135
"872",0,0,0,0,0,1,1,0,0,FALSE,2.57626065172293e-18,"c00010",4.12204636480878e-17,"Su",-0.0191717414215259,"Su=0","00100",5,0.0168003054598577
"873",0,0,0,0,0,1,1,0,0,FALSE,2.57626065172293e-18,"c00010",4.12204636480878e-17,"br",0,"br=0","00100",5,0.0203506831753132
"874",1,0,0,0,0,1,1,0,0,FALSE,2.57626065172293e-18,"c10010",4.12204636480878e-17,"P",-0.00432330627232177,"P=1","00100",5,0.0200920964653728
"875",1,0,0,0,0,1,1,0,0,FALSE,2.57626065172293e-18,"c10010",4.12204636480878e-17,"Pu",0.00151047355312961,"Pu=0","00100",5,0.0212990894998112
"876",1,0,0,0,0,1,1,0,0,FALSE,2.57626065172293e-18,"c10010",4.12204636480878e-17,"K",0.301951077496819,"K=0","00100",5,0.429692726946431
"877",1,0,0,0,0,1,1,0,0,FALSE,2.57626065172293e-18,"c10010",4.12204636480878e-17,"Ku",0.301748636212617,"Ku=0","00100",5,0.42882373137156
"878",1,0,0,0,0,1,1,0,0,FALSE,2.57626065172293e-18,"c10010",4.12204636480878e-17,"C",-0.0670855054484666,"C=0","00100",5,0.0107263629175317
"879",1,0,0,0,0,1,1,0,0,FALSE,2.57626065172293e-18,"c10010",4.12204636480878e-17,"Cu",0.0141685822459023,"Cu=1","00100",5,0.0241732200820921
"880",1,0,0,0,0,1,1,0,0,FALSE,2.57626065172293e-18,"c10010",4.12204636480878e-17,"S",0.00178439442565399,"S=1","00100",5,0.0213575121309693
"881",1,0,0,0,0,1,1,0,0,FALSE,2.57626065172293e-18,"c10010",4.12204636480878e-17,"Su",-0.021680560074732,"Su=0","00100",5,0.0168905448500504
"882",1,0,0,0,0,1,1,0,0,FALSE,2.57626065172293e-18,"c10010",4.12204636480878e-17,"br",0.0250227611767246,"br=0","00100",5,0.0269447157361812
"883",0,1,0,0,0,1,1,0,0,FALSE,3.91457705058688e-11,"c00010",6.26336783521659e-10,"P",0.000573273129863368,"P=0","10100",21,0.0205403516236112
"884",0,1,0,0,0,1,1,0,0,FALSE,3.91457705058688e-11,"c00010",6.26336783521659e-10,"Pu",0.00413579229909732,"Pu=1","10100",21,0.0212852961984701
"885",0,1,0,0,0,1,1,0,0,FALSE,3.91457705058688e-11,"c00010",6.26336783521659e-10,"K",0.306120579732618,"K=0","10100",21,0.436096866415195
"886",0,1,0,0,0,1,1,0,0,FALSE,3.91457705058688e-11,"c00010",6.26336783521659e-10,"Ku",0.304136227709662,"Ku=0","10100",21,0.427528464215406
"887",0,1,0,0,0,1,1,0,0,FALSE,3.91457705058688e-11,"c00010",6.26336783521659e-10,"C",-0.0671828969219177,"C=0","10100",21,0.0104314952872235
"888",0,1,0,0,0,1,1,0,0,FALSE,3.91457705058688e-11,"c00010",6.26336783521659e-10,"Cu",0.0189196695444673,"Cu=1","10100",21,0.0246765965771718
"889",0,1,0,0,0,1,1,0,0,FALSE,3.91457705058688e-11,"c00010",6.26336783521659e-10,"S",0.00741456390614034,"S=1","10100",21,0.0219947597341873
"890",0,1,0,0,0,1,1,0,0,FALSE,3.91457705058688e-11,"c00010",6.26336783521659e-10,"Su",-0.0182079489004762,"Su=0","10100",21,0.0170232337646153
"891",0,1,0,0,0,1,1,0,0,FALSE,3.91457705058688e-11,"c00010",6.26336783521659e-10,"br",0,"br=0","10100",21,0.0204229361841196
"892",1,1,0,0,0,1,1,0,0,FALSE,3.91457705058688e-11,"c10010",6.26336783521659e-10,"P",0.00030661766314617,"P=1","10100",21,0.019505025364151
"893",1,1,0,0,0,1,1,0,0,FALSE,3.91457705058688e-11,"c10010",6.26336783521659e-10,"Pu",0.00259998142741187,"Pu=1","10100",21,0.0199575153364441
"894",1,1,0,0,0,1,1,0,0,FALSE,3.91457705058688e-11,"c10010",6.26336783521659e-10,"K",0.313196513939938,"K=0","10100",21,0.445666585414564
"895",1,1,0,0,0,1,1,0,0,FALSE,3.91457705058688e-11,"c10010",6.26336783521659e-10,"Ku",0.308440649701127,"Ku=0","10100",21,0.424967401542557
"896",1,1,0,0,0,1,1,0,0,FALSE,3.91457705058688e-11,"c10010",6.26336783521659e-10,"C",-0.0683494051224693,"C=0","10100",21,0.00981696405790338
"897",1,1,0,0,0,1,1,0,0,FALSE,3.91457705058688e-11,"c10010",6.26336783521659e-10,"Cu",0.0197957521180433,"Cu=1","10100",21,0.0237020961149513
"898",1,1,0,0,0,1,1,0,0,FALSE,3.91457705058688e-11,"c10010",6.26336783521659e-10,"S",0.00565990109940757,"S=1","10100",21,0.0205776385250682
"899",1,1,0,0,0,1,1,0,0,FALSE,3.91457705058688e-11,"c10010",6.26336783521659e-10,"Su",-0.017267724228038,"Su=0","10100",21,0.016361462539162
"900",1,1,0,0,0,1,1,0,0,FALSE,3.91457705058688e-11,"c10010",6.26336783521659e-10,"br",0,"br=0","10100",21,0.0194453111051994
"901",0,0,1,0,0,1,1,0,0,FALSE,2.57626065172293e-18,"c01010",6.99628744900318e-17,"P",-0.00117394275678472,"P=0","00100",5,0.000481697665683747
"902",0,0,1,0,0,1,1,0,0,FALSE,2.57626065172293e-18,"c01010",6.99628744900318e-17,"Pu",-0.00240709908478316,"Pu=0","00100",5,0.000475794055620143
"903",0,0,1,0,0,1,1,0,0,FALSE,2.57626065172293e-18,"c01010",6.99628744900318e-17,"K",-0.133804745844388,"K=1","00100",5,0.000127869298498072
"904",0,0,1,0,0,1,1,0,0,FALSE,2.57626065172293e-18,"c01010",6.99628744900318e-17,"Ku",0.76230838701502,"Ku=0","00100",5,0.996635081452761
"905",0,0,1,0,0,1,1,0,0,FALSE,2.57626065172293e-18,"c01010",6.99628744900318e-17,"C",-0.163637873767107,"C=0","00100",5,9.48861125824225e-05
"906",0,0,1,0,0,1,1,0,0,FALSE,2.57626065172293e-18,"c01010",6.99628744900318e-17,"Cu",0.0502045251243603,"Cu=1","00100",5,0.000805208577579025
"907",0,0,1,0,0,1,1,0,0,FALSE,2.57626065172293e-18,"c01010",6.99628744900318e-17,"S",0.00962890084387382,"S=1","00100",5,0.000536649458363468
"908",0,0,1,0,0,1,1,0,0,FALSE,2.57626065172293e-18,"c01010",6.99628744900318e-17,"Su",-0.0468873155366056,"Su=0","00100",5,0.000304960707314197
"909",0,0,1,0,0,1,1,0,0,FALSE,2.57626065172293e-18,"c01010",6.99628744900318e-17,"br",0.00985285828487909,"br=0","00100",5,0.00053785267159746
"910",1,0,1,0,0,1,1,0,0,FALSE,2.57626065172293e-18,"c11010",6.99628744900318e-17,"P",-0.000225826714086311,"P=1","00100",5,0.000510047286467678
"911",1,0,1,0,0,1,1,0,0,FALSE,2.57626065172293e-18,"c11010",6.99628744900318e-17,"Pu",0.00155031403917504,"Pu=0","00100",5,0.000519187374313895
"912",1,0,1,0,0,1,1,0,0,FALSE,2.57626065172293e-18,"c11010",6.99628744900318e-17,"K",-0.134124984319736,"K=1","00100",5,0.000133688419383492
"913",1,0,1,0,0,1,1,0,0,FALSE,2.57626065172293e-18,"c11010",6.99628744900318e-17,"Ku",0.757530995445986,"Ku=0","00100",5,0.996567009852699
"914",1,0,1,0,0,1,1,0,0,FALSE,2.57626065172293e-18,"c11010",6.99628744900318e-17,"C",-0.16378757346931,"C=0","00100",5,9.93735490816919e-05
"915",1,0,1,0,0,1,1,0,0,FALSE,2.57626065172293e-18,"c11010",6.99628744900318e-17,"Cu",0.0426979659743736,"Cu=1","00100",5,0.00078347673437003
"916",1,0,1,0,0,1,1,0,0,FALSE,2.57626065172293e-18,"c11010",6.99628744900318e-17,"S",0.00927911914853144,"S=1","00100",5,0.000560905756039311
"917",1,0,1,0,0,1,1,0,0,FALSE,2.57626065172293e-18,"c11010",6.99628744900318e-17,"Su",-0.0483837966106212,"Su=0","00100",5,0.00031511061660864
"918",1,0,1,0,0,1,1,0,0,FALSE,2.57626065172293e-18,"c11010",6.99628744900318e-17,"br",0,"br=0","00100",5,0.0005112004110366
"919",0,1,1,0,0,1,1,0,0,FALSE,3.91457705058688e-11,"c01010",1.06307202529608e-09,"P",0.00281210335061317,"P=0","10100",21,0.00053133776911168
"920",0,1,1,0,0,1,1,0,0,FALSE,3.91457705058688e-11,"c01010",1.06307202529608e-09,"Pu",0.00399097307384696,"Pu=1","10100",21,0.000537638615615051
"921",0,1,1,0,0,1,1,0,0,FALSE,3.91457705058688e-11,"c01010",1.06307202529608e-09,"K",-0.133745457632074,"K=1","10100",21,0.000135615314675139
"922",0,1,1,0,0,1,1,0,0,FALSE,3.91457705058688e-11,"c01010",1.06307202529608e-09,"Ku",0.756471497812639,"Ku=0","10100",21,0.996487489044296
"923",0,1,1,0,0,1,1,0,0,FALSE,3.91457705058688e-11,"c01010",1.06307202529608e-09,"C",-0.165095811241672,"C=0","10100",21,9.91187645556335e-05
"924",0,1,1,0,0,1,1,0,0,FALSE,3.91457705058688e-11,"c01010",1.06307202529608e-09,"Cu",0.0453978978217277,"Cu=1","10100",21,0.000813426737121996
"925",0,1,1,0,0,1,1,0,0,FALSE,3.91457705058688e-11,"c01010",1.06307202529608e-09,"S",0.00656201377272059,"S=1","10100",21,0.000551640752246057
"926",0,1,1,0,0,1,1,0,0,FALSE,3.91457705058688e-11,"c01010",1.06307202529608e-09,"Su",-0.0456922703441138,"Su=0","10100",21,0.000327128867046151
"927",0,1,1,0,0,1,1,0,0,FALSE,3.91457705058688e-11,"c01010",1.06307202529608e-09,"br",0,"br=0","10100",21,0.000516604135332495
"928",1,1,1,0,0,1,1,0,0,FALSE,3.91457705058688e-11,"c11010",1.06307202529608e-09,"P",0.00408561294994396,"P=1","10100",21,0.000524791930936523
"929",1,1,1,0,0,1,1,0,0,FALSE,3.91457705058688e-11,"c11010",1.06307202529608e-09,"Pu",0.00168529663584858,"Pu=1","10100",21,0.000512345242146806
"930",1,1,1,0,0,1,1,0,0,FALSE,3.91457705058688e-11,"c11010",1.06307202529608e-09,"K",-0.134581882089543,"K=1","10100",21,0.000131148059689693
"931",1,1,1,0,0,1,1,0,0,FALSE,3.91457705058688e-11,"c11010",1.06307202529608e-09,"Ku",0.758992983662692,"Ku=0","10100",21,0.996570903997753
"932",1,1,1,0,0,1,1,0,0,FALSE,3.91457705058688e-11,"c11010",1.06307202529608e-09,"C",-0.168097638204017,"C=0","10100",21,9.38004215810925e-05
"933",1,1,1,0,0,1,1,0,0,FALSE,3.91457705058688e-11,"c11010",1.06307202529608e-09,"Cu",0.0438947878743761,"Cu=1","10100",21,0.000781405023349953
"934",1,1,1,0,0,1,1,0,0,FALSE,3.91457705058688e-11,"c11010",1.06307202529608e-09,"S",0.00488312164100459,"S=1","10100",21,0.000528993925560637
"935",1,1,1,0,0,1,1,0,0,FALSE,3.91457705058688e-11,"c11010",1.06307202529608e-09,"Su",-0.0516585374374101,"Su=0","10100",21,0.000300533839455523
"936",1,1,1,0,0,1,1,0,0,FALSE,3.91457705058688e-11,"c11010",1.06307202529608e-09,"br",0.0098762047562963,"br=0","10100",21,0.000556077559526447
"937",0,0,0,1,0,1,1,0,0,FALSE,2.38924784207638e-18,"c00010",3.82282374086322e-17,"P",-0.00268800192627221,"P=0","01100",13,0.000475126901955172
"938",0,0,0,1,0,1,1,0,0,FALSE,2.38924784207638e-18,"c00010",3.82282374086322e-17,"Pu",-0.0038659934116914,"Pu=0","01100",13,0.000469562784264088
"939",0,0,0,1,0,1,1,0,0,FALSE,2.38924784207638e-18,"c00010",3.82282374086322e-17,"K",0.762172022201208,"K=0","01100",13,0.996677146612123
"940",0,0,0,1,0,1,1,0,0,FALSE,2.38924784207638e-18,"c00010",3.82282374086322e-17,"Ku",-0.134135599357377,"Ku=1","01100",13,0.000127626235360875
"941",0,0,0,1,0,1,1,0,0,FALSE,2.38924784207638e-18,"c00010",3.82282374086322e-17,"C",-0.16507191510597,"C=0","01100",13,9.36667058101155e-05
"942",0,0,0,1,0,1,1,0,0,FALSE,2.38924784207638e-18,"c00010",3.82282374086322e-17,"Cu",0.0479647917004605,"Cu=1","01100",13,0.000788482227590348
"943",0,0,0,1,0,1,1,0,0,FALSE,2.38924784207638e-18,"c00010",3.82282374086322e-17,"S",0.0064185774088157,"S=1","01100",13,0.0005204260087206
"944",0,0,0,1,0,1,1,0,0,FALSE,2.38924784207638e-18,"c00010",3.82282374086322e-17,"Su",-0.045728942870306,"Su=0","01100",13,0.000308947858803737
"945",0,0,0,1,0,1,1,0,0,FALSE,2.38924784207638e-18,"c00010",3.82282374086322e-17,"br",0.00992808293949106,"br=0","01100",13,0.00053901466537228
"946",1,0,0,1,0,1,1,0,0,FALSE,2.38924784207638e-18,"c10010",3.82282374086322e-17,"P",0.00132835417146006,"P=1","01100",13,0.000504247525135798
"947",1,0,0,1,0,1,1,0,0,FALSE,2.38924784207638e-18,"c10010",3.82282374086322e-17,"Pu",-0.00142706594023654,"Pu=0","01100",13,0.000490543062242399
"948",1,0,0,1,0,1,1,0,0,FALSE,2.38924784207638e-18,"c10010",3.82282374086322e-17,"K",0.760243445085478,"K=0","01100",13,0.996713033927727
"949",1,0,0,1,0,1,1,0,0,FALSE,2.38924784207638e-18,"c10010",3.82282374086322e-17,"Ku",-0.134885309210045,"Ku=1","01100",13,0.000129144332435382
"950",1,0,0,1,0,1,1,0,0,FALSE,2.38924784207638e-18,"c10010",3.82282374086322e-17,"C",-0.167751938835262,"C=0","01100",13,9.29688358626988e-05
"951",1,0,0,1,0,1,1,0,0,FALSE,2.38924784207638e-18,"c10010",3.82282374086322e-17,"Cu",0.0391942932110624,"Cu=1","01100",13,0.000736365544538944
"952",1,0,0,1,0,1,1,0,0,FALSE,2.38924784207638e-18,"c10010",3.82282374086322e-17,"S",0.00620499683634837,"S=1","01100",13,0.000529447333476465
"953",1,0,0,1,0,1,1,0,0,FALSE,2.38924784207638e-18,"c10010",3.82282374086322e-17,"Su",-0.0467789728607053,"Su=0","01100",13,0.000311685291759225
"954",1,0,0,1,0,1,1,0,0,FALSE,2.38924784207638e-18,"c10010",3.82282374086322e-17,"br",-0.00101590276124929,"br=0","01100",13,0.000492564146821931
"955",0,1,0,1,0,1,1,0,0,FALSE,3.63041478916408e-11,"c00010",5.80870498270967e-10,"P",-0.00367168213587334,"P=0","11100",29,0.00050087258948854
"956",0,1,0,1,0,1,1,0,0,FALSE,3.63041478916408e-11,"c00010",5.80870498270967e-10,"Pu",-0.00135776273049826,"Pu=1","11100",29,0.000512597506959374
"957",0,1,0,1,0,1,1,0,0,FALSE,3.63041478916408e-11,"c00010",5.80870498270967e-10,"K",0.755898512263356,"K=0","11100",29,0.996549110425321
"958",0,1,0,1,0,1,1,0,0,FALSE,3.63041478916408e-11,"c00010",5.80870498270967e-10,"Ku",-0.13109431674275,"Ku=1","11100",29,0.000140067634605236
"959",0,1,0,1,0,1,1,0,0,FALSE,3.63041478916408e-11,"c00010",5.80870498270967e-10,"C",-0.163813904971206,"C=0","11100",29,0.000100980711968035
"960",0,1,0,1,0,1,1,0,0,FALSE,3.63041478916408e-11,"c00010",5.80870498270967e-10,"Cu",0.0393902824333589,"Cu=1","11100",29,0.000770447413070787
"961",0,1,0,1,0,1,1,0,0,FALSE,3.63041478916408e-11,"c00010",5.80870498270967e-10,"S",0.00949519630742811,"S=1","11100",29,0.000571360603888264
"962",0,1,0,1,0,1,1,0,0,FALSE,3.63041478916408e-11,"c00010",5.80870498270967e-10,"Su",-0.04390625727867,"Su=0","11100",29,0.000334958286082733
"963",0,1,0,1,0,1,1,0,0,FALSE,3.63041478916408e-11,"c00010",5.80870498270967e-10,"br",0,"br=0","11100",29,0.000519604828616471
"964",1,1,0,1,0,1,1,0,0,FALSE,3.63041478916408e-11,"c10010",5.80870498270967e-10,"P",0.00456095135579774,"P=1","11100",29,0.000547677831353486
"965",1,1,0,1,0,1,1,0,0,FALSE,3.63041478916408e-11,"c10010",5.80870498270967e-10,"Pu",0.00110861171675344,"Pu=1","11100",29,0.000529092787769133
"966",1,1,0,1,0,1,1,0,0,FALSE,3.63041478916408e-11,"c10010",5.80870498270967e-10,"K",0.755183261261451,"K=0","11100",29,0.996406229277143
"967",1,1,0,1,0,1,1,0,0,FALSE,3.63041478916408e-11,"c10010",5.80870498270967e-10,"Ku",-0.132677250363967,"Ku=1","11100",29,0.000138837640696157
"968",1,1,0,1,0,1,1,0,0,FALSE,3.63041478916408e-11,"c10010",5.80870498270967e-10,"C",-0.162780750249969,"C=0","11100",29,0.000102747055807067
"969",1,1,0,1,0,1,1,0,0,FALSE,3.63041478916408e-11,"c10010",5.80870498270967e-10,"Cu",0.0482741476908339,"Cu=1","11100",29,0.000847947885756843
"970",1,1,0,1,0,1,1,0,0,FALSE,3.63041478916408e-11,"c10010",5.80870498270967e-10,"S",0.0103409931881329,"S=1","11100",29,0.000580266588567127
"971",1,1,0,1,0,1,1,0,0,FALSE,3.63041478916408e-11,"c10010",5.80870498270967e-10,"Su",-0.0479515262882678,"Su=0","11100",29,0.00032394133631316
"972",1,1,0,1,0,1,1,0,0,FALSE,3.63041478916408e-11,"c10010",5.80870498270967e-10,"br",0,"br=0","11100",29,0.000523259596594286
"973",0,0,1,1,0,1,1,0,0,TRUE,2.38924784207638e-18,"c01011",9.30510346068997e-17,"P",-0.000782649416592717,"P=0","01100",13,0.00250150911324417
"974",0,0,1,1,0,1,1,0,0,TRUE,2.38924784207638e-18,"c01011",9.30510346068997e-17,"Pu",0.000629652646461654,"Pu=0","01100",13,0.00253708863180728
"975",0,0,1,1,0,1,1,0,0,TRUE,2.38924784207638e-18,"c01011",9.30510346068997e-17,"K",0.440256870639134,"K=1","01100",13,0.205879160180959
"976",0,0,1,1,0,1,1,0,0,TRUE,2.38924784207638e-18,"c01011",9.30510346068997e-17,"Ku",0.441225145191345,"Ku=1","01100",13,0.207882318080814
"977",0,0,1,1,0,1,1,0,0,TRUE,2.38924784207638e-18,"c01011",9.30510346068997e-17,"C",0.541003347246464,"C=0","01100",13,0.563830774736321
"978",0,0,1,1,0,1,1,0,0,TRUE,2.38924784207638e-18,"c01011",9.30510346068997e-17,"Cu",-0.150463975169947,"Cu=1","01100",13,0.000559943685183347
"979",0,0,1,1,0,1,1,0,0,TRUE,2.38924784207638e-18,"c01011",9.30510346068997e-17,"S",-0.0117812381567339,"S=1","01100",13,0.00224096887907056
"980",0,0,1,1,0,1,1,0,0,TRUE,2.38924784207638e-18,"c01011",9.30510346068997e-17,"Su",0.156410101331374,"Su=0","01100",13,0.0120470727188779
"981",0,0,1,1,0,1,1,0,0,TRUE,2.38924784207638e-18,"c01011",9.30510346068997e-17,"br",0,"br=0","01100",13,0.00252116397372227
"982",1,0,1,1,0,1,1,0,0,TRUE,2.38924784207638e-18,"c11011",9.30510346068997e-17,"P",0.00171570041255363,"P=1","01100",13,0.00256324780486798
"983",1,0,1,1,0,1,1,0,0,TRUE,2.38924784207638e-18,"c11011",9.30510346068997e-17,"Pu",-0.00215234343038279,"Pu=0","01100",13,0.00246599330484361
"984",1,0,1,1,0,1,1,0,0,TRUE,2.38924784207638e-18,"c11011",9.30510346068997e-17,"K",0.43969925744112,"K=1","01100",13,0.20461101697329
"985",1,0,1,1,0,1,1,0,0,TRUE,2.38924784207638e-18,"c11011",9.30510346068997e-17,"Ku",0.441410166151123,"Ku=1","01100",13,0.208141843162259
"986",1,0,1,1,0,1,1,0,0,TRUE,2.38924784207638e-18,"c11011",9.30510346068997e-17,"C",0.541230982843982,"C=0","01100",13,0.564775299755798
"987",1,0,1,1,0,1,1,0,0,TRUE,2.38924784207638e-18,"c11011",9.30510346068997e-17,"Cu",-0.153900337426551,"Cu=1","01100",13,0.000540702937298327
"988",1,0,1,1,0,1,1,0,0,TRUE,2.38924784207638e-18,"c11011",9.30510346068997e-17,"S",-0.0183671488298715,"S=1","01100",13,0.00209687184332335
"989",1,0,1,1,0,1,1,0,0,TRUE,2.38924784207638e-18,"c11011",9.30510346068997e-17,"Su",0.159036392996079,"Su=0","01100",13,0.0123602052022649
"990",1,0,1,1,0,1,1,0,0,TRUE,2.38924784207638e-18,"c11011",9.30510346068997e-17,"br",-0.00301470259324719,"br=0","01100",13,0.00244481901605447
"991",0,1,1,1,0,1,1,0,0,TRUE,3.63041478916408e-11,"c01011",1.41389204683902e-09,"P",0.00250759671760319,"P=0","11100",29,0.00249707046807958
"992",0,1,1,1,0,1,1,0,0,TRUE,3.63041478916408e-11,"c01011",1.41389204683902e-09,"Pu",0.00388164448571829,"Pu=1","11100",29,0.0025316182168483
"993",0,1,1,1,0,1,1,0,0,TRUE,3.63041478916408e-11,"c01011",1.41389204683902e-09,"K",0.441150546719764,"K=1","11100",29,0.200647117744702
"994",0,1,1,1,0,1,1,0,0,TRUE,3.63041478916408e-11,"c01011",1.41389204683902e-09,"Ku",0.438880408254132,"Ku=1","11100",29,0.19614346335256
"995",0,1,1,1,0,1,1,0,0,TRUE,3.63041478916408e-11,"c01011",1.41389204683902e-09,"C",0.547641592359072,"C=0","11100",29,0.581992865119392
"996",0,1,1,1,0,1,1,0,0,TRUE,3.63041478916408e-11,"c01011",1.41389204683902e-09,"Cu",-0.145803794085252,"Cu=1","11100",29,0.000566660071596956
"997",0,1,1,1,0,1,1,0,0,TRUE,3.63041478916408e-11,"c01011",1.41389204683902e-09,"S",-0.0226470210589423,"S=1","11100",29,0.00194171587581739
"998",0,1,1,1,0,1,1,0,0,TRUE,3.63041478916408e-11,"c01011",1.41389204683902e-09,"Su",0.152981520699765,"Su=0","11100",29,0.0112442565772212
"999",0,1,1,1,0,1,1,0,0,TRUE,3.63041478916408e-11,"c01011",1.41389204683902e-09,"br",0,"br=0","11100",29,0.00243523257378258
"1000",1,1,1,1,0,1,1,0,0,TRUE,3.63041478916408e-11,"c11011",1.41389204683902e-09,"P",0.00210144012929215,"P=1","11100",29,0.00251087859132963
"1001",1,1,1,1,0,1,1,0,0,TRUE,3.63041478916408e-11,"c11011",1.41389204683902e-09,"Pu",0.00509681834598576,"Pu=1","11100",29,0.00258722664986972
"1002",1,1,1,1,0,1,1,0,0,TRUE,3.63041478916408e-11,"c11011",1.41389204683902e-09,"K",0.441157668927536,"K=1","11100",29,0.20259218474419
"1003",1,1,1,1,0,1,1,0,0,TRUE,3.63041478916408e-11,"c11011",1.41389204683902e-09,"Ku",0.441140439361924,"Ku=1","11100",29,0.202557281997677
"1004",1,1,1,1,0,1,1,0,0,TRUE,3.63041478916408e-11,"c11011",1.41389204683902e-09,"C",0.545205158785521,"C=0","11100",29,0.573449521762004
"1005",1,1,1,1,0,1,1,0,0,TRUE,3.63041478916408e-11,"c11011",1.41389204683902e-09,"Cu",-0.146302725121983,"Cu=1","11100",29,0.000569265170604833
"1006",1,1,1,1,0,1,1,0,0,TRUE,3.63041478916408e-11,"c11011",1.41389204683902e-09,"S",-0.0195306211558365,"S=1","11100",29,0.00202245499073364
"1007",1,1,1,1,0,1,1,0,0,TRUE,3.63041478916408e-11,"c11011",1.41389204683902e-09,"Su",0.152097391587363,"Su=0","11100",29,0.0112525215674321
"1008",1,1,1,1,0,1,1,0,0,TRUE,3.63041478916408e-11,"c11011",1.41389204683902e-09,"br",0,"br=0","11100",29,0.00245866452615842
"1009",0,0,0,0,1,1,1,0,0,FALSE,2.57626065172293e-18,"c00110",4.12204636480874e-17,"P",0.00739086521578019,"P=0","00100",5,0.0605822178082246
"1010",0,0,0,0,1,1,1,0,0,FALSE,2.57626065172293e-18,"c00110",4.12204636480874e-17,"Pu",0.000856962042836137,"Pu=0","00100",5,0.0567503817253832
"1011",0,0,0,0,1,1,1,0,0,FALSE,2.57626065172293e-18,"c00110",4.12204636480874e-17,"K",0.136830936523159,"K=0","00100",5,0.221052919494788
"1012",0,0,0,0,1,1,1,0,0,FALSE,2.57626065172293e-18,"c00110",4.12204636480874e-17,"Ku",0.137398105078279,"Ku=0","00100",5,0.222310224292648
"1013",0,0,0,0,1,1,1,0,0,FALSE,2.57626065172293e-18,"c00110",4.12204636480874e-17,"C",0,"C=1","00100",5,0.0562661303834779
"1014",0,0,0,0,1,1,1,0,0,FALSE,2.57626065172293e-18,"c00110",4.12204636480874e-17,"Cu",0.134765754053637,"Cu=1","00100",5,0.216534589816253
"1015",0,0,0,0,1,1,1,0,0,FALSE,2.57626065172293e-18,"c00110",4.12204636480874e-17,"S",0.0050410961300352,"S=1","00100",5,0.05917527032677
"1016",0,0,0,0,1,1,1,0,0,FALSE,2.57626065172293e-18,"c00110",4.12204636480874e-17,"Su",-0.00970495227975085,"Su=0","00100",5,0.0510621357689769
"1017",0,0,0,0,1,1,1,0,0,FALSE,2.57626065172293e-18,"c00110",4.12204636480874e-17,"br",0,"br=0","00100",5,0.0562661303834779
"1018",1,0,0,0,1,1,1,0,0,FALSE,2.57626065172293e-18,"c10110",4.12204636480874e-17,"P",-0.0054773420769268,"P=1","00100",5,0.0524993827640204
"1019",1,0,0,0,1,1,1,0,0,FALSE,2.57626065172293e-18,"c10110",4.12204636480874e-17,"Pu",0.0013510028722902,"Pu=0","00100",5,0.0562094483089125
"1020",1,0,0,0,1,1,1,0,0,FALSE,2.57626065172293e-18,"c10110",4.12204636480874e-17,"K",0.140681573983164,"K=0","00100",5,0.226419749037029
"1021",1,0,0,0,1,1,1,0,0,FALSE,2.57626065172293e-18,"c10110",4.12204636480874e-17,"Ku",0.139953382032437,"Ku=0","00100",5,0.224776967211416
"1022",1,0,0,0,1,1,1,0,0,FALSE,2.57626065172293e-18,"c10110",4.12204636480874e-17,"C",0,"C=1","00100",5,0.0554551637236553
"1023",1,0,0,0,1,1,1,0,0,FALSE,2.57626065172293e-18,"c10110",4.12204636480874e-17,"Cu",0.137700485757179,"Cu=1","00100",5,0.219769592559017
"1024",1,0,0,0,1,1,1,0,0,FALSE,2.57626065172293e-18,"c10110",4.12204636480874e-17,"S",0.00333031055738279,"S=1","00100",5,0.0573330897159414
"1025",1,0,0,0,1,1,1,0,0,FALSE,2.57626065172293e-18,"c10110",4.12204636480874e-17,"Su",-0.0060788760308177,"Su=0","00100",5,0.052184529076426
"1026",1,0,0,0,1,1,1,0,0,FALSE,2.57626065172293e-18,"c10110",4.12204636480874e-17,"br",-0.000186063922498915,"br=0","00100",5,0.0553520776035824
"1027",0,1,0,0,1,1,1,0,0,FALSE,3.91457705058688e-11,"c00110",6.26336783521653e-10,"P",0.000995743099838578,"P=0","10100",21,0.0562784607951606
"1028",0,1,0,0,1,1,1,0,0,FALSE,3.91457705058688e-11,"c00110",6.26336783521653e-10,"Pu",-0.00125972720934337,"Pu=1","10100",21,0.0550233246414967
"1029",0,1,0,0,1,1,1,0,0,FALSE,3.91457705058688e-11,"c00110",6.26336783521653e-10,"K",0.139930637588728,"K=0","10100",21,0.225802523552666
"1030",0,1,0,0,1,1,1,0,0,FALSE,3.91457705058688e-11,"c00110",6.26336783521653e-10,"Ku",0.138842591679074,"Ku=0","10100",21,0.223359005834696
"1031",0,1,0,0,1,1,1,0,0,FALSE,3.91457705058688e-11,"c00110",6.26336783521653e-10,"C",0,"C=1","10100",21,0.05572085268449
"1032",0,1,0,0,1,1,1,0,0,FALSE,3.91457705058688e-11,"c00110",6.26336783521653e-10,"Cu",0.137384348518695,"Cu=1","10100",21,0.220125521738465
"1033",0,1,0,0,1,1,1,0,0,FALSE,3.91457705058688e-11,"c00110",6.26336783521653e-10,"S",0.00092608958036329,"S=1","10100",21,0.056239274515406
"1034",0,1,0,0,1,1,1,0,0,FALSE,3.91457705058688e-11,"c00110",6.26336783521653e-10,"Su",-0.00743130195175495,"Su=0","10100",21,0.0517301835531299
"1035",0,1,0,0,1,1,1,0,0,FALSE,3.91457705058688e-11,"c00110",6.26336783521653e-10,"br",0,"br=0","10100",21,0.05572085268449
"1036",1,1,0,0,1,1,1,0,0,FALSE,3.91457705058688e-11,"c10110",6.26336783521653e-10,"P",0.00474615838658715,"P=1","10100",21,0.0590068456076663
"1037",1,1,0,0,1,1,1,0,0,FALSE,3.91457705058688e-11,"c10110",6.26336783521653e-10,"Pu",-0.00863534519804441,"Pu=1","10100",21,0.0516163472031365
"1038",1,1,0,0,1,1,1,0,0,FALSE,3.91457705058688e-11,"c10110",6.26336783521653e-10,"K",0.138427266166606,"K=0","10100",21,0.224632232394539
"1039",1,1,0,0,1,1,1,0,0,FALSE,3.91457705058688e-11,"c10110",6.26336783521653e-10,"Ku",0.138778287799094,"Ku=0","10100",21,0.225422125660841
"1040",1,1,0,0,1,1,1,0,0,FALSE,3.91457705058688e-11,"c10110",6.26336783521653e-10,"C",0,"C=1","10100",21,0.0562717076579372
"1041",1,1,0,0,1,1,1,0,0,FALSE,3.91457705058688e-11,"c10110",6.26336783521653e-10,"Cu",0.135873473391036,"Cu=1","10100",21,0.218968222044501
"1042",1,1,0,0,1,1,1,0,0,FALSE,3.91457705058688e-11,"c10110",6.26336783521653e-10,"S",-0.00128965033228073,"S=1","10100",21,0.0555506588907536
"1043",1,1,0,0,1,1,1,0,0,FALSE,3.91457705058688e-11,"c10110",6.26336783521653e-10,"Su",-0.0073957695045022,"Su=0","10100",21,0.0522601528826885
"1044",1,1,0,0,1,1,1,0,0,FALSE,3.91457705058688e-11,"c10110",6.26336783521653e-10,"br",0,"br=0","10100",21,0.0562717076579372
"1045",0,0,1,0,1,1,1,0,0,FALSE,2.57626065172293e-18,"c01110",6.9962874421054e-17,"P",0.00193854398320352,"P=0","00100",5,0.0171519332759348
"1046",0,0,1,0,1,1,1,0,0,FALSE,2.57626065172293e-18,"c01110",6.9962874421054e-17,"Pu",-0.00602823772412599,"Pu=0","00100",5,0.0158384903814815
"1047",0,0,1,0,1,1,1,0,0,FALSE,2.57626065172293e-18,"c01110",6.9962874421054e-17,"K",-0.0584904966423583,"K=1","00100",5,0.00937288070776191
"1048",0,0,1,0,1,1,1,0,0,FALSE,2.57626065172293e-18,"c01110",6.9962874421054e-17,"Ku",0.329448778304526,"Ku=0","00100",5,0.453598859432453
"1049",0,0,1,0,1,1,1,0,0,FALSE,2.57626065172293e-18,"c01110",6.9962874421054e-17,"C",0,"C=1","00100",5,0.0168226375885277
"1050",0,0,1,0,1,1,1,0,0,FALSE,2.57626065172293e-18,"c01110",6.9962874421054e-17,"Cu",0.32644920923028,"Cu=1","00100",5,0.440194884067959
"1051",0,0,1,0,1,1,1,0,0,FALSE,2.57626065172293e-18,"c01110",6.9962874421054e-17,"S",-0.00215804981361074,"S=1","00100",5,0.016463485963396
"1052",0,0,1,0,1,1,1,0,0,FALSE,2.57626065172293e-18,"c01110",6.9962874421054e-17,"Su",-0.020283703813266,"Su=0","00100",5,0.0137341909939579
"1053",0,0,1,0,1,1,1,0,0,FALSE,2.57626065172293e-18,"c01110",6.9962874421054e-17,"br",0,"br=0","00100",5,0.0168226375885277
"1054",1,0,1,0,1,1,1,0,0,FALSE,2.57626065172293e-18,"c11110",6.9962874421054e-17,"P",0.00818041014052703,"P=1","00100",5,0.0175418127429019
"1055",1,0,1,0,1,1,1,0,0,FALSE,2.57626065172293e-18,"c11110",6.9962874421054e-17,"Pu",-0.00276910205202795,"Pu=0","00100",5,0.0157224905873355
"1056",1,0,1,0,1,1,1,0,0,FALSE,2.57626065172293e-18,"c11110",6.9962874421054e-17,"K",-0.0588827768002034,"K=1","00100",5,0.00897062599515888
"1057",1,0,1,0,1,1,1,0,0,FALSE,2.57626065172293e-18,"c11110",6.9962874421054e-17,"Ku",0.337037630589759,"Ku=0","00100",5,0.470200657844324
"1058",1,0,1,0,1,1,1,0,0,FALSE,2.57626065172293e-18,"c11110",6.9962874421054e-17,"C",0,"C=1","00100",5,0.0161639463689811
"1059",1,0,1,0,1,1,1,0,0,FALSE,2.57626065172293e-18,"c11110",6.9962874421054e-17,"Cu",0.327046802316334,"Cu=1","00100",5,0.425494172575182
"1060",1,0,1,0,1,1,1,0,0,FALSE,2.57626065172293e-18,"c11110",6.9962874421054e-17,"S",0.00375703207176045,"S=1","00100",5,0.0167827831763253
"1061",1,0,1,0,1,1,1,0,0,FALSE,2.57626065172293e-18,"c11110",6.9962874421054e-17,"Su",-0.0220949154599884,"Su=0","00100",5,0.0129595643408109
"1062",1,0,1,0,1,1,1,0,0,FALSE,2.57626065172293e-18,"c11110",6.9962874421054e-17,"br",0,"br=0","00100",5,0.0161639463689811
"1063",0,1,1,0,1,1,1,0,0,FALSE,3.91457705058688e-11,"c01110",1.06307202424797e-09,"P",-0.00514464739895224,"P=0","10100",21,0.0155574830766612
"1064",0,1,1,0,1,1,1,0,0,FALSE,3.91457705058688e-11,"c01110",1.06307202424797e-09,"Pu",-0.00222891290121217,"Pu=1","10100",21,0.0160177758255517
"1065",0,1,1,0,1,1,1,0,0,FALSE,3.91457705058688e-11,"c01110",1.06307202424797e-09,"K",-0.0591380944220854,"K=1","10100",21,0.0090666901929067
"1066",0,1,1,0,1,1,1,0,0,FALSE,3.91457705058688e-11,"c01110",1.06307202424797e-09,"Ku",0.334473333651047,"Ku=0","10100",21,0.464388534265273
"1067",0,1,1,0,1,1,1,0,0,FALSE,3.91457705058688e-11,"c01110",1.06307202424797e-09,"C",0,"C=1","10100",21,0.0163788066823749
"1068",0,1,1,0,1,1,1,0,0,FALSE,3.91457705058688e-11,"c01110",1.06307202424797e-09,"Cu",0.32734603412597,"Cu=1","10100",21,0.432442152039703
"1069",0,1,1,0,1,1,1,0,0,FALSE,3.91457705058688e-11,"c01110",1.06307202424797e-09,"S",0.00117660317646333,"S=1","10100",21,0.0165726584386375
"1070",0,1,1,0,1,1,1,0,0,FALSE,3.91457705058688e-11,"c01110",1.06307202424797e-09,"Su",-0.0215991661009943,"Su=0","10100",21,0.0131970927965175
"1071",0,1,1,0,1,1,1,0,0,FALSE,3.91457705058688e-11,"c01110",1.06307202424797e-09,"br",0,"br=0","10100",21,0.0163788066823749
"1072",1,1,1,0,1,1,1,0,0,FALSE,3.91457705058688e-11,"c11110",1.06307202424797e-09,"P",-0.0014687904707073,"P=1","10100",21,0.016353927633853
"1073",1,1,1,0,1,1,1,0,0,FALSE,3.91457705058688e-11,"c11110",1.06307202424797e-09,"Pu",-0.0014359037962938,"Pu=1","10100",21,0.0163593067812506
"1074",1,1,1,0,1,1,1,0,0,FALSE,3.91457705058688e-11,"c11110",1.06307202424797e-09,"K",-0.0587854170974703,"K=1","10100",21,0.00921932500004197
"1075",1,1,1,0,1,1,1,0,0,FALSE,3.91457705058688e-11,"c11110",1.06307202424797e-09,"Ku",0.332401539023297,"Ku=0","10100",21,0.460895522821678
"1076",1,1,1,0,1,1,1,0,0,FALSE,3.91457705058688e-11,"c11110",1.06307202424797e-09,"C",0,"C=1","10100",21,0.0165959052866489
"1077",1,1,1,0,1,1,1,0,0,FALSE,3.91457705058688e-11,"c11110",1.06307202424797e-09,"Cu",0.326342592363314,"Cu=1","10100",21,0.43379927151852
"1078",1,1,1,0,1,1,1,0,0,FALSE,3.91457705058688e-11,"c11110",1.06307202424797e-09,"S",0.000116864922188787,"S=1","10100",21,0.0166153114157189
"1079",1,1,1,0,1,1,1,0,0,FALSE,3.91457705058688e-11,"c11110",1.06307202424797e-09,"Su",-0.020162440242179,"Su=0","10100",21,0.0135655242556397
"1080",1,1,1,0,1,1,1,0,0,FALSE,3.91457705058688e-11,"c11110",1.06307202424797e-09,"br",0,"br=0","10100",21,0.0165959052866489
"1081",0,0,0,1,1,1,1,0,0,FALSE,2.38924784207638e-18,"c00110",3.82282374086318e-17,"P",0.00235244995655516,"P=0","01100",13,0.0173425198199951
"1082",0,0,0,1,1,1,1,0,0,FALSE,2.38924784207638e-18,"c00110",3.82282374086318e-17,"Pu",-0.00264136463013758,"Pu=0","01100",13,0.0164977355693385
"1083",0,0,0,1,1,1,1,0,0,FALSE,2.38924784207638e-18,"c00110",3.82282374086318e-17,"K",0.329750913235172,"K=0","01100",13,0.458126758872968
"1084",0,0,0,1,1,1,1,0,0,FALSE,2.38924784207638e-18,"c00110",3.82282374086318e-17,"Ku",-0.0587397949759349,"Ku=1","01100",13,0.0094143849164835
"1085",0,0,0,1,1,1,1,0,0,FALSE,2.38924784207638e-18,"c00110",3.82282374086318e-17,"C",0,"C=1","01100",13,0.0169393070046036
"1086",0,0,0,1,1,1,1,0,0,FALSE,2.38924784207638e-18,"c00110",3.82282374086318e-17,"Cu",0.324198956595114,"Cu=1","01100",13,0.433384942392644
"1087",0,0,0,1,1,1,1,0,0,FALSE,2.38924784207638e-18,"c00110",3.82282374086318e-17,"S",0.00505364829853389,"S=1","01100",13,0.0178173599934756
"1088",0,0,0,1,1,1,1,0,0,FALSE,2.38924784207638e-18,"c00110",3.82282374086318e-17,"Su",-0.0218679929634981,"Su=0","01100",13,0.013612069330099
"1089",0,0,0,1,1,1,1,0,0,FALSE,2.38924784207638e-18,"c00110",3.82282374086318e-17,"br",-0.000440093007521266,"br=0","01100",13,0.0168649221003932
"1090",1,0,0,1,1,1,1,0,0,FALSE,2.38924784207638e-18,"c10110",3.82282374086318e-17,"P",-0.00553427450772336,"P=1","01100",13,0.0160982161526171
"1091",1,0,0,1,1,1,1,0,0,FALSE,2.38924784207638e-18,"c10110",3.82282374086318e-17,"Pu",-0.00256706852947924,"Pu=0","01100",13,0.0165830406852506
"1092",1,0,0,1,1,1,1,0,0,FALSE,2.38924784207638e-18,"c10110",3.82282374086318e-17,"K",0.330599147706765,"K=0","01100",13,0.464073381739592
"1093",1,0,0,1,1,1,1,0,0,FALSE,2.38924784207638e-18,"c10110",3.82282374086318e-17,"Ku",-0.0582356578163015,"Ku=1","01100",13,0.00950382771468145
"1094",1,0,0,1,1,1,1,0,0,FALSE,2.38924784207638e-18,"c10110",3.82282374086318e-17,"C",0,"C=1","01100",13,0.0170142497401528
"1095",1,0,0,1,1,1,1,0,0,FALSE,2.38924784207638e-18,"c10110",3.82282374086318e-17,"Cu",0.322523811780087,"Cu=1","01100",13,0.428071111761423
"1096",1,0,0,1,1,1,1,0,0,FALSE,2.38924784207638e-18,"c10110",3.82282374086318e-17,"S",0.00710275500092067,"S=1","01100",13,0.018266682333598
"1097",1,0,0,1,1,1,1,0,0,FALSE,2.38924784207638e-18,"c10110",3.82282374086318e-17,"Su",-0.0240645966499931,"Su=0","01100",13,0.0133752401325321
"1098",1,0,0,1,1,1,1,0,0,FALSE,2.38924784207638e-18,"c10110",3.82282374086318e-17,"br",0,"br=0","01100",13,0.0170142497401528
"1099",0,1,0,1,1,1,1,0,0,FALSE,3.63041478916408e-11,"c00110",5.80870498270961e-10,"P",-0.00126003159968602,"P=0","11100",29,0.0162167667981917
"1100",0,1,0,1,1,1,1,0,0,FALSE,3.63041478916408e-11,"c00110",5.80870498270961e-10,"Pu",-0.00785101310686297,"Pu=1","11100",29,0.0151823850793759
"1101",0,1,0,1,1,1,1,0,0,FALSE,3.63041478916408e-11,"c00110",5.80870498270961e-10,"K",0.335058960376273,"K=0","11100",29,0.468359242816944
"1102",0,1,0,1,1,1,1,0,0,FALSE,3.63041478916408e-11,"c00110",5.80870498270961e-10,"Ku",-0.0585492162772049,"Ku=1","11100",29,0.00914451135850959
"1103",0,1,0,1,1,1,1,0,0,FALSE,3.63041478916408e-11,"c00110",5.80870498270961e-10,"C",0,"C=1","11100",29,0.0164223959599011
"1104",0,1,0,1,1,1,1,0,0,FALSE,3.63041478916408e-11,"c00110",5.80870498270961e-10,"Cu",0.32603191028911,"Cu=1","11100",29,0.427932346190311
"1105",0,1,0,1,1,1,1,0,0,FALSE,3.63041478916408e-11,"c00110",5.80870498270961e-10,"S",0.00518088330772526,"S=1","11100",29,0.0172956468664679
"1106",0,1,0,1,1,1,1,0,0,FALSE,3.63041478916408e-11,"c00110",5.80870498270961e-10,"Su",-0.0231828478411682,"Su=0","11100",29,0.0130243089703979
"1107",0,1,0,1,1,1,1,0,0,FALSE,3.63041478916408e-11,"c00110",5.80870498270961e-10,"br",0,"br=0","11100",29,0.0164223959599011
"1108",1,1,0,1,1,1,1,0,0,FALSE,3.63041478916408e-11,"c10110",5.80870498270961e-10,"P",0.00194695926396985,"P=1","11100",29,0.0162367675635885
"1109",1,1,0,1,1,1,1,0,0,FALSE,3.63041478916408e-11,"c10110",5.80870498270961e-10,"Pu",-0.000443513196488942,"Pu=1","11100",29,0.0158532344962266
"1110",1,1,0,1,1,1,1,0,0,FALSE,3.63041478916408e-11,"c10110",5.80870498270961e-10,"K",0.337432377786005,"K=0","11100",29,0.465044201701146
"1111",1,1,0,1,1,1,1,0,0,FALSE,3.63041478916408e-11,"c10110",5.80870498270961e-10,"Ku",-0.0595817106758977,"Ku=1","11100",29,0.00877574419122279
"1112",1,1,0,1,1,1,1,0,0,FALSE,3.63041478916408e-11,"c10110",5.80870498270961e-10,"C",0,"C=1","11100",29,0.0159237018337482
"1113",1,1,0,1,1,1,1,0,0,FALSE,3.63041478916408e-11,"c10110",5.80870498270961e-10,"Cu",0.330292559223291,"Cu=1","11100",29,0.432998503927779
"1114",1,1,0,1,1,1,1,0,0,FALSE,3.63041478916408e-11,"c10110",5.80870498270961e-10,"S",0.00230586524681857,"S=1","11100",29,0.0162951469947639
"1115",1,1,0,1,1,1,1,0,0,FALSE,3.63041478916408e-11,"c10110",5.80870498270961e-10,"Su",-0.0206790311870607,"Su=0","11100",29,0.0129489974577768
"1116",1,1,0,1,1,1,1,0,0,FALSE,3.63041478916408e-11,"c10110",5.80870498270961e-10,"br",0,"br=0","11100",29,0.0159237018337482
"1117",0,0,1,1,1,1,1,0,0,FALSE,2.38924784207638e-18,"c01110",6.48842137243268e-17,"P",0.00275922935569457,"P=0","01100",13,0.000301929929587599
"1118",0,0,1,1,1,1,1,0,0,FALSE,2.38924784207638e-18,"c01110",6.48842137243268e-17,"Pu",-6.38542409028769e-05,"Pu=0","01100",13,0.000293525387082948
"1119",0,0,1,1,1,1,1,0,0,FALSE,2.38924784207638e-18,"c01110",6.48842137243268e-17,"K",-0.146564191602658,"K=1","01100",13,6.78270280718953e-05
"1120",0,0,1,1,1,1,1,0,0,FALSE,2.38924784207638e-18,"c01110",6.48842137243268e-17,"Ku",-0.146403417223783,"Ku=1","01100",13,6.79361642629955e-05
"1121",0,0,1,1,1,1,1,0,0,FALSE,2.38924784207638e-18,"c01110",6.48842137243268e-17,"C",0,"C=1","01100",13,0.000293712875343959
"1122",0,0,1,1,1,1,1,0,0,FALSE,2.38924784207638e-18,"c01110",6.48842137243268e-17,"Cu",0.813109414673316,"Cu=1","01100",13,0.998187908256986
"1123",0,0,1,1,1,1,1,0,0,FALSE,2.38924784207638e-18,"c01110",6.48842137243268e-17,"S",0.00781858581602415,"S=1","01100",13,0.000317598667496426
"1124",0,0,1,1,1,1,1,0,0,FALSE,2.38924784207638e-18,"c01110",6.48842137243268e-17,"Su",-0.0512978050779122,"Su=0","01100",13,0.000175848815823863
"1125",0,0,1,1,1,1,1,0,0,FALSE,2.38924784207638e-18,"c01110",6.48842137243268e-17,"br",0,"br=0","01100",13,0.000293712875343959
"1126",1,0,1,1,1,1,1,0,0,FALSE,2.38924784207638e-18,"c11110",6.48842137243268e-17,"P",0.00102492533710125,"P=1","01100",13,0.000284350645201358
"1127",1,0,1,1,1,1,1,0,0,FALSE,2.38924784207638e-18,"c11110",6.48842137243268e-17,"Pu",-0.00495168749388283,"Pu=0","01100",13,0.00026785398889284
"1128",1,0,1,1,1,1,1,0,0,FALSE,2.38924784207638e-18,"c11110",6.48842137243268e-17,"K",-0.149921831861734,"K=1","01100",13,6.28493486112083e-05
"1129",1,0,1,1,1,1,1,0,0,FALSE,2.38924784207638e-18,"c11110",6.48842137243268e-17,"Ku",-0.148026716282811,"Ku=1","01100",13,6.40517740973404e-05
"1130",1,0,1,1,1,1,1,0,0,FALSE,2.38924784207638e-18,"c11110",6.48842137243268e-17,"C",0,"C=1","01100",13,0.000281451147617136
"1131",1,0,1,1,1,1,1,0,0,FALSE,2.38924784207638e-18,"c11110",6.48842137243268e-17,"Cu",0.817384478604408,"Cu=1","01100",13,0.998294573393911
"1132",1,0,1,1,1,1,1,0,0,FALSE,2.38924784207638e-18,"c11110",6.48842137243268e-17,"S",0.00557109181838043,"S=1","01100",13,0.000297576045546031
"1133",1,0,1,1,1,1,1,0,0,FALSE,2.38924784207638e-18,"c11110",6.48842137243268e-17,"Su",-0.0528920295347224,"Su=0","01100",13,0.000165842508505506
"1134",1,0,1,1,1,1,1,0,0,FALSE,2.38924784207638e-18,"c11110",6.48842137243268e-17,"br",0,"br=0","01100",13,0.000281451147617136
"1135",0,1,1,1,1,1,1,0,0,FALSE,3.63041478916408e-11,"c01110",9.85902780530999e-10,"P",-0.000927418484279831,"P=0","11100",29,0.000283404174275406
"1136",0,1,1,1,1,1,1,0,0,FALSE,3.63041478916408e-11,"c01110",9.85902780530999e-10,"Pu",0.00331031937310812,"Pu=1","11100",29,0.000295672207911528
"1137",0,1,1,1,1,1,1,0,0,FALSE,3.63041478916408e-11,"c01110",9.85902780530999e-10,"K",-0.147269413594725,"K=1","11100",29,6.55920241392245e-05
"1138",0,1,1,1,1,1,1,0,0,FALSE,3.63041478916408e-11,"c01110",9.85902780530999e-10,"Ku",-0.146953938252575,"Ku=1","11100",29,6.57992775466082e-05
"1139",0,1,1,1,1,1,1,0,0,FALSE,3.63041478916408e-11,"c01110",9.85902780530999e-10,"C",0,"C=1","11100",29,0.000286044742605893
"1140",0,1,1,1,1,1,1,0,0,FALSE,3.63041478916408e-11,"c01110",9.85902780530999e-10,"Cu",0.815759547516409,"Cu=1","11100",29,0.998234718407385
"1141",0,1,1,1,1,1,1,0,0,FALSE,3.63041478916408e-11,"c01110",9.85902780530999e-10,"S",0.00767721229334028,"S=1","11100",29,0.00030886996534349
"1142",0,1,1,1,1,1,1,0,0,FALSE,3.63041478916408e-11,"c01110",9.85902780530999e-10,"Su",-0.049792973926535,"Su=0","11100",29,0.00017385445818706
"1143",0,1,1,1,1,1,1,0,0,FALSE,3.63041478916408e-11,"c01110",9.85902780530999e-10,"br",0,"br=0","11100",29,0.000286044742605893
"1144",1,1,1,1,1,1,1,0,0,FALSE,3.63041478916408e-11,"c11110",9.85902780530999e-10,"P",-0.00414812824411749,"P=1","11100",29,0.000292822803854655
"1145",1,1,1,1,1,1,1,0,0,FALSE,3.63041478916408e-11,"c11110",9.85902780530999e-10,"Pu",0.00233732336928569,"Pu=1","11100",29,0.0003124430389511
"1146",1,1,1,1,1,1,1,0,0,FALSE,3.63041478916408e-11,"c11110",9.85902780530999e-10,"K",-0.146528826657837,"K=1","11100",29,7.05104324535143e-05
"1147",1,1,1,1,1,1,1,0,0,FALSE,3.63041478916408e-11,"c11110",9.85902780530999e-10,"Ku",-0.146241985260626,"Ku=1","11100",29,7.07129759135148e-05
"1148",1,1,1,1,1,1,1,0,0,FALSE,3.63041478916408e-11,"c11110",9.85902780530999e-10,"C",0,"C=1","11100",29,0.00030522491879735
"1149",1,1,1,1,1,1,1,0,0,FALSE,3.63041478916408e-11,"c11110",9.85902780530999e-10,"Cu",0.80926059535524,"Cu=1","11100",29,0.998146059775266
"1150",1,1,1,1,1,1,1,0,0,FALSE,3.63041478916408e-11,"c11110",9.85902780530999e-10,"S",0.00540165103900776,"S=1","11100",29,0.00032216552101915
"1151",1,1,1,1,1,1,1,0,0,FALSE,3.63041478916408e-11,"c11110",9.85902780530999e-10,"Su",-0.0538260124606609,"Su=0","11100",29,0.000178179027783767
"1152",1,1,1,1,1,1,1,0,0,FALSE,3.63041478916408e-11,"c11110",9.85902780530999e-10,"br",-0.00110143675028016,"br=0","11100",29,0.000301881505960356
"1153",0,0,0,0,0,0,0,1,0,FALSE,3.11989831738666e-10,"c00000",4.99187889762761e-09,"P",-0.000608872164442171,"P=0","00010",3,0.0137556892828134
"1154",0,0,0,0,0,0,0,1,0,FALSE,3.11989831738666e-10,"c00000",4.99187889762761e-09,"Pu",0.000896564083217344,"Pu=0","00010",3,0.0139643390191976
"1155",0,0,0,0,0,0,0,1,0,FALSE,3.11989831738666e-10,"c00000",4.99187889762761e-09,"K",0.349121108200484,"K=0","00010",3,0.454297517457957
"1156",0,0,0,0,0,0,0,1,0,FALSE,3.11989831738666e-10,"c00000",4.99187889762761e-09,"Ku",0.348417404888855,"Ku=0","00010",3,0.451111832813334
"1157",0,0,0,0,0,0,0,1,0,FALSE,3.11989831738666e-10,"c00000",4.99187889762761e-09,"C",-0.00971852739309305,"C=0","00010",3,0.0125579753810622
"1158",0,0,0,0,0,0,0,1,0,FALSE,3.11989831738666e-10,"c00000",4.99187889762761e-09,"Cu",-0.0107104279824144,"Cu=0","00010",3,0.0124340284804945
"1159",0,0,0,0,0,0,0,1,0,FALSE,3.11989831738666e-10,"c00000",4.99187889762761e-09,"S",0,"S=0","00010",3,0.0138396993432818
"1160",0,0,0,0,0,0,0,1,0,FALSE,3.11989831738666e-10,"c00000",4.99187889762761e-09,"Su",0.00256457283410533,"Su=1","00010",3,0.0141992188785773
"1161",0,0,0,0,0,0,0,1,0,FALSE,3.11989831738666e-10,"c00000",4.99187889762761e-09,"br",0,"br=0","00010",3,0.0138396993432818
"1162",1,0,0,0,0,0,0,1,0,FALSE,3.11989831738666e-10,"c10000",4.99187889762761e-09,"P",-0.00184147495830121,"P=1","00010",3,0.0129791710299606
"1163",1,0,0,0,0,0,0,1,0,FALSE,3.11989831738666e-10,"c10000",4.99187889762761e-09,"Pu",0.0019780966820873,"Pu=0","00010",3,0.0134845092070974
"1164",1,0,0,0,0,0,0,1,0,FALSE,3.11989831738666e-10,"c10000",4.99187889762761e-09,"K",0.353348554698774,"K=0","00010",3,0.452707463357507
"1165",1,0,0,0,0,0,0,1,0,FALSE,3.11989831738666e-10,"c10000",4.99187889762761e-09,"Ku",0.354615300960841,"Ku=0","00010",3,0.458478593845914
"1166",1,0,0,0,0,0,0,1,0,FALSE,3.11989831738666e-10,"c10000",4.99187889762761e-09,"C",-0.0144181643042045,"C=0","00010",3,0.0114452975417378
"1167",1,0,0,0,0,0,0,1,0,FALSE,3.11989831738666e-10,"c10000",4.99187889762761e-09,"Cu",-0.0140852708086698,"Cu=0","00010",3,0.0114834616805227
"1168",1,0,0,0,0,0,0,1,0,FALSE,3.11989831738666e-10,"c10000",4.99187889762761e-09,"S",0,"S=0","00010",3,0.0132203934226857
"1169",1,0,0,0,0,0,0,1,0,FALSE,3.11989831738666e-10,"c10000",4.99187889762761e-09,"Su",-0.0018295684203458,"Su=1","00010",3,0.0129807164918892
"1170",1,0,0,0,0,0,0,1,0,FALSE,3.11989831738666e-10,"c10000",4.99187889762761e-09,"br",0,"br=0","00010",3,0.0132203934226857
"1171",0,1,0,0,0,0,0,1,0,FALSE,0.0047406237195909,"c00000",0.0758506114623669,"P",-0.00577481981231049,"P=0","10010",19,0.0122595622331131
"1172",0,1,0,0,0,0,0,1,0,FALSE,0.0047406237195909,"c00000",0.0758506114623669,"Pu",-0.00173259917152313,"Pu=1","10010",19,0.012765272901526
"1173",0,1,0,0,0,0,0,1,0,FALSE,0.0047406237195909,"c00000",0.0758506114623669,"K",0.355923155998615,"K=0","10010",19,0.45636182970048
"1174",0,1,0,0,0,0,0,1,0,FALSE,0.0047406237195909,"c00000",0.0758506114623669,"Ku",0.356047960062538,"Ku=0","10010",19,0.456931743373878
"1175",0,1,0,0,0,0,0,1,0,FALSE,0.0047406237195909,"c00000",0.0758506114623669,"C",-0.0123160384893171,"C=0","10010",19,0.0114833026428459
"1176",0,1,0,0,0,0,0,1,0,FALSE,0.0047406237195909,"c00000",0.0758506114623669,"Cu",-0.0119856279179152,"Cu=0","10010",19,0.0115213074400826
"1177",0,1,0,0,0,0,0,1,0,FALSE,0.0047406237195909,"c00000",0.0758506114623669,"S",0,"S=0","10010",19,0.0129883710312769
"1178",0,1,0,0,0,0,0,1,0,FALSE,0.0047406237195909,"c00000",0.0758506114623669,"Su",-0.00224335580572587,"Su=1","10010",19,0.0127002396455202
"1179",0,1,0,0,0,0,0,1,0,FALSE,0.0047406237195909,"c00000",0.0758506114623669,"br",0,"br=0","10010",19,0.0129883710312769
"1180",1,1,0,0,0,0,0,1,0,FALSE,0.0047406237195909,"c10000",0.0758506114623669,"P",-0.0012105822224599,"P=1","10010",19,0.0131289033605611
"1181",1,1,0,0,0,0,0,1,0,FALSE,0.0047406237195909,"c10000",0.0758506114623669,"Pu",-0.00328615969277337,"Pu=1","10010",19,0.0128592113158932
"1182",1,1,0,0,0,0,0,1,0,FALSE,0.0047406237195909,"c10000",0.0758506114623669,"K",0.352010304395045,"K=0","10010",19,0.449000961577674
"1183",1,1,0,0,0,0,0,1,0,FALSE,0.0047406237195909,"c10000",0.0758506114623669,"Ku",0.354798221675802,"Ku=0","10010",19,0.461694862523224
"1184",1,1,0,0,0,0,0,1,0,FALSE,0.0047406237195909,"c10000",0.0758506114623669,"C",-0.0137366180542934,"C=0","10010",19,0.011583200374831
"1185",1,1,0,0,0,0,0,1,0,FALSE,0.0047406237195909,"c10000",0.0758506114623669,"Cu",-0.0123750091214132,"Cu=0","10010",19,0.0117419969063564
"1186",1,1,0,0,0,0,0,1,0,FALSE,0.0047406237195909,"c10000",0.0758506114623669,"S",0,"S=0","10010",19,0.013288805450976
"1187",1,1,0,0,0,0,0,1,0,FALSE,0.0047406237195909,"c10000",0.0758506114623669,"Su",0.000932126559745812,"Su=1","10010",19,0.013413253039509
"1188",1,1,0,0,0,0,0,1,0,FALSE,0.0047406237195909,"c10000",0.0758506114623669,"br",0,"br=0","10010",19,0.013288805450976
"1189",0,0,1,0,0,0,0,1,0,FALSE,3.11989831738666e-10,"c01000",9.62139333596174e-09,"P",0.00193496416470482,"P=0","00010",3,0.000146041574195218
"1190",0,0,1,0,0,0,0,1,0,FALSE,3.11989831738666e-10,"c01000",9.62139333596174e-09,"Pu",0.00249163927659914,"Pu=0","00010",3,0.000146856818317065
"1191",0,0,1,0,0,0,0,1,0,FALSE,3.11989831738666e-10,"c01000",9.62139333596174e-09,"K",-0.158195016583932,"K=1","00010",3,2.94469850147849e-05
"1192",0,0,1,0,0,0,0,1,0,FALSE,3.11989831738666e-10,"c01000",9.62139333596174e-09,"Ku",0.885000397836975,"Ku=0","00010",3,0.999035580045728
"1193",0,0,1,0,0,0,0,1,0,FALSE,3.11989831738666e-10,"c01000",9.62139333596174e-09,"C",-0.0245498581420271,"C=0","00010",3,0.000112060971646295
"1194",0,0,1,0,0,0,0,1,0,FALSE,3.11989831738666e-10,"c01000",9.62139333596174e-09,"Cu",-0.0440413847676151,"Cu=0","00010",3,9.221546471656e-05
"1195",0,0,1,0,0,0,0,1,0,FALSE,3.11989831738666e-10,"c01000",9.62139333596174e-09,"S",0,"S=0","00010",3,0.000143242886194452
"1196",0,0,1,0,0,0,0,1,0,FALSE,3.11989831738666e-10,"c01000",9.62139333596174e-09,"Su",0.00548046679981474,"Su=1","00010",3,0.000151312367993214
"1197",0,0,1,0,0,0,0,1,0,FALSE,3.11989831738666e-10,"c01000",9.62139333596174e-09,"br",0,"br=0","00010",3,0.000143242886194452
"1198",1,0,1,0,0,0,0,1,0,FALSE,3.11989831738666e-10,"c11000",9.62139333596174e-09,"P",0.00339102816824345,"P=1","00010",3,0.000145665946081247
"1199",1,0,1,0,0,0,0,1,0,FALSE,3.11989831738666e-10,"c11000",9.62139333596174e-09,"Pu",0.000157817404588362,"Pu=0","00010",3,0.00014103158212063
"1200",1,0,1,0,0,0,0,1,0,FALSE,3.11989831738666e-10,"c11000",9.62139333596174e-09,"K",-0.157694390050779,"K=1","00010",3,2.90919579656416e-05
"1201",1,0,1,0,0,0,0,1,0,FALSE,3.11989831738666e-10,"c11000",9.62139333596174e-09,"Ku",0.886716198345777,"Ku=0","00010",3,0.999057547802951
"1202",1,0,1,0,0,0,0,1,0,FALSE,3.11989831738666e-10,"c11000",9.62139333596174e-09,"C",-0.0228273051610955,"C=0","00010",3,0.000112071003058699
"1203",1,0,1,0,0,0,0,1,0,FALSE,3.11989831738666e-10,"c11000",9.62139333596174e-09,"Cu",-0.0433478807884037,"Cu=0","00010",3,9.12795586151936e-05
"1204",1,0,1,0,0,0,0,1,0,FALSE,3.11989831738666e-10,"c11000",9.62139333596174e-09,"S",0,"S=0","00010",3,0.000140809185274702
"1205",1,0,1,0,0,0,0,1,0,FALSE,3.11989831738666e-10,"c11000",9.62139333596174e-09,"Su",0.000626256279080036,"Su=1","00010",3,0.00014169377865869
"1206",1,0,1,0,0,0,0,1,0,FALSE,3.11989831738666e-10,"c11000",9.62139333596174e-09,"br",0,"br=0","00010",3,0.000140809185274702
"1207",0,1,1,0,0,0,0,1,0,FALSE,0.0047406237195909,"c01000",0.146195166713574,"P",0.00480464955650867,"P=0","10010",19,0.000147457462387031
"1208",0,1,1,0,0,0,0,1,0,FALSE,0.0047406237195909,"c01000",0.146195166713574,"Pu",-0.00335214631376675,"Pu=1","10010",19,0.000135907130008082
"1209",0,1,1,0,0,0,0,1,0,FALSE,0.0047406237195909,"c01000",0.146195166713574,"K",-0.156966780167127,"K=1","10010",19,2.92484168186401e-05
"1210",0,1,1,0,0,0,0,1,0,FALSE,0.0047406237195909,"c01000",0.146195166713574,"Ku",0.886908677869966,"Ku=0","10010",19,0.99906990157114
"1211",0,1,1,0,0,0,0,1,0,FALSE,0.0047406237195909,"c01000",0.146195166713574,"C",-0.0272919167362029,"C=0","10010",19,0.00010697274481543
"1212",0,1,1,0,0,0,0,1,0,FALSE,0.0047406237195909,"c01000",0.146195166713574,"Cu",-0.0432778119619148,"Cu=0","10010",19,9.11690183605598e-05
"1213",0,1,1,0,0,0,0,1,0,FALSE,0.0047406237195909,"c01000",0.146195166713574,"S",0,"S=0","10010",19,0.000140540154911954
"1214",0,1,1,0,0,0,0,1,0,FALSE,0.0047406237195909,"c01000",0.146195166713574,"Su",-0.00163330723464754,"Su=1","10010",19,0.000138263346646232
"1215",0,1,1,0,0,0,0,1,0,FALSE,0.0047406237195909,"c01000",0.146195166713574,"br",0,"br=0","10010",19,0.000140540154911954
"1216",1,1,1,0,0,0,0,1,0,FALSE,0.0047406237195909,"c11000",0.146195166713574,"P",-0.00562484189612793,"P=1","10010",19,0.000136087440999214
"1217",1,1,1,0,0,0,0,1,0,FALSE,0.0047406237195909,"c11000",0.146195166713574,"Pu",0.0020188208613846,"Pu=1","10010",19,0.000146897381097803
"1218",1,1,1,0,0,0,0,1,0,FALSE,0.0047406237195909,"c11000",0.146195166713574,"K",-0.156158553880664,"K=1","10010",19,3.02035814319508e-05
"1219",1,1,1,0,0,0,0,1,0,FALSE,0.0047406237195909,"c11000",0.146195166713574,"Ku",0.88450086491603,"Ku=0","10010",19,0.999044594504876
"1220",1,1,1,0,0,0,0,1,0,FALSE,0.0047406237195909,"c11000",0.146195166713574,"C",-0.0279145187103084,"C=0","10010",19,0.000108896823387171
"1221",1,1,1,0,0,0,0,1,0,FALSE,0.0047406237195909,"c11000",0.146195166713574,"Cu",-0.0420574785575326,"Cu=0","10010",19,9.45351063276295e-05
"1222",1,1,1,0,0,0,0,1,0,FALSE,0.0047406237195909,"c11000",0.146195166713574,"S",0,"S=0","10010",19,0.000143961520716145
"1223",1,1,1,0,0,0,0,1,0,FALSE,0.0047406237195909,"c11000",0.146195166713574,"Su",0.00468202634425733,"Su=1","10010",19,0.000150862120448029
"1224",1,1,1,0,0,0,0,1,0,FALSE,0.0047406237195909,"c11000",0.146195166713574,"br",0,"br=0","10010",19,0.000143961520716145
"1225",0,0,0,1,0,0,0,1,0,FALSE,2.89342241722655e-10,"c00000",4.62951443833413e-09,"P",-0.00515173577910749,"P=0","01010",11,0.000131782850010718
"1226",0,0,0,1,0,0,0,1,0,FALSE,2.89342241722655e-10,"c00000",4.62951443833413e-09,"Pu",0.00291787729033325,"Pu=0","01010",11,0.000142858070439403
"1227",0,0,0,1,0,0,0,1,0,FALSE,2.89342241722655e-10,"c00000",4.62951443833413e-09,"K",0.888191191252089,"K=0","01010",11,0.999074633051163
"1228",0,0,0,1,0,0,0,1,0,FALSE,2.89342241722655e-10,"c00000",4.62951443833413e-09,"Ku",-0.158370505416722,"Ku=1","01010",11,2.84733281843814e-05
"1229",0,0,0,1,0,0,0,1,0,FALSE,2.89342241722655e-10,"c00000",4.62951443833413e-09,"C",-0.0255577798782076,"C=0","01010",11,0.000107457460319886
"1230",0,0,0,1,0,0,0,1,0,FALSE,2.89342241722655e-10,"c00000",4.62951443833413e-09,"Cu",-0.0405846524503757,"Cu=0","01010",11,9.2464642257087e-05
"1231",0,0,0,1,0,0,0,1,0,FALSE,2.89342241722655e-10,"c00000",4.62951443833413e-09,"S",0,"S=0","01010",11,0.000138749874771478
"1232",0,0,0,1,0,0,0,1,0,FALSE,2.89342241722655e-10,"c00000",4.62951443833413e-09,"Su",0.00428936464316601,"Su=1","01010",11,0.000144830848083098
"1233",0,0,0,1,0,0,0,1,0,FALSE,2.89342241722655e-10,"c00000",4.62951443833413e-09,"br",0,"br=0","01010",11,0.000138749874771478
"1234",1,0,0,1,0,0,0,1,0,FALSE,2.89342241722655e-10,"c10000",4.62951443833413e-09,"P",-0.00476128269412519,"P=1","01010",11,0.000136085981473436
"1235",1,0,0,1,0,0,0,1,0,FALSE,2.89342241722655e-10,"c10000",4.62951443833413e-09,"Pu",0.0025938806186791,"Pu=0","01010",11,0.000146472622786417
"1236",1,0,0,1,0,0,0,1,0,FALSE,2.89342241722655e-10,"c10000",4.62951443833413e-09,"K",0.885366597367808,"K=0","01010",11,0.999055591577359
"1237",1,0,0,1,0,0,0,1,0,FALSE,2.89342241722655e-10,"c10000",4.62951443833413e-09,"Ku",-0.156700847458853,"Ku=1","01010",11,2.97816149472112e-05
"1238",1,0,0,1,0,0,0,1,0,FALSE,2.89342241722655e-10,"c10000",4.62951443833413e-09,"C",-0.0283220430086429,"C=0","01010",11,0.000107520260496296
"1239",1,0,0,1,0,0,0,1,0,FALSE,2.89342241722655e-10,"c10000",4.62951443833413e-09,"Cu",-0.03977634537217,"Cu=0","01010",11,9.58837265771998e-05
"1240",1,0,0,1,0,0,0,1,0,FALSE,2.89342241722655e-10,"c10000",4.62951443833413e-09,"S",0,"S=0","01010",11,0.00014272214949317
"1241",1,0,0,1,0,0,0,1,0,FALSE,2.89342241722655e-10,"c10000",4.62951443833413e-09,"Su",0.000348160303589508,"Su=1","01010",11,0.000143219917374408
"1242",1,0,0,1,0,0,0,1,0,FALSE,2.89342241722655e-10,"c10000",4.62951443833413e-09,"br",0,"br=0","01010",11,0.00014272214949317
"1243",0,1,0,1,0,0,0,1,0,FALSE,0.00439649807349804,"c00000",0.0703445552512069,"P",0.00385566968017174,"P=0","11010",27,0.000145210918473108
"1244",0,1,0,1,0,0,0,1,0,FALSE,0.00439649807349804,"c00000",0.0703445552512069,"Pu",0.00305981216318447,"Pu=1","11010",27,0.000144059833038635
"1245",0,1,0,1,0,0,0,1,0,FALSE,0.00439649807349804,"c00000",0.0703445552512069,"K",0.887492346960705,"K=0","11010",27,0.999043967790726
"1246",0,1,0,1,0,0,0,1,0,FALSE,0.00439649807349804,"c00000",0.0703445552512069,"Ku",-0.155200627614717,"Ku=1","11010",27,2.95955591900175e-05
"1247",0,1,0,1,0,0,0,1,0,FALSE,0.00439649807349804,"c00000",0.0703445552512069,"C",-0.0223312456482724,"C=0","11010",27,0.000111756024479868
"1248",0,1,0,1,0,0,0,1,0,FALSE,0.00439649807349804,"c00000",0.0703445552512069,"Cu",-0.0339796361207752,"Cu=0","11010",27,9.94678262546754e-05
"1249",0,1,0,1,0,0,0,1,0,FALSE,0.00439649807349804,"c00000",0.0703445552512069,"S",0,"S=0","11010",27,0.000139718627805308
"1250",0,1,0,1,0,0,0,1,0,FALSE,0.00439649807349804,"c00000",0.0703445552512069,"Su",-0.00406342910066844,"Su=1","11010",27,0.000134155061706373
"1251",0,1,0,1,0,0,0,1,0,FALSE,0.00439649807349804,"c00000",0.0703445552512069,"br",0.0084699546720813,"br=0","11010",27,0.000152068358325942
"1252",1,1,0,1,0,0,0,1,0,FALSE,0.00439649807349804,"c10000",0.0703445552512069,"P",0.00496877741220205,"P=1","11010",27,0.000146827100082163
"1253",1,1,0,1,0,0,0,1,0,FALSE,0.00439649807349804,"c10000",0.0703445552512069,"Pu",0.00148172719903835,"Pu=1","11010",27,0.000141795404106422
"1254",1,1,0,1,0,0,0,1,0,FALSE,0.00439649807349804,"c10000",0.0703445552512069,"K",0.887499454335237,"K=0","11010",27,0.999052365163079
"1255",1,1,0,1,0,0,0,1,0,FALSE,0.00439649807349804,"c10000",0.0703445552512069,"Ku",-0.155819669709586,"Ku=1","11010",27,2.94110729205885e-05
"1256",1,1,0,1,0,0,0,1,0,FALSE,0.00439649807349804,"c10000",0.0703445552512069,"C",-0.0207133562223762,"C=0","11010",27,0.000113571701445563
"1257",1,1,0,1,0,0,0,1,0,FALSE,0.00439649807349804,"c10000",0.0703445552512069,"Cu",-0.0408146179056954,"Cu=0","11010",27,9.28905344932771e-05
"1258",1,1,0,1,0,0,0,1,0,FALSE,0.00439649807349804,"c10000",0.0703445552512069,"S",0,"S=0","11010",27,0.000139709872140656
"1259",1,1,0,1,0,0,0,1,0,FALSE,0.00439649807349804,"c10000",0.0703445552512069,"Su",0.00282940191654875,"Su=1","11010",27,0.000143719279591709
"1260",1,1,0,1,0,0,0,1,0,FALSE,0.00439649807349804,"c10000",0.0703445552512069,"br",0,"br=0","11010",27,0.000139709872140656
"1261",0,0,1,1,0,0,0,1,0,TRUE,2.89342241722655e-10,"c01001",9.6212267419144e-09,"P",-0.00633136219322634,"P=0","01010",11,0.000870479641481866
"1262",0,0,1,1,0,0,0,1,0,TRUE,2.89342241722655e-10,"c01001",9.6212267419144e-09,"Pu",0.00672412517309897,"Pu=0","01010",11,0.000991877136662406
"1263",0,0,1,1,0,0,0,1,0,TRUE,2.89342241722655e-10,"c01001",9.6212267419144e-09,"K",0.627340192286898,"K=1","01010",11,0.491766808464553
"1264",0,0,1,1,0,0,0,1,0,TRUE,2.89342241722655e-10,"c01001",9.6212267419144e-09,"Ku",0.628176377379947,"Ku=1","01010",11,0.495896129532766
"1265",0,0,1,1,0,0,0,1,0,TRUE,2.89342241722655e-10,"c01001",9.6212267419144e-09,"C",0.107184458460858,"C=0","01010",11,0.00270864172115707
"1266",0,0,1,1,0,0,0,1,0,TRUE,2.89342241722655e-10,"c01001",9.6212267419144e-09,"Cu",0.167739668905262,"Cu=0","01010",11,0.00496294544292202
"1267",0,0,1,1,0,0,0,1,0,TRUE,2.89342241722655e-10,"c01001",9.6212267419144e-09,"S",0,"S=0","01010",11,0.000927374980713076
"1268",0,0,1,1,0,0,0,1,0,TRUE,2.89342241722655e-10,"c01001",9.6212267419144e-09,"Su",0.00223847232948358,"Su=1","01010",11,0.000948368099031175
"1269",0,0,1,1,0,0,0,1,0,TRUE,2.89342241722655e-10,"c01001",9.6212267419144e-09,"br",0,"br=0","01010",11,0.000927374980713076
"1270",1,0,1,1,0,0,0,1,0,TRUE,2.89342241722655e-10,"c11001",9.6212267419144e-09,"P",0.00202893221871684,"P=1","01010",11,0.00093016709664268
"1271",1,0,1,1,0,0,0,1,0,TRUE,2.89342241722655e-10,"c11001",9.6212267419144e-09,"Pu",0.00117586609016453,"Pu=0","01010",11,0.000922265905311303
"1272",1,0,1,1,0,0,0,1,0,TRUE,2.89342241722655e-10,"c11001",9.6212267419144e-09,"K",0.62792469661198,"K=1","01010",11,0.486174011790412
"1273",1,0,1,1,0,0,0,1,0,TRUE,2.89342241722655e-10,"c11001",9.6212267419144e-09,"Ku",0.631142046580044,"Ku=1","01010",11,0.50207027927487
"1274",1,0,1,1,0,0,0,1,0,TRUE,2.89342241722655e-10,"c11001",9.6212267419144e-09,"C",0.106145288387923,"C=0","01010",11,0.00263470843897836
"1275",1,0,1,1,0,0,0,1,0,TRUE,2.89342241722655e-10,"c11001",9.6212267419144e-09,"Cu",0.160847367677514,"Cu=0","01010",11,0.00455303170297
"1276",1,0,1,1,0,0,0,1,0,TRUE,2.89342241722655e-10,"c11001",9.6212267419144e-09,"S",0,"S=0","01010",11,0.000911484803153275
"1277",1,0,1,1,0,0,0,1,0,TRUE,2.89342241722655e-10,"c11001",9.6212267419144e-09,"Su",-0.00209742544121022,"Su=1","01010",11,0.000892566184509896
"1278",1,0,1,1,0,0,0,1,0,TRUE,2.89342241722655e-10,"c11001",9.6212267419144e-09,"br",0,"br=0","01010",11,0.000911484803153275
"1279",0,1,1,1,0,0,0,1,0,TRUE,0.00439649807349804,"c01001",0.14619263535001,"P",-5.05922959704376e-05,"P=0","11010",27,0.000922086199767633
"1280",0,1,1,1,0,0,0,1,0,TRUE,0.00439649807349804,"c01001",0.14619263535001,"Pu",0.000609655304972118,"Pu=1","11010",27,0.000928194394194434
"1281",0,1,1,1,0,0,0,1,0,TRUE,0.00439649807349804,"c01001",0.14619263535001,"K",0.628630785012528,"K=1","11010",27,0.4955643456826
"1282",0,1,1,1,0,0,0,1,0,TRUE,0.00439649807349804,"c01001",0.14619263535001,"Ku",0.627968197565189,"Ku=1","11010",27,0.492291652734149
"1283",0,1,1,1,0,0,0,1,0,TRUE,0.00439649807349804,"c01001",0.14619263535001,"C",0.107060777412421,"C=0","11010",27,0.00269122674702117
"1284",0,1,1,1,0,0,0,1,0,TRUE,0.00439649807349804,"c01001",0.14619263535001,"Cu",0.164917665780402,"Cu=0","11010",27,0.00479976046298509
"1285",0,1,1,1,0,0,0,1,0,TRUE,0.00439649807349804,"c01001",0.14619263535001,"S",0,"S=0","11010",27,0.000922552822374514
"1286",0,1,1,1,0,0,0,1,0,TRUE,0.00439649807349804,"c01001",0.14619263535001,"Su",0.00373148997667741,"Su=1","11010",27,0.000957628134533687
"1287",0,1,1,1,0,0,0,1,0,TRUE,0.00439649807349804,"c01001",0.14619263535001,"br",0,"br=0","11010",27,0.000922552822374514
"1288",1,1,1,1,0,0,0,1,0,TRUE,0.00439649807349804,"c11001",0.14619263535001,"P",0.000653645474738072,"P=1","11010",27,0.000916421733569439
"1289",1,1,1,1,0,0,0,1,0,TRUE,0.00439649807349804,"c11001",0.14619263535001,"Pu",-0.00369331858056637,"Pu=1","11010",27,0.00087743863914332
"1290",1,1,1,1,0,0,0,1,0,TRUE,0.00439649807349804,"c11001",0.14619263535001,"K",0.627937803265338,"K=1","11010",27,0.48568631128143
"1291",1,1,1,1,0,0,0,1,0,TRUE,0.00439649807349804,"c11001",0.14619263535001,"Ku",0.631347902807958,"Ku=1","11010",27,0.502534332456556
"1292",1,1,1,1,0,0,0,1,0,TRUE,0.00439649807349804,"c11001",0.14619263535001,"C",0.109361873861012,"C=0","11010",27,0.00271774820444974
"1293",1,1,1,1,0,0,0,1,0,TRUE,0.00439649807349804,"c11001",0.14619263535001,"Cu",0.161779702711028,"Cu=0","11010",27,0.00459046790941861
"1294",1,1,1,1,0,0,0,1,0,TRUE,0.00439649807349804,"c11001",0.14619263535001,"S",0,"S=0","11010",27,0.000910451118962523
"1295",1,1,1,1,0,0,0,1,0,TRUE,0.00439649807349804,"c11001",0.14619263535001,"Su",-0.00303997720958467,"Su=1","11010",27,0.000883190076579355
"1296",1,1,1,1,0,0,0,1,0,TRUE,0.00439649807349804,"c11001",0.14619263535001,"br",-0.00298920790385397,"br=0","11010",27,0.000883638579890892
"1297",0,0,0,0,1,0,0,1,0,FALSE,3.11989831738666e-10,"c00100",4.99187889762755e-09,"P",0.000462441466086522,"P=0","00010",3,0.0166598754116139
"1298",0,0,0,0,1,0,0,1,0,FALSE,3.11989831738666e-10,"c00100",4.99187889762755e-09,"Pu",-0.00400288528721283,"Pu=0","00010",3,0.0159323222369421
"1299",0,0,0,0,1,0,0,1,0,FALSE,3.11989831738666e-10,"c00100",4.99187889762755e-09,"K",0.328175072081256,"K=0","00010",3,0.441478563277754
"1300",0,0,0,0,1,0,0,1,0,FALSE,3.11989831738666e-10,"c00100",4.99187889762755e-09,"Ku",0.330217247420527,"Ku=0","00010",3,0.450587018384109
"1301",0,0,0,0,1,0,0,1,0,FALSE,3.11989831738666e-10,"c00100",4.99187889762755e-09,"C",0,"C=1","00010",3,0.0165830111027107
"1302",0,0,0,0,1,0,0,1,0,FALSE,3.11989831738666e-10,"c00100",4.99187889762755e-09,"Cu",-0.0572568491335627,"Cu=0","00010",3,0.00935405793058706
"1303",0,0,0,0,1,0,0,1,0,FALSE,3.11989831738666e-10,"c00100",4.99187889762755e-09,"S",0,"S=0","00010",3,0.0165830111027107
"1304",0,0,0,0,1,0,0,1,0,FALSE,3.11989831738666e-10,"c00100",4.99187889762755e-09,"Su",-0.00209550157011875,"Su=1","00010",3,0.0162391294508615
"1305",0,0,0,0,1,0,0,1,0,FALSE,3.11989831738666e-10,"c00100",4.99187889762755e-09,"br",0,"br=0","00010",3,0.0165830111027107
"1306",1,0,0,0,1,0,0,1,0,FALSE,3.11989831738666e-10,"c10100",4.99187889762755e-09,"P",0.00339453788723139,"P=1","00010",3,0.0158098353619444
"1307",1,0,0,0,1,0,0,1,0,FALSE,3.11989831738666e-10,"c10100",4.99187889762755e-09,"Pu",-0.00745775923558968,"Pu=0","00010",3,0.014183924791352
"1308",1,0,0,0,1,0,0,1,0,FALSE,3.11989831738666e-10,"c10100",4.99187889762755e-09,"K",0.337079258684684,"K=0","00010",3,0.444735376440794
"1309",1,0,0,0,1,0,0,1,0,FALSE,3.11989831738666e-10,"c10100",4.99187889762755e-09,"Ku",0.339065283919869,"Ku=0","00010",3,0.453656225181638
"1310",1,0,0,0,1,0,0,1,0,FALSE,3.11989831738666e-10,"c10100",4.99187889762755e-09,"C",0,"C=1","00010",3,0.0152821710604862
"1311",1,0,0,0,1,0,0,1,0,FALSE,3.11989831738666e-10,"c10100",4.99187889762755e-09,"Cu",-0.0581151993589118,"Cu=0","00010",3,0.00854661129967716
"1312",1,0,0,0,1,0,0,1,0,FALSE,3.11989831738666e-10,"c10100",4.99187889762755e-09,"S",0,"S=0","00010",3,0.0152821710604862
"1313",1,0,0,0,1,0,0,1,0,FALSE,3.11989831738666e-10,"c10100",4.99187889762755e-09,"Su",-0.00406294677805232,"Su=1","00010",3,0.0146737090274912
"1314",1,0,0,0,1,0,0,1,0,FALSE,3.11989831738666e-10,"c10100",4.99187889762755e-09,"br",0.0154194214516794,"br=0","00010",3,0.017829975776131
"1315",0,1,0,0,1,0,0,1,0,FALSE,0.0047406237195909,"c00100",0.075850611462366,"P",-0.00258298943708335,"P=0","10010",19,0.0155497935873144
"1316",0,1,0,0,1,0,0,1,0,FALSE,0.0047406237195909,"c00100",0.075850611462366,"Pu",0.00223385355529069,"Pu=1","10010",19,0.0163171351905643
"1317",0,1,0,0,1,0,0,1,0,FALSE,0.0047406237195909,"c00100",0.075850611462366,"K",0.334002095152598,"K=0","10010",19,0.450292877660658
"1318",0,1,0,0,1,0,0,1,0,FALSE,0.0047406237195909,"c00100",0.075850611462366,"Ku",0.332895362349267,"Ku=0","10010",19,0.445336814448343
"1319",0,1,0,0,1,0,0,1,0,FALSE,0.0047406237195909,"c00100",0.075850611462366,"C",0,"C=1","10010",19,0.0159566753477974
"1320",0,1,0,0,1,0,0,1,0,FALSE,0.0047406237195909,"c00100",0.075850611462366,"Cu",-0.0575660224906789,"Cu=0","10010",19,0.00897297277198943
"1321",0,1,0,0,1,0,0,1,0,FALSE,0.0047406237195909,"c00100",0.075850611462366,"S",0,"S=0","10010",19,0.0159566753477974
"1322",0,1,0,0,1,0,0,1,0,FALSE,0.0047406237195909,"c00100",0.075850611462366,"Su",-0.001874328385483,"Su=1","10010",19,0.015660380297739
"1323",0,1,0,0,1,0,0,1,0,FALSE,0.0047406237195909,"c00100",0.075850611462366,"br",0,"br=0","10010",19,0.0159566753477974
"1324",1,1,0,0,1,0,0,1,0,FALSE,0.0047406237195909,"c10100",0.075850611462366,"P",0.000818397028736644,"P=1","10010",19,0.0162688440918431
"1325",1,1,0,0,1,0,0,1,0,FALSE,0.0047406237195909,"c10100",0.075850611462366,"Pu",0.00346704092214648,"Pu=1","10010",19,0.0167055051077554
"1326",1,1,0,0,1,0,0,1,0,FALSE,0.0047406237195909,"c10100",0.075850611462366,"K",0.332573639440801,"K=0","10010",19,0.448901863688828
"1327",1,1,0,0,1,0,0,1,0,FALSE,0.0047406237195909,"c10100",0.075850611462366,"Ku",0.331536502093698,"Ku=0","10010",19,0.444270194710253
"1328",1,1,0,0,1,0,0,1,0,FALSE,0.0047406237195909,"c10100",0.075850611462366,"C",0,"C=1","10010",19,0.0161362436941444
"1329",1,1,0,0,1,0,0,1,0,FALSE,0.0047406237195909,"c10100",0.075850611462366,"Cu",-0.056659292555528,"Cu=0","10010",19,0.00915660042809403
"1330",1,1,0,0,1,0,0,1,0,FALSE,0.0047406237195909,"c10100",0.075850611462366,"S",0,"S=0","10010",19,0.0161362436941444
"1331",1,1,0,0,1,0,0,1,0,FALSE,0.0047406237195909,"c10100",0.075850611462366,"Su",0.000937675455136784,"Su=1","10010",19,0.0162882608907934
"1332",1,1,0,0,1,0,0,1,0,FALSE,0.0047406237195909,"c10100",0.075850611462366,"br",0,"br=0","10010",19,0.0161362436941444
"1333",0,0,1,0,1,0,0,1,0,FALSE,3.11989831738666e-10,"c01100",9.62139332334519e-09,"P",-0.0053391897869698,"P=0","00010",3,0.00022396897446885
"1334",0,0,1,0,1,0,0,1,0,FALSE,3.11989831738666e-10,"c01100",9.62139332334519e-09,"Pu",-0.00126064522846397,"Pu=0","00010",3,0.00023329248832386
"1335",0,0,1,0,1,0,0,1,0,FALSE,3.11989831738666e-10,"c01100",9.62139332334519e-09,"K",-0.147660463340645,"K=1","00010",3,5.39627935032806e-05
"1336",0,0,1,0,1,0,0,1,0,FALSE,3.11989831738666e-10,"c01100",9.62139332334519e-09,"Ku",0.83491021767002,"Ku=0","00010",3,0.998492189921788
"1337",0,0,1,0,1,0,0,1,0,FALSE,3.11989831738666e-10,"c01100",9.62139332334519e-09,"C",0,"C=1","00010",3,0.000236252094819713
"1338",0,0,1,0,1,0,0,1,0,FALSE,3.11989831738666e-10,"c01100",9.62139332334519e-09,"Cu",-0.144168595542292,"Cu=0","00010",3,5.5880388003267e-05
"1339",0,0,1,0,1,0,0,1,0,FALSE,3.11989831738666e-10,"c01100",9.62139332334519e-09,"S",0,"S=0","00010",3,0.000236252094819713
"1340",0,0,1,0,1,0,0,1,0,FALSE,3.11989831738666e-10,"c01100",9.62139332334519e-09,"Su",-0.00183812690423876,"Su=1","00010",3,0.000231949149453933
"1341",0,0,1,0,1,0,0,1,0,FALSE,3.11989831738666e-10,"c01100",9.62139332334519e-09,"br",0,"br=0","00010",3,0.000236252094819713
"1342",1,0,1,0,1,0,0,1,0,FALSE,3.11989831738666e-10,"c11100",9.62139332334519e-09,"P",-0.00274412517338943,"P=1","00010",3,0.000235861977677606
"1343",1,0,1,0,1,0,0,1,0,FALSE,3.11989831738666e-10,"c11100",9.62139332334519e-09,"Pu",0.00597202485673964,"Pu=0","00010",3,0.000257342605872801
"1344",1,0,1,0,1,0,0,1,0,FALSE,3.11989831738666e-10,"c11100",9.62139332334519e-09,"K",-0.146199498181033,"K=1","00010",3,5.61874298377227e-05
"1345",1,0,1,0,1,0,0,1,0,FALSE,3.11989831738666e-10,"c11100",9.62139332334519e-09,"Ku",0.832322537357576,"Ku=0","00010",3,0.998404135683889
"1346",1,0,1,0,1,0,0,1,0,FALSE,3.11989831738666e-10,"c11100",9.62139332334519e-09,"C",0,"C=1","00010",3,0.000242423948152678
"1347",1,0,1,0,1,0,0,1,0,FALSE,3.11989831738666e-10,"c11100",9.62139332334519e-09,"Cu",-0.143536862935668,"Cu=0","00010",3,5.7703591501356e-05
"1348",1,0,1,0,1,0,0,1,0,FALSE,3.11989831738666e-10,"c11100",9.62139332334519e-09,"S",0,"S=0","00010",3,0.000242423948152678
"1349",1,0,1,0,1,0,0,1,0,FALSE,3.11989831738666e-10,"c11100",9.62139332334519e-09,"Su",-0.00164738872425197,"Su=1","00010",3,0.000238462999059706
"1350",1,0,1,0,1,0,0,1,0,FALSE,3.11989831738666e-10,"c11100",9.62139332334519e-09,"br",0.00907678970728928,"br=0","00010",3,0.000265457815857035
"1351",0,1,1,0,1,0,0,1,0,FALSE,0.0047406237195909,"c01100",0.146195166521868,"P",0.000446555402770097,"P=0","10010",19,0.00024510424679767
"1352",0,1,1,0,1,0,0,1,0,FALSE,0.0047406237195909,"c01100",0.146195166521868,"Pu",-0.00365751133121143,"Pu=1","10010",19,0.000235248628819856
"1353",0,1,1,0,1,0,0,1,0,FALSE,0.0047406237195909,"c01100",0.146195166521868,"K",-0.148384635259201,"K=1","10010",19,5.53331236686311e-05
"1354",0,1,1,0,1,0,0,1,0,FALSE,0.0047406237195909,"c01100",0.146195166521868,"Ku",0.831673097293689,"Ku=0","10010",19,0.9984396966657
"1355",0,1,1,0,1,0,0,1,0,FALSE,0.0047406237195909,"c01100",0.146195166521868,"C",0,"C=1","10010",19,0.000244012160740611
"1356",0,1,1,0,1,0,0,1,0,FALSE,0.0047406237195909,"c01100",0.146195166521868,"Cu",-0.144288423576844,"Cu=0","10010",19,5.76467475172988e-05
"1357",0,1,1,0,1,0,0,1,0,FALSE,0.0047406237195909,"c01100",0.146195166521868,"S",0,"S=0","10010",19,0.000244012160740611
"1358",0,1,1,0,1,0,0,1,0,FALSE,0.0047406237195909,"c01100",0.146195166521868,"Su",-0.0037912991415327,"Su=1","10010",19,0.000234934105274543
"1359",0,1,1,0,1,0,0,1,0,FALSE,0.0047406237195909,"c01100",0.146195166521868,"br",0,"br=0","10010",19,0.000244012160740611
"1360",1,1,1,0,1,0,0,1,0,FALSE,0.0047406237195909,"c11100",0.146195166521868,"P",-0.00108960816626721,"P=1","10010",19,0.00023916877065669
"1361",1,1,1,0,1,0,0,1,0,FALSE,0.0047406237195909,"c11100",0.146195166521868,"Pu",0.00130819533311834,"Pu=1","10010",19,0.000244972875235645
"1362",1,1,1,0,1,0,0,1,0,FALSE,0.0047406237195909,"c11100",0.146195166521868,"K",-0.147849824499068,"K=1","10010",19,5.51230132758302e-05
"1363",1,1,1,0,1,0,0,1,0,FALSE,0.0047406237195909,"c11100",0.146195166521868,"Ku",0.832587076384002,"Ku=0","10010",19,0.998426982127783
"1364",1,1,1,0,1,0,0,1,0,FALSE,0.0047406237195909,"c11100",0.146195166521868,"C",0,"C=1","10010",19,0.000241789022427586
"1365",1,1,1,0,1,0,0,1,0,FALSE,0.0047406237195909,"c11100",0.146195166521868,"Cu",-0.144395819693325,"Cu=0","10010",19,5.70602279575444e-05
"1366",1,1,1,0,1,0,0,1,0,FALSE,0.0047406237195909,"c11100",0.146195166521868,"S",0,"S=0","10010",19,0.000241789022427586
"1367",1,1,1,0,1,0,0,1,0,FALSE,0.0047406237195909,"c11100",0.146195166521868,"Su",0.00386850364026172,"Su=1","10010",19,0.000251325917808307
"1368",1,1,1,0,1,0,0,1,0,FALSE,0.0047406237195909,"c11100",0.146195166521868,"br",0,"br=0","10010",19,0.000241789022427586
"1369",0,0,0,1,1,0,0,1,0,FALSE,2.89342241722655e-10,"c00100",4.62951443833407e-09,"P",0.00635560665356489,"P=0","01010",11,0.00024741412194372
"1370",0,0,0,1,1,0,0,1,0,FALSE,2.89342241722655e-10,"c00100",4.62951443833407e-09,"Pu",-0.00519048302839052,"Pu=0","01010",11,0.000220434950640758
"1371",0,0,0,1,1,0,0,1,0,FALSE,2.89342241722655e-10,"c00100",4.62951443833407e-09,"K",0.836648505651218,"K=0","01010",11,0.998483123385283
"1372",0,0,0,1,1,0,0,1,0,FALSE,2.89342241722655e-10,"c00100",4.62951443833407e-09,"Ku",-0.146687738231419,"Ku=1","01010",11,5.35507654495656e-05
"1373",0,0,0,1,1,0,0,1,0,FALSE,2.89342241722655e-10,"c00100",4.62951443833407e-09,"C",0,"C=1","01010",11,0.000232178732371576
"1374",0,0,0,1,1,0,0,1,0,FALSE,2.89342241722655e-10,"c00100",4.62951443833407e-09,"Cu",-0.143961365607991,"Cu=0","01010",11,5.50308433997509e-05
"1375",0,0,0,1,1,0,0,1,0,FALSE,2.89342241722655e-10,"c00100",4.62951443833407e-09,"S",0,"S=0","01010",11,0.000232178732371576
"1376",0,0,0,1,1,0,0,1,0,FALSE,2.89342241722655e-10,"c00100",4.62951443833407e-09,"Su",0.00492907499015226,"Su=1","01010",11,0.000243909736168906
"1377",0,0,0,1,1,0,0,1,0,FALSE,2.89342241722655e-10,"c00100",4.62951443833407e-09,"br",0,"br=0","01010",11,0.000232178732371576
"1378",1,0,0,1,1,0,0,1,0,FALSE,2.89342241722655e-10,"c10100",4.62951443833407e-09,"P",-0.00259163886733166,"P=1","01010",11,0.000240100948080915
"1379",1,0,0,1,1,0,0,1,0,FALSE,2.89342241722655e-10,"c10100",4.62951443833407e-09,"Pu",-0.00234262513758683,"Pu=0","01010",11,0.000240699577432191
"1380",1,0,0,1,1,0,0,1,0,FALSE,2.89342241722655e-10,"c10100",4.62951443833407e-09,"K",0.830694717242336,"K=0","01010",11,0.998413714526578
"1381",1,0,0,1,1,0,0,1,0,FALSE,2.89342241722655e-10,"c10100",4.62951443833407e-09,"Ku",-0.146712671715152,"Ku=1","01010",11,5.68177696887124e-05
"1382",1,0,0,1,1,0,0,1,0,FALSE,2.89342241722655e-10,"c10100",4.62951443833407e-09,"C",0,"C=1","01010",11,0.000246404831686547
"1383",1,0,0,1,1,0,0,1,0,FALSE,2.89342241722655e-10,"c10100",4.62951443833407e-09,"Cu",-0.146086002103836,"Cu=0","01010",11,5.71749473782917e-05
"1384",1,0,0,1,1,0,0,1,0,FALSE,2.89342241722655e-10,"c10100",4.62951443833407e-09,"S",0,"S=0","01010",11,0.000246404831686547
"1385",1,0,0,1,1,0,0,1,0,FALSE,2.89342241722655e-10,"c10100",4.62951443833407e-09,"Su",0.00235547661503154,"Su=1","01010",11,0.000252277735781886
"1386",1,0,0,1,1,0,0,1,0,FALSE,2.89342241722655e-10,"c10100",4.62951443833407e-09,"br",0,"br=0","01010",11,0.000246404831686547
"1387",0,1,0,1,1,0,0,1,0,FALSE,0.00439649807349804,"c00100",0.0703445552512061,"P",-0.00560146578951334,"P=0","11010",27,0.000227593144244286
"1388",0,1,0,1,1,0,0,1,0,FALSE,0.00439649807349804,"c00100",0.0703445552512061,"Pu",-0.00351527854478628,"Pu=1","11010",27,0.000232391035881701
"1389",0,1,0,1,1,0,0,1,0,FALSE,0.00439649807349804,"c00100",0.0703445552512061,"K",0.833038494587521,"K=0","11010",27,0.998449828414152
"1390",0,1,0,1,1,0,0,1,0,FALSE,0.00439649807349804,"c00100",0.0703445552512061,"Ku",-0.147092117393506,"Ku=1","11010",27,5.52933729841401e-05
"1391",0,1,0,1,1,0,0,1,0,FALSE,0.00439649807349804,"c00100",0.0703445552512061,"C",0,"C=1","11010",27,0.00024070551039736
"1392",0,1,0,1,1,0,0,1,0,FALSE,0.00439649807349804,"c00100",0.0703445552512061,"Cu",-0.144892825134701,"Cu=0","11010",27,5.65229068181311e-05
"1393",0,1,0,1,1,0,0,1,0,FALSE,0.00439649807349804,"c00100",0.0703445552512061,"S",0,"S=0","11010",27,0.00024070551039736
"1394",0,1,0,1,1,0,0,1,0,FALSE,0.00439649807349804,"c00100",0.0703445552512061,"Su",0.000709948039439964,"Su=1","11010",27,0.00024242047492455
"1395",0,1,0,1,1,0,0,1,0,FALSE,0.00439649807349804,"c00100",0.0703445552512061,"br",0.00558823040047463,"br=0","11010",27,0.000254539630200724
"1396",1,1,0,1,1,0,0,1,0,FALSE,0.00439649807349804,"c10100",0.0703445552512061,"P",-0.00244679721801026,"P=1","11010",27,0.000230052831159483
"1397",1,1,0,1,1,0,0,1,0,FALSE,0.00439649807349804,"c10100",0.0703445552512061,"Pu",0.000496393113512205,"Pu=1","11010",27,0.000236924348741077
"1398",1,1,0,1,1,0,0,1,0,FALSE,0.00439649807349804,"c10100",0.0703445552512061,"K",0.835121398462552,"K=0","11010",27,0.998481536115458
"1399",1,1,0,1,1,0,0,1,0,FALSE,0.00439649807349804,"c10100",0.0703445552512061,"Ku",-0.146663985070462,"Ku=1","11010",27,5.43876499284941e-05
"1400",1,1,0,1,1,0,0,1,0,FALSE,0.00439649807349804,"c10100",0.0703445552512061,"C",0,"C=1","11010",27,0.00023575118674632
"1401",1,1,0,1,1,0,0,1,0,FALSE,0.00439649807349804,"c10100",0.0703445552512061,"Cu",-0.1443352423297,"Cu=0","11010",27,5.56690608509648e-05
"1402",1,1,0,1,1,0,0,1,0,FALSE,0.00439649807349804,"c10100",0.0703445552512061,"S",0,"S=0","11010",27,0.00023575118674632
"1403",1,1,0,1,1,0,0,1,0,FALSE,0.00439649807349804,"c10100",0.0703445552512061,"Su",-0.000670213432534974,"Su=1","11010",27,0.000234176433623503
"1404",1,1,0,1,1,0,0,1,0,FALSE,0.00439649807349804,"c10100",0.0703445552512061,"br",0,"br=0","11010",27,0.00023575118674632
"1405",0,0,1,1,1,0,0,1,0,TRUE,2.89342241722655e-10,"c01101",9.62122675551801e-09,"P",0.00599461762442901,"P=0","01010",11,0.00174595573057429
"1406",0,0,1,1,1,0,0,1,0,TRUE,2.89342241722655e-10,"c01101",9.62122675551801e-09,"Pu",0.00216566696271065,"Pu=0","01010",11,0.00168036762807336
"1407",0,0,1,1,1,0,0,1,0,TRUE,2.89342241722655e-10,"c01101",9.62122675551801e-09,"K",0.531398977579517,"K=1","01010",11,0.334068379771906
"1408",0,0,1,1,1,0,0,1,0,TRUE,2.89342241722655e-10,"c01101",9.62122675551801e-09,"Ku",0.536627741760039,"Ku=1","01010",11,0.352000763166935
"1409",0,0,1,1,1,0,0,1,0,TRUE,2.89342241722655e-10,"c01101",9.62122675551801e-09,"C",0,"C=1","01010",11,0.00164436768792596
"1410",0,0,1,1,1,0,0,1,0,TRUE,2.89342241722655e-10,"c01101",9.62122675551801e-09,"Cu",0.521972221718655,"Cu=0","01010",11,0.304015334713276
"1411",0,0,1,1,1,0,0,1,0,TRUE,2.89342241722655e-10,"c01101",9.62122675551801e-09,"S",0,"S=0","01010",11,0.00164436768792596
"1412",0,0,1,1,1,0,0,1,0,TRUE,2.89342241722655e-10,"c01101",9.62122675551801e-09,"Su",-0.00551758534755323,"Su=1","01010",11,0.00155609592545766
"1413",0,0,1,1,1,0,0,1,0,TRUE,2.89342241722655e-10,"c01101",9.62122675551801e-09,"br",0,"br=0","01010",11,0.00164436768792596
"1414",1,0,1,1,1,0,0,1,0,TRUE,2.89342241722655e-10,"c11101",9.62122675551801e-09,"P",-0.007529373532156,"P=1","01010",11,0.00152212737077873
"1415",1,0,1,1,1,0,0,1,0,TRUE,2.89342241722655e-10,"c11101",9.62122675551801e-09,"Pu",0.00910348473063599,"Pu=0","01010",11,0.0017975731856311
"1416",1,0,1,1,1,0,0,1,0,TRUE,2.89342241722655e-10,"c11101",9.62122675551801e-09,"K",0.534208485965025,"K=1","01010",11,0.34291669205547
"1417",1,0,1,1,1,0,0,1,0,TRUE,2.89342241722655e-10,"c11101",9.62122675551801e-09,"Ku",0.534376411512454,"Ku=1","01010",11,0.343493020553792
"1418",1,0,1,1,1,0,0,1,0,TRUE,2.89342241722655e-10,"c11101",9.62122675551801e-09,"C",0,"C=1","01010",11,0.00164115896415313
"1419",1,0,1,1,1,0,0,1,0,TRUE,2.89342241722655e-10,"c11101",9.62122675551801e-09,"Cu",0.522060306240942,"Cu=0","01010",11,0.303689482464514
"1420",1,0,1,1,1,0,0,1,0,TRUE,2.89342241722655e-10,"c11101",9.62122675551801e-09,"S",0,"S=0","01010",11,0.00164115896415313
"1421",1,0,1,1,1,0,0,1,0,TRUE,2.89342241722655e-10,"c11101",9.62122675551801e-09,"Su",0.0033976287049243,"Su=1","01010",11,0.00169787753934284
"1422",1,0,1,1,1,0,0,1,0,TRUE,2.89342241722655e-10,"c11101",9.62122675551801e-09,"br",-0.00248311458989325,"br=0","01010",11,0.00160090890216522
"1423",0,1,1,1,1,0,0,1,0,TRUE,0.00439649807349804,"c01101",0.146192635556714,"P",0.00122975426454489,"P=0","11010",27,0.00167011868069368
"1424",0,1,1,1,1,0,0,1,0,TRUE,0.00439649807349804,"c01101",0.146192635556714,"Pu",0.00339669825660948,"Pu=1","11010",27,0.00170670417914216
"1425",0,1,1,1,1,0,0,1,0,TRUE,0.00439649807349804,"c01101",0.146192635556714,"K",0.531933304039454,"K=1","11010",27,0.336948529736735
"1426",0,1,1,1,1,0,0,1,0,TRUE,0.00439649807349804,"c01101",0.146192635556714,"Ku",0.534238212981043,"Ku=1","11010",27,0.344805081893853
"1427",0,1,1,1,1,0,0,1,0,TRUE,0.00439649807349804,"c01101",0.146192635556714,"C",0,"C=1","11010",27,0.0016497060945673
"1428",0,1,1,1,1,0,0,1,0,TRUE,0.00439649807349804,"c01101",0.146192635556714,"Cu",0.523010436430044,"Cu=0","11010",27,0.308185388262679
"1429",0,1,1,1,1,0,0,1,0,TRUE,0.00439649807349804,"c01101",0.146192635556714,"S",0,"S=0","11010",27,0.0016497060945673
"1430",0,1,1,1,1,0,0,1,0,TRUE,0.00439649807349804,"c01101",0.146192635556714,"Su",0.00504442498301691,"Su=1","11010",27,0.00173505896319525
"1431",0,1,1,1,1,0,0,1,0,TRUE,0.00439649807349804,"c01101",0.146192635556714,"br",0,"br=0","11010",27,0.0016497060945673
"1432",1,1,1,1,1,0,0,1,0,TRUE,0.00439649807349804,"c11101",0.146192635556714,"P",0.000447151402792911,"P=1","11010",27,0.00162203807328224
"1433",1,1,1,1,1,0,0,1,0,TRUE,0.00439649807349804,"c11101",0.146192635556714,"Pu",0.00944366737568228,"Pu=1","11010",27,0.0017747305138068
"1434",1,1,1,1,1,0,0,1,0,TRUE,0.00439649807349804,"c11101",0.146192635556714,"K",0.534723944552845,"K=1","11010",27,0.339153009146539
"1435",1,1,1,1,1,0,0,1,0,TRUE,0.00439649807349804,"c11101",0.146192635556714,"Ku",0.535167254936472,"Ku=1","11010",27,0.340659847169432
"1436",1,1,1,1,1,0,0,1,0,TRUE,0.00439649807349804,"c11101",0.146192635556714,"C",0,"C=1","11010",27,0.00161480129901049
"1437",1,1,1,1,1,0,0,1,0,TRUE,0.00439649807349804,"c11101",0.146192635556714,"Cu",0.525847012202285,"Cu=0","11010",27,0.31034421004027
"1438",1,1,1,1,1,0,0,1,0,TRUE,0.00439649807349804,"c11101",0.146192635556714,"S",0,"S=0","11010",27,0.00161480129901049
"1439",1,1,1,1,1,0,0,1,0,TRUE,0.00439649807349804,"c11101",0.146192635556714,"Su",-0.000810816577034849,"Su=1","11010",27,0.0016017611596385
"1440",1,1,1,1,1,0,0,1,0,TRUE,0.00439649807349804,"c11101",0.146192635556714,"br",0,"br=0","11010",27,0.00161480129901049
"1441",0,0,0,0,0,1,0,1,0,FALSE,4.41127609551842e-19,"c00000",7.05810055735175e-18,"P",0.00270951690061513,"P=0","00110",7,0.0191662820351975
"1442",0,0,0,0,0,1,0,1,0,FALSE,4.41127609551842e-19,"c00000",7.05810055735175e-18,"Pu",0.000981024137557571,"Pu=0","00110",7,0.0188378409547116
"1443",0,0,0,0,0,1,0,1,0,FALSE,4.41127609551842e-19,"c00000",7.05810055735175e-18,"K",0.315547897445457,"K=0","00110",7,0.437701160981784
"1444",0,0,0,0,0,1,0,1,0,FALSE,4.41127609551842e-19,"c00000",7.05810055735175e-18,"Ku",0.314867159100994,"Ku=0","00110",7,0.434731680009878
"1445",0,0,0,0,0,1,0,1,0,FALSE,4.41127609551842e-19,"c00000",7.05810055735175e-18,"C",-0.0678069292412837,"C=0","00110",7,0.00946866693174383
"1446",0,0,0,0,0,1,0,1,0,FALSE,4.41127609551842e-19,"c00000",7.05810055735175e-18,"Cu",0.0243008722879247,"Cu=1","00110",7,0.0237852619978289
"1447",0,0,0,0,0,1,0,1,0,FALSE,4.41127609551842e-19,"c00000",7.05810055735175e-18,"S",0,"S=0","00110",7,0.0186539407157083
"1448",0,0,0,0,0,1,0,1,0,FALSE,4.41127609551842e-19,"c00000",7.05810055735175e-18,"Su",0.00184460631733193,"Su=1","00110",7,0.0190012256574398
"1449",0,0,0,0,0,1,0,1,0,FALSE,4.41127609551842e-19,"c00000",7.05810055735175e-18,"br",0,"br=0","00110",7,0.0186539407157083
"1450",1,0,0,0,0,1,0,1,0,FALSE,4.41127609551842e-19,"c10000",7.05810055735175e-18,"P",0.00381700504033936,"P=1","00110",7,0.0199850189662983
"1451",1,0,0,0,0,1,0,1,0,FALSE,4.41127609551842e-19,"c10000",7.05810055735175e-18,"Pu",0.0002541189774,"Pu=0","00110",7,0.0192855108452011
"1452",1,0,0,0,0,1,0,1,0,FALSE,4.41127609551842e-19,"c10000",7.05810055735175e-18,"K",0.31145812035564,"K=0","00110",7,0.433284299917475
"1453",1,0,0,0,0,1,0,1,0,FALSE,4.41127609551842e-19,"c10000",7.05810055735175e-18,"Ku",0.311177041376072,"Ku=0","00110",7,0.432068138815941
"1454",1,0,0,0,0,1,0,1,0,FALSE,4.41127609551842e-19,"c10000",7.05810055735175e-18,"C",-0.0672523329794112,"C=0","00110",7,0.00981870815228428
"1455",1,0,0,0,0,1,0,1,0,FALSE,4.41127609551842e-19,"c10000",7.05810055735175e-18,"Cu",0.0240740160679084,"Cu=1","00110",7,0.0244725737433832
"1456",1,0,0,0,0,1,0,1,0,FALSE,4.41127609551842e-19,"c10000",7.05810055735175e-18,"S",0,"S=0","00110",7,0.019236564919038
"1457",1,0,0,0,0,1,0,1,0,FALSE,4.41127609551842e-19,"c10000",7.05810055735175e-18,"Su",-0.000750369331758694,"Su=1","00110",7,0.019092759844739
"1458",1,0,0,0,0,1,0,1,0,FALSE,4.41127609551842e-19,"c10000",7.05810055735175e-18,"br",0.0168034623340576,"br=0","00110",7,0.0227564247956396
"1459",0,1,0,0,0,1,0,1,0,FALSE,6.70284668430984e-12,"c00000",1.0724644047203e-10,"P",-0.0022413055093642,"P=0","10110",23,0.0191152843833405
"1460",0,1,0,0,0,1,0,1,0,FALSE,6.70284668430984e-12,"c00000",1.0724644047203e-10,"Pu",0.00177219929471366,"Pu=1","10110",23,0.0198980809533382
"1461",0,1,0,0,0,1,0,1,0,FALSE,6.70284668430984e-12,"c00000",1.0724644047203e-10,"K",0.310205131329892,"K=0","10110",23,0.434828896759219
"1462",0,1,0,0,0,1,0,1,0,FALSE,6.70284668430984e-12,"c00000",1.0724644047203e-10,"Ku",0.309913406898902,"Ku=0","10110",23,0.433562243101757
"1463",0,1,0,0,0,1,0,1,0,FALSE,6.70284668430984e-12,"c00000",1.0724644047203e-10,"C",-0.0716100439330577,"C=0","10110",23,0.00955248051251954
"1464",0,1,0,0,0,1,0,1,0,FALSE,6.70284668430984e-12,"c00000",1.0724644047203e-10,"Cu",0.0180697317709916,"Cu=1","10110",23,0.0234201934305117
"1465",0,1,0,0,0,1,0,1,0,FALSE,6.70284668430984e-12,"c00000",1.0724644047203e-10,"S",0,"S=0","10110",23,0.0195485536114934
"1466",0,1,0,0,0,1,0,1,0,FALSE,6.70284668430984e-12,"c00000",1.0724644047203e-10,"Su",0.00487771242333001,"Su=1","10110",23,0.0205257136363281
"1467",0,1,0,0,0,1,0,1,0,FALSE,6.70284668430984e-12,"c00000",1.0724644047203e-10,"br",0,"br=0","10110",23,0.0195485536114934
"1468",1,1,0,0,0,1,0,1,0,FALSE,6.70284668430984e-12,"c10000",1.0724644047203e-10,"P",-0.000977871309751659,"P=1","10110",23,0.0191969753352582
"1469",1,1,0,0,0,1,0,1,0,FALSE,6.70284668430984e-12,"c10000",1.0724644047203e-10,"Pu",-0.00129657674188559,"Pu=1","10110",23,0.0191358909234331
"1470",1,1,0,0,0,1,0,1,0,FALSE,6.70284668430984e-12,"c10000",1.0724644047203e-10,"K",0.310567398683406,"K=0","10110",23,0.432769577134145
"1471",1,1,0,0,0,1,0,1,0,FALSE,6.70284668430984e-12,"c10000",1.0724644047203e-10,"Ku",0.311842018991986,"Ku=0","10110",23,0.438321051000177
"1472",1,1,0,0,0,1,0,1,0,FALSE,6.70284668430984e-12,"c10000",1.0724644047203e-10,"C",-0.0696119929947266,"C=0","10110",23,0.00966403743801882
"1473",1,1,0,0,0,1,0,1,0,FALSE,6.70284668430984e-12,"c10000",1.0724644047203e-10,"Cu",0.0211775708275974,"Cu=1","10110",23,0.0239581163419174
"1474",1,1,0,0,0,1,0,1,0,FALSE,6.70284668430984e-12,"c10000",1.0724644047203e-10,"S",0,"S=0","10110",23,0.0193856178868818
"1475",1,1,0,0,0,1,0,1,0,FALSE,6.70284668430984e-12,"c10000",1.0724644047203e-10,"Su",-0.0064037970966567,"Su=1","10110",23,0.0181831160532874
"1476",1,1,0,0,0,1,0,1,0,FALSE,6.70284668430984e-12,"c10000",1.0724644047203e-10,"br",0,"br=0","10110",23,0.0193856178868818
"1477",0,0,1,0,0,1,0,1,0,FALSE,4.41127609551842e-19,"c01000",1.36038479818342e-17,"P",-0.000427994648574639,"P=0","00110",7,0.000444537173769226
"1478",0,0,1,0,0,1,0,1,0,FALSE,4.41127609551842e-19,"c01000",1.36038479818342e-17,"Pu",-0.00309418618089192,"Pu=0","00110",7,0.000432841567730899
"1479",0,0,1,0,0,1,0,1,0,FALSE,4.41127609551842e-19,"c01000",1.36038479818342e-17,"K",-0.136734544291217,"K=1","00110",7,0.000113746033348063
"1480",0,0,1,0,0,1,0,1,0,FALSE,4.41127609551842e-19,"c01000",1.36038479818342e-17,"Ku",0.771102201747476,"Ku=0","00110",7,0.996830122683809
"1481",0,0,1,0,0,1,0,1,0,FALSE,4.41127609551842e-19,"c01000",1.36038479818342e-17,"C",-0.165346539796165,"C=0","00110",7,8.54428926454794e-05
"1482",0,0,1,0,0,1,0,1,0,FALSE,4.41127609551842e-19,"c01000",1.36038479818342e-17,"Cu",0.0470987598120029,"Cu=1","00110",7,0.00071501335911032
"1483",0,0,1,0,0,1,0,1,0,FALSE,4.41127609551842e-19,"c01000",1.36038479818342e-17,"S",0,"S=0","00110",7,0.000446443846401774
"1484",0,0,1,0,0,1,0,1,0,FALSE,4.41127609551842e-19,"c01000",1.36038479818342e-17,"Su",-0.00151429549570342,"Su=1","00110",7,0.000439734296761758
"1485",0,0,1,0,0,1,0,1,0,FALSE,4.41127609551842e-19,"c01000",1.36038479818342e-17,"br",0.00974051942006565,"br=0","00110",7,0.00049211814642293
"1486",1,0,1,0,0,1,0,1,0,FALSE,4.41127609551842e-19,"c11000",1.36038479818342e-17,"P",0.00503299241460551,"P=1","00110",7,0.000461845224223219
"1487",1,0,1,0,0,1,0,1,0,FALSE,4.41127609551842e-19,"c11000",1.36038479818342e-17,"Pu",-0.00380762873470976,"Pu=0","00110",7,0.000422768019332017
"1488",1,0,1,0,0,1,0,1,0,FALSE,4.41127609551842e-19,"c11000",1.36038479818342e-17,"K",-0.136597622118504,"K=1","00110",7,0.000112047588359307
"1489",1,0,1,0,0,1,0,1,0,FALSE,4.41127609551842e-19,"c11000",1.36038479818342e-17,"Ku",0.772750633813189,"Ku=0","00110",7,0.996900491894201
"1490",1,0,1,0,0,1,0,1,0,FALSE,4.41127609551842e-19,"c11000",1.36038479818342e-17,"C",-0.168677252462343,"C=0","00110",7,8.12984843484237e-05
"1491",1,0,1,0,0,1,0,1,0,FALSE,4.41127609551842e-19,"c11000",1.36038479818342e-17,"Cu",0.047688373277926,"Cu=1","00110",7,0.000707532546855461
"1492",1,0,1,0,0,1,0,1,0,FALSE,4.41127609551842e-19,"c11000",1.36038479818342e-17,"S",0,"S=0","00110",7,0.000439175848224801
"1493",1,0,1,0,0,1,0,1,0,FALSE,4.41127609551842e-19,"c11000",1.36038479818342e-17,"Su",-0.000802734046506283,"Su=1","00110",7,0.000435664546230503
"1494",1,0,1,0,0,1,0,1,0,FALSE,4.41127609551842e-19,"c11000",1.36038479818342e-17,"br",0,"br=0","00110",7,0.000439175848224801
"1495",0,1,1,0,0,1,0,1,0,FALSE,6.70284668430984e-12,"c01000",2.06707776535524e-10,"P",0.00781037685629181,"P=0","10110",23,0.000489782996217686
"1496",0,1,1,0,0,1,0,1,0,FALSE,6.70284668430984e-12,"c01000",2.06707776535524e-10,"Pu",-0.00542821775089898,"Pu=1","10110",23,0.000429051295657514
"1497",0,1,1,0,0,1,0,1,0,FALSE,6.70284668430984e-12,"c01000",2.06707776535524e-10,"K",-0.136426435834386,"K=1","10110",23,0.000115768707669572
"1498",0,1,1,0,0,1,0,1,0,FALSE,6.70284668430984e-12,"c01000",2.06707776535524e-10,"Ku",0.769646608953271,"Ku=0","10110",23,0.996819260459015
"1499",0,1,1,0,0,1,0,1,0,FALSE,6.70284668430984e-12,"c01000",2.06707776535524e-10,"C",-0.171655503752429,"C=0","10110",23,8.1394167821898e-05
"1500",0,1,1,0,0,1,0,1,0,FALSE,6.70284668430984e-12,"c01000",2.06707776535524e-10,"Cu",0.0444041402679206,"Cu=1","10110",23,0.000706201114929104
"1501",0,1,1,0,0,1,0,1,0,FALSE,6.70284668430984e-12,"c01000",2.06707776535524e-10,"S",0,"S=0","10110",23,0.000452984840202442
"1502",0,1,1,0,0,1,0,1,0,FALSE,6.70284668430984e-12,"c01000",2.06707776535524e-10,"Su",-9.12724901611633e-05,"Su=1","10110",23,0.000452571578284648
"1503",0,1,1,0,0,1,0,1,0,FALSE,6.70284668430984e-12,"c01000",2.06707776535524e-10,"br",0,"br=0","10110",23,0.000452984840202442
"1504",1,1,1,0,0,1,0,1,0,FALSE,6.70284668430984e-12,"c11000",2.06707776535524e-10,"P",-0.0025472508968943,"P=1","10110",23,0.000440239298703324
"1505",1,1,1,0,0,1,0,1,0,FALSE,6.70284668430984e-12,"c11000",2.06707776535524e-10,"Pu",-0.00290645188738802,"Pu=1","10110",23,0.000438660791485848
"1506",1,1,1,0,0,1,0,1,0,FALSE,6.70284668430984e-12,"c11000",2.06707776535524e-10,"K",-0.135890279994241,"K=1","10110",23,0.000116034568240934
"1507",1,1,1,0,0,1,0,1,0,FALSE,6.70284668430984e-12,"c11000",2.06707776535524e-10,"Ku",0.769954786728362,"Ku=0","10110",23,0.996833282711128
"1508",1,1,1,0,0,1,0,1,0,FALSE,6.70284668430984e-12,"c11000",2.06707776535524e-10,"C",-0.167228973586276,"C=0","10110",23,8.48174426157034e-05
"1509",1,1,1,0,0,1,0,1,0,FALSE,6.70284668430984e-12,"c11000",2.06707776535524e-10,"Cu",0.0474062218663446,"Cu=1","10110",23,0.000725494264996825
"1510",1,1,1,0,0,1,0,1,0,FALSE,6.70284668430984e-12,"c11000",2.06707776535524e-10,"S",0,"S=0","10110",23,0.000451597342999568
"1511",1,1,1,0,0,1,0,1,0,FALSE,6.70284668430984e-12,"c11000",2.06707776535524e-10,"Su",0.00146811907518862,"Su=1","10110",23,0.000458276236830194
"1512",1,1,1,0,0,1,0,1,0,FALSE,6.70284668430984e-12,"c11000",2.06707776535524e-10,"br",0,"br=0","10110",23,0.000451597342999568
"1513",0,0,0,1,0,1,0,1,0,FALSE,4.09105805539199e-19,"c00000",6.54574742448242e-18,"P",0.00095552536175356,"P=0","01110",15,0.000435435869358805
"1514",0,0,0,1,0,1,0,1,0,FALSE,4.09105805539199e-19,"c00000",6.54574742448242e-18,"Pu",-0.00213967043605851,"Pu=0","01110",15,0.000422164720144029
"1515",0,0,0,1,0,1,0,1,0,FALSE,4.09105805539199e-19,"c00000",6.54574742448242e-18,"K",0.774565228702513,"K=0","01110",15,0.996938698760266
"1516",0,0,0,1,0,1,0,1,0,FALSE,4.09105805539199e-19,"c00000",6.54574742448242e-18,"Ku",-0.135643565761405,"Ku=1","01110",15,0.000111091770024848
"1517",0,0,0,1,0,1,0,1,0,FALSE,4.09105805539199e-19,"c00000",6.54574742448242e-18,"C",-0.165775801055369,"C=0","01110",15,8.21900512551465e-05
"1518",0,0,0,1,0,1,0,1,0,FALSE,4.09105805539199e-19,"c00000",6.54574742448242e-18,"Cu",0.0526142602630323,"Cu=1","01110",15,0.00072991995464715
"1519",0,0,0,1,0,1,0,1,0,FALSE,4.09105805539199e-19,"c00000",6.54574742448242e-18,"S",0,"S=0","01110",15,0.000431294984302543
"1520",0,0,0,1,0,1,0,1,0,FALSE,4.09105805539199e-19,"c00000",6.54574742448242e-18,"Su",-0.0031528794506483,"Su=1","01110",15,0.000417908905699076
"1521",0,0,0,1,0,1,0,1,0,FALSE,4.09105805539199e-19,"c00000",6.54574742448242e-18,"br",0,"br=0","01110",15,0.000431294984302543
"1522",1,0,0,1,0,1,0,1,0,FALSE,4.09105805539199e-19,"c10000",6.54574742448242e-18,"P",-0.0041044245161678,"P=1","01110",15,0.000422158448623471
"1523",1,0,0,1,0,1,0,1,0,FALSE,4.09105805539199e-19,"c10000",6.54574742448242e-18,"Pu",0.00421777680001999,"Pu=0","01110",15,0.000458794651406354
"1524",1,0,0,1,0,1,0,1,0,FALSE,4.09105805539199e-19,"c10000",6.54574742448242e-18,"K",0.772601983138878,"K=0","01110",15,0.996938927487834
"1525",1,0,0,1,0,1,0,1,0,FALSE,4.09105805539199e-19,"c10000",6.54574742448242e-18,"Ku",-0.136277304175041,"Ku=1","01110",15,0.000112578630766647
"1526",1,0,0,1,0,1,0,1,0,FALSE,4.09105805539199e-19,"c10000",6.54574742448242e-18,"C",-0.169182277080717,"C=0","01110",15,8.1012396695919e-05
"1527",1,0,0,1,0,1,0,1,0,FALSE,4.09105805539199e-19,"c10000",6.54574742448242e-18,"Cu",0.0434410547678646,"Cu=1","01110",15,0.000679145579296705
"1528",1,0,0,1,0,1,0,1,0,FALSE,4.09105805539199e-19,"c10000",6.54574742448242e-18,"S",0,"S=0","01110",15,0.000439846129204754
"1529",1,0,0,1,0,1,0,1,0,FALSE,4.09105805539199e-19,"c10000",6.54574742448242e-18,"Su",-0.00280250464254981,"Su=1","01110",15,0.000427690546967688
"1530",1,0,0,1,0,1,0,1,0,FALSE,4.09105805539199e-19,"c10000",6.54574742448242e-18,"br",0,"br=0","01110",15,0.000439846129204754
"1531",0,1,0,1,0,1,0,1,0,FALSE,6.21628171262325e-12,"c00000",9.94613360634941e-11,"P",0.00117856697036256,"P=0","11110",31,0.000455296488771279
"1532",0,1,0,1,0,1,0,1,0,FALSE,6.21628171262325e-12,"c00000",9.94613360634941e-11,"Pu",-0.00352561426345405,"Pu=1","11110",31,0.000434374479511488
"1533",0,1,0,1,0,1,0,1,0,FALSE,6.21628171262325e-12,"c00000",9.94613360634941e-11,"K",0.7703156409745,"K=0","11110",31,0.996814098276319
"1534",0,1,0,1,0,1,0,1,0,FALSE,6.21628171262325e-12,"c00000",9.94613360634941e-11,"Ku",-0.135192127572106,"Ku=1","11110",31,0.000116424370854556
"1535",0,1,0,1,0,1,0,1,0,FALSE,6.21628171262325e-12,"c00000",9.94613360634941e-11,"C",-0.166101187106679,"C=0","11110",31,8.54687908184145e-05
"1536",0,1,0,1,0,1,0,1,0,FALSE,6.21628171262325e-12,"c00000",9.94613360634941e-11,"Cu",0.0501816119694085,"Cu=1","11110",31,0.000743210473917381
"1537",0,1,0,1,0,1,0,1,0,FALSE,6.21628171262325e-12,"c00000",9.94613360634941e-11,"S",0,"S=0","11110",31,0.000449962011677259
"1538",0,1,0,1,0,1,0,1,0,FALSE,6.21628171262325e-12,"c00000",9.94613360634941e-11,"Su",0.000275440216084373,"Su=1","11110",31,0.000451203096453167
"1539",0,1,0,1,0,1,0,1,0,FALSE,6.21628171262325e-12,"c00000",9.94613360634941e-11,"br",0,"br=0","11110",31,0.000449962011677259
"1540",1,1,0,1,0,1,0,1,0,FALSE,6.21628171262325e-12,"c10000",9.94613360634941e-11,"P",-0.00301009750703601,"P=1","11110",31,0.000427471468079507
"1541",1,1,0,1,0,1,0,1,0,FALSE,6.21628171262325e-12,"c10000",9.94613360634941e-11,"Pu",0.00651500137666221,"Pu=1","11110",31,0.000470190783016486
"1542",1,1,0,1,0,1,0,1,0,FALSE,6.21628171262325e-12,"c10000",9.94613360634941e-11,"K",0.772434938483268,"K=0","11110",31,0.996832374299812
"1543",1,1,0,1,0,1,0,1,0,FALSE,6.21628171262325e-12,"c10000",9.94613360634941e-11,"Ku",-0.137239213362698,"Ku=1","11110",31,0.000111675392987275
"1544",1,1,0,1,0,1,0,1,0,FALSE,6.21628171262325e-12,"c10000",9.94613360634941e-11,"C",-0.169742016175342,"C=0","11110",31,8.0686264645514e-05
"1545",1,1,0,1,0,1,0,1,0,FALSE,6.21628171262325e-12,"c10000",9.94613360634941e-11,"Cu",0.047124599097299,"Cu=1","11110",31,0.00070573125815762
"1546",1,1,0,1,0,1,0,1,0,FALSE,6.21628171262325e-12,"c10000",9.94613360634941e-11,"S",0,"S=0","11110",31,0.000440534393163879
"1547",1,1,0,1,0,1,0,1,0,FALSE,6.21628171262325e-12,"c10000",9.94613360634941e-11,"Su",0.00132600952482084,"Su=1","11110",31,0.000446414822541366
"1548",1,1,0,1,0,1,0,1,0,FALSE,6.21628171262325e-12,"c10000",9.94613360634941e-11,"br",0.00959981261304398,"br=0","11110",31,0.000484921317596079
"1549",0,0,1,1,0,1,0,1,0,TRUE,4.09105805539199e-19,"c01001",1.36036124317412e-17,"P",0.00232887612817136,"P=0","01110",15,0.00220496292869685
"1550",0,0,1,1,0,1,0,1,0,TRUE,4.09105805539199e-19,"c01001",1.36036124317412e-17,"Pu",0.000835036448584396,"Pu=0","01110",15,0.00217226912205781
"1551",0,0,1,1,0,1,0,1,0,TRUE,4.09105805539199e-19,"c01001",1.36036124317412e-17,"K",0.458195916849196,"K=1","01110",15,0.210477993472849
"1552",0,0,1,1,0,1,0,1,0,TRUE,4.09105805539199e-19,"c01001",1.36036124317412e-17,"Ku",0.452226194782157,"Ku=1","01110",15,0.198280735573089
"1553",0,0,1,1,0,1,0,1,0,TRUE,4.09105805539199e-19,"c01001",1.36036124317412e-17,"C",0.559562372007153,"C=0","01110",15,0.580010180031522
"1554",0,0,1,1,0,1,0,1,0,TRUE,4.09105805539199e-19,"c01001",1.36036124317412e-17,"Cu",-0.156554520748607,"Cu=1","01110",15,0.000450173023976427
"1555",0,0,1,1,0,1,0,1,0,TRUE,4.09105805539199e-19,"c01001",1.36036124317412e-17,"S",0,"S=0","01110",15,0.00215420540739099
"1556",0,0,1,1,0,1,0,1,0,TRUE,4.09105805539199e-19,"c01001",1.36036124317412e-17,"Su",-0.00277371096548339,"Su=1","01110",15,0.00209527503302671
"1557",0,0,1,1,0,1,0,1,0,TRUE,4.09105805539199e-19,"c01001",1.36036124317412e-17,"br",0,"br=0","01110",15,0.00215420540739099
"1558",1,0,1,1,0,1,0,1,0,TRUE,4.09105805539199e-19,"c11001",1.36036124317412e-17,"P",0.00214004370139421,"P=1","01110",15,0.00214947908598365
"1559",1,0,1,1,0,1,0,1,0,TRUE,4.09105805539199e-19,"c11001",1.36036124317412e-17,"Pu",-0.00108715057022418,"Pu=0","01110",15,0.00208121859361643
"1560",1,0,1,1,0,1,0,1,0,TRUE,4.09105805539199e-19,"c11001",1.36036124317412e-17,"K",0.453856874103893,"K=1","01110",15,0.196840514780951
"1561",1,0,1,1,0,1,0,1,0,TRUE,4.09105805539199e-19,"c11001",1.36036124317412e-17,"Ku",0.455638397419355,"Ku=1","01110",15,0.200378697643071
"1562",1,0,1,1,0,1,0,1,0,TRUE,4.09105805539199e-19,"c11001",1.36036124317412e-17,"C",0.563949356952265,"C=0","01110",15,0.591888729151477
"1563",1,0,1,1,0,1,0,1,0,TRUE,4.09105805539199e-19,"c11001",1.36036124317412e-17,"Cu",-0.162070934978182,"Cu=1","01110",15,0.000416077282971619
"1564",1,0,1,1,0,1,0,1,0,TRUE,4.09105805539199e-19,"c11001",1.36036124317412e-17,"S",0,"S=0","01110",15,0.0021039680095655
"1565",1,0,1,1,0,1,0,1,0,TRUE,4.09105805539199e-19,"c11001",1.36036124317412e-17,"Su",-0.00321764015510594,"Su=1","01110",15,0.00203734744279884
"1566",1,0,1,1,0,1,0,1,0,TRUE,4.09105805539199e-19,"c11001",1.36036124317412e-17,"br",0,"br=0","01110",15,0.0021039680095655
"1567",0,1,1,1,0,1,0,1,0,TRUE,6.21628171262325e-12,"c01001",2.067041973985e-10,"P",-0.00154185556264711,"P=0","11110",31,0.00207865100107297
"1568",0,1,1,1,0,1,0,1,0,TRUE,6.21628171262325e-12,"c01001",2.067041973985e-10,"Pu",-0.000706746599848738,"Pu=1","11110",31,0.00209608268736749
"1569",0,1,1,1,0,1,0,1,0,TRUE,6.21628171262325e-12,"c01001",2.067041973985e-10,"K",0.454021801899695,"K=1","11110",31,0.197819638868902
"1570",0,1,1,1,0,1,0,1,0,TRUE,6.21628171262325e-12,"c01001",2.067041973985e-10,"Ku",0.456071446944123,"Ku=1","11110",31,0.201916077105542
"1571",0,1,1,1,0,1,0,1,0,TRUE,6.21628171262325e-12,"c01001",2.067041973985e-10,"C",0.563186778849253,"C=0","11110",31,0.589341298652727
"1572",0,1,1,1,0,1,0,1,0,TRUE,6.21628171262325e-12,"c01001",2.067041973985e-10,"Cu",-0.154010364205877,"Cu=1","11110",31,0.000452500703883504
"1573",0,1,1,1,0,1,0,1,0,TRUE,6.21628171262325e-12,"c01001",2.067041973985e-10,"S",0,"S=0","11110",31,0.00211094915272924
"1574",0,1,1,1,0,1,0,1,0,TRUE,6.21628171262325e-12,"c01001",2.067041973985e-10,"Su",0.00111603544596622,"Su=1","11110",31,0.00213464004701068
"1575",0,1,1,1,0,1,0,1,0,TRUE,6.21628171262325e-12,"c01001",2.067041973985e-10,"br",-0.00292189742765512,"br=0","11110",31,0.00205016178076431
"1576",1,1,1,1,0,1,0,1,0,TRUE,6.21628171262325e-12,"c11001",2.067041973985e-10,"P",0.00487784548968887,"P=1","11110",31,0.00225316215571924
"1577",1,1,1,1,0,1,0,1,0,TRUE,6.21628171262325e-12,"c11001",2.067041973985e-10,"Pu",0.00500431138170143,"Pu=1","11110",31,0.00225601343990893
"1578",1,1,1,1,0,1,0,1,0,TRUE,6.21628171262325e-12,"c11001",2.067041973985e-10,"K",0.455943516658699,"K=1","11110",31,0.204996179790092
"1579",1,1,1,1,0,1,0,1,0,TRUE,6.21628171262325e-12,"c11001",2.067041973985e-10,"Ku",0.451874354364806,"Ku=1","11110",31,0.19682199092009
"1580",1,1,1,1,0,1,0,1,0,TRUE,6.21628171262325e-12,"c11001",2.067041973985e-10,"C",0.561110210829512,"C=0","11110",31,0.586784883777092
"1581",1,1,1,1,0,1,0,1,0,TRUE,6.21628171262325e-12,"c11001",2.067041973985e-10,"Cu",-0.158206043689478,"Cu=1","11110",31,0.000441090918807826
"1582",1,1,1,1,0,1,0,1,0,TRUE,6.21628171262325e-12,"c11001",2.067041973985e-10,"S",0,"S=0","11110",31,0.0021458938464414
"1583",1,1,1,1,0,1,0,1,0,TRUE,6.21628171262325e-12,"c11001",2.067041973985e-10,"Su",0.00324632731537432,"Su=1","11110",31,0.00221669966058039
"1584",1,1,1,1,0,1,0,1,0,TRUE,6.21628171262325e-12,"c11001",2.067041973985e-10,"br",-0.00292260314762589,"br=0","11110",31,0.00208408549126829
"1585",0,0,0,0,1,1,0,1,0,FALSE,4.41127609551842e-19,"c00100",7.05810055735167e-18,"P",0.00271505583616456,"P=0","00110",7,0.0567136168926631
"1586",0,0,0,0,1,1,0,1,0,FALSE,4.41127609551842e-19,"c00100",7.05810055735167e-18,"Pu",-0.00710164678723822,"Pu=0","00110",7,0.0514107509223753
"1587",0,0,0,0,1,1,0,1,0,FALSE,4.41127609551842e-19,"c00100",7.05810055735167e-18,"K",0.140932756046696,"K=0","00110",7,0.225922346538897
"1588",0,0,0,0,1,1,0,1,0,FALSE,4.41127609551842e-19,"c00100",7.05810055735167e-18,"Ku",0.140993739631681,"Ku=0","00110",7,0.226060164103873
"1589",0,0,0,0,1,1,0,1,0,FALSE,4.41127609551842e-19,"c00100",7.05810055735167e-18,"C",0,"C=1","00110",7,0.0551945259269816
"1590",0,0,0,0,1,1,0,1,0,FALSE,4.41127609551842e-19,"c00100",7.05810055735167e-18,"Cu",0.137772706001289,"Cu=1","00110",7,0.218894710533703
"1591",0,0,0,0,1,1,0,1,0,FALSE,4.41127609551842e-19,"c00100",7.05810055735167e-18,"S",0,"S=0","00110",7,0.0551945259269816
"1592",0,0,0,0,1,1,0,1,0,FALSE,4.41127609551842e-19,"c00100",7.05810055735167e-18,"Su",0.000398352532868493,"Su=1","00110",7,0.0554148332275441
"1593",0,0,0,0,1,1,0,1,0,FALSE,4.41127609551842e-19,"c00100",7.05810055735167e-18,"br",0,"br=0","00110",7,0.0551945259269816
"1594",1,0,0,0,1,1,0,1,0,FALSE,4.41127609551842e-19,"c10100",7.05810055735167e-18,"P",0.00156689199044247,"P=1","00110",7,0.0552810450926828
"1595",1,0,0,0,1,1,0,1,0,FALSE,4.41127609551842e-19,"c10100",7.05810055735167e-18,"Pu",0.00284750976037152,"Pu=0","00110",7,0.0559935363873598
"1596",1,0,0,0,1,1,0,1,0,FALSE,4.41127609551842e-19,"c10100",7.05810055735167e-18,"K",0.141156900559349,"K=0","00110",7,0.223258472643927
"1597",1,0,0,0,1,1,0,1,0,FALSE,4.41127609551842e-19,"c10100",7.05810055735167e-18,"Ku",0.141757824261967,"Ku=0","00110",7,0.224604124846271
"1598",1,0,0,0,1,1,0,1,0,FALSE,4.41127609551842e-19,"c10100",7.05810055735167e-18,"C",0,"C=1","00110",7,0.0544216016836477
"1599",1,0,0,0,1,1,0,1,0,FALSE,4.41127609551842e-19,"c10100",7.05810055735167e-18,"Cu",0.140329010473536,"Cu=1","00110",7,0.221417767902711
"1600",1,0,0,0,1,1,0,1,0,FALSE,4.41127609551842e-19,"c10100",7.05810055735167e-18,"S",0,"S=0","00110",7,0.0544216016836477
"1601",1,0,0,0,1,1,0,1,0,FALSE,4.41127609551842e-19,"c10100",7.05810055735167e-18,"Su",0.00318040725878044,"Su=1","00110",7,0.0561802480761052
"1602",1,0,0,0,1,1,0,1,0,FALSE,4.41127609551842e-19,"c10100",7.05810055735167e-18,"br",0,"br=0","00110",7,0.0544216016836477
"1603",0,1,0,0,1,1,0,1,0,FALSE,6.70284668430984e-12,"c00100",1.07246440472029e-10,"P",0.00513922785886957,"P=0","10110",23,0.0549745079296078
"1604",0,1,0,0,1,1,0,1,0,FALSE,6.70284668430984e-12,"c00100",1.07246440472029e-10,"Pu",-0.00122206510091403,"Pu=1","10110",23,0.0515863269611135
"1605",0,1,0,0,1,1,0,1,0,FALSE,6.70284668430984e-12,"c00100",1.07246440472029e-10,"K",0.149157560308913,"K=0","10110",23,0.232073216466906
"1606",0,1,0,0,1,1,0,1,0,FALSE,6.70284668430984e-12,"c00100",1.07246440472029e-10,"Ku",0.147701126716813,"Ku=0","10110",23,0.228717718795422
"1607",0,1,0,0,1,1,0,1,0,FALSE,6.70284668430984e-12,"c00100",1.07246440472029e-10,"C",0,"C=1","10110",23,0.0522206132616066
"1608",0,1,0,0,1,1,0,1,0,FALSE,6.70284668430984e-12,"c00100",1.07246440472029e-10,"Cu",0.146009873552568,"Cu=1","10110",23,0.22488205000115
"1609",0,1,0,0,1,1,0,1,0,FALSE,6.70284668430984e-12,"c00100",1.07246440472029e-10,"S",0,"S=0","10110",23,0.0522206132616066
"1610",0,1,0,0,1,1,0,1,0,FALSE,6.70284668430984e-12,"c00100",1.07246440472029e-10,"Su",-0.00216078807058347,"Su=1","10110",23,0.0511043400609805
"1611",0,1,0,0,1,1,0,1,0,FALSE,6.70284668430984e-12,"c00100",1.07246440472029e-10,"br",0,"br=0","10110",23,0.0522206132616066
"1612",1,1,0,0,1,1,0,1,0,FALSE,6.70284668430984e-12,"c10100",1.07246440472029e-10,"P",0.000673470579532424,"P=1","10110",23,0.0550280902362075
"1613",1,1,0,0,1,1,0,1,0,FALSE,6.70284668430984e-12,"c10100",1.07246440472029e-10,"Pu",0.00309680539825304,"Pu=1","10110",23,0.0563778941855579
"1614",1,1,0,0,1,1,0,1,0,FALSE,6.70284668430984e-12,"c10100",1.07246440472029e-10,"K",0.141515195464761,"K=0","10110",23,0.225036145343463
"1615",1,1,0,0,1,1,0,1,0,FALSE,6.70284668430984e-12,"c10100",1.07246440472029e-10,"Ku",0.142528655739541,"Ku=0","10110",23,0.227328393171252
"1616",1,1,0,0,1,1,0,1,0,FALSE,6.70284668430984e-12,"c10100",1.07246440472029e-10,"C",0,"C=1","10110",23,0.0546587373754517
"1617",1,1,0,0,1,1,0,1,0,FALSE,6.70284668430984e-12,"c10100",1.07246440472029e-10,"Cu",0.138713019163521,"Cu=1","10110",23,0.218817767656169
"1618",1,1,0,0,1,1,0,1,0,FALSE,6.70284668430984e-12,"c10100",1.07246440472029e-10,"S",0,"S=0","10110",23,0.0546587373754517
"1619",1,1,0,0,1,1,0,1,0,FALSE,6.70284668430984e-12,"c10100",1.07246440472029e-10,"Su",-0.00226338124134405,"Su=1","10110",23,0.053435497280996
"1620",1,1,0,0,1,1,0,1,0,FALSE,6.70284668430984e-12,"c10100",1.07246440472029e-10,"br",0,"br=0","10110",23,0.0546587373754517
"1621",0,0,1,0,1,1,0,1,0,FALSE,4.41127609551842e-19,"c01100",1.36038479639954e-17,"P",0.000323423993433113,"P=0","00110",7,0.0162769802798147
"1622",0,0,1,0,1,1,0,1,0,FALSE,4.41127609551842e-19,"c01100",1.36038479639954e-17,"Pu",0.00518377769525042,"Pu=0","00110",7,0.0170876399786374
"1623",0,0,1,0,1,1,0,1,0,FALSE,4.41127609551842e-19,"c01100",1.36038479639954e-17,"K",-0.0597202877393293,"K=1","00110",7,0.00892909226391472
"1624",0,0,1,0,1,1,0,1,0,FALSE,4.41127609551842e-19,"c01100",1.36038479639954e-17,"Ku",0.336720919687423,"Ku=0","00110",7,0.470467468301648
"1625",0,0,1,0,1,1,0,1,0,FALSE,4.41127609551842e-19,"c01100",1.36038479639954e-17,"C",0,"C=1","00110",7,0.0162244216595926
"1626",0,0,1,0,1,1,0,1,0,FALSE,4.41127609551842e-19,"c01100",1.36038479639954e-17,"Cu",0.325783305731926,"Cu=1","00110",7,0.421723832418137
"1627",0,0,1,0,1,1,0,1,0,FALSE,4.41127609551842e-19,"c01100",1.36038479639954e-17,"S",0,"S=0","00110",7,0.0162244216595926
"1628",0,0,1,0,1,1,0,1,0,FALSE,4.41127609551842e-19,"c01100",1.36038479639954e-17,"Su",0.0037341630062981,"Su=1","00110",7,0.0168417217790707
"1629",0,0,1,0,1,1,0,1,0,FALSE,4.41127609551842e-19,"c01100",1.36038479639954e-17,"br",0,"br=0","00110",7,0.0162244216595926
"1630",1,0,1,0,1,1,0,1,0,FALSE,4.41127609551842e-19,"c11100",1.36038479639954e-17,"P",-0.0046929198270734,"P=1","00110",7,0.0149844201743456
"1631",1,0,1,0,1,1,0,1,0,FALSE,4.41127609551842e-19,"c11100",1.36038479639954e-17,"Pu",-0.0021843475636492,"Pu=0","00110",7,0.0153650696548414
"1632",1,0,1,0,1,1,0,1,0,FALSE,4.41127609551842e-19,"c11100",1.36038479639954e-17,"K",-0.0593343338986671,"K=1","00110",7,0.00867631470680318
"1633",1,0,1,0,1,1,0,1,0,FALSE,4.41127609551842e-19,"c11100",1.36038479639954e-17,"Ku",0.339013374754616,"Ku=0","00110",7,0.465947959081902
"1634",1,0,1,0,1,1,0,1,0,FALSE,4.41127609551842e-19,"c11100",1.36038479639954e-17,"C",0,"C=1","00110",7,0.0157043886407929
"1635",1,0,1,0,1,1,0,1,0,FALSE,4.41127609551842e-19,"c11100",1.36038479639954e-17,"Cu",0.331524582318687,"Cu=1","00110",7,0.432328634799934
"1636",1,0,1,0,1,1,0,1,0,FALSE,4.41127609551842e-19,"c11100",1.36038479639954e-17,"S",0,"S=0","00110",7,0.0157043886407929
"1637",1,0,1,0,1,1,0,1,0,FALSE,4.41127609551842e-19,"c11100",1.36038479639954e-17,"Su",-0.000314724227014444,"Su=1","00110",7,0.0156550408205418
"1638",1,0,1,0,1,1,0,1,0,FALSE,4.41127609551842e-19,"c11100",1.36038479639954e-17,"br",-0.000450602415102465,"br=0","00110",7,0.0156337834800455
"1639",0,1,1,0,1,1,0,1,0,FALSE,6.70284668430984e-12,"c01100",2.06707776264468e-10,"P",-0.00231334869607295,"P=0","10110",23,0.0149745326922463
"1640",0,1,1,0,1,1,0,1,0,FALSE,6.70284668430984e-12,"c01100",2.06707776264468e-10,"Pu",-0.000321421456502567,"Pu=1","10110",23,0.0152758050899784
"1641",0,1,1,0,1,1,0,1,0,FALSE,6.70284668430984e-12,"c01100",2.06707776264468e-10,"K",-0.0602358014685755,"K=1","10110",23,0.00839072064343662
"1642",0,1,1,0,1,1,0,1,0,FALSE,6.70284668430984e-12,"c01100",2.06707776264468e-10,"Ku",0.341300132781763,"Ku=0","10110",23,0.465208528026147
"1643",0,1,1,0,1,1,0,1,0,FALSE,6.70284668430984e-12,"c01100",2.06707776264468e-10,"C",0,"C=1","10110",23,0.0153249837983119
"1644",0,1,1,0,1,1,0,1,0,FALSE,6.70284668430984e-12,"c01100",2.06707776264468e-10,"Cu",0.334418868457004,"Cu=1","10110",23,0.434272887342977
"1645",0,1,1,0,1,1,0,1,0,FALSE,6.70284668430984e-12,"c01100",2.06707776264468e-10,"S",0,"S=0","10110",23,0.0153249837983119
"1646",0,1,1,0,1,1,0,1,0,FALSE,6.70284668430984e-12,"c01100",2.06707776264468e-10,"Su",0.00369966092537958,"Su=1","10110",23,0.0159025748102795
"1647",0,1,1,0,1,1,0,1,0,FALSE,6.70284668430984e-12,"c01100",2.06707776264468e-10,"br",0,"br=0","10110",23,0.0153249837983119
"1648",1,1,1,0,1,1,0,1,0,FALSE,6.70284668430984e-12,"c11100",2.06707776264468e-10,"P",-0.00230010566953838,"P=1","10110",23,0.0152744773015831
"1649",1,1,1,0,1,1,0,1,0,FALSE,6.70284668430984e-12,"c11100",2.06707776264468e-10,"Pu",0.0016032132329385,"Pu=1","10110",23,0.0158824777665711
"1650",1,1,1,0,1,1,0,1,0,FALSE,6.70284668430984e-12,"c11100",2.06707776264468e-10,"K",-0.0597665176943152,"K=1","10110",23,0.00859791012507144
"1651",1,1,1,0,1,1,0,1,0,FALSE,6.70284668430984e-12,"c11100",2.06707776264468e-10,"Ku",0.340474080524333,"Ku=0","10110",23,0.470560786963431
"1652",1,1,1,0,1,1,0,1,0,FALSE,6.70284668430984e-12,"c11100",2.06707776264468e-10,"C",0,"C=1","10110",23,0.0156298780477947
"1653",1,1,1,0,1,1,0,1,0,FALSE,6.70284668430984e-12,"c11100",2.06707776264468e-10,"Cu",0.3308706471159,"Cu=1","10110",23,0.427472865187886
"1654",1,1,1,0,1,1,0,1,0,FALSE,6.70284668430984e-12,"c11100",2.06707776264468e-10,"S",0,"S=0","10110",23,0.0156298780477947
"1655",1,1,1,0,1,1,0,1,0,FALSE,6.70284668430984e-12,"c11100",2.06707776264468e-10,"Su",-0.00199045248679711,"Su=1","10110",23,0.0153218485120734
"1656",1,1,1,0,1,1,0,1,0,FALSE,6.70284668430984e-12,"c11100",2.06707776264468e-10,"br",0,"br=0","10110",23,0.0156298780477947
"1657",0,0,0,1,1,1,0,1,0,FALSE,4.09105805539199e-19,"c00100",6.54574742448234e-18,"P",-0.00189554947196619,"P=0","01110",15,0.0152409425265563
"1658",0,0,0,1,1,1,0,1,0,FALSE,4.09105805539199e-19,"c00100",6.54574742448234e-18,"Pu",0.00150551122578521,"Pu=0","01110",15,0.0157682117821839
"1659",0,0,0,1,1,1,0,1,0,FALSE,4.09105805539199e-19,"c00100",6.54574742448234e-18,"K",0.339247421924775,"K=0","01110",15,0.461930805346774
"1660",0,0,0,1,1,1,0,1,0,FALSE,4.09105805539199e-19,"c00100",6.54574742448234e-18,"Ku",-0.0599775588314874,"Ku=1","01110",15,0.00852638352500836
"1661",0,0,0,1,1,1,0,1,0,FALSE,4.09105805539199e-19,"c00100",6.54574742448234e-18,"C",0,"C=1","01110",15,0.0155325976327037
"1662",0,0,0,1,1,1,0,1,0,FALSE,4.09105805539199e-19,"c00100",6.54574742448234e-18,"Cu",0.3334659373446,"Cu=1","01110",15,0.43598169655368
"1663",0,0,0,1,1,1,0,1,0,FALSE,4.09105805539199e-19,"c00100",6.54574742448234e-18,"S",0,"S=0","01110",15,0.0155325976327037
"1664",0,0,0,1,1,1,0,1,0,FALSE,4.09105805539199e-19,"c00100",6.54574742448234e-18,"Su",0.00311500635636657,"Su=1","01110",15,0.0160240537420305
"1665",0,0,0,1,1,1,0,1,0,FALSE,4.09105805539199e-19,"c00100",6.54574742448234e-18,"br",-0.000450948838878399,"br=0","01110",15,0.0154627112583593
"1666",1,0,0,1,1,1,0,1,0,FALSE,4.09105805539199e-19,"c10100",6.54574742448234e-18,"P",9.53883459990089e-06,"P=1","01110",15,0.0153283183698195
"1667",1,0,0,1,1,1,0,1,0,FALSE,4.09105805539199e-19,"c10100",6.54574742448234e-18,"Pu",-0.00109652963259871,"Pu=0","01110",15,0.0151597108500166
"1668",1,0,0,1,1,1,0,1,0,FALSE,4.09105805539199e-19,"c10100",6.54574742448234e-18,"K",0.343770293973624,"K=0","01110",15,0.476901296012073
"1669",1,0,0,1,1,1,0,1,0,FALSE,4.09105805539199e-19,"c10100",6.54574742448234e-18,"Ku",-0.0600256465235342,"Ku=1","01110",15,0.00840940008496707
"1670",1,0,0,1,1,1,0,1,0,FALSE,4.09105805539199e-19,"c10100",6.54574742448234e-18,"C",0,"C=1","01110",15,0.0153268562966168
"1671",1,0,0,1,1,1,0,1,0,FALSE,4.09105805539199e-19,"c10100",6.54574742448234e-18,"Cu",0.331822239507222,"Cu=1","01110",15,0.423193278650703
"1672",1,0,0,1,1,1,0,1,0,FALSE,4.09105805539199e-19,"c10100",6.54574742448234e-18,"S",0,"S=0","01110",15,0.0153268562966168
"1673",1,0,0,1,1,1,0,1,0,FALSE,4.09105805539199e-19,"c10100",6.54574742448234e-18,"Su",-0.00197295954944667,"Su=1","01110",15,0.0150274271425703
"1674",1,0,0,1,1,1,0,1,0,FALSE,4.09105805539199e-19,"c10100",6.54574742448234e-18,"br",0,"br=0","01110",15,0.0153268562966168
"1675",0,1,0,1,1,1,0,1,0,FALSE,6.21628171262325e-12,"c00100",9.9461336063493e-11,"P",0.00327462926288876,"P=0","11110",31,0.0170485762671003
"1676",0,1,0,1,1,1,0,1,0,FALSE,6.21628171262325e-12,"c00100",9.9461336063493e-11,"Pu",0.000942119362521577,"Pu=1","11110",31,0.0166555184148913
"1677",0,1,0,1,1,1,0,1,0,FALSE,6.21628171262325e-12,"c00100",9.9461336063493e-11,"K",0.332522936737909,"K=0","11110",31,0.458770356211432
"1678",0,1,0,1,1,1,0,1,0,FALSE,6.21628171262325e-12,"c00100",9.9461336063493e-11,"Ku",-0.0590513618597877,"Ku=1","11110",31,0.0091413381953632
"1679",0,1,0,1,1,1,0,1,0,FALSE,6.21628171262325e-12,"c00100",9.9461336063493e-11,"C",0,"C=1","11110",31,0.0164993403978262
"1680",0,1,0,1,1,1,0,1,0,FALSE,6.21628171262325e-12,"c00100",9.9461336063493e-11,"Cu",0.326689130045104,"Cu=1","11110",31,0.432772291791849
"1681",0,1,0,1,1,1,0,1,0,FALSE,6.21628171262325e-12,"c00100",9.9461336063493e-11,"S",0,"S=0","11110",31,0.0164993403978262
"1682",0,1,0,1,1,1,0,1,0,FALSE,6.21628171262325e-12,"c00100",9.9461336063493e-11,"Su",-0.00236382793821111,"Su=1","11110",31,0.0161138979258848
"1683",0,1,0,1,1,1,0,1,0,FALSE,6.21628171262325e-12,"c00100",9.9461336063493e-11,"br",0,"br=0","11110",31,0.0164993403978262
"1684",1,1,0,1,1,1,0,1,0,FALSE,6.21628171262325e-12,"c10100",9.9461336063493e-11,"P",-0.00126339464746184,"P=1","11110",31,0.0151639323894754
"1685",1,1,0,1,1,1,0,1,0,FALSE,6.21628171262325e-12,"c10100",9.9461336063493e-11,"Pu",0.00657635138712214,"Pu=1","11110",31,0.016400588188989
"1686",1,1,0,1,1,1,0,1,0,FALSE,6.21628171262325e-12,"c10100",9.9461336063493e-11,"K",0.339340952955279,"K=0","11110",31,0.457127897533155
"1687",1,1,0,1,1,1,0,1,0,FALSE,6.21628171262325e-12,"c10100",9.9461336063493e-11,"Ku",-0.060482542031753,"Ku=1","11110",31,0.00838738058702883
"1688",1,1,0,1,1,1,0,1,0,FALSE,6.21628171262325e-12,"c10100",9.9461336063493e-11,"C",0,"C=1","11110",31,0.0153567280200254
"1689",1,1,0,1,1,1,0,1,0,FALSE,6.21628171262325e-12,"c10100",9.9461336063493e-11,"Cu",0.335832769799665,"Cu=1","11110",31,0.441369054386065
"1690",1,1,0,1,1,1,0,1,0,FALSE,6.21628171262325e-12,"c10100",9.9461336063493e-11,"S",0,"S=0","11110",31,0.0153567280200254
"1691",1,1,0,1,1,1,0,1,0,FALSE,6.21628171262325e-12,"c10100",9.9461336063493e-11,"Su",0.0012545730602243,"Su=1","11110",31,0.0155506030014283
"1692",1,1,0,1,1,1,0,1,0,FALSE,6.21628171262325e-12,"c10100",9.9461336063493e-11,"br",-0.00045451432253863,"br=0","11110",31,0.0152870878738078
"1693",0,0,1,1,1,1,0,1,0,FALSE,4.09105805539199e-19,"c01100",1.26163338209486e-17,"P",0.00480225549874548,"P=0","01110",15,0.000255272027294536
"1694",0,0,1,1,1,1,0,1,0,FALSE,4.09105805539199e-19,"c01100",1.26163338209486e-17,"Pu",-0.00521084158816634,"Pu=0","01110",15,0.000230949432445236
"1695",0,0,1,1,1,1,0,1,0,FALSE,4.09105805539199e-19,"c01100",1.26163338209486e-17,"K",-0.149412449125034,"K=1","01110",15,5.46081262462853e-05
"1696",0,0,1,1,1,1,0,1,0,FALSE,4.09105805539199e-19,"c01100",1.26163338209486e-17,"Ku",-0.148750302858395,"Ku=1","01110",15,5.49709116751038e-05
"1697",0,0,1,1,1,1,0,1,0,FALSE,4.09105805539199e-19,"c01100",1.26163338209486e-17,"C",0,"C=1","01110",15,0.000243302906354305
"1698",0,0,1,1,1,1,0,1,0,FALSE,4.09105805539199e-19,"c01100",1.26163338209486e-17,"Cu",0.831962966074716,"Cu=1","01110",15,0.998427535678788
"1699",0,0,1,1,1,1,0,1,0,FALSE,4.09105805539199e-19,"c01100",1.26163338209486e-17,"S",0,"S=0","01110",15,0.000243302906354305
"1700",0,0,1,1,1,1,0,1,0,FALSE,4.09105805539199e-19,"c01100",1.26163338209486e-17,"Su",0.00140891697039338,"Su=1","01110",15,0.000246755104487793
"1701",0,0,1,1,1,1,0,1,0,FALSE,4.09105805539199e-19,"c01100",1.26163338209486e-17,"br",0,"br=0","01110",15,0.000243302906354305
"1702",1,0,1,1,1,1,0,1,0,FALSE,4.09105805539199e-19,"c11100",1.26163338209486e-17,"P",-0.00370649557549004,"P=1","01110",15,0.000249036152178704
"1703",1,0,1,1,1,1,0,1,0,FALSE,4.09105805539199e-19,"c11100",1.26163338209486e-17,"Pu",0.00387912859464954,"Pu=0","01110",15,0.000268662062635658
"1704",1,0,1,1,1,1,0,1,0,FALSE,4.09105805539199e-19,"c11100",1.26163338209486e-17,"K",-0.148468246864979,"K=1","01110",15,5.85558244022021e-05
"1705",1,0,1,1,1,1,0,1,0,FALSE,4.09105805539199e-19,"c11100",1.26163338209486e-17,"Ku",-0.148468246864979,"Ku=1","01110",15,5.85558244022021e-05
"1706",1,0,1,1,1,1,0,1,0,FALSE,4.09105805539199e-19,"c11100",1.26163338209486e-17,"C",0,"C=1","01110",15,0.000258439863663472
"1707",1,0,1,1,1,1,0,1,0,FALSE,4.09105805539199e-19,"c11100",1.26163338209486e-17,"Cu",0.825917115795619,"Cu=1","01110",15,0.998325035466698
"1708",1,0,1,1,1,1,0,1,0,FALSE,4.09105805539199e-19,"c11100",1.26163338209486e-17,"S",0,"S=0","01110",15,0.000258439863663472
"1709",1,0,1,1,1,1,0,1,0,FALSE,4.09105805539199e-19,"c11100",1.26163338209486e-17,"Su",0.0024444256540243,"Su=1","01110",15,0.000264835078692693
"1710",1,0,1,1,1,1,0,1,0,FALSE,4.09105805539199e-19,"c11100",1.26163338209486e-17,"br",0,"br=0","01110",15,0.000258439863663472
"1711",0,1,1,1,1,1,0,1,0,FALSE,6.21628171262325e-12,"c01100",1.91702694387696e-10,"P",0.000878786225930675,"P=0","11110",31,0.000257921685937399
"1712",0,1,1,1,1,1,0,1,0,FALSE,6.21628171262325e-12,"c01100",1.91702694387696e-10,"Pu",0.00192543407516563,"Pu=1","11110",31,0.000260635394428539
"1713",0,1,1,1,1,1,0,1,0,FALSE,6.21628171262325e-12,"c01100",1.91702694387696e-10,"K",-0.150961243710654,"K=1","11110",31,5.65008508086397e-05
"1714",0,1,1,1,1,1,0,1,0,FALSE,6.21628171262325e-12,"c01100",1.91702694387696e-10,"Ku",-0.149805062345271,"Ku=1","11110",31,5.71578941038408e-05
"1715",0,1,1,1,1,1,0,1,0,FALSE,6.21628171262325e-12,"c01100",1.91702694387696e-10,"C",0,"C=1","11110",31,0.000255665035775838
"1716",0,1,1,1,1,1,0,1,0,FALSE,6.21628171262325e-12,"c01100",1.91702694387696e-10,"Cu",0.826999353513098,"Cu=1","11110",31,0.998352469543055
"1717",0,1,1,1,1,1,0,1,0,FALSE,6.21628171262325e-12,"c01100",1.91702694387696e-10,"S",0,"S=0","11110",31,0.000255665035775838
"1718",0,1,1,1,1,1,0,1,0,FALSE,6.21628171262325e-12,"c01100",1.91702694387696e-10,"Su",-0.0029151812230279,"Su=1","11110",31,0.000248319524338632
"1719",0,1,1,1,1,1,0,1,0,FALSE,6.21628171262325e-12,"c01100",1.91702694387696e-10,"br",0,"br=0","11110",31,0.000255665035775838
"1720",1,1,1,1,1,1,0,1,0,FALSE,6.21628171262325e-12,"c11100",1.91702694387696e-10,"P",0.00111081877472862,"P=1","11110",31,0.000253216453403798
"1721",1,1,1,1,1,1,0,1,0,FALSE,6.21628171262325e-12,"c11100",1.91702694387696e-10,"Pu",-0.00235015817280358,"Pu=1","11110",31,0.000244602611676128
"1722",1,1,1,1,1,1,0,1,0,FALSE,6.21628171262325e-12,"c11100",1.91702694387696e-10,"K",-0.150178336946757,"K=1","11110",31,5.57765267205702e-05
"1723",1,1,1,1,1,1,0,1,0,FALSE,6.21628171262325e-12,"c11100",1.91702694387696e-10,"Ku",-0.150655700438315,"Ku=1","11110",31,5.55109044414475e-05
"1724",1,1,1,1,1,1,0,1,0,FALSE,6.21628171262325e-12,"c11100",1.91702694387696e-10,"C",0,"C=1","11110",31,0.000250419242234797
"1725",1,1,1,1,1,1,0,1,0,FALSE,6.21628171262325e-12,"c11100",1.91702694387696e-10,"Cu",0.829077034926066,"Cu=1","11110",31,0.998397558837523
"1726",1,1,1,1,1,1,0,1,0,FALSE,6.21628171262325e-12,"c11100",1.91702694387696e-10,"S",0,"S=0","11110",31,0.000250419242234797
"1727",1,1,1,1,1,1,0,1,0,FALSE,6.21628171262325e-12,"c11100",1.91702694387696e-10,"Su",-0.0033880874685608,"Su=1","11110",31,0.000242076939531031
"1728",1,1,1,1,1,1,0,1,0,FALSE,6.21628171262325e-12,"c11100",1.91702694387696e-10,"br",0,"br=0","11110",31,0.000250419242234797
"1729",0,0,0,0,0,0,1,1,0,FALSE,3.11989831738666e-10,"c00010",4.9918728173549e-09,"P",0.00622211660246248,"P=0","00010",3,0.032741645353924
"1730",0,0,0,0,0,0,1,1,0,FALSE,3.11989831738666e-10,"c00010",4.9918728173549e-09,"Pu",0.00136399448477588,"Pu=0","00010",3,0.0311890354343233
"1731",0,0,0,0,0,0,1,1,0,FALSE,3.11989831738666e-10,"c00010",4.9918728173549e-09,"K",0.246510068510879,"K=0","00010",3,0.361957696653526
"1732",0,0,0,0,0,0,1,1,0,FALSE,3.11989831738666e-10,"c00010",4.9918728173549e-09,"Ku",0.246992624102255,"Ku=0","00010",3,0.363708564815694
"1733",0,0,0,0,0,0,1,1,0,FALSE,3.11989831738666e-10,"c00010",4.9918728173549e-09,"C",-0.00448364383327988,"C=0","00010",3,0.0294175143006278
"1734",0,0,0,0,0,0,1,1,0,FALSE,3.11989831738666e-10,"c00010",4.9918728173549e-09,"Cu",-0.0140637515384882,"Cu=0","00010",3,0.0267300698797815
"1735",0,0,0,0,0,0,1,1,0,FALSE,3.11989831738666e-10,"c00010",4.9918728173549e-09,"S",0.0797912980172123,"S=1","00010",3,0.0683293666654631
"1736",0,0,0,0,0,0,1,1,0,FALSE,3.11989831738666e-10,"c00010",4.9918728173549e-09,"Su",0.0583804141482165,"Su=1","00010",3,0.0551596000016631
"1737",0,0,0,0,0,0,1,1,0,FALSE,3.11989831738666e-10,"c00010",4.9918728173549e-09,"br",0,"br=0","00010",3,0.0307665068949964
"1738",1,0,0,0,0,0,1,1,0,FALSE,3.11989831738666e-10,"c10010",4.9918728173549e-09,"P",-0.00542879758250707,"P=1","00010",3,0.0303106620845352
"1739",1,0,0,0,0,0,1,1,0,FALSE,3.11989831738666e-10,"c10010",4.9918728173549e-09,"Pu",0.00121187943420743,"Pu=0","00010",3,0.0323918324053275
"1740",1,0,0,0,0,0,1,1,0,FALSE,3.11989831738666e-10,"c10010",4.9918728173549e-09,"K",0.241636427412059,"K=0","00010",3,0.358579999058769
"1741",1,0,0,0,0,0,1,1,0,FALSE,3.11989831738666e-10,"c10010",4.9918728173549e-09,"Ku",0.242560373175697,"Ku=0","00010",3,0.36190843656966
"1742",1,0,0,0,0,0,1,1,0,FALSE,3.11989831738666e-10,"c10010",4.9918728173549e-09,"C",-0.00683658403288929,"C=0","00010",3,0.0298869422240117
"1743",1,0,0,0,0,0,1,1,0,FALSE,3.11989831738666e-10,"c10010",4.9918728173549e-09,"Cu",-0.0141187264378664,"Cu=0","00010",3,0.0277878881038544
"1744",1,0,0,0,0,0,1,1,0,FALSE,3.11989831738666e-10,"c10010",4.9918728173549e-09,"S",0.0692706669892053,"S=1","00010",3,0.0639751150442991
"1745",1,0,0,0,0,0,1,1,0,FALSE,3.11989831738666e-10,"c10010",4.9918728173549e-09,"Su",0.067984366903007,"Su=1","00010",3,0.0631574730230221
"1746",1,0,0,0,0,0,1,1,0,FALSE,3.11989831738666e-10,"c10010",4.9918728173549e-09,"br",0,"br=0","00010",3,0.0320016514865208
"1747",0,1,0,0,0,0,1,1,0,FALSE,0.0047406237195909,"c00010",0.0758505190738269,"P",0.00455483144370609,"P=0","10010",19,0.0342498327317453
"1748",0,1,0,0,0,0,1,1,0,FALSE,0.0047406237195909,"c00010",0.0758505190738269,"Pu",-0.00318226020309462,"Pu=1","10010",19,0.0316998124506876
"1749",0,1,0,0,0,0,1,1,0,FALSE,0.0047406237195909,"c00010",0.0758505190738269,"K",0.238435443769583,"K=0","10010",19,0.355131379535609
"1750",0,1,0,0,0,0,1,1,0,FALSE,0.0047406237195909,"c00010",0.0758505190738269,"Ku",0.239240716985185,"Ku=0","10010",19,0.358002702897936
"1751",0,1,0,0,0,0,1,1,0,FALSE,0.0047406237195909,"c00010",0.0758505190738269,"C",-0.009254394185303,"C=0","10010",19,0.0298322321471145
"1752",0,1,0,0,0,0,1,1,0,FALSE,0.0047406237195909,"c00010",0.0758505190738269,"Cu",-0.0117331974575834,"Cu=0","10010",19,0.0291018396950041
"1753",0,1,0,0,0,0,1,1,0,FALSE,0.0047406237195909,"c00010",0.0758505190738269,"S",0.0639772062414662,"S=1","10010",19,0.0620478231553242
"1754",0,1,0,0,0,0,1,1,0,FALSE,0.0047406237195909,"c00010",0.0758505190738269,"Su",0.0719682310533657,"Su=1","10010",19,0.0672095719453338
"1755",0,1,0,0,0,0,1,1,0,FALSE,0.0047406237195909,"c00010",0.0758505190738269,"br",0,"br=0","10010",19,0.0327248054412453
"1756",1,1,0,0,0,0,1,1,0,FALSE,0.0047406237195909,"c10010",0.0758505190738269,"P",0.000512579351783367,"P=1","10010",19,0.0318795696712999
"1757",1,1,0,0,0,0,1,1,0,FALSE,0.0047406237195909,"c10010",0.0758505190738269,"Pu",0.00896103298591225,"Pu=1","10010",19,0.0346899455644842
"1758",1,1,0,0,0,0,1,1,0,FALSE,0.0047406237195909,"c10010",0.0758505190738269,"K",0.240247575805437,"K=0","10010",19,0.350484092393433
"1759",1,1,0,0,0,0,1,1,0,FALSE,0.0047406237195909,"c10010",0.0758505190738269,"Ku",0.240667038387715,"Ku=0","10010",19,0.351957329697362
"1760",1,1,0,0,0,0,1,1,0,FALSE,0.0047406237195909,"c10010",0.0758505190738269,"C",-0.0083129088165393,"C=0","10010",19,0.0291866225881287
"1761",1,1,0,0,0,0,1,1,0,FALSE,0.0047406237195909,"c10010",0.0758505190738269,"Cu",-0.0112256821807947,"Cu=0","10010",19,0.0283487444046192
"1762",1,1,0,0,0,0,1,1,0,FALSE,0.0047406237195909,"c10010",0.0758505190738269,"S",0.0733524253875423,"S=1","10010",19,0.0660468154647487
"1763",1,1,0,0,0,0,1,1,0,FALSE,0.0047406237195909,"c10010",0.0758505190738269,"Su",0.0604032972686405,"Su=1","10010",19,0.0580249177466114
"1764",1,1,0,0,0,0,1,1,0,FALSE,0.0047406237195909,"c10010",0.0758505190738269,"br",0.0442745663394513,"br=0","10010",19,0.0493819624693131
"1765",0,0,1,0,0,0,1,1,0,FALSE,3.11989831738666e-10,"c01010",8.47263083628618e-09,"P",0.000506307316471317,"P=0","00010",3,0.00245674578863642
"1766",0,0,1,0,0,0,1,1,0,FALSE,3.11989831738666e-10,"c01010",8.47263083628618e-09,"Pu",-0.000536170054746776,"Pu=0","00010",3,0.00243126780158289
"1767",0,0,1,0,0,0,1,1,0,FALSE,3.11989831738666e-10,"c01010",8.47263083628618e-09,"K",-0.104324468189415,"K=1","00010",3,0.000861164159746947
"1768",0,0,1,0,0,0,1,1,0,FALSE,3.11989831738666e-10,"c01010",8.47263083628618e-09,"Ku",0.597479008712827,"Ku=0","00010",3,0.961567377542973
"1769",0,0,1,0,0,0,1,1,0,FALSE,3.11989831738666e-10,"c01010",8.47263083628618e-09,"C",-0.016422825310363,"C=0","00010",3,0.00207413935255631
"1770",0,0,1,0,0,0,1,1,0,FALSE,3.11989831738666e-10,"c01010",8.47263083628618e-09,"Cu",-0.0300692537455052,"Cu=0","00010",3,0.00180955690861383
"1771",0,0,1,0,0,0,1,1,0,FALSE,3.11989831738666e-10,"c01010",8.47263083628618e-09,"S",0.17753159362479,"S=1","00010",3,0.014426841825798
"1772",0,0,1,0,0,0,1,1,0,FALSE,3.11989831738666e-10,"c01010",8.47263083628618e-09,"Su",0.158516165112483,"Su=1","00010",3,0.0119285680792251
"1773",0,0,1,0,0,0,1,1,0,FALSE,3.11989831738666e-10,"c01010",8.47263083628618e-09,"br",0,"br=0","00010",3,0.00244433854086773
"1774",1,0,1,0,0,0,1,1,0,FALSE,3.11989831738666e-10,"c11010",8.47263083628618e-09,"P",0.00157779404814403,"P=1","00010",3,0.00267168405813767
"1775",1,0,1,0,0,0,1,1,0,FALSE,3.11989831738666e-10,"c11010",8.47263083628618e-09,"Pu",-0.00229877515521462,"Pu=0","00010",3,0.00257009616099
"1776",1,0,1,0,0,0,1,1,0,FALSE,3.11989831738666e-10,"c11010",8.47263083628618e-09,"K",-0.104794790910758,"K=1","00010",3,0.000922178159416887
"1777",1,0,1,0,0,0,1,1,0,FALSE,3.11989831738666e-10,"c11010",8.47263083628618e-09,"Ku",0.589858570084632,"Ku=0","00010",3,0.958641106231872
"1778",1,0,1,0,0,0,1,1,0,FALSE,3.11989831738666e-10,"c11010",8.47263083628618e-09,"C",-0.0174176607183991,"C=0","00010",3,0.00220947395835514
"1779",1,0,1,0,0,0,1,1,0,FALSE,3.11989831738666e-10,"c11010",8.47263083628618e-09,"Cu",-0.0294263058915013,"Cu=0","00010",3,0.00195945820218347
"1780",1,0,1,0,0,0,1,1,0,FALSE,3.11989831738666e-10,"c11010",8.47263083628618e-09,"S",0.172701262484022,"S=1","00010",3,0.0147898878124249
"1781",1,0,1,0,0,0,1,1,0,FALSE,3.11989831738666e-10,"c11010",8.47263083628618e-09,"Su",0.164359848992808,"Su=1","00010",3,0.0136062542235749
"1782",1,0,1,0,0,0,1,1,0,FALSE,3.11989831738666e-10,"c11010",8.47263083628618e-09,"br",0,"br=0","00010",3,0.00262986119304487
"1783",0,1,1,0,0,0,1,1,0,FALSE,0.0047406237195909,"c01010",0.128739947984842,"P",0.00417877692452283,"P=0","10010",19,0.00269491331032662
"1784",0,1,1,0,0,0,1,1,0,FALSE,0.0047406237195909,"c01010",0.128739947984842,"Pu",-0.00057304382560608,"Pu=1","10010",19,0.00256985076592487
"1785",0,1,1,0,0,0,1,1,0,FALSE,0.0047406237195909,"c01010",0.128739947984842,"K",-0.104700354218935,"K=1","10010",19,0.000907170127813765
"1786",0,1,1,0,0,0,1,1,0,FALSE,0.0047406237195909,"c01010",0.128739947984842,"Ku",0.591531954325729,"Ku=0","10010",19,0.95804793284195
"1787",0,1,1,0,0,0,1,1,0,FALSE,0.0047406237195909,"c01010",0.128739947984842,"C",-0.0108496357297994,"C=0","10010",19,0.00231887443458713
"1788",0,1,1,0,0,0,1,1,0,FALSE,0.0047406237195909,"c01010",0.128739947984842,"Cu",-0.0226846135081417,"Cu=0","10010",19,0.00206005386941753
"1789",0,1,1,0,0,0,1,1,0,FALSE,0.0047406237195909,"c01010",0.128739947984842,"S",0.179890425808844,"S=1","10010",19,0.0156189125956418
"1790",0,1,1,0,0,0,1,1,0,FALSE,0.0047406237195909,"c01010",0.128739947984842,"Su",0.163046223132449,"Su=1","10010",19,0.0131976726422793
"1791",0,1,1,0,0,0,1,1,0,FALSE,0.0047406237195909,"c01010",0.128739947984842,"br",0,"br=0","10010",19,0.00258461941205941
"1792",1,1,1,0,0,0,1,1,0,FALSE,0.0047406237195909,"c11010",0.128739947984842,"P",-0.00675110627790277,"P=1","10010",19,0.00251916761295836
"1793",1,1,1,0,0,0,1,1,0,FALSE,0.0047406237195909,"c11010",0.128739947984842,"Pu",-0.0012626411042195,"Pu=1","10010",19,0.0026612959047
"1794",1,1,1,0,0,0,1,1,0,FALSE,0.0047406237195909,"c11010",0.128739947984842,"K",-0.10400130112403,"K=1","10010",19,0.000952587403657436
"1795",1,1,1,0,0,0,1,1,0,FALSE,0.0047406237195909,"c11010",0.128739947984842,"Ku",0.587360818765156,"Ku=0","10010",19,0.95819162596426
"1796",1,1,1,0,0,0,1,1,0,FALSE,0.0047406237195909,"c11010",0.128739947984842,"C",-0.0193504983498536,"C=0","10010",19,0.00222094907085135
"1797",1,1,1,0,0,0,1,1,0,FALSE,0.0047406237195909,"c11010",0.128739947984842,"Cu",-0.0252043215769824,"Cu=0","10010",19,0.00209467075111152
"1798",1,1,1,0,0,0,1,1,0,FALSE,0.0047406237195909,"c11010",0.128739947984842,"S",0.176842549701015,"S=1","10010",19,0.0157977116051983
"1799",1,1,1,0,0,0,1,1,0,FALSE,0.0047406237195909,"c11010",0.128739947984842,"Su",0.156321698071193,"Su=1","10010",19,0.0128668801306625
"1800",1,1,1,0,0,0,1,1,0,FALSE,0.0047406237195909,"c11010",0.128739947984842,"br",0,"br=0","10010",19,0.00269511155660056
"1801",0,0,0,1,0,0,1,1,0,FALSE,2.89342241722655e-10,"c00010",4.62950879943324e-09,"P",-0.00304393604501873,"P=0","01010",11,0.00241982600953012
"1802",0,0,0,1,0,0,1,1,0,FALSE,2.89342241722655e-10,"c00010",4.62950879943324e-09,"Pu",-0.00209691730760073,"Pu=0","01010",11,0.00244285106898473
"1803",0,0,0,1,0,0,1,1,0,FALSE,2.89342241722655e-10,"c00010",4.62950879943324e-09,"K",0.595396868364882,"K=0","01010",11,0.961124242097662
"1804",0,0,0,1,0,0,1,1,0,FALSE,2.89342241722655e-10,"c00010",4.62950879943324e-09,"Ku",-0.104116041811569,"Ku=1","01010",11,0.000880711287300318
"1805",0,0,0,1,0,0,1,1,0,FALSE,2.89342241722655e-10,"c00010",4.62950879943324e-09,"C",-0.0174835071728901,"C=0","01010",11,0.00209446872518431
"1806",0,0,0,1,0,0,1,1,0,FALSE,2.89342241722655e-10,"c00010",4.62950879943324e-09,"Cu",-0.0253309168755545,"Cu=0","01010",11,0.00193639080852501
"1807",0,0,0,1,0,0,1,1,0,FALSE,2.89342241722655e-10,"c00010",4.62950879943324e-09,"S",0.183313949673174,"S=1","01010",11,0.0156000559046025
"1808",0,0,0,1,0,0,1,1,0,FALSE,2.89342241722655e-10,"c00010",4.62950879943324e-09,"Su",0.148438168037782,"Su=1","01010",11,0.0110068376202351
"1809",0,0,0,1,0,0,1,1,0,FALSE,2.89342241722655e-10,"c00010",4.62950879943324e-09,"br",0,"br=0","01010",11,0.00249461647797563
"1810",1,0,0,1,0,0,1,1,0,FALSE,2.89342241722655e-10,"c10010",4.62950879943324e-09,"P",-0.0035274909462557,"P=1","01010",11,0.00254742669042394
"1811",1,0,0,1,0,0,1,1,0,FALSE,2.89342241722655e-10,"c10010",4.62950879943324e-09,"Pu",0.00245103222071539,"Pu=0","01010",11,0.00270436988415815
"1812",1,0,0,1,0,0,1,1,0,FALSE,2.89342241722655e-10,"c10010",4.62950879943324e-09,"K",0.589580147011637,"K=0","01010",11,0.959258018487122
"1813",1,0,0,1,0,0,1,1,0,FALSE,2.89342241722655e-10,"c10010",4.62950879943324e-09,"Ku",-0.103557851173019,"Ku=1","01010",11,0.000936861430861845
"1814",1,0,0,1,0,0,1,1,0,FALSE,2.89342241722655e-10,"c10010",4.62950879943324e-09,"C",-0.0165606685679863,"C=0","01010",11,0.00223614171574077
"1815",1,0,0,1,0,0,1,1,0,FALSE,2.89342241722655e-10,"c10010",4.62950879943324e-09,"Cu",-0.0270314686780034,"Cu=0","01010",11,0.00201384117622236
"1816",1,0,0,1,0,0,1,1,0,FALSE,2.89342241722655e-10,"c10010",4.62950879943324e-09,"S",0.171870149979037,"S=1","01010",11,0.0147178363865408
"1817",1,0,0,1,0,0,1,1,0,FALSE,2.89342241722655e-10,"c10010",4.62950879943324e-09,"Su",0.159205791382466,"Su=1","01010",11,0.0129671149316333
"1818",1,0,0,1,0,0,1,1,0,FALSE,2.89342241722655e-10,"c10010",4.62950879943324e-09,"br",-0.000779926139801622,"br=0","01010",11,0.00261838929729673
"1819",0,1,0,1,0,0,1,1,0,FALSE,0.00439649807349804,"c00010",0.0703444695692245,"P",-0.00718284156824467,"P=0","11010",27,0.0023600679684743
"1820",0,1,0,1,0,0,1,1,0,FALSE,0.00439649807349804,"c00010",0.0703444695692245,"Pu",-0.00622332555641377,"Pu=1","11010",27,0.00238282218914125
"1821",0,1,0,1,0,0,1,1,0,FALSE,0.00439649807349804,"c00010",0.0703444695692245,"K",0.59369812170052,"K=0","11010",27,0.960544250584637
"1822",0,1,0,1,0,0,1,1,0,FALSE,0.00439649807349804,"c00010",0.0703444695692245,"Ku",-0.10439859053353,"Ku=1","11010",27,0.00089273359290425
"1823",0,1,0,1,0,0,1,1,0,FALSE,0.00439649807349804,"c00010",0.0703444695692245,"C",-0.0160846480567866,"C=0","11010",27,0.00215905873079268
"1824",0,1,0,1,0,0,1,1,0,FALSE,0.00439649807349804,"c00010",0.0703444695692245,"Cu",-0.0330060984463139,"Cu=0","11010",27,0.00182295324857326
"1825",0,1,0,1,0,0,1,1,0,FALSE,0.00439649807349804,"c00010",0.0703444695692245,"S",0.17766905800037,"S=1","11010",27,0.0149873935015458
"1826",0,1,0,1,0,0,1,1,0,FALSE,0.00439649807349804,"c00010",0.0703444695692245,"Su",0.158029072559762,"Su=1","11010",27,0.0123148956743053
"1827",0,1,0,1,0,0,1,1,0,FALSE,0.00439649807349804,"c00010",0.0703444695692245,"br",0,"br=0","11010",27,0.00253582450962585
"1828",1,1,0,1,0,0,1,1,0,FALSE,0.00439649807349804,"c10010",0.0703444695692245,"P",0.00127565239183529,"P=1","11010",27,0.00279833842891834
"1829",1,1,0,1,0,0,1,1,0,FALSE,0.00439649807349804,"c10010",0.0703444695692245,"Pu",-8.54486273600013e-05,"Pu=1","11010",27,0.00276050825352501
"1830",1,1,0,1,0,0,1,1,0,FALSE,0.00439649807349804,"c10010",0.0703444695692245,"K",0.584779931443059,"K=0","11010",27,0.957253850976876
"1831",1,1,0,1,0,0,1,1,0,FALSE,0.00439649807349804,"c10010",0.0703444695692245,"Ku",-0.102771057270953,"Ku=1","11010",27,0.000988623928637643
"1832",1,1,0,1,0,0,1,1,0,FALSE,0.00439649807349804,"c10010",0.0703444695692245,"C",-0.015480517828043,"C=0","11010",27,0.00236662318008088
"1833",1,1,0,1,0,0,1,1,0,FALSE,0.00439649807349804,"c10010",0.0703444695692245,"Cu",-0.0311971698484677,"Cu=0","11010",27,0.00202242563493589
"1834",1,1,0,1,0,0,1,1,0,FALSE,0.00439649807349804,"c10010",0.0703444695692245,"S",0.177241760888045,"S=1","11010",27,0.0162596553508041
"1835",1,1,0,1,0,0,1,1,0,FALSE,0.00439649807349804,"c10010",0.0703444695692245,"Su",0.153216803374151,"Su=1","11010",27,0.0127871061682106
"1836",1,1,0,1,0,0,1,1,0,FALSE,0.00439649807349804,"c10010",0.0703444695692245,"br",0,"br=0","11010",27,0.00276286807801104
"1837",0,0,1,1,0,0,1,1,0,FALSE,2.89342241722655e-10,"c01010",7.85759582547226e-09,"P",-0.00238823385315818,"P=0","01010",11,0.00406836669776929
"1838",0,0,1,1,0,0,1,1,0,FALSE,2.89342241722655e-10,"c01010",7.85759582547226e-09,"Pu",0.000112652445597147,"Pu=0","01010",11,0.00417139486191779
"1839",0,0,1,1,0,0,1,1,0,FALSE,2.89342241722655e-10,"c01010",7.85759582547226e-09,"K",-0.292618624183751,"K=1","01010",11,0.000223339490296306
"1840",0,0,1,1,0,0,1,1,0,FALSE,2.89342241722655e-10,"c01010",7.85759582547226e-09,"Ku",-0.295475114772703,"Ku=1","01010",11,0.000217050074707038
"1841",0,0,1,1,0,0,1,1,0,FALSE,2.89342241722655e-10,"c01010",7.85759582547226e-09,"C",-0.045205571913093,"C=0","01010",11,0.00265134812101357
"1842",0,0,1,1,0,0,1,1,0,FALSE,2.89342241722655e-10,"c01010",7.85759582547226e-09,"Cu",-0.0759751344416453,"Cu=0","01010",11,0.00194910951688266
"1843",0,0,1,1,0,0,1,1,0,FALSE,2.89342241722655e-10,"c01010",7.85759582547226e-09,"S",0.498965017684446,"S=1","01010",11,0.612025612133301
"1844",0,0,1,1,0,0,1,1,0,FALSE,2.89342241722655e-10,"c01010",7.85759582547226e-09,"Su",0.448780257989099,"Su=1","01010",11,0.370527080774646
"1845",0,0,1,1,0,0,1,1,0,FALSE,2.89342241722655e-10,"c01010",7.85759582547226e-09,"br",0,"br=0","01010",11,0.00416669832946634
"1846",1,0,1,1,0,0,1,1,0,FALSE,2.89342241722655e-10,"c11010",7.85759582547226e-09,"P",0.00116463294327325,"P=1","01010",11,0.00421376904418514
"1847",1,0,1,1,0,0,1,1,0,FALSE,2.89342241722655e-10,"c11010",7.85759582547226e-09,"Pu",0.00102138548516228,"Pu=0","01010",11,0.0042077372483672
"1848",1,0,1,1,0,0,1,1,0,FALSE,2.89342241722655e-10,"c11010",7.85759582547226e-09,"K",-0.297074333643879,"K=1","01010",11,0.000213518423182821
"1849",1,0,1,1,0,0,1,1,0,FALSE,2.89342241722655e-10,"c11010",7.85759582547226e-09,"Ku",-0.2961544244634,"Ku=1","01010",11,0.000215491660841747
"1850",1,0,1,1,0,0,1,1,0,FALSE,2.89342241722655e-10,"c11010",7.85759582547226e-09,"C",-0.0466301375183624,"C=0","01010",11,0.00261276697242893
"1851",1,0,1,1,0,0,1,1,0,FALSE,2.89342241722655e-10,"c11010",7.85759582547226e-09,"Cu",-0.0782267350645418,"Cu=0","01010",11,0.00190492726550306
"1852",1,0,1,1,0,0,1,1,0,FALSE,2.89342241722655e-10,"c11010",7.85759582547226e-09,"S",0.499275249938532,"S=1","01010",11,0.613673898450148
"1853",1,0,1,1,0,0,1,1,0,FALSE,2.89342241722655e-10,"c11010",7.85759582547226e-09,"Su",0.448352409520828,"Su=1","01010",11,0.3687929121683
"1854",1,0,1,1,0,0,1,1,0,FALSE,2.89342241722655e-10,"c11010",7.85759582547226e-09,"br",0,"br=0","01010",11,0.00416497876704274
"1855",0,1,1,1,0,0,1,1,0,FALSE,0.00439649807349804,"c01010",0.119394612771849,"P",-0.000340183558360989,"P=0","11010",27,0.00412779006024085
"1856",0,1,1,1,0,0,1,1,0,FALSE,0.00439649807349804,"c01010",0.119394612771849,"Pu",-0.00125240777368749,"Pu=1","11010",27,0.00409030658634915
"1857",0,1,1,1,0,0,1,1,0,FALSE,0.00439649807349804,"c01010",0.119394612771849,"K",-0.296654884834716,"K=1","11010",27,0.000213225530802889
"1858",0,1,1,1,0,0,1,1,0,FALSE,0.00439649807349804,"c01010",0.119394612771849,"Ku",-0.296317787519665,"Ku=1","11010",27,0.00021394552119457
"1859",0,1,1,1,0,0,1,1,0,FALSE,0.00439649807349804,"c01010",0.119394612771849,"C",-0.0462763138851831,"C=0","11010",27,0.00260747120873109
"1860",0,1,1,1,0,0,1,1,0,FALSE,0.00439649807349804,"c01010",0.119394612771849,"Cu",-0.0816472911228238,"Cu=0","11010",27,0.00183064999761444
"1861",0,1,1,1,0,0,1,1,0,FALSE,0.00439649807349804,"c01010",0.119394612771849,"S",0.500486395058074,"S=1","11010",27,0.617703121152513
"1862",0,1,1,1,0,0,1,1,0,FALSE,0.00439649807349804,"c01010",0.119394612771849,"Su",0.447894958663814,"Su=1","11010",27,0.365071633907703
"1863",0,1,1,1,0,0,1,1,0,FALSE,0.00439649807349804,"c01010",0.119394612771849,"br",0,"br=0","11010",27,0.00414185603485107
"1864",1,1,1,1,0,0,1,1,0,FALSE,0.00439649807349804,"c11010",0.119394612771849,"P",4.58947509231237e-05,"P=1","11010",27,0.00418391662507371
"1865",1,1,1,1,0,0,1,1,0,FALSE,0.00439649807349804,"c11010",0.119394612771849,"Pu",0.00452173998967732,"Pu=1","11010",27,0.00437543634950543
"1866",1,1,1,1,0,0,1,1,0,FALSE,0.00439649807349804,"c11010",0.119394612771849,"K",-0.293670908073715,"K=1","11010",27,0.000221813081106808
"1867",1,1,1,1,0,0,1,1,0,FALSE,0.00439649807349804,"c11010",0.119394612771849,"Ku",-0.295470895778233,"Ku=1","11010",27,0.000217856191516905
"1868",1,1,1,1,0,0,1,1,0,FALSE,0.00439649807349804,"c11010",0.119394612771849,"C",-0.0425827433430457,"C=0","11010",27,0.00273180187388459
"1869",1,1,1,1,0,0,1,1,0,FALSE,0.00439649807349804,"c11010",0.119394612771849,"Cu",-0.0792164564595362,"Cu=0","11010",27,0.00189387366041721
"1870",1,1,1,1,0,0,1,1,0,FALSE,0.00439649807349804,"c11010",0.119394612771849,"S",0.497190760420253,"S=1","11010",27,0.603470076577083
"1871",1,1,1,1,0,0,1,1,0,FALSE,0.00439649807349804,"c11010",0.119394612771849,"Su",0.450601681925095,"Su=1","11010",27,0.378723228773885
"1872",1,1,1,1,0,0,1,1,0,FALSE,0.00439649807349804,"c11010",0.119394612771849,"br",0,"br=0","11010",27,0.00418199686752747
"1873",0,0,0,0,1,0,1,1,0,FALSE,3.11989831738666e-10,"c00110",4.99187281735485e-09,"P",0.00027762015276734,"P=0","00010",3,0.0352104800911219
"1874",0,0,0,0,1,0,1,1,0,FALSE,3.11989831738666e-10,"c00110",4.99187281735485e-09,"Pu",-0.00124038310210914,"Pu=0","00010",3,0.0346800202424314
"1875",0,0,0,0,1,0,1,1,0,FALSE,3.11989831738666e-10,"c00110",4.99187281735485e-09,"K",0.230227886294522,"K=0","00010",3,0.351021132978809
"1876",0,0,0,0,1,0,1,1,0,FALSE,3.11989831738666e-10,"c00110",4.99187281735485e-09,"Ku",0.229338396070667,"Ku=0","00010",3,0.347912679507029
"1877",0,0,0,0,1,0,1,1,0,FALSE,3.11989831738666e-10,"c00110",4.99187281735485e-09,"C",0,"C=1","00010",3,0.0351128642658007
"1878",0,0,0,0,1,0,1,1,0,FALSE,3.11989831738666e-10,"c00110",4.99187281735485e-09,"Cu",-0.0397174947833173,"Cu=0","00010",3,0.0236034436507634
"1879",0,0,0,0,1,0,1,1,0,FALSE,3.11989831738666e-10,"c00110",4.99187281735485e-09,"S",0.070875296847241,"S=1","00010",3,0.0713302524235871
"1880",0,0,0,0,1,0,1,1,0,FALSE,3.11989831738666e-10,"c00110",4.99187281735485e-09,"Su",0.0632956714419304,"Su=1","00010",3,0.066123504987908
"1881",0,0,0,0,1,0,1,1,0,FALSE,3.11989831738666e-10,"c00110",4.99187281735485e-09,"br",-0.000305889367579947,"br=0","00010",3,0.0350056218525494
"1882",1,0,0,0,1,0,1,1,0,FALSE,3.11989831738666e-10,"c10110",4.99187281735485e-09,"P",0.00368143660567261,"P=1","00010",3,0.0364715647829598
"1883",1,0,0,0,1,0,1,1,0,FALSE,3.11989831738666e-10,"c10110",4.99187281735485e-09,"Pu",-0.00210584761415104,"Pu=0","00010",3,0.034420766781152
"1884",1,0,0,0,1,0,1,1,0,FALSE,3.11989831738666e-10,"c10110",4.99187281735485e-09,"K",0.231483691801031,"K=0","00010",3,0.355866429311767
"1885",1,0,0,0,1,0,1,1,0,FALSE,3.11989831738666e-10,"c10110",4.99187281735485e-09,"Ku",0.228829930238471,"Ku=0","00010",3,0.346546790232513
"1886",1,0,0,0,1,0,1,1,0,FALSE,3.11989831738666e-10,"c10110",4.99187281735485e-09,"C",0,"C=1","00010",3,0.0351533016405247
"1887",1,0,0,0,1,0,1,1,0,FALSE,3.11989831738666e-10,"c10110",4.99187281735485e-09,"Cu",-0.0397440844198273,"Cu=0","00010",3,0.023624343855369
"1888",1,0,0,0,1,0,1,1,0,FALSE,3.11989831738666e-10,"c10110",4.99187281735485e-09,"S",0.0748595389226841,"S=1","00010",3,0.074315083047108
"1889",1,0,0,0,1,0,1,1,0,FALSE,3.11989831738666e-10,"c10110",4.99187281735485e-09,"Su",0.0511017505002598,"Su=1","00010",3,0.0586000792445001
"1890",1,0,0,0,1,0,1,1,0,FALSE,3.11989831738666e-10,"c10110",4.99187281735485e-09,"br",-0.000432359479573847,"br=0","00010",3,0.0350016411041068
"1891",0,1,0,0,1,0,1,1,0,FALSE,0.0047406237195909,"c00110",0.0758505190738261,"P",0.00132487124380699,"P=0","10010",19,0.0346616420488053
"1892",0,1,0,0,1,0,1,1,0,FALSE,0.0047406237195909,"c00110",0.0758505190738261,"Pu",4.70704728492652e-05,"Pu=1","10010",19,0.034221553037902
"1893",0,1,0,0,1,0,1,1,0,FALSE,0.0047406237195909,"c00110",0.0758505190738261,"K",0.233327644829578,"K=0","10010",19,0.352715363129797
"1894",0,1,0,0,1,0,1,1,0,FALSE,0.0047406237195909,"c00110",0.0758505190738261,"Ku",0.232862589839044,"Ku=0","10010",19,0.351078851021283
"1895",0,1,0,0,1,0,1,1,0,FALSE,0.0047406237195909,"c00110",0.0758505190738261,"C",0,"C=1","10010",19,0.0342054485815899
"1896",0,1,0,0,1,0,1,1,0,FALSE,0.0047406237195909,"c00110",0.0758505190738261,"Cu",-0.0400979498896908,"Cu=0","10010",19,0.0229061503270273
"1897",0,1,0,0,1,0,1,1,0,FALSE,0.0047406237195909,"c00110",0.0758505190738261,"S",0.0724328860118062,"S=1","10010",19,0.0705776700868816
"1898",0,1,0,0,1,0,1,1,0,FALSE,0.0047406237195909,"c00110",0.0758505190738261,"Su",0.0648563416528441,"Su=1","10010",19,0.0654278731851238
"1899",0,1,0,0,1,0,1,1,0,FALSE,0.0047406237195909,"c00110",0.0758505190738261,"br",0,"br=0","10010",19,0.0342054485815899
"1900",1,1,0,0,1,0,1,1,0,FALSE,0.0047406237195909,"c10110",0.0758505190738261,"P",-0.00539210680376481,"P=1","10010",19,0.0333663827071201
"1901",1,1,0,0,1,0,1,1,0,FALSE,0.0047406237195909,"c10110",0.0758505190738261,"Pu",-0.000991076417656873,"Pu=1","10010",19,0.0348676404448678
"1902",1,1,0,0,1,0,1,1,0,FALSE,0.0047406237195909,"c10110",0.0758505190738261,"K",0.231039249009813,"K=0","10010",19,0.354909364452503
"1903",1,1,0,0,1,0,1,1,0,FALSE,0.0047406237195909,"c10110",0.0758505190738261,"Ku",0.229322655452323,"Ku=0","10010",19,0.34886900569699
"1904",1,1,0,0,1,0,1,1,0,FALSE,0.0047406237195909,"c10110",0.0758505190738261,"C",0,"C=1","10010",19,0.0352149234842623
"1905",1,1,0,0,1,0,1,1,0,FALSE,0.0047406237195909,"c10110",0.0758505190738261,"Cu",-0.0401508562883083,"Cu=0","10010",19,0.0235696859447412
"1906",1,1,0,0,1,0,1,1,0,FALSE,0.0047406237195909,"c10110",0.0758505190738261,"S",0.0635820976896829,"S=1","10010",19,0.0665059177400812
"1907",1,1,0,0,1,0,1,1,0,FALSE,0.0047406237195909,"c10110",0.0758505190738261,"Su",0.0650393252665857,"Su=1","10010",19,0.0674821560451724
"1908",1,1,0,0,1,0,1,1,0,FALSE,0.0047406237195909,"c10110",0.0758505190738261,"br",0,"br=0","10010",19,0.0352149234842623
"1909",0,0,1,0,1,0,1,1,0,FALSE,3.11989831738666e-10,"c01110",8.47263082793284e-09,"P",-0.00327011277453664,"P=0","00010",3,0.00331621331475763
"1910",0,0,1,0,1,0,1,1,0,FALSE,3.11989831738666e-10,"c01110",8.47263082793284e-09,"Pu",-0.00164894265638846,"Pu=0","00010",3,0.00337041292092707
"1911",0,0,1,0,1,0,1,1,0,FALSE,3.11989831738666e-10,"c01110",8.47263082793284e-09,"K",-0.0993179539939686,"K=1","00010",3,0.00126914716585287
"1912",0,0,1,0,1,0,1,1,0,FALSE,3.11989831738666e-10,"c01110",8.47263082793284e-09,"Ku",0.562493842789083,"Ku=0","00010",3,0.950001078424851
"1913",0,0,1,0,1,0,1,1,0,FALSE,3.11989831738666e-10,"c01110",8.47263082793284e-09,"C",0,"C=1","00010",3,0.00342644983587069
"1914",0,0,1,0,1,0,1,1,0,FALSE,3.11989831738666e-10,"c01110",8.47263082793284e-09,"Cu",-0.0966516664769215,"Cu=0","00010",3,0.00130344143861454
"1915",0,0,1,0,1,0,1,1,0,FALSE,3.11989831738666e-10,"c01110",8.47263082793284e-09,"S",0.168192790354801,"S=1","00010",3,0.0184202867023108
"1916",0,0,1,0,1,0,1,1,0,FALSE,3.11989831738666e-10,"c01110",8.47263082793284e-09,"Su",0.150715301921053,"Su=1","00010",3,0.0154665203609448
"1917",0,0,1,0,1,0,1,1,0,FALSE,3.11989831738666e-10,"c01110",8.47263082793284e-09,"br",0,"br=0","00010",3,0.00342644983587069
"1918",1,0,1,0,1,0,1,1,0,FALSE,3.11989831738666e-10,"c11110",8.47263082793284e-09,"P",-0.00207402473734981,"P=1","00010",3,0.00360679898374606
"1919",1,0,1,0,1,0,1,1,0,FALSE,3.11989831738666e-10,"c11110",8.47263082793284e-09,"Pu",-0.000715906337359129,"Pu=0","00010",3,0.00365611772981552
"1920",1,0,1,0,1,0,1,1,0,FALSE,3.11989831738666e-10,"c11110",8.47263082793284e-09,"K",-0.0974812306451777,"K=1","00010",3,0.00138922857602255
"1921",1,0,1,0,1,0,1,1,0,FALSE,3.11989831738666e-10,"c11110",8.47263082793284e-09,"Ku",0.554909655670624,"Ku=0","00010",3,0.946392582428456
"1922",1,0,1,0,1,0,1,1,0,FALSE,3.11989831738666e-10,"c11110",8.47263082793284e-09,"C",0,"C=1","00010",3,0.00368238602434501
"1923",1,0,1,0,1,0,1,1,0,FALSE,3.11989831738666e-10,"c11110",8.47263082793284e-09,"Cu",-0.0963207169521116,"Cu=0","00010",3,0.00140544467691372
"1924",1,0,1,0,1,0,1,1,0,FALSE,3.11989831738666e-10,"c11110",8.47263082793284e-09,"S",0.165404950366795,"S=1","00010",3,0.0192519127979481
"1925",1,0,1,0,1,0,1,1,0,FALSE,3.11989831738666e-10,"c11110",8.47263082793284e-09,"Su",0.152571189317176,"Su=1","00010",3,0.0169331427584083
"1926",1,0,1,0,1,0,1,1,0,FALSE,3.11989831738666e-10,"c11110",8.47263082793284e-09,"br",0,"br=0","00010",3,0.00368238602434501
"1927",0,1,1,0,1,0,1,1,0,FALSE,0.0047406237195909,"c01110",0.128739947857915,"P",0.00215642311244762,"P=0","10010",19,0.0036017811220825
"1928",0,1,1,0,1,0,1,1,0,FALSE,0.0047406237195909,"c01110",0.128739947857915,"Pu",0.00580359424612158,"Pu=1","10010",19,0.00373556915276763
"1929",0,1,1,0,1,0,1,1,0,FALSE,0.0047406237195909,"c01110",0.128739947857915,"K",-0.097751657663167,"K=1","10010",19,0.00132623973558411
"1930",0,1,1,0,1,0,1,1,0,FALSE,0.0047406237195909,"c01110",0.128739947857915,"Ku",0.559449839323831,"Ku=0","10010",19,0.948007715901466
"1931",0,1,1,0,1,0,1,1,0,FALSE,0.0047406237195909,"c01110",0.128739947857915,"C",0,"C=1","10010",19,0.00352494293725399
"1932",0,1,1,0,1,0,1,1,0,FALSE,0.0047406237195909,"c01110",0.128739947857915,"Cu",-0.0957416444637474,"Cu=0","10010",19,0.00135316704397076
"1933",0,1,1,0,1,0,1,1,0,FALSE,0.0047406237195909,"c01110",0.128739947857915,"S",0.173353153604665,"S=1","10010",19,0.01995332476159
"1934",0,1,1,0,1,0,1,1,0,FALSE,0.0047406237195909,"c01110",0.128739947857915,"Su",0.144806824814674,"Su=1","10010",19,0.0149982345313744
"1935",0,1,1,0,1,0,1,1,0,FALSE,0.0047406237195909,"c01110",0.128739947857915,"br",-0.00073799430448583,"br=0","10010",19,0.0034990248139104
"1936",1,1,1,0,1,0,1,1,0,FALSE,0.0047406237195909,"c11110",0.128739947857915,"P",-0.00323737202001632,"P=1","10010",19,0.00338531913863585
"1937",1,1,1,0,1,0,1,1,0,FALSE,0.0047406237195909,"c11110",0.128739947857915,"Pu",-0.00561745023932804,"Pu=1","10010",19,0.00330569718617032
"1938",1,1,1,0,1,0,1,1,0,FALSE,0.0047406237195909,"c11110",0.128739947857915,"K",-0.0975352491208898,"K=1","10010",19,0.00131846662173418
"1939",1,1,1,0,1,0,1,1,0,FALSE,0.0047406237195909,"c11110",0.128739947857915,"Ku",0.560448679801173,"Ku=0","10010",19,0.949854391155202
"1940",1,1,1,0,1,0,1,1,0,FALSE,0.0047406237195909,"c11110",0.128739947857915,"C",0,"C=1","10010",19,0.00349670781787501
"1941",1,1,1,0,1,0,1,1,0,FALSE,0.0047406237195909,"c11110",0.128739947857915,"Cu",-0.0960607420801462,"Cu=0","10010",19,0.00133805154056498
"1942",1,1,1,0,1,0,1,1,0,FALSE,0.0047406237195909,"c11110",0.128739947857915,"S",0.16571892206127,"S=1","10010",19,0.0183386549231477
"1943",1,1,1,0,1,0,1,1,0,FALSE,0.0047406237195909,"c11110",0.128739947857915,"Su",0.145350040285025,"Su=1","10010",19,0.0149591373216348
"1944",1,1,1,0,1,0,1,1,0,FALSE,0.0047406237195909,"c11110",0.128739947857915,"br",0.0135365633512099,"br=0","10010",19,0.00400357429503517
"1945",0,0,0,1,1,0,1,1,0,FALSE,2.89342241722655e-10,"c00110",4.6295087994332e-09,"P",-0.00433949182243423,"P=0","01010",11,0.00331579564650679
"1946",0,0,0,1,1,0,1,1,0,FALSE,2.89342241722655e-10,"c00110",4.6295087994332e-09,"Pu",0.00331475917902929,"Pu=0","01010",11,0.0035795608270634
"1947",0,0,0,1,1,0,1,1,0,FALSE,2.89342241722655e-10,"c00110",4.6295087994332e-09,"K",0.561311798852348,"K=0","01010",11,0.948811848093121
"1948",0,0,0,1,1,0,1,1,0,FALSE,2.89342241722655e-10,"c00110",4.6295087994332e-09,"Ku",-0.098595458836726,"Ku=1","01010",11,0.00129193092295417
"1949",0,0,0,1,1,0,1,1,0,FALSE,2.89342241722655e-10,"c00110",4.6295087994332e-09,"C",0,"C=1","01010",11,0.0034628520003339
"1950",0,0,0,1,1,0,1,1,0,FALSE,2.89342241722655e-10,"c00110",4.6295087994332e-09,"Cu",-0.0960761897973911,"Cu=0","01010",11,0.00132489157926279
"1951",0,0,0,1,1,0,1,1,0,FALSE,2.89342241722655e-10,"c00110",4.6295087994332e-09,"S",0.167649983199501,"S=1","01010",11,0.0185152063456784
"1952",0,0,0,1,1,0,1,1,0,FALSE,2.89342241722655e-10,"c00110",4.6295087994332e-09,"Su",0.154508073338213,"Su=1","01010",11,0.0162350625847457
"1953",0,0,0,1,1,0,1,1,0,FALSE,2.89342241722655e-10,"c00110",4.6295087994332e-09,"br",0,"br=0","01010",11,0.0034628520003339
"1954",1,0,0,1,1,0,1,1,0,FALSE,2.89342241722655e-10,"c10110",4.6295087994332e-09,"P",-0.000654526737544395,"P=1","01010",11,0.00346671696301956
"1955",1,0,0,1,1,0,1,1,0,FALSE,2.89342241722655e-10,"c10110",4.6295087994332e-09,"Pu",-0.00454596016969473,"Pu=0","01010",11,0.00333440312926566
"1956",1,0,0,1,1,0,1,1,0,FALSE,2.89342241722655e-10,"c10110",4.6295087994332e-09,"K",0.560623311131573,"K=0","01010",11,0.94954830644891
"1957",1,0,0,1,1,0,1,1,0,FALSE,2.89342241722655e-10,"c10110",4.6295087994332e-09,"Ku",-0.0977700623229158,"Ku=1","01010",11,0.00131265613719887
"1958",1,0,0,1,1,0,1,1,0,FALSE,2.89342241722655e-10,"c10110",4.6295087994332e-09,"C",0,"C=1","01010",11,0.00348948197272314
"1959",1,0,0,1,1,0,1,1,0,FALSE,2.89342241722655e-10,"c10110",4.6295087994332e-09,"Cu",-0.0963674185489953,"Cu=0","01010",11,0.00133119775924349
"1960",1,0,0,1,1,0,1,1,0,FALSE,2.89342241722655e-10,"c10110",4.6295087994332e-09,"S",0.167066822056901,"S=1","01010",11,0.0185491045171802
"1961",1,0,0,1,1,0,1,1,0,FALSE,2.89342241722655e-10,"c10110",4.6295087994332e-09,"Su",0.148970843279211,"Su=1","01010",11,0.0154786510997357
"1962",1,0,0,1,1,0,1,1,0,FALSE,2.89342241722655e-10,"c10110",4.6295087994332e-09,"br",0,"br=0","01010",11,0.00348948197272314
"1963",0,1,0,1,1,0,1,1,0,FALSE,0.00439649807349804,"c00110",0.0703444695692238,"P",-0.000585548005291025,"P=0","11010",27,0.0035612599386792
"1964",0,1,0,1,1,0,1,1,0,FALSE,0.00439649807349804,"c00110",0.0703444695692238,"Pu",-0.00317505940463062,"Pu=1","11010",27,0.00347022448037338
"1965",0,1,0,1,1,0,1,1,0,FALSE,0.00439649807349804,"c00110",0.0703444695692238,"K",0.557827036837053,"K=0","11010",27,0.947891691289529
"1966",0,1,0,1,1,0,1,1,0,FALSE,0.00439649807349804,"c00110",0.0703444695692238,"Ku",-0.097744353584914,"Ku=1","11010",27,0.00134787104209713
"1967",0,1,0,1,1,0,1,1,0,FALSE,0.00439649807349804,"c00110",0.0703444695692238,"C",0,"C=1","11010",27,0.00358217399638117
"1968",0,1,0,1,1,0,1,1,0,FALSE,0.00439649807349804,"c00110",0.0703444695692238,"Cu",-0.0964983774805486,"Cu=0","11010",27,0.00136477025464755
"1969",0,1,0,1,1,0,1,1,0,FALSE,0.00439649807349804,"c00110",0.0703444695692238,"S",0.167291261116251,"S=1","11010",27,0.0190846145370523
"1970",0,1,0,1,1,0,1,1,0,FALSE,0.00439649807349804,"c00110",0.0703444695692238,"Su",0.147122950745233,"Su=1","11010",27,0.0155988841853191
"1971",0,1,0,1,1,0,1,1,0,FALSE,0.00439649807349804,"c00110",0.0703444695692238,"br",0.0134653682684397,"br=0","11010",27,0.00409851027592108
"1972",1,1,0,1,1,0,1,1,0,FALSE,0.00439649807349804,"c10110",0.0703444695692238,"P",0.000283481093024088,"P=1","11010",27,0.00375831914846949
"1973",1,1,0,1,1,0,1,1,0,FALSE,0.00439649807349804,"c10110",0.0703444695692238,"Pu",0.00314148955938057,"Pu=1","11010",27,0.0038672818933395
"1974",1,1,0,1,1,0,1,1,0,FALSE,0.00439649807349804,"c10110",0.0703444695692238,"K",0.553085220510789,"K=0","11010",27,0.945760358984032
"1975",1,1,0,1,1,0,1,1,0,FALSE,0.00439649807349804,"c10110",0.0703444695692238,"Ku",-0.0988413400885555,"Ku=1","11010",27,0.00139476174790468
"1976",1,1,0,1,1,0,1,1,0,FALSE,0.00439649807349804,"c10110",0.0703444695692238,"C",0,"C=1","11010",27,0.00374768011122236
"1977",1,1,0,1,1,0,1,1,0,FALSE,0.00439649807349804,"c10110",0.0703444695692238,"Cu",-0.0952713952861062,"Cu=0","11010",27,0.0014454534212545
"1978",1,1,0,1,1,0,1,1,0,FALSE,0.00439649807349804,"c10110",0.0703444695692238,"S",0.165448005401268,"S=1","11010",27,0.0196017150616323
"1979",1,1,0,1,1,0,1,1,0,FALSE,0.00439649807349804,"c10110",0.0703444695692238,"Su",0.149452914635226,"Su=1","11010",27,0.0167042997758837
"1980",1,1,0,1,1,0,1,1,0,FALSE,0.00439649807349804,"c10110",0.0703444695692238,"br",-0.000737843626705269,"br=0","11010",27,0.00372012985626183
"1981",0,0,1,1,1,0,1,1,0,FALSE,2.89342241722655e-10,"c01110",7.8575958177253e-09,"P",-0.000629083192887114,"P=0","01010",11,0.00600697962719732
"1982",0,0,1,1,1,0,1,1,0,FALSE,2.89342241722655e-10,"c01110",7.8575958177253e-09,"Pu",0.000159105760348028,"Pu=0","01010",11,0.00605451305758464
"1983",0,0,1,1,1,0,1,1,0,FALSE,2.89342241722655e-10,"c01110",7.8575958177253e-09,"K",-0.272973431429413,"K=1","01010",11,0.000394348036585453
"1984",0,0,1,1,1,0,1,1,0,FALSE,2.89342241722655e-10,"c01110",7.8575958177253e-09,"Ku",-0.275694015618399,"Ku=1","01010",11,0.000383764091626852
"1985",0,0,1,1,1,0,1,1,0,FALSE,2.89342241722655e-10,"c01110",7.8575958177253e-09,"C",0,"C=1","01010",11,0.00604488763787814
"1986",0,0,1,1,1,0,1,1,0,FALSE,2.89342241722655e-10,"c01110",7.8575958177253e-09,"Cu",-0.268030916442468,"Cu=0","01010",11,0.000414328447541672
"1987",0,0,1,1,1,0,1,1,0,FALSE,2.89342241722655e-10,"c01110",7.8575958177253e-09,"S",0.460402048215007,"S=1","01010",11,0.603794180095322
"1988",0,0,1,1,1,0,1,1,0,FALSE,2.89342241722655e-10,"c01110",7.8575958177253e-09,"Su",0.411661742977051,"Su=1","01010",11,0.370862111368386
"1989",0,0,1,1,1,0,1,1,0,FALSE,2.89342241722655e-10,"c01110",7.8575958177253e-09,"br",0,"br=0","01010",11,0.00604488763787814
"1990",1,0,1,1,1,0,1,1,0,FALSE,2.89342241722655e-10,"c11110",7.8575958177253e-09,"P",0.000434889089730863,"P=1","01010",11,0.00597136916547911
"1991",1,0,1,1,1,0,1,1,0,FALSE,2.89342241722655e-10,"c11110",7.8575958177253e-09,"Pu",-0.00334434139841022,"Pu=0","01010",11,0.00574990847435881
"1992",1,0,1,1,1,0,1,1,0,FALSE,2.89342241722655e-10,"c11110",7.8575958177253e-09,"K",-0.273329873822539,"K=1","01010",11,0.000386481457679495
"1993",1,0,1,1,1,0,1,1,0,FALSE,2.89342241722655e-10,"c11110",7.8575958177253e-09,"Ku",-0.272546433122556,"Ku=1","01010",11,0.00038952120246801
"1994",1,0,1,1,1,0,1,1,0,FALSE,2.89342241722655e-10,"c11110",7.8575958177253e-09,"C",0,"C=1","01010",11,0.0059454567185131
"1995",1,0,1,1,1,0,1,1,0,FALSE,2.89342241722655e-10,"c11110",7.8575958177253e-09,"Cu",-0.266212662547296,"Cu=0","01010",11,0.000414990656148762
"1996",1,0,1,1,1,0,1,1,0,FALSE,2.89342241722655e-10,"c11110",7.8575958177253e-09,"S",0.46083344731376,"S=1","01010",11,0.596429964730178
"1997",1,0,1,1,1,0,1,1,0,FALSE,2.89342241722655e-10,"c11110",7.8575958177253e-09,"Su",0.41542934954335,"Su=1","01010",11,0.378766850876662
"1998",1,0,1,1,1,0,1,1,0,FALSE,2.89342241722655e-10,"c11110",7.8575958177253e-09,"br",0,"br=0","01010",11,0.0059454567185131
"1999",0,1,1,1,1,0,1,1,0,FALSE,0.00439649807349804,"c01110",0.119394612654135,"P",-0.00467199110411479,"P=0","11010",27,0.00560617465556536
"2000",0,1,1,1,1,0,1,1,0,FALSE,0.00439649807349804,"c01110",0.119394612654135,"Pu",-0.0050096626987247,"Pu=1","11010",27,0.00558727612165678
"2001",0,1,1,1,1,0,1,1,0,FALSE,0.00439649807349804,"c01110",0.119394612654135,"K",-0.274656010711223,"K=1","11010",27,0.000376826055708777
"2002",0,1,1,1,1,0,1,1,0,FALSE,0.00439649807349804,"c01110",0.119394612654135,"Ku",-0.275075944640178,"Ku=1","11010",27,0.000375246953161946
"2003",0,1,1,1,1,0,1,1,0,FALSE,0.00439649807349804,"c01110",0.119394612654135,"C",0,"C=1","11010",27,0.00587430948357459
"2004",0,1,1,1,1,0,1,1,0,FALSE,0.00439649807349804,"c01110",0.119394612654135,"Cu",-0.267541717296758,"Cu=0","11010",27,0.000404611207450881
"2005",0,1,1,1,1,0,1,1,0,FALSE,0.00439649807349804,"c01110",0.119394612654135,"S",0.463551944148205,"S=1","11010",27,0.605532332686581
"2006",0,1,1,1,1,0,1,1,0,FALSE,0.00439649807349804,"c01110",0.119394612654135,"Su",0.414391105360471,"Su=1","11010",27,0.370368913352726
"2007",0,1,1,1,1,0,1,1,0,FALSE,0.00439649807349804,"c01110",0.119394612654135,"br",0,"br=0","11010",27,0.00587430948357459
"2008",1,1,1,1,1,0,1,1,0,FALSE,0.00439649807349804,"c11110",0.119394612654135,"P",0.00129358264852251,"P=1","11010",27,0.00608819878841138
"2009",1,1,1,1,1,0,1,1,0,FALSE,0.00439649807349804,"c11110",0.119394612654135,"Pu",0.000779609622120706,"Pu=1","11010",27,0.00605698736669847
"2010",1,1,1,1,1,0,1,1,0,FALSE,0.00439649807349804,"c11110",0.119394612654135,"K",-0.273090886852595,"K=1","11010",27,0.000391608594085046
"2011",1,1,1,1,1,0,1,1,0,FALSE,0.00439649807349804,"c11110",0.119394612654135,"Ku",-0.27102972388297,"Ku=1","11010",27,0.000399764045254331
"2012",1,1,1,1,1,0,1,1,0,FALSE,0.00439649807349804,"c11110",0.119394612654135,"C",0,"C=1","11010",27,0.00600995010213735
"2013",1,1,1,1,1,0,1,1,0,FALSE,0.00439649807349804,"c11110",0.119394612654135,"Cu",-0.266227503208707,"Cu=0","11010",27,0.000419430019405722
"2014",1,1,1,1,1,0,1,1,0,FALSE,0.00439649807349804,"c11110",0.119394612654135,"S",0.461441752488911,"S=1","11010",27,0.606578390668939
"2015",1,1,1,1,1,0,1,1,0,FALSE,0.00439649807349804,"c11110",0.119394612654135,"Su",0.411479072439291,"Su=1","11010",27,0.368045720312931
"2016",1,1,1,1,1,0,1,1,0,FALSE,0.00439649807349804,"c11110",0.119394612654135,"br",0,"br=0","11010",27,0.00600995010213735
"2017",0,0,0,0,0,1,1,1,0,FALSE,4.41127609551842e-19,"c00010",7.05809196035308e-18,"P",-0.00282308318031895,"P=0","00110",7,0.0376294610661904
"2018",0,0,0,0,0,1,1,1,0,FALSE,4.41127609551842e-19,"c00010",7.05809196035308e-18,"Pu",-0.0042328461416367,"Pu=0","00110",7,0.0371026966505548
"2019",0,0,0,0,0,1,1,1,0,FALSE,4.41127609551842e-19,"c00010",7.05809196035308e-18,"K",0.217251268695261,"K=0","00110",7,0.339858991716296
"2020",0,0,0,0,0,1,1,1,0,FALSE,4.41127609551842e-19,"c00010",7.05809196035308e-18,"Ku",0.215771202851619,"Ku=0","00110",7,0.334865896559742
"2021",0,0,0,0,0,1,1,1,0,FALSE,4.41127609551842e-19,"c00010",7.05809196035308e-18,"C",-0.0469564225554746,"C=0","00110",7,0.0242024505112676
"2022",0,0,0,0,0,1,1,1,0,FALSE,4.41127609551842e-19,"c00010",7.05809196035308e-18,"Cu",0.0145385110061947,"Cu=1","00110",7,0.0447639543180571
"2023",0,0,0,0,0,1,1,1,0,FALSE,4.41127609551842e-19,"c00010",7.05809196035308e-18,"S",0.0649863387588658,"S=1","00110",7,0.0741345363986502
"2024",0,0,0,0,0,1,1,1,0,FALSE,4.41127609551842e-19,"c00010",7.05809196035308e-18,"Su",0.0574241924604983,"Su=1","00110",7,0.068735103657176
"2025",0,0,0,0,0,1,1,1,0,FALSE,4.41127609551842e-19,"c00010",7.05809196035308e-18,"br",0,"br=0","00110",7,0.0387069091220658
"2026",1,0,0,0,0,1,1,1,0,FALSE,4.41127609551842e-19,"c10010",7.05809196035308e-18,"P",-0.0019833919224794,"P=1","00110",7,0.0385375414642867
"2027",1,0,0,0,0,1,1,1,0,FALSE,4.41127609551842e-19,"c10010",7.05809196035308e-18,"Pu",-0.00113376979549445,"Pu=0","00110",7,0.0388663598225296
"2028",1,0,0,0,0,1,1,1,0,FALSE,4.41127609551842e-19,"c10010",7.05809196035308e-18,"K",0.214311155429638,"K=0","00110",7,0.335150050230728
"2029",1,0,0,0,0,1,1,1,0,FALSE,4.41127609551842e-19,"c10010",7.05809196035308e-18,"Ku",0.214698594953525,"Ku=0","00110",7,0.336451072699817
"2030",1,0,0,0,0,1,1,1,0,FALSE,4.41127609551842e-19,"c10010",7.05809196035308e-18,"C",-0.0474001433673189,"C=0","00110",7,0.0244704276721714
"2031",1,0,0,0,0,1,1,1,0,FALSE,4.41127609551842e-19,"c10010",7.05809196035308e-18,"Cu",0.0115074769373138,"Cu=1","00110",7,0.0441036064383315
"2032",1,0,0,0,0,1,1,1,0,FALSE,4.41127609551842e-19,"c10010",7.05809196035308e-18,"S",0.0616988171636731,"S=1","00110",7,0.0728538194346415
"2033",1,0,0,0,0,1,1,1,0,FALSE,4.41127609551842e-19,"c10010",7.05809196035308e-18,"Su",0.0580701697501199,"Su=1","00110",7,0.0702575998923997
"2034",1,0,0,0,0,1,1,1,0,FALSE,4.41127609551842e-19,"c10010",7.05809196035308e-18,"br",0,"br=0","00110",7,0.0393095223450941
"2035",0,1,0,0,0,1,1,1,0,FALSE,6.70284668430984e-12,"c00010",1.07246309842337e-10,"P",0.00287068462992091,"P=0","10110",23,0.0373323211672112
"2036",0,1,0,0,0,1,1,1,0,FALSE,6.70284668430984e-12,"c00010",1.07246309842337e-10,"Pu",-0.00248440184638223,"Pu=1","10110",23,0.0353857290933603
"2037",0,1,0,0,0,1,1,1,0,FALSE,6.70284668430984e-12,"c00010",1.07246309842337e-10,"K",0.226016895567018,"K=0","10110",23,0.347693581873302
"2038",0,1,0,0,0,1,1,1,0,FALSE,6.70284668430984e-12,"c00010",1.07246309842337e-10,"Ku",0.224557184247619,"Ku=0","10110",23,0.342655122248734
"2039",0,1,0,0,0,1,1,1,0,FALSE,6.70284668430984e-12,"c00010",1.07246309842337e-10,"C",-0.0510484194505532,"C=0","10110",23,0.0217729512240054
"2040",0,1,0,0,0,1,1,1,0,FALSE,6.70284668430984e-12,"c00010",1.07246309842337e-10,"Cu",0.011022249245651,"Cu=1","10110",23,0.0405029623881614
"2041",0,1,0,0,0,1,1,1,0,FALSE,6.70284668430984e-12,"c00010",1.07246309842337e-10,"S",0.0649434132946884,"S=1","10110",23,0.0694485893538594
"2042",0,1,0,0,0,1,1,1,0,FALSE,6.70284668430984e-12,"c00010",1.07246309842337e-10,"Su",0.0643550460407924,"Su=1","10110",23,0.0690411763135716
"2043",0,1,0,0,0,1,1,1,0,FALSE,6.70284668430984e-12,"c00010",1.07246309842337e-10,"br",-0.000298986466527089,"br=0","10110",23,0.0361675663377954
"2044",1,1,0,0,0,1,1,1,0,FALSE,6.70284668430984e-12,"c10010",1.07246309842337e-10,"P",-0.00673683963917665,"P=1","10110",23,0.0365490024238919
"2045",1,1,0,0,0,1,1,1,0,FALSE,6.70284668430984e-12,"c10010",1.07246309842337e-10,"Pu",8.11678641246085e-05,"Pu=1","10110",23,0.0391278295648798
"2046",1,1,0,0,0,1,1,1,0,FALSE,6.70284668430984e-12,"c10010",1.07246309842337e-10,"K",0.215480747870952,"K=0","10110",23,0.337251778112403
"2047",1,1,0,0,0,1,1,1,0,FALSE,6.70284668430984e-12,"c10010",1.07246309842337e-10,"Ku",0.215063749273201,"Ku=0","10110",23,0.335848371054287
"2048",1,1,0,0,0,1,1,1,0,FALSE,6.70284668430984e-12,"c10010",1.07246309842337e-10,"C",-0.0458447009058595,"C=0","10110",23,0.0247190766536317
"2049",1,1,0,0,0,1,1,1,0,FALSE,6.70284668430984e-12,"c10010",1.07246309842337e-10,"Cu",0.0113199288033713,"Cu=1","10110",23,0.0437819475830513
"2050",1,1,0,0,0,1,1,1,0,FALSE,6.70284668430984e-12,"c10010",1.07246309842337e-10,"S",0.0593119430322687,"S=1","10110",23,0.0707492346695838
"2051",1,1,0,0,0,1,1,1,0,FALSE,6.70284668430984e-12,"c10010",1.07246309842337e-10,"Su",0.0622746363699768,"Su=1","10110",23,0.0728766767112723
"2052",1,1,0,0,0,1,1,1,0,FALSE,6.70284668430984e-12,"c10010",1.07246309842337e-10,"br",0,"br=0","10110",23,0.0390960832269988
"2053",0,0,1,0,0,1,1,1,0,FALSE,4.41127609551842e-19,"c01010",1.19795935867449e-17,"P",-0.0020443562047708,"P=0","00110",7,0.00505518054378417
"2054",0,0,1,0,0,1,1,1,0,FALSE,4.41127609551842e-19,"c01010",1.19795935867449e-17,"Pu",0.00175771860611423,"Pu=0","00110",7,0.005251082867577
"2055",0,0,1,0,0,1,1,1,0,FALSE,4.41127609551842e-19,"c01010",1.19795935867449e-17,"K",-0.0916366785013076,"K=1","00110",7,0.00206367906703426
"2056",0,0,1,0,0,1,1,1,0,FALSE,4.41127609551842e-19,"c01010",1.19795935867449e-17,"Ku",0.519400745681171,"Ku=0","00110",7,0.929702448009658
"2057",0,0,1,0,0,1,1,1,0,FALSE,4.41127609551842e-19,"c01010",1.19795935867449e-17,"C",-0.111957313367046,"C=0","00110",7,0.0016841887537588
"2058",0,0,1,0,0,1,1,1,0,FALSE,4.41127609551842e-19,"c01010",1.19795935867449e-17,"Cu",0.0336483609910288,"Cu=1","00110",7,0.00722350823253709
"2059",0,0,1,0,0,1,1,1,0,FALSE,4.41127609551842e-19,"c01010",1.19795935867449e-17,"S",0.151903842792109,"S=1","00110",7,0.0235681342900286
"2060",0,0,1,0,0,1,1,1,0,FALSE,4.41127609551842e-19,"c01010",1.19795935867449e-17,"Su",0.137112139336993,"Su=1","00110",7,0.0203275787495899
"2061",0,0,1,0,0,1,1,1,0,FALSE,4.41127609551842e-19,"c01010",1.19795935867449e-17,"br",-0.000688281478753899,"br=0","00110",7,0.00512419948603217
"2062",1,0,1,0,0,1,1,1,0,FALSE,4.41127609551842e-19,"c11010",1.19795935867449e-17,"P",-0.000342713076485616,"P=1","00110",7,0.00505977833207572
"2063",1,0,1,0,0,1,1,1,0,FALSE,4.41127609551842e-19,"c11010",1.19795935867449e-17,"Pu",0.00590902668576358,"Pu=0","00110",7,0.00538619970410123
"2064",1,0,1,0,0,1,1,1,0,FALSE,4.41127609551842e-19,"c11010",1.19795935867449e-17,"K",-0.0914730134310842,"K=1","00110",7,0.00203403126948629
"2065",1,0,1,0,0,1,1,1,0,FALSE,4.41127609551842e-19,"c11010",1.19795935867449e-17,"Ku",0.521094941971647,"Ku=0","00110",7,0.930478737246589
"2066",1,0,1,0,0,1,1,1,0,FALSE,4.41127609551842e-19,"c11010",1.19795935867449e-17,"C",-0.116718447796265,"C=0","00110",7,0.00158022197432757
"2067",1,0,1,0,0,1,1,1,0,FALSE,4.41127609551842e-19,"c11010",1.19795935867449e-17,"Cu",0.0284399853784681,"Cu=1","00110",7,0.00674734881106269
"2068",1,0,1,0,0,1,1,1,0,FALSE,4.41127609551842e-19,"c11010",1.19795935867449e-17,"S",0.153289807662855,"S=1","00110",7,0.0235152202530092
"2069",1,0,1,0,0,1,1,1,0,FALSE,4.41127609551842e-19,"c11010",1.19795935867449e-17,"Su",0.137702983645357,"Su=1","00110",7,0.0201213138071953
"2070",1,0,1,0,0,1,1,1,0,FALSE,4.41127609551842e-19,"c11010",1.19795935867449e-17,"br",0,"br=0","00110",7,0.00507714860215294
"2071",0,1,1,0,0,1,1,1,0,FALSE,6.70284668430984e-12,"c01010",1.82027552602907e-10,"P",0.00352529121041228,"P=0","10110",23,0.00521147630262393
"2072",0,1,1,0,0,1,1,1,0,FALSE,6.70284668430984e-12,"c01010",1.82027552602907e-10,"Pu",0.0018598702053508,"Pu=1","10110",23,0.00512540202066591
"2073",0,1,1,0,0,1,1,1,0,FALSE,6.70284668430984e-12,"c01010",1.82027552602907e-10,"K",-0.0920875018598316,"K=1","10110",23,0.00200317865086808
"2074",0,1,1,0,0,1,1,1,0,FALSE,6.70284668430984e-12,"c01010",1.82027552602907e-10,"Ku",0.521952579826438,"Ku=0","10110",23,0.92995487290843
"2075",0,1,1,0,0,1,1,1,0,FALSE,6.70284668430984e-12,"c01010",1.82027552602907e-10,"C",-0.114498734823221,"C=0","10110",23,0.0016009911636322
"2076",0,1,1,0,0,1,1,1,0,FALSE,6.70284668430984e-12,"c01010",1.82027552602907e-10,"Cu",0.0322315172295059,"Cu=1","10110",23,0.00694432955539588
"2077",0,1,1,0,0,1,1,1,0,FALSE,6.70284668430984e-12,"c01010",1.82027552602907e-10,"S",0.15508078323408,"S=1","10110",23,0.0237223607594455
"2078",0,1,1,0,0,1,1,1,0,FALSE,6.70284668430984e-12,"c01010",1.82027552602907e-10,"Su",0.140023985513978,"Su=1","10110",23,0.0204064314453111
"2079",0,1,1,0,0,1,1,1,0,FALSE,6.70284668430984e-12,"c01010",1.82027552602907e-10,"br",0,"br=0","10110",23,0.00503095719362706
"2080",1,1,1,0,0,1,1,1,0,FALSE,6.70284668430984e-12,"c11010",1.82027552602907e-10,"P",0.00632143918747301,"P=1","10110",23,0.00565923614451599
"2081",1,1,1,0,0,1,1,1,0,FALSE,6.70284668430984e-12,"c11010",1.82027552602907e-10,"Pu",-0.00211679312708069,"Pu=1","10110",23,0.00520128964328672
"2082",1,1,1,0,0,1,1,1,0,FALSE,6.70284668430984e-12,"c11010",1.82027552602907e-10,"K",-0.0915107971375031,"K=1","10110",23,0.00212754038372271
"2083",1,1,1,0,0,1,1,1,0,FALSE,6.70284668430984e-12,"c11010",1.82027552602907e-10,"Ku",0.516219479520656,"Ku=0","10110",23,0.927292759515898
"2084",1,1,1,0,0,1,1,1,0,FALSE,6.70284668430984e-12,"c11010",1.82027552602907e-10,"C",-0.116284490086809,"C=0","10110",23,0.0016606841127153
"2085",1,1,1,0,0,1,1,1,0,FALSE,6.70284668430984e-12,"c11010",1.82027552602907e-10,"Cu",0.0239540946580369,"Cu=1","10110",23,0.00675049260684823
"2086",1,1,1,0,0,1,1,1,0,FALSE,6.70284668430984e-12,"c11010",1.82027552602907e-10,"S",0.151396869537869,"S=1","10110",23,0.0241441769227321
"2087",1,1,1,0,0,1,1,1,0,FALSE,6.70284668430984e-12,"c11010",1.82027552602907e-10,"Su",0.141418391034719,"Su=1","10110",23,0.0218512569189264
"2088",1,1,1,0,0,1,1,1,0,FALSE,6.70284668430984e-12,"c11010",1.82027552602907e-10,"br",0,"br=0","10110",23,0.00531256375135493
"2089",0,0,0,1,0,1,1,1,0,FALSE,4.09105805539199e-19,"c00010",6.54573945154672e-18,"P",0.000630410644361924,"P=0","01110",15,0.00498429024965195
"2090",0,0,0,1,0,1,1,1,0,FALSE,4.09105805539199e-19,"c00010",6.54573945154672e-18,"Pu",-0.00654527822605074,"Pu=0","01110",15,0.00463916376702348
"2091",0,0,0,1,0,1,1,1,0,FALSE,4.09105805539199e-19,"c00010",6.54573945154672e-18,"K",0.523719658527561,"K=0","01110",15,0.931860844356876
"2092",0,0,0,1,0,1,1,1,0,FALSE,4.09105805539199e-19,"c00010",6.54573945154672e-18,"Ku",-0.0931974356307182,"Ku=1","01110",15,0.0019503572351799
"2093",0,0,0,1,0,1,1,1,0,FALSE,4.09105805539199e-19,"c00010",6.54573945154672e-18,"C",-0.1164182756088,"C=0","01110",15,0.00154620594614022
"2094",0,0,0,1,0,1,1,1,0,FALSE,4.09105805539199e-19,"c00010",6.54573945154672e-18,"Cu",0.0259982841983617,"Cu=1","01110",15,0.00642354246671121
"2095",0,0,0,1,0,1,1,1,0,FALSE,4.09105805539199e-19,"c00010",6.54573945154672e-18,"S",0.154215718257791,"S=1","01110",15,0.0231534568234122
"2096",0,0,0,1,0,1,1,1,0,FALSE,4.09105805539199e-19,"c00010",6.54573945154672e-18,"Su",0.142158877080178,"Su=1","01110",15,0.0205236048625061
"2097",0,0,0,1,0,1,1,1,0,FALSE,4.09105805539199e-19,"c00010",6.54573945154672e-18,"br",-0.000697633154016072,"br=0","01110",15,0.00491853429249933
"2098",1,0,0,1,0,1,1,1,0,FALSE,4.09105805539199e-19,"c10010",6.54573945154672e-18,"P",0.000248944273497637,"P=1","01110",15,0.00493897487323382
"2099",1,0,0,1,0,1,1,1,0,FALSE,4.09105805539199e-19,"c10010",6.54573945154672e-18,"Pu",-0.00625732816665869,"Pu=0","01110",15,0.00462786236714445
"2100",1,0,0,1,0,1,1,1,0,FALSE,4.09105805539199e-19,"c10010",6.54573945154672e-18,"K",0.524249542046356,"K=0","01110",15,0.931842465396726
"2101",1,0,0,1,0,1,1,1,0,FALSE,4.09105805539199e-19,"c10010",6.54573945154672e-18,"Ku",-0.0923405192727698,"Ku=1","01110",15,0.00195670739215497
"2102",1,0,0,1,0,1,1,1,0,FALSE,4.09105805539199e-19,"c10010",6.54573945154672e-18,"C",-0.113654105701229,"C=0","01110",15,0.00158111025669943
"2103",1,0,0,1,0,1,1,1,0,FALSE,4.09105805539199e-19,"c10010",6.54573945154672e-18,"Cu",0.0311296106569144,"Cu=1","01110",15,0.00672589133993901
"2104",1,0,0,1,0,1,1,1,0,FALSE,4.09105805539199e-19,"c10010",6.54573945154672e-18,"S",0.161073716924797,"S=1","01110",15,0.0246655003581078
"2105",1,0,0,1,0,1,1,1,0,FALSE,4.09105805539199e-19,"c10010",6.54573945154672e-18,"Su",0.133571403976653,"Su=1","01110",15,0.0187347931463526
"2106",1,0,0,1,0,1,1,1,0,FALSE,4.09105805539199e-19,"c10010",6.54573945154672e-18,"br",0,"br=0","01110",15,0.00492669486964221
"2107",0,1,0,1,0,1,1,1,0,FALSE,6.21628171262325e-12,"c00010",9.94612149163148e-11,"P",-0.00366727135942713,"P=0","11110",31,0.00489416789279179
"2108",0,1,0,1,0,1,1,1,0,FALSE,6.21628171262325e-12,"c00010",9.94612149163148e-11,"Pu",-0.00230066772118853,"Pu=1","11110",31,0.00496151087703141
"2109",0,1,0,1,0,1,1,1,0,FALSE,6.21628171262325e-12,"c00010",9.94612149163148e-11,"K",0.52097500571502,"K=0","11110",31,0.929332922388194
"2110",0,1,0,1,0,1,1,1,0,FALSE,6.21628171262325e-12,"c00010",9.94612149163148e-11,"Ku",-0.0919637935749783,"Ku=1","11110",31,0.0020240066725187
"2111",0,1,0,1,0,1,1,1,0,FALSE,6.21628171262325e-12,"c00010",9.94612149163148e-11,"C",-0.113414101526973,"C=0","11110",31,0.00163325665364552
"2112",0,1,0,1,0,1,1,1,0,FALSE,6.21628171262325e-12,"c00010",9.94612149163148e-11,"Cu",0.0286802155419764,"Cu=1","11110",31,0.00676335547732561
"2113",0,1,0,1,0,1,1,1,0,FALSE,6.21628171262325e-12,"c00010",9.94612149163148e-11,"S",0.155738039452061,"S=1","11110",31,0.024097241621078
"2114",0,1,0,1,0,1,1,1,0,FALSE,6.21628171262325e-12,"c00010",9.94612149163148e-11,"Su",0.139210484383196,"Su=1","11110",31,0.0204262702080389
"2115",0,1,0,1,0,1,1,1,0,FALSE,6.21628171262325e-12,"c00010",9.94612149163148e-11,"br",0.0144672159940129,"br=0","11110",31,0.00586726820937599
"2116",1,1,0,1,0,1,1,1,0,FALSE,6.21628171262325e-12,"c10010",9.94612149163148e-11,"P",-0.00662067010356533,"P=1","11110",31,0.00491314987888282
"2117",1,1,0,1,0,1,1,1,0,FALSE,6.21628171262325e-12,"c10010",9.94612149163148e-11,"Pu",-0.00311470492173519,"Pu=1","11110",31,0.00508845837359881
"2118",1,1,0,1,0,1,1,1,0,FALSE,6.21628171262325e-12,"c10010",9.94612149163148e-11,"K",0.517507245619006,"K=0","11110",31,0.928150982802712
"2119",1,1,0,1,0,1,1,1,0,FALSE,6.21628171262325e-12,"c10010",9.94612149163148e-11,"Ku",-0.0897259179449133,"Ku=1","11110",31,0.00214012188046217
"2120",1,1,0,1,0,1,1,1,0,FALSE,6.21628171262325e-12,"c10010",9.94612149163148e-11,"C",-0.112667353518747,"C=0","11110",31,0.00170139486790645
"2121",1,1,0,1,0,1,1,1,0,FALSE,6.21628171262325e-12,"c10010",9.94612149163148e-11,"Cu",0.0312569513995323,"Cu=1","11110",31,0.00717563654184052
"2122",1,1,0,1,0,1,1,1,0,FALSE,6.21628171262325e-12,"c10010",9.94612149163148e-11,"S",0.15366500454518,"S=1","11110",31,0.0244046089486585
"2123",1,1,0,1,0,1,1,1,0,FALSE,6.21628171262325e-12,"c10010",9.94612149163148e-11,"Su",0.13947561280061,"Su=1","11110",31,0.0211762037867216
"2124",1,1,0,1,0,1,1,1,0,FALSE,6.21628171262325e-12,"c10010",9.94612149163148e-11,"br",0,"br=0","11110",31,0.00524944291921716
"2125",0,0,1,1,0,1,1,1,0,FALSE,4.09105805539199e-19,"c01010",1.11099853607362e-17,"P",-0.00164466391714932,"P=0","01110",15,0.00865437452440741
"2126",0,0,1,1,0,1,1,1,0,FALSE,4.09105805539199e-19,"c01010",1.11099853607362e-17,"Pu",-0.00675932612736536,"Pu=0","01110",15,0.00822286177567223
"2127",0,0,1,1,0,1,1,1,0,FALSE,4.09105805539199e-19,"c01010",1.11099853607362e-17,"K",-0.24580081777062,"K=1","01110",15,0.000753145667721519
"2128",0,0,1,1,0,1,1,1,0,FALSE,4.09105805539199e-19,"c01010",1.11099853607362e-17,"Ku",-0.246159039017878,"Ku=1","01110",15,0.000750452566427335
"2129",0,0,1,1,0,1,1,1,0,FALSE,4.09105805539199e-19,"c01010",1.11099853607362e-17,"C",-0.301323199626809,"C=0","01110",15,0.000432263277106284
"2130",0,0,1,1,0,1,1,1,0,FALSE,4.09105805539199e-19,"c01010",1.11099853607362e-17,"Cu",0.0859526344120177,"Cu=1","01110",15,0.0207809749392913
"2131",0,0,1,1,0,1,1,1,0,FALSE,4.09105805539199e-19,"c01010",1.11099853607362e-17,"S",0.418743847181145,"S=1","01110",15,0.579375053960471
"2132",0,0,1,1,0,1,1,1,0,FALSE,4.09105805539199e-19,"c01010",1.11099853607362e-17,"Su",0.374544306297548,"Su=1","01110",15,0.372394814446876
"2133",0,0,1,1,0,1,1,1,0,FALSE,4.09105805539199e-19,"c01010",1.11099853607362e-17,"br",-0.0018565231440814,"br=0","01110",15,0.00863605884202647
"2134",1,0,1,1,0,1,1,1,0,FALSE,4.09105805539199e-19,"c11010",1.11099853607362e-17,"P",-0.00129908184648666,"P=1","01110",15,0.00865620457553447
"2135",1,0,1,1,0,1,1,1,0,FALSE,4.09105805539199e-19,"c11010",1.11099853607362e-17,"Pu",0.000107988019828262,"Pu=0","01110",15,0.00877886435234033
"2136",1,0,1,1,0,1,1,1,0,FALSE,4.09105805539199e-19,"c11010",1.11099853607362e-17,"K",-0.247302695804759,"K=1","01110",15,0.000739515687202604
"2137",1,0,1,1,0,1,1,1,0,FALSE,4.09105805539199e-19,"c11010",1.11099853607362e-17,"Ku",-0.248553595922624,"Ku=1","01110",15,0.000730322702003566
"2138",1,0,1,1,0,1,1,1,0,FALSE,4.09105805539199e-19,"c11010",1.11099853607362e-17,"C",-0.309196819109448,"C=0","01110",15,0.000398239770420841
"2139",1,0,1,1,0,1,1,1,0,FALSE,4.09105805539199e-19,"c11010",1.11099853607362e-17,"Cu",0.0833077704682475,"Cu=1","01110",15,0.0201729960113401
"2140",1,0,1,1,0,1,1,1,0,FALSE,4.09105805539199e-19,"c11010",1.11099853607362e-17,"S",0.416731515266276,"S=1","01110",15,0.565993348807015
"2141",1,0,1,1,0,1,1,1,0,FALSE,4.09105805539199e-19,"c11010",1.11099853607362e-17,"Su",0.378395114029238,"Su=1","01110",15,0.385761118746724
"2142",1,0,1,1,0,1,1,1,0,FALSE,4.09105805539199e-19,"c11010",1.11099853607362e-17,"br",0,"br=0","01110",15,0.00876938934741869
"2143",0,1,1,1,0,1,1,1,0,FALSE,6.21628171262325e-12,"c01010",1.68814027790273e-10,"P",-0.00565015288167468,"P=0","11110",31,0.00820104100795569
"2144",0,1,1,1,0,1,1,1,0,FALSE,6.21628171262325e-12,"c01010",1.68814027790273e-10,"Pu",0.000866165220799962,"Pu=1","11110",31,0.00875324316764015
"2145",0,1,1,1,0,1,1,1,0,FALSE,6.21628171262325e-12,"c01010",1.68814027790273e-10,"K",-0.247541755241498,"K=1","11110",31,0.000730040749477165
"2146",0,1,1,1,0,1,1,1,0,FALSE,6.21628171262325e-12,"c01010",1.68814027790273e-10,"Ku",-0.246461849572278,"Ku=1","11110",31,0.000737967223105711
"2147",0,1,1,1,0,1,1,1,0,FALSE,6.21628171262325e-12,"c01010",1.68814027790273e-10,"C",-0.303420799826596,"C=0","11110",31,0.000417510589455744
"2148",0,1,1,1,0,1,1,1,0,FALSE,6.21628171262325e-12,"c01010",1.68814027790273e-10,"Cu",0.0815855615826402,"Cu=1","11110",31,0.0196213496847983
"2149",0,1,1,1,0,1,1,1,0,FALSE,6.21628171262325e-12,"c01010",1.68814027790273e-10,"S",0.41763073913313,"S=1","11110",31,0.565138039243074
"2150",0,1,1,1,0,1,1,1,0,FALSE,6.21628171262325e-12,"c01010",1.68814027790273e-10,"Su",0.37995286825669,"Su=1","11110",31,0.387723055308223
"2151",0,1,1,1,0,1,1,1,0,FALSE,6.21628171262325e-12,"c01010",1.68814027790273e-10,"br",0,"br=0","11110",31,0.00867775302627
"2152",1,1,1,1,0,1,1,1,0,FALSE,6.21628171262325e-12,"c11010",1.68814027790273e-10,"P",0.000651360417485686,"P=1","11110",31,0.008548525602302
"2153",1,1,1,1,0,1,1,1,0,FALSE,6.21628171262325e-12,"c11010",1.68814027790273e-10,"Pu",0.00544877320842587,"Pu=1","11110",31,0.00896863016801128
"2154",1,1,1,1,0,1,1,1,0,FALSE,6.21628171262325e-12,"c11010",1.68814027790273e-10,"K",-0.24684044691849,"K=1","11110",31,0.000719528423112517
"2155",1,1,1,1,0,1,1,1,0,FALSE,6.21628171262325e-12,"c11010",1.68814027790273e-10,"Ku",-0.248707833318855,"Ku=1","11110",31,0.000706216724445994
"2156",1,1,1,1,0,1,1,1,0,FALSE,6.21628171262325e-12,"c11010",1.68814027790273e-10,"C",-0.30357128946376,"C=0","11110",31,0.000408008335390006
"2157",1,1,1,1,0,1,1,1,0,FALSE,6.21628171262325e-12,"c11010",1.68814027790273e-10,"Cu",0.0841734260488866,"Cu=1","11110",31,0.0197071099188348
"2158",1,1,1,1,0,1,1,1,0,FALSE,6.21628171262325e-12,"c11010",1.68814027790273e-10,"S",0.42179008911972,"S=1","11110",31,0.576598458012964
"2159",1,1,1,1,0,1,1,1,0,FALSE,6.21628171262325e-12,"c11010",1.68814027790273e-10,"Su",0.378994623282028,"Su=1","11110",31,0.375850497973468
"2160",1,1,1,1,0,1,1,1,0,FALSE,6.21628171262325e-12,"c11010",1.68814027790273e-10,"br",0,"br=0","11110",31,0.00849302484147131
"2161",0,0,0,0,1,1,1,1,0,FALSE,4.41127609551842e-19,"c00110",7.05809196035301e-18,"P",-0.00232249915186702,"P=0","00110",7,0.0676076873897709
"2162",0,0,0,0,1,1,1,1,0,FALSE,4.41127609551842e-19,"c00110",7.05809196035301e-18,"Pu",0.00100998236648099,"Pu=0","00110",7,0.0698986622184222
"2163",0,0,0,0,1,1,1,1,0,FALSE,4.41127609551842e-19,"c00110",7.05809196035301e-18,"K",0.0961256955744577,"K=0","00110",7,0.180946904446161
"2164",0,0,0,0,1,1,1,1,0,FALSE,4.41127609551842e-19,"c00110",7.05809196035301e-18,"Ku",0.0957844184947395,"Ku=0","00110",7,0.180330426681825
"2165",0,0,0,0,1,1,1,1,0,FALSE,4.41127609551842e-19,"c00110",7.05809196035301e-18,"C",0,"C=1","00110",7,0.0691962511404845
"2166",0,0,0,0,1,1,1,1,0,FALSE,4.41127609551842e-19,"c00110",7.05809196035301e-18,"Cu",0.0943323844832523,"Cu=1","00110",7,0.177730886332178
"2167",0,0,0,0,1,1,1,1,0,FALSE,4.41127609551842e-19,"c00110",7.05809196035301e-18,"S",0.029772124143551,"S=1","00110",7,0.0931925635545773
"2168",0,0,0,0,1,1,1,1,0,FALSE,4.41127609551842e-19,"c00110",7.05809196035301e-18,"Su",0.0283758336984797,"Su=1","00110",7,0.0919003670960962
"2169",0,0,0,0,1,1,1,1,0,FALSE,4.41127609551842e-19,"c00110",7.05809196035301e-18,"br",0,"br=0","00110",7,0.0691962511404845
"2170",1,0,0,0,1,1,1,1,0,FALSE,4.41127609551842e-19,"c10110",7.05809196035301e-18,"P",0.00434325371873614,"P=1","00110",7,0.0704427459452593
"2171",1,0,0,0,1,1,1,1,0,FALSE,4.41127609551842e-19,"c10110",7.05809196035301e-18,"Pu",-0.00336642808734971,"Pu=0","00110",7,0.0652159093473473
"2172",1,0,0,0,1,1,1,1,0,FALSE,4.41127609551842e-19,"c10110",7.05809196035301e-18,"K",0.100301405246153,"K=0","00110",7,0.183898096513739
"2173",1,0,0,0,1,1,1,1,0,FALSE,4.41127609551842e-19,"c10110",7.05809196035301e-18,"Ku",0.101050187727255,"Ku=0","00110",7,0.185280261490243
"2174",1,0,0,0,1,1,1,1,0,FALSE,4.41127609551842e-19,"c10110",7.05809196035301e-18,"C",0,"C=1","00110",7,0.0674487282949865
"2175",1,0,0,0,1,1,1,1,0,FALSE,4.41127609551842e-19,"c10110",7.05809196035301e-18,"Cu",0.0989221774432173,"Cu=1","00110",7,0.181379133885097
"2176",1,0,0,0,1,1,1,1,0,FALSE,4.41127609551842e-19,"c10110",7.05809196035301e-18,"S",0.0327423764515549,"S=1","00110",7,0.0935776425167877
"2177",1,0,0,0,1,1,1,1,0,FALSE,4.41127609551842e-19,"c10110",7.05809196035301e-18,"Su",0.0234909343440735,"Su=1","00110",7,0.0853087537115537
"2178",1,0,0,0,1,1,1,1,0,FALSE,4.41127609551842e-19,"c10110",7.05809196035301e-18,"br",0,"br=0","00110",7,0.0674487282949865
"2179",0,1,0,0,1,1,1,1,0,FALSE,6.70284668430984e-12,"c00110",1.07246309842336e-10,"P",-0.00597829664806267,"P=0","10110",23,0.0642442289890397
"2180",0,1,0,0,1,1,1,1,0,FALSE,6.70284668430984e-12,"c00110",1.07246309842336e-10,"Pu",0.00192426621085765,"Pu=1","10110",23,0.0695271641403086
"2181",0,1,0,0,1,1,1,1,0,FALSE,6.70284668430984e-12,"c00110",1.07246309842336e-10,"K",0.0988188903971854,"K=0","10110",23,0.183215630699283
"2182",0,1,0,0,1,1,1,1,0,FALSE,6.70284668430984e-12,"c00110",1.07246309842336e-10,"Ku",0.0996656027794511,"Ku=0","10110",23,0.184773526270612
"2183",0,1,0,0,1,1,1,1,0,FALSE,6.70284668430984e-12,"c00110",1.07246309842336e-10,"C",0,"C=1","10110",23,0.0682020665042734
"2184",0,1,0,0,1,1,1,1,0,FALSE,6.70284668430984e-12,"c00110",1.07246309842336e-10,"Cu",0.0972646797866146,"Cu=1","10110",23,0.1803900882443
"2185",0,1,0,0,1,1,1,1,0,FALSE,6.70284668430984e-12,"c00110",1.07246309842336e-10,"S",0.0266847939174833,"S=1","10110",23,0.0890611136417737
"2186",0,1,0,0,1,1,1,1,0,FALSE,6.70284668430984e-12,"c00110",1.07246309842336e-10,"Su",0.0303480183310929,"Su=1","10110",23,0.0923841150061356
"2187",0,1,0,0,1,1,1,1,0,FALSE,6.70284668430984e-12,"c00110",1.07246309842336e-10,"br",0,"br=0","10110",23,0.0682020665042734
"2188",1,1,0,0,1,1,1,1,0,FALSE,6.70284668430984e-12,"c10110",1.07246309842336e-10,"P",0.00615029215712838,"P=1","10110",23,0.0732807123544486
"2189",1,1,0,0,1,1,1,1,0,FALSE,6.70284668430984e-12,"c10110",1.07246309842336e-10,"Pu",0.010562733448946,"Pu=1","10110",23,0.0765865791311562
"2190",1,1,0,0,1,1,1,1,0,FALSE,6.70284668430984e-12,"c10110",1.07246309842336e-10,"K",0.0957463103286466,"K=0","10110",23,0.179514794119997
"2191",1,1,0,0,1,1,1,1,0,FALSE,6.70284668430984e-12,"c10110",1.07246309842336e-10,"Ku",0.0947829204705891,"Ku=0","10110",23,0.177793670675807
"2192",1,1,0,0,1,1,1,1,0,FALSE,6.70284668430984e-12,"c10110",1.07246309842336e-10,"C",0,"C=1","10110",23,0.0689095324039843
"2193",1,1,0,0,1,1,1,1,0,FALSE,6.70284668430984e-12,"c10110",1.07246309842336e-10,"Cu",0.0932383107372839,"Cu=1","10110",23,0.175068552731958
"2194",1,1,0,0,1,1,1,1,0,FALSE,6.70284668430984e-12,"c10110",1.07246309842336e-10,"S",0.0332370769110411,"S=1","10110",23,0.0960784734047076
"2195",1,1,0,0,1,1,1,1,0,FALSE,6.70284668430984e-12,"c10110",1.07246309842336e-10,"Su",0.0196332194259827,"Su=1","10110",23,0.0838581527739569
"2196",1,1,0,0,1,1,1,1,0,FALSE,6.70284668430984e-12,"c10110",1.07246309842336e-10,"br",0,"br=0","10110",23,0.0689095324039843
"2197",0,0,1,0,1,1,1,1,0,FALSE,4.41127609551842e-19,"c01110",1.1979593574934e-17,"P",-0.00570234286833741,"P=0","00110",7,0.0325757703396122
"2198",0,0,1,0,1,1,1,1,0,FALSE,4.41127609551842e-19,"c01110",1.1979593574934e-17,"Pu",-0.000174047436652953,"Pu=0","00110",7,0.0344273644114678
"2199",0,0,1,0,1,1,1,1,0,FALSE,4.41127609551842e-19,"c01110",1.1979593574934e-17,"K",-0.0416486491328967,"K=1","00110",7,0.0227395502060632
"2200",0,0,1,0,1,1,1,1,0,FALSE,4.41127609551842e-19,"c01110",1.1979593574934e-17,"Ku",0.236203630620301,"Ku=0","00110",7,0.365998233102987
"2201",0,0,1,0,1,1,1,1,0,FALSE,4.41127609551842e-19,"c01110",1.1979593574934e-17,"C",0,"C=1","00110",7,0.0344873365315628
"2202",0,0,1,0,1,1,1,1,0,FALSE,4.41127609551842e-19,"c01110",1.1979593574934e-17,"Cu",0.229560711344019,"Cu=1","00110",7,0.342475222849228
"2203",0,0,1,0,1,1,1,1,0,FALSE,4.41127609551842e-19,"c01110",1.1979593574934e-17,"S",0.0692951562956118,"S=1","00110",7,0.0689611817224711
"2204",0,0,1,0,1,1,1,1,0,FALSE,4.41127609551842e-19,"c01110",1.1979593574934e-17,"Su",0.0618833553231336,"Su=1","00110",7,0.0640347402715273
"2205",0,0,1,0,1,1,1,1,0,FALSE,4.41127609551842e-19,"c01110",1.1979593574934e-17,"br",-0.000542933639460985,"br=0","00110",7,0.0343006005650803
"2206",1,0,1,0,1,1,1,1,0,FALSE,4.41127609551842e-19,"c11110",1.1979593574934e-17,"P",0.00465815404511374,"P=1","00110",7,0.0376051658928323
"2207",1,0,1,0,1,1,1,1,0,FALSE,4.41127609551842e-19,"c11110",1.1979593574934e-17,"Pu",0.00489250903053379,"Pu=0","00110",7,0.0376933988226296
"2208",1,0,1,0,1,1,1,1,0,FALSE,4.41127609551842e-19,"c11110",1.1979593574934e-17,"K",-0.0404320319097709,"K=1","00110",7,0.0239564972784037
"2209",1,0,1,0,1,1,1,1,0,FALSE,4.41127609551842e-19,"c11110",1.1979593574934e-17,"Ku",0.229448159885239,"Ku=0","00110",7,0.356039432485489
"2210",1,0,1,0,1,1,1,1,0,FALSE,4.41127609551842e-19,"c11110",1.1979593574934e-17,"C",0,"C=1","00110",7,0.0358936317533973
"2211",1,0,1,0,1,1,1,1,0,FALSE,4.41127609551842e-19,"c11110",1.1979593574934e-17,"Cu",0.224217412033624,"Cu=1","00110",7,0.337894599688278
"2212",1,0,1,0,1,1,1,1,0,FALSE,4.41127609551842e-19,"c11110",1.1979593574934e-17,"S",0.062915009492281,"S=1","00110",7,0.0673370083161938
"2213",1,0,1,0,1,1,1,1,0,FALSE,4.41127609551842e-19,"c11110",1.1979593574934e-17,"Su",0.0634328839453168,"Su=1","00110",7,0.0676866340093797
"2214",1,0,1,0,1,1,1,1,0,FALSE,4.41127609551842e-19,"c11110",1.1979593574934e-17,"br",0,"br=0","00110",7,0.0358936317533973
"2215",0,1,1,0,1,1,1,1,0,FALSE,6.70284668430984e-12,"c01110",1.82027552423442e-10,"P",0.00465367787358187,"P=0","10110",23,0.0357845182698737
"2216",0,1,1,0,1,1,1,1,0,FALSE,6.70284668430984e-12,"c01110",1.82027552423442e-10,"Pu",-0.00224818725922539,"Pu=1","10110",23,0.0333980227117313
"2217",0,1,1,0,1,1,1,1,0,FALSE,6.70284668430984e-12,"c01110",1.82027552423442e-10,"K",-0.0418246804717684,"K=1","10110",23,0.0224823771795783
"2218",0,1,1,0,1,1,1,1,0,FALSE,6.70284668430984e-12,"c01110",1.82027552423442e-10,"Ku",0.236830163692067,"Ku=0","10110",23,0.364774811172637
"2219",0,1,1,0,1,1,1,1,0,FALSE,6.70284668430984e-12,"c01110",1.82027552423442e-10,"C",0,"C=1","10110",23,0.0341573766692551
"2220",0,1,1,0,1,1,1,1,0,FALSE,6.70284668430984e-12,"c01110",1.82027552423442e-10,"Cu",0.230656558631551,"Cu=1","10110",23,0.342936108386885
"2221",0,1,1,0,1,1,1,1,0,FALSE,6.70284668430984e-12,"c01110",1.82027552423442e-10,"S",0.075364540886559,"S=1","10110",23,0.0725752518015646
"2222",0,1,1,0,1,1,1,1,0,FALSE,6.70284668430984e-12,"c01110",1.82027552423442e-10,"Su",0.0558925432595874,"Su=1","10110",23,0.05973415713922
"2223",0,1,1,0,1,1,1,1,0,FALSE,6.70284668430984e-12,"c01110",1.82027552423442e-10,"br",0,"br=0","10110",23,0.0341573766692551
"2224",1,1,1,0,1,1,1,1,0,FALSE,6.70284668430984e-12,"c11110",1.82027552423442e-10,"P",0.000636524013794666,"P=1","10110",23,0.033505909659019
"2225",1,1,1,0,1,1,1,1,0,FALSE,6.70284668430984e-12,"c11110",1.82027552423442e-10,"Pu",0.005595795209385,"Pu=1","10110",23,0.0352094510731207
"2226",1,1,1,0,1,1,1,1,0,FALSE,6.70284668430984e-12,"c11110",1.82027552423442e-10,"K",-0.0423613718311882,"K=1","10110",23,0.0217963575844962
"2227",1,1,1,0,1,1,1,1,0,FALSE,6.70284668430984e-12,"c11110",1.82027552423442e-10,"Ku",0.240161159830298,"Ku=0","10110",23,0.367590000933856
"2228",1,1,1,0,1,1,1,1,0,FALSE,6.70284668430984e-12,"c11110",1.82027552423442e-10,"C",0,"C=1","10110",23,0.0332933138275577
"2229",1,1,1,0,1,1,1,1,0,FALSE,6.70284668430984e-12,"c11110",1.82027552423442e-10,"Cu",0.234236469735626,"Cu=1","10110",23,0.346444034234277
"2230",1,1,1,0,1,1,1,1,0,FALSE,6.70284668430984e-12,"c11110",1.82027552423442e-10,"S",0.0678507765013244,"S=1","10110",23,0.0656189388247276
"2231",1,1,1,0,1,1,1,1,0,FALSE,6.70284668430984e-12,"c11110",1.82027552423442e-10,"Su",0.0641717667517166,"Su=1","10110",23,0.0632486800353874
"2232",1,1,1,0,1,1,1,1,0,FALSE,6.70284668430984e-12,"c11110",1.82027552423442e-10,"br",0,"br=0","10110",23,0.0332933138275577
"2233",0,0,0,1,1,1,1,1,0,FALSE,4.09105805539199e-19,"c00110",6.54573945154665e-18,"P",-0.00212462720120557,"P=0","01110",15,0.033917715068581
"2234",0,0,0,1,1,1,1,1,0,FALSE,4.09105805539199e-19,"c00110",6.54573945154665e-18,"Pu",-0.00448609091292001,"Pu=0","01110",15,0.0331261436559377
"2235",0,0,0,1,1,1,1,1,0,FALSE,4.09105805539199e-19,"c00110",6.54573945154665e-18,"K",0.234783666394944,"K=0","01110",15,0.362498516637294
"2236",0,0,0,1,1,1,1,1,0,FALSE,4.09105805539199e-19,"c00110",6.54573945154665e-18,"Ku",-0.041141581823319,"Ku=1","01110",15,0.0229603289874104
"2237",0,0,0,1,1,1,1,1,0,FALSE,4.09105805539199e-19,"c00110",6.54573945154665e-18,"C",0,"C=1","01110",15,0.0346460498710514
"2238",0,0,0,1,1,1,1,1,0,FALSE,4.09105805539199e-19,"c00110",6.54573945154665e-18,"Cu",0.229523450767998,"Cu=1","01110",15,0.343923148187181
"2239",0,0,0,1,1,1,1,1,0,FALSE,4.09105805539199e-19,"c00110",6.54573945154665e-18,"S",0.0686781126392672,"S=1","01110",15,0.0688523835952026
"2240",0,0,0,1,1,1,1,1,0,FALSE,4.09105805539199e-19,"c00110",6.54573945154665e-18,"Su",0.0635792017237707,"Su=1","01110",15,0.0654296641262902
"2241",0,0,0,1,1,1,1,1,0,FALSE,4.09105805539199e-19,"c00110",6.54573945154665e-18,"br",0,"br=0","01110",15,0.0346460498710514
"2242",1,0,0,1,1,1,1,1,0,FALSE,4.09105805539199e-19,"c10110",6.54573945154665e-18,"P",0.00272484313131982,"P=1","01110",15,0.0352787946764421
"2243",1,0,0,1,1,1,1,1,0,FALSE,4.09105805539199e-19,"c10110",6.54573945154665e-18,"Pu",-0.00292793140578062,"Pu=0","01110",15,0.0333398814218792
"2244",1,0,0,1,1,1,1,1,0,FALSE,4.09105805539199e-19,"c10110",6.54573945154665e-18,"K",0.23562957746866,"K=0","01110",15,0.362248126530305
"2245",1,0,0,1,1,1,1,1,0,FALSE,4.09105805539199e-19,"c10110",6.54573945154665e-18,"Ku",-0.0417639683577019,"Ku=1","01110",15,0.0226100376428536
"2246",1,0,0,1,1,1,1,1,0,FALSE,4.09105805539199e-19,"c10110",6.54573945154665e-18,"C",0,"C=1","01110",15,0.0343304815596331
"2247",1,0,0,1,1,1,1,1,0,FALSE,4.09105805539199e-19,"c10110",6.54573945154665e-18,"Cu",0.230530011924372,"Cu=1","01110",15,0.344238163641199
"2248",1,0,0,1,1,1,1,1,0,FALSE,4.09105805539199e-19,"c10110",6.54573945154665e-18,"S",0.0636358227798375,"S=1","01110",15,0.0648704278395106
"2249",1,0,0,1,1,1,1,1,0,FALSE,4.09105805539199e-19,"c10110",6.54573945154665e-18,"Su",0.0694495538663385,"Su=1","01110",15,0.0687536051285443
"2250",1,0,0,1,1,1,1,1,0,FALSE,4.09105805539199e-19,"c10110",6.54573945154665e-18,"br",0,"br=0","01110",15,0.0343304815596331
"2251",0,1,0,1,1,1,1,1,0,FALSE,6.21628171262325e-12,"c00110",9.94612149163138e-11,"P",0.00170132918088392,"P=0","11110",31,0.0363764041588028
"2252",0,1,0,1,1,1,1,1,0,FALSE,6.21628171262325e-12,"c00110",9.94612149163138e-11,"Pu",-0.00275263559767625,"Pu=1","11110",31,0.0347917635533112
"2253",0,1,0,1,1,1,1,1,0,FALSE,6.21628171262325e-12,"c00110",9.94612149163138e-11,"K",0.230269686610486,"K=0","11110",31,0.357667542015379
"2254",0,1,0,1,1,1,1,1,0,FALSE,6.21628171262325e-12,"c00110",9.94612149163138e-11,"Ku",-0.0402267252590398,"Ku=1","11110",31,0.0239182025649019
"2255",0,1,0,1,1,1,1,1,0,FALSE,6.21628171262325e-12,"c00110",9.94612149163138e-11,"C",0,"C=1","11110",31,0.0357627566635698
"2256",0,1,0,1,1,1,1,1,0,FALSE,6.21628171262325e-12,"c00110",9.94612149163138e-11,"Cu",0.225165062540799,"Cu=1","11110",31,0.339868120216892
"2257",0,1,0,1,1,1,1,1,0,FALSE,6.21628171262325e-12,"c00110",9.94612149163138e-11,"S",0.0677568630854281,"S=1","11110",31,0.0704198839739206
"2258",0,1,0,1,1,1,1,1,0,FALSE,6.21628171262325e-12,"c00110",9.94612149163138e-11,"Su",0.0604113114385461,"Su=1","11110",31,0.0654325701896532
"2259",0,1,0,1,1,1,1,1,0,FALSE,6.21628171262325e-12,"c00110",9.94612149163138e-11,"br",0,"br=0","11110",31,0.0357627566635698
"2260",1,1,0,1,1,1,1,1,0,FALSE,6.21628171262325e-12,"c10110",9.94612149163138e-11,"P",0.00422939670384654,"P=1","11110",31,0.035415493662146
"2261",1,1,0,1,1,1,1,1,0,FALSE,6.21628171262325e-12,"c10110",9.94612149163138e-11,"Pu",0.00283417345396492,"Pu=1","11110",31,0.0349247995596595
"2262",1,1,0,1,1,1,1,1,0,FALSE,6.21628171262325e-12,"c10110",9.94612149163138e-11,"K",0.236442888421947,"K=0","11110",31,0.361146724797665
"2263",1,1,0,1,1,1,1,1,0,FALSE,6.21628171262325e-12,"c10110",9.94612149163138e-11,"Ku",-0.0416472919240624,"Ku=1","11110",31,0.0223848079484538
"2264",1,1,0,1,1,1,1,1,0,FALSE,6.21628171262325e-12,"c10110",9.94612149163138e-11,"C",0,"C=1","11110",31,0.0339488653222732
"2265",1,1,0,1,1,1,1,1,0,FALSE,6.21628171262325e-12,"c10110",9.94612149163138e-11,"Cu",0.232148799763181,"Cu=1","11110",31,0.345967011855253
"2266",1,1,0,1,1,1,1,1,0,FALSE,6.21628171262325e-12,"c10110",9.94612149163138e-11,"S",0.0708851018376675,"S=1","11110",31,0.0689724017396619
"2267",1,1,0,1,1,1,1,1,0,FALSE,6.21628171262325e-12,"c10110",9.94612149163138e-11,"Su",0.0622888178249212,"Su=1","11110",31,0.0632910297926149
"2268",1,1,0,1,1,1,1,1,0,FALSE,6.21628171262325e-12,"c10110",9.94612149163138e-11,"br",0,"br=0","11110",31,0.0339488653222732
"2269",0,0,1,1,1,1,1,1,0,FALSE,4.09105805539199e-19,"c01110",1.11099853497826e-17,"P",-0.00158194880615769,"P=0","01110",15,0.00377242020092952
"2270",0,0,1,1,1,1,1,1,0,FALSE,4.09105805539199e-19,"c01110",1.11099853497826e-17,"Pu",-0.00401744899458123,"Pu=0","01110",15,0.00368165270770116
"2271",0,0,1,1,1,1,1,1,0,FALSE,4.09105805539199e-19,"c01110",1.11099853497826e-17,"K",-0.0993466243507028,"K=1","01110",15,0.00141916689127674
"2272",0,0,1,1,1,1,1,1,0,FALSE,4.09105805539199e-19,"c01110",1.11099853497826e-17,"Ku",-0.0997970235964131,"Ku=1","01110",15,0.00141278934728928
"2273",0,0,1,1,1,1,1,1,0,FALSE,4.09105805539199e-19,"c01110",1.11099853497826e-17,"C",0,"C=1","01110",15,0.00383257249203512
"2274",0,0,1,1,1,1,1,1,0,FALSE,4.09105805539199e-19,"c01110",1.11099853497826e-17,"Cu",0.550628144306952,"Cu=1","01110",15,0.943708843175583
"2275",0,0,1,1,1,1,1,1,0,FALSE,4.09105805539199e-19,"c01110",1.11099853497826e-17,"S",0.170556826094535,"S=1","01110",15,0.0210964442559954
"2276",0,0,1,1,1,1,1,1,0,FALSE,4.09105805539199e-19,"c01110",1.11099853497826e-17,"Su",0.150390124328754,"Su=1","01110",15,0.0172435384371547
"2277",0,0,1,1,1,1,1,1,0,FALSE,4.09105805539199e-19,"c01110",1.11099853497826e-17,"br",0,"br=0","01110",15,0.00383257249203512
"2278",1,0,1,1,1,1,1,1,0,FALSE,4.09105805539199e-19,"c11110",1.11099853497826e-17,"P",-0.00402360489676288,"P=1","01110",15,0.00353675497499007
"2279",1,0,1,1,1,1,1,1,0,FALSE,4.09105805539199e-19,"c11110",1.11099853497826e-17,"Pu",0.0029317229897697,"Pu=0","01110",15,0.00379150452219389
"2280",1,0,1,1,1,1,1,1,0,FALSE,4.09105805539199e-19,"c11110",1.11099853497826e-17,"K",-0.0993823859949836,"K=1","01110",15,0.00136290959427493
"2281",1,0,1,1,1,1,1,1,0,FALSE,4.09105805539199e-19,"c11110",1.11099853497826e-17,"Ku",-0.100376052211631,"Ku=1","01110",15,0.0013494338847391
"2282",1,0,1,1,1,1,1,1,0,FALSE,4.09105805539199e-19,"c11110",1.11099853497826e-17,"C",0,"C=1","01110",15,0.0036819617043376
"2283",1,0,1,1,1,1,1,1,0,FALSE,4.09105805539199e-19,"c11110",1.11099853497826e-17,"Cu",0.554786387795102,"Cu=1","01110",15,0.945117784992415
"2284",1,0,1,1,1,1,1,1,0,FALSE,4.09105805539199e-19,"c11110",1.11099853497826e-17,"S",0.171423240043385,"S=1","01110",15,0.0204437677882921
"2285",1,0,1,1,1,1,1,1,0,FALSE,4.09105805539199e-19,"c11110",1.11099853497826e-17,"Su",0.153176101722485,"Su=1","01110",15,0.0170339208344195
"2286",1,0,1,1,1,1,1,1,0,FALSE,4.09105805539199e-19,"c11110",1.11099853497826e-17,"br",0,"br=0","01110",15,0.0036819617043376
"2287",0,1,1,1,1,1,1,1,0,FALSE,6.21628171262325e-12,"c01110",1.68814027623835e-10,"P",-0.0021897351819801,"P=0","11110",31,0.00350019774788974
"2288",0,1,1,1,1,1,1,1,0,FALSE,6.21628171262325e-12,"c01110",1.68814027623835e-10,"Pu",0.00156007171715217,"Pu=1","11110",31,0.00363394027684093
"2289",0,1,1,1,1,1,1,1,0,FALSE,6.21628171262325e-12,"c01110",1.68814027623835e-10,"K",-0.101376574706765,"K=1","11110",31,0.00129816414606927
"2290",0,1,1,1,1,1,1,1,0,FALSE,6.21628171262325e-12,"c01110",1.68814027623835e-10,"Ku",-0.101621904928167,"Ku=1","11110",31,0.00129498326052772
"2291",0,1,1,1,1,1,1,1,0,FALSE,6.21628171262325e-12,"c01110",1.68814027623835e-10,"C",0,"C=1","11110",31,0.00357768813017277
"2292",0,1,1,1,1,1,1,1,0,FALSE,6.21628171262325e-12,"c01110",1.68814027623835e-10,"Cu",0.557915793930122,"Cu=1","11110",31,0.947545310970042
"2293",0,1,1,1,1,1,1,1,0,FALSE,6.21628171262325e-12,"c01110",1.68814027623835e-10,"S",0.168900298658999,"S=1","11110",31,0.0193698901198664
"2294",0,1,1,1,1,1,1,1,0,FALSE,6.21628171262325e-12,"c01110",1.68814027623835e-10,"Su",0.151209862970174,"Su=1","11110",31,0.0162292545130317
"2295",0,1,1,1,1,1,1,1,0,FALSE,6.21628171262325e-12,"c01110",1.68814027623835e-10,"br",-0.00076084288064094,"br=0","11110",31,0.00355057083555969
"2296",1,1,1,1,1,1,1,1,0,FALSE,6.21628171262325e-12,"c11110",1.68814027623835e-10,"P",-0.00102887026404461,"P=1","11110",31,0.00343139756601771
"2297",1,1,1,1,1,1,1,1,0,FALSE,6.21628171262325e-12,"c11110",1.68814027623835e-10,"Pu",-0.00322742641252772,"Pu=1","11110",31,0.003356779628099
"2298",1,1,1,1,1,1,1,1,0,FALSE,6.21628171262325e-12,"c11110",1.68814027623835e-10,"K",-0.100938902058482,"K=1","11110",31,0.0012634768352667
"2299",1,1,1,1,1,1,1,1,0,FALSE,6.21628171262325e-12,"c11110",1.68814027623835e-10,"Ku",-0.101422187219591,"Ku=1","11110",31,0.00125738537063639
"2300",1,1,1,1,1,1,1,1,0,FALSE,6.21628171262325e-12,"c11110",1.68814027623835e-10,"C",0,"C=1","11110",31,0.00346688443911295
"2301",1,1,1,1,1,1,1,1,0,FALSE,6.21628171262325e-12,"c11110",1.68814027623835e-10,"Cu",0.561133255833962,"Cu=1","11110",31,0.948222228299354
"2302",1,1,1,1,1,1,1,1,0,FALSE,6.21628171262325e-12,"c11110",1.68814027623835e-10,"S",0.17436953247027,"S=1","11110",31,0.0198251564528336
"2303",1,1,1,1,1,1,1,1,0,FALSE,6.21628171262325e-12,"c11110",1.68814027623835e-10,"Su",0.151102883060506,"Su=1","11110",31,0.0157098069695663
"2304",1,1,1,1,1,1,1,1,0,FALSE,6.21628171262325e-12,"c11110",1.68814027623835e-10,"br",0,"br=0","11110",31,0.00346688443911295
"2305",0,0,0,0,0,0,0,0,1,TRUE,1.51807246391967e-14,"c00001",2.91534261371429e-08,"P",0.00108631416384563,"P=0","00001",2,0.00010535255058874
"2306",0,0,0,0,0,0,0,0,1,TRUE,1.51807246391967e-14,"c00001",2.91534261371429e-08,"Pu",0.000189003747419528,"Pu=0","00001",2,0.000104411439835325
"2307",0,0,0,0,0,0,0,0,1,TRUE,1.51807246391967e-14,"c00001",2.91534261371429e-08,"K",-0.0316188837347005,"K=0","00001",2,7.59640628783864e-05
"2308",0,0,0,0,0,0,0,0,1,TRUE,1.51807246391967e-14,"c00001",2.91534261371429e-08,"Ku",-0.0352687726441438,"Ku=0","00001",2,7.32414474337321e-05
"2309",0,0,0,0,0,0,0,0,1,TRUE,1.51807246391967e-14,"c00001",2.91534261371429e-08,"C",0.0990278750675316,"C=0","00001",2,0.000280543266155951
"2310",0,0,0,0,0,0,0,0,1,TRUE,1.51807246391967e-14,"c00001",2.91534261371429e-08,"Cu",0.158405803558575,"Cu=0","00001",2,0.000508013105017197
"2311",0,0,0,0,0,0,0,0,1,TRUE,1.51807246391967e-14,"c00001",2.91534261371429e-08,"S",0,"S=0","00001",2,0.000104214284675312
"2312",0,0,0,0,0,0,0,0,1,TRUE,1.51807246391967e-14,"c00001",2.91534261371429e-08,"Su",-0.00124464650983928,"Su=0","00001",2,0.000102925223983938
"2313",0,0,0,0,0,0,0,0,1,TRUE,1.51807246391967e-14,"c00001",2.91534261371429e-08,"br",0.916770576525712,"br=1","00001",2,0.998645334619432
"2314",1,0,0,0,0,0,0,0,1,TRUE,1.51807246391967e-14,"c10001",2.91534261371429e-08,"P",0.00177332518951176,"P=1","00001",2,0.000107992929585899
"2315",1,0,0,0,0,0,0,0,1,TRUE,1.51807246391967e-14,"c10001",2.91534261371429e-08,"Pu",-0.00344743650578341,"Pu=0","00001",2,0.000102499522622996
"2316",1,0,0,0,0,0,0,0,1,TRUE,1.51807246391967e-14,"c10001",2.91534261371429e-08,"K",-0.034531262888954,"K=0","00001",2,7.51149703209349e-05
"2317",1,0,0,0,0,0,0,0,1,TRUE,1.51807246391967e-14,"c10001",2.91534261371429e-08,"Ku",-0.0341600723293284,"Ku=0","00001",2,7.53943081166634e-05
"2318",1,0,0,0,0,0,0,0,1,TRUE,1.51807246391967e-14,"c10001",2.91534261371429e-08,"C",0.100219865318752,"C=0","00001",2,0.000289030193801337
"2319",1,0,0,0,0,0,0,0,1,TRUE,1.51807246391967e-14,"c10001",2.91534261371429e-08,"Cu",0.155564845422241,"Cu=0","00001",2,0.000502693660898814
"2320",1,0,0,0,0,0,0,0,1,TRUE,1.51807246391967e-14,"c10001",2.91534261371429e-08,"S",0,"S=0","00001",2,0.000106094744007159
"2321",1,0,0,0,0,0,0,0,1,TRUE,1.51807246391967e-14,"c10001",2.91534261371429e-08,"Su",-0.002499428286281,"Su=0","00001",2,0.000103475847028213
"2322",1,0,0,0,0,0,0,0,1,TRUE,1.51807246391967e-14,"c10001",2.91534261371429e-08,"br",0.914981482673003,"br=1","00001",2,0.998637703823618
"2323",0,1,0,0,0,0,0,0,1,TRUE,2.30668105124129e-07,"c00001",0.442980537804344,"P",0.00579430433252834,"P=0","10001",18,0.000107888532974641
"2324",0,1,0,0,0,0,0,0,1,TRUE,2.30668105124129e-07,"c00001",0.442980537804344,"Pu",0.000172063082119605,"Pu=1","10001",18,0.000101990143835266
"2325",0,1,0,0,0,0,0,0,1,TRUE,2.30668105124129e-07,"c00001",0.442980537804344,"K",-0.0333498811026879,"K=0","10001",18,7.29414261602178e-05
"2326",0,1,0,0,0,0,0,0,1,TRUE,2.30668105124129e-07,"c00001",0.442980537804344,"Ku",-0.0286871392885442,"Ku=0","10001",18,7.64230349906927e-05
"2327",0,1,0,0,0,0,0,0,1,TRUE,2.30668105124129e-07,"c00001",0.442980537804344,"C",0.0976222251761305,"C=0","10001",18,0.000270258200582352
"2328",0,1,0,0,0,0,0,0,1,TRUE,2.30668105124129e-07,"c00001",0.442980537804344,"Cu",0.151760699553642,"Cu=0","10001",18,0.000464407567199982
"2329",0,1,0,0,0,0,0,0,1,TRUE,2.30668105124129e-07,"c00001",0.442980537804344,"S",0,"S=0","10001",18,0.000101814807338273
"2330",0,1,0,0,0,0,0,0,1,TRUE,2.30668105124129e-07,"c00001",0.442980537804344,"Su",-0.00563923748060752,"Su=0","10001",18,9.62321184838287e-05
"2331",0,1,0,0,0,0,0,0,1,TRUE,2.30668105124129e-07,"c00001",0.442980537804344,"br",0.919106221811009,"br=1","10001",18,0.998708044168435
"2332",1,1,0,0,0,0,0,0,1,TRUE,2.30668105124129e-07,"c10001",0.442980537804344,"P",-0.0033381327830799,"P=1","10001",18,9.99236825860344e-05
"2333",1,1,0,0,0,0,0,0,1,TRUE,2.30668105124129e-07,"c10001",0.442980537804344,"Pu",-0.00244453482673216,"Pu=1","10001",18,0.000100820600021106
"2334",1,1,0,0,0,0,0,0,1,TRUE,2.30668105124129e-07,"c10001",0.442980537804344,"K",-0.0298389537776246,"K=0","10001",18,7.66614144348904e-05
"2335",1,1,0,0,0,0,0,0,1,TRUE,2.30668105124129e-07,"c10001",0.442980537804344,"Ku",-0.0304075125313111,"Ku=0","10001",18,7.62267859822901e-05
"2336",1,1,0,0,0,0,0,0,1,TRUE,2.30668105124129e-07,"c10001",0.442980537804344,"C",0.09716406677454,"C=0","10001",18,0.000272988239651927
"2337",1,1,0,0,0,0,0,0,1,TRUE,2.30668105124129e-07,"c10001",0.442980537804344,"Cu",0.159250143951045,"Cu=0","10001",18,0.000507902493803682
"2338",1,1,0,0,0,0,0,0,1,TRUE,2.30668105124129e-07,"c10001",0.442980537804344,"S",0,"S=0","10001",18,0.000103315565609644
"2339",1,1,0,0,0,0,0,0,1,TRUE,2.30668105124129e-07,"c10001",0.442980537804344,"Su",-0.000269251120413667,"Su=0","10001",18,0.000103037761454909
"2340",1,1,0,0,0,0,0,0,1,TRUE,2.30668105124129e-07,"c10001",0.442980537804344,"br",0.917638073332776,"br=1","10001",18,0.998659123456456
"2341",0,0,1,0,0,0,0,0,1,TRUE,1.51807246391967e-14,"c01001",5.04790427386954e-13,"P",0.00453169348421305,"P=0","00001",2,0.000234830221108189
"2342",0,0,1,0,0,0,0,0,1,TRUE,1.51807246391967e-14,"c01001",5.04790427386954e-13,"Pu",-0.00137880868808702,"Pu=0","00001",2,0.000221352790969095
"2343",0,0,1,0,0,0,0,0,1,TRUE,1.51807246391967e-14,"c01001",5.04790427386954e-13,"K",0.0318332662776991,"K=1","00001",2,0.000308548337796293
"2344",0,0,1,0,0,0,0,0,1,TRUE,1.51807246391967e-14,"c01001",5.04790427386954e-13,"Ku",-0.19029812363508,"Ku=0","00001",2,3.3467158626597e-05
"2345",0,0,1,0,0,0,0,0,1,TRUE,1.51807246391967e-14,"c01001",5.04790427386954e-13,"C",0.109953696113801,"C=0","00001",2,0.000673900730518801
"2346",0,0,1,0,0,0,0,0,1,TRUE,1.51807246391967e-14,"c01001",5.04790427386954e-13,"Cu",0.173088118919272,"Cu=0","00001",2,0.00126702516756011
"2347",0,0,1,0,0,0,0,0,1,TRUE,1.51807246391967e-14,"c01001",5.04790427386954e-13,"S",0,"S=0","00001",2,0.000224425960358696
"2348",0,0,1,0,0,0,0,0,1,TRUE,1.51807246391967e-14,"c01001",5.04790427386954e-13,"Su",-2.35924627643062e-05,"Su=0","00001",2,0.000224373018992897
"2349",0,0,1,0,0,0,0,0,1,TRUE,1.51807246391967e-14,"c01001",5.04790427386954e-13,"br",0.839877168749504,"br=1","00001",2,0.996812076614069
"2350",1,0,1,0,0,0,0,0,1,TRUE,1.51807246391967e-14,"c11001",5.04790427386954e-13,"P",0.00878688218773653,"P=1","00001",2,0.000251287708418475
"2351",1,0,1,0,0,0,0,0,1,TRUE,1.51807246391967e-14,"c11001",5.04790427386954e-13,"Pu",-0.00238227498935262,"Pu=0","00001",2,0.000224731635584316
"2352",1,0,1,0,0,0,0,0,1,TRUE,1.51807246391967e-14,"c11001",5.04790427386954e-13,"K",0.0343689017873407,"K=1","00001",2,0.000324543223429781
"2353",1,0,1,0,0,0,0,0,1,TRUE,1.51807246391967e-14,"c11001",5.04790427386954e-13,"Ku",-0.190138796123024,"Ku=0","00001",2,3.43754191120146e-05
"2354",1,0,1,0,0,0,0,0,1,TRUE,1.51807246391967e-14,"c11001",5.04790427386954e-13,"C",0.111126733124247,"C=0","00001",2,0.000699242104569882
"2355",1,0,1,0,0,0,0,0,1,TRUE,1.51807246391967e-14,"c11001",5.04790427386954e-13,"Cu",0.174801146407249,"Cu=0","00001",2,0.00132178869935662
"2356",1,0,1,0,0,0,0,0,1,TRUE,1.51807246391967e-14,"c11001",5.04790427386954e-13,"S",0,"S=0","00001",2,0.000230149640788816
"2357",1,0,1,0,0,0,0,0,1,TRUE,1.51807246391967e-14,"c11001",5.04790427386954e-13,"Su",0.00485752921997407,"Su=0","00001",2,0.000241605203064535
"2358",1,0,1,0,0,0,0,0,1,TRUE,1.51807246391967e-14,"c11001",5.04790427386954e-13,"br",0.83734475756513,"br=1","00001",2,0.996672276365676
"2359",0,1,1,0,0,0,0,0,1,TRUE,2.30668105124129e-07,"c01001",7.67019059613938e-06,"P",-0.00314123629057451,"P=0","10001",18,0.00021966234299064
"2360",0,1,1,0,0,0,0,0,1,TRUE,2.30668105124129e-07,"c01001",7.67019059613938e-06,"Pu",2.00236358489573e-05,"Pu=1","10001",18,0.000226717366904431
"2361",0,1,1,0,0,0,0,0,1,TRUE,2.30668105124129e-07,"c01001",7.67019059613938e-06,"K",0.0344016678022914,"K=1","10001",18,0.000319743976994716
"2362",0,1,1,0,0,0,0,0,1,TRUE,2.30668105124129e-07,"c01001",7.67019059613938e-06,"Ku",-0.19313066207139,"Ku=0","10001",18,3.28580676367174e-05
"2363",0,1,1,0,0,0,0,0,1,TRUE,2.30668105124129e-07,"c01001",7.67019059613938e-06,"C",0.105621940050524,"C=0","10001",18,0.000651790587914824
"2364",0,1,1,0,0,0,0,0,1,TRUE,2.30668105124129e-07,"c01001",7.67019059613938e-06,"Cu",0.173841683518409,"Cu=0","10001",18,0.00128938515645923
"2365",0,1,1,0,0,0,0,0,1,TRUE,2.30668105124129e-07,"c01001",7.67019059613938e-06,"S",0,"S=0","10001",18,0.000226671974389243
"2366",0,1,1,0,0,0,0,0,1,TRUE,2.30668105124129e-07,"c01001",7.67019059613938e-06,"Su",0.00413653361968989,"Su=0","10001",18,0.000236244966859361
"2367",0,1,1,0,0,0,0,0,1,TRUE,2.30668105124129e-07,"c01001",7.67019059613938e-06,"br",0.838879841704961,"br=1","10001",18,0.996796925559851
"2368",1,1,1,0,0,0,0,0,1,TRUE,2.30668105124129e-07,"c11001",7.67019059613938e-06,"P",-0.00101911799457976,"P=1","10001",18,0.000218988683495996
"2369",1,1,1,0,0,0,0,0,1,TRUE,2.30668105124129e-07,"c11001",7.67019059613938e-06,"Pu",0.00403529991529844,"Pu=1","10001",18,0.000230341786479082
"2370",1,1,1,0,0,0,0,0,1,TRUE,2.30668105124129e-07,"c11001",7.67019059613938e-06,"K",0.0354088595454584,"K=1","10001",18,0.000315229148636761
"2371",1,1,1,0,0,0,0,0,1,TRUE,2.30668105124129e-07,"c11001",7.67019059613938e-06,"Ku",-0.193694388495017,"Ku=0","10001",18,3.18891985799537e-05
"2372",1,1,1,0,0,0,0,0,1,TRUE,2.30668105124129e-07,"c11001",7.67019059613938e-06,"C",0.108519403081647,"C=0","10001",18,0.000654849387017448
"2373",1,1,1,0,0,0,0,0,1,TRUE,2.30668105124129e-07,"c11001",7.67019059613938e-06,"Cu",0.171139836061883,"Cu=0","10001",18,0.00122489400843848
"2374",1,1,1,0,0,0,0,0,1,TRUE,2.30668105124129e-07,"c11001",7.67019059613938e-06,"S",0,"S=0","10001",18,0.000221231847404539
"2375",1,1,1,0,0,0,0,0,1,TRUE,2.30668105124129e-07,"c11001",7.67019059613938e-06,"Su",-0.00351083701698054,"Su=0","10001",18,0.000213599521031814
"2376",1,1,1,0,0,0,0,0,1,TRUE,2.30668105124129e-07,"c11001",7.67019059613938e-06,"br",0.84131834501963,"br=1","10001",18,0.996888976418916
"2377",0,0,0,1,0,0,0,0,1,TRUE,1.40787437641839e-14,"c00001",2.70371557476991e-08,"P",0.00168926429476485,"P=0","01001",10,0.000231062194523041
"2378",0,0,0,1,0,0,0,0,1,TRUE,1.40787437641839e-14,"c00001",2.70371557476991e-08,"Pu",-0.00301803409789958,"Pu=0","01001",10,0.000220437438877028
"2379",0,0,0,1,0,0,0,0,1,TRUE,1.40787437641839e-14,"c00001",2.70371557476991e-08,"K",-0.192643127738017,"K=0","01001",10,3.30943639448314e-05
"2380",0,0,0,1,0,0,0,0,1,TRUE,1.40787437641839e-14,"c00001",2.70371557476991e-08,"Ku",0.0299280612666053,"Ku=1","01001",10,0.000306456213161831
"2381",0,0,0,1,0,0,0,0,1,TRUE,1.40787437641839e-14,"c00001",2.70371557476991e-08,"C",0.109297174481345,"C=0","01001",10,0.000677741547242559
"2382",0,0,0,1,0,0,0,0,1,TRUE,1.40787437641839e-14,"c00001",2.70371557476991e-08,"Cu",0.164495099226875,"Cu=0","01001",10,0.00117702490170334
"2383",0,0,0,1,0,0,0,0,1,TRUE,1.40787437641839e-14,"c00001",2.70371557476991e-08,"S",0,"S=0","01001",10,0.000227191726628093
"2384",0,0,0,1,0,0,0,0,1,TRUE,1.40787437641839e-14,"c00001",2.70371557476991e-08,"Su",0.00192438278228781,"Su=0","01001",10,0.000231606103624904
"2385",0,0,0,1,0,0,0,0,1,TRUE,1.40787437641839e-14,"c00001",2.70371557476991e-08,"br",0.838660684246603,"br=1","01001",10,0.996895385510294
"2386",1,0,0,1,0,0,0,0,1,TRUE,1.40787437641839e-14,"c10001",2.70371557476991e-08,"P",-0.00177576873823765,"P=1","01001",10,0.000216524251925087
"2387",1,0,0,1,0,0,0,0,1,TRUE,1.40787437641839e-14,"c10001",2.70371557476991e-08,"Pu",-0.00200526975535704,"Pu=0","01001",10,0.000216027896353013
"2388",1,0,0,1,0,0,0,0,1,TRUE,1.40787437641839e-14,"c10001",2.70371557476991e-08,"K",-0.19187360413983,"K=0","01001",10,3.23535646596469e-05
"2389",1,0,0,1,0,0,0,0,1,TRUE,1.40787437641839e-14,"c10001",2.70371557476991e-08,"Ku",0.0345903751855915,"Ku=1","01001",10,0.000311488991880921
"2390",1,0,0,1,0,0,0,0,1,TRUE,1.40787437641839e-14,"c10001",2.70371557476991e-08,"C",0.107442691375056,"C=0","01001",10,0.000645410894969173
"2391",1,0,0,1,0,0,0,0,1,TRUE,1.40787437641839e-14,"c10001",2.70371557476991e-08,"Cu",0.167813769392324,"Cu=0","01001",10,0.00118038736687856
"2392",1,0,0,1,0,0,0,0,1,TRUE,1.40787437641839e-14,"c10001",2.70371557476991e-08,"S",0,"S=0","01001",10,0.000220403563765085
"2393",1,0,0,1,0,0,0,0,1,TRUE,1.40787437641839e-14,"c10001",2.70371557476991e-08,"Su",-0.000257719897466642,"Su=0","01001",10,0.000219836271253371
"2394",1,0,0,1,0,0,0,0,1,TRUE,1.40787437641839e-14,"c10001",2.70371557476991e-08,"br",0.841700324087403,"br=1","01001",10,0.996957567198315
"2395",0,1,0,1,0,0,0,0,1,TRUE,2.13923723919432e-07,"c00001",0.41082422825619,"P",-0.00165506844010164,"P=0","11001",26,0.000222437827456525
"2396",0,1,0,1,0,0,0,0,1,TRUE,2.13923723919432e-07,"c00001",0.41082422825619,"Pu",0.00258426979619749,"Pu=1","11001",26,0.000232070456590258
"2397",0,1,0,1,0,0,0,0,1,TRUE,2.13923723919432e-07,"c00001",0.41082422825619,"K",-0.194229108184672,"K=0","11001",26,3.24242706969746e-05
"2398",0,1,0,1,0,0,0,0,1,TRUE,2.13923723919432e-07,"c00001",0.41082422825619,"Ku",0.0364937599983372,"Ku=1","11001",26,0.000325751858010656
"2399",0,1,0,1,0,0,0,0,1,TRUE,2.13923723919432e-07,"c00001",0.41082422825619,"C",0.111984720065424,"C=0","11001",26,0.000693010756318681
"2400",0,1,0,1,0,0,0,0,1,TRUE,2.13923723919432e-07,"c00001",0.41082422825619,"Cu",0.165680021131216,"Cu=0","11001",26,0.00118559321431953
"2401",0,1,0,1,0,0,0,0,1,TRUE,2.13923723919432e-07,"c00001",0.41082422825619,"S",0,"S=0","11001",26,0.000226149960169274
"2402",0,1,0,1,0,0,0,0,1,TRUE,2.13923723919432e-07,"c00001",0.41082422825619,"Su",-0.00458297238045484,"Su=0","11001",26,0.000216019481553423
"2403",0,1,0,1,0,0,0,0,1,TRUE,2.13923723919432e-07,"c00001",0.41082422825619,"br",0.83911738607821,"br=1","11001",26,0.996866542174885
"2404",1,1,0,1,0,0,0,0,1,TRUE,2.13923723919432e-07,"c10001",0.41082422825619,"P",0.00341789402933955,"P=1","11001",26,0.000229817262129479
"2405",1,1,0,1,0,0,0,0,1,TRUE,2.13923723919432e-07,"c10001",0.41082422825619,"Pu",-0.007442020337092,"Pu=1","11001",26,0.000206166756106239
"2406",1,1,0,1,0,0,0,0,1,TRUE,2.13923723919432e-07,"c10001",0.41082422825619,"K",-0.190429114121602,"K=0","11001",26,3.30762135155639e-05
"2407",1,1,0,1,0,0,0,0,1,TRUE,2.13923723919432e-07,"c10001",0.41082422825619,"Ku",0.034821396496473,"Ku=1","11001",26,0.000314605510172089
"2408",1,1,0,1,0,0,0,0,1,TRUE,2.13923723919432e-07,"c10001",0.41082422825619,"C",0.107167705936825,"C=0","11001",26,0.000648578211201587
"2409",1,1,0,1,0,0,0,0,1,TRUE,2.13923723919432e-07,"c10001",0.41082422825619,"Cu",0.173056108468155,"Cu=0","11001",26,0.00125346453577792
"2410",1,1,0,1,0,0,0,0,1,TRUE,2.13923723919432e-07,"c10001",0.41082422825619,"S",0,"S=0","11001",26,0.000222095071534987
"2411",1,1,0,1,0,0,0,0,1,TRUE,2.13923723919432e-07,"c10001",0.41082422825619,"Su",0.00260360869772982,"Su=0","11001",26,0.000227953492374573
"2412",1,1,0,1,0,0,0,0,1,TRUE,2.13923723919432e-07,"c10001",0.41082422825619,"br",0.840926433376619,"br=1","11001",26,0.996864242947188
"2413",0,0,1,1,0,0,0,0,1,TRUE,1.40787437641839e-14,"c01001",4.68147288795684e-13,"P",0.00505765355144104,"P=0","01001",10,0.0109440318772154
"2414",0,0,1,1,0,0,0,0,1,TRUE,1.40787437641839e-14,"c01001",4.68147288795684e-13,"Pu",0.00396613107112078,"Pu=0","01001",10,0.0108252248910773
"2415",0,0,1,1,0,0,0,0,1,TRUE,1.40787437641839e-14,"c01001",4.68147288795684e-13,"K",0.259138978306119,"K=1","01001",10,0.13887962089533
"2416",0,0,1,1,0,0,0,0,1,TRUE,1.40787437641839e-14,"c01001",4.68147288795684e-13,"Ku",0.266062490005254,"Ku=1","01001",10,0.148835644215431
"2417",0,0,1,1,0,0,0,0,1,TRUE,1.40787437641839e-14,"c01001",4.68147288795684e-13,"C",0.184296526316338,"C=0","01001",10,0.0657055240117237
"2418",0,0,1,1,0,0,0,0,1,TRUE,1.40787437641839e-14,"c01001",4.68147288795684e-13,"Cu",0.291551029629766,"Cu=0","01001",10,0.19204467637568
"2419",0,0,1,1,0,0,0,0,1,TRUE,1.40787437641839e-14,"c01001",4.68147288795684e-13,"S",0,"S=0","01001",10,0.0104042849750018
"2420",0,0,1,1,0,0,0,0,1,TRUE,1.40787437641839e-14,"c01001",4.68147288795684e-13,"Su",-0.0034819634998073,"Su=0","01001",10,0.0100482461126459
"2421",0,0,1,1,0,0,0,0,1,TRUE,1.40787437641839e-14,"c01001",4.68147288795684e-13,"br",0.367956441706546,"br=1","01001",10,0.412312746645895
"2422",1,0,1,1,0,0,0,0,1,TRUE,1.40787437641839e-14,"c11001",4.68147288795684e-13,"P",0.00776554281464265,"P=1","01001",10,0.0110954210832466
"2423",1,0,1,1,0,0,0,0,1,TRUE,1.40787437641839e-14,"c11001",4.68147288795684e-13,"Pu",-0.00104840391868625,"Pu=0","01001",10,0.0101593355445621
"2424",1,0,1,1,0,0,0,0,1,TRUE,1.40787437641839e-14,"c11001",4.68147288795684e-13,"K",0.270012892128646,"K=1","01001",10,0.152781073010487
"2425",1,0,1,1,0,0,0,0,1,TRUE,1.40787437641839e-14,"c11001",4.68147288795684e-13,"Ku",0.266110462835721,"Ku=1","01001",10,0.146933735817774
"2426",1,0,1,1,0,0,0,0,1,TRUE,1.40787437641839e-14,"c11001",4.68147288795684e-13,"C",0.181169648138013,"C=0","01001",10,0.0628388530569245
"2427",1,0,1,1,0,0,0,0,1,TRUE,1.40787437641839e-14,"c11001",4.68147288795684e-13,"Cu",0.292747213440906,"Cu=0","01001",10,0.191780063809978
"2428",1,0,1,1,0,0,0,0,1,TRUE,1.40787437641839e-14,"c11001",4.68147288795684e-13,"S",0,"S=0","01001",10,0.0102664067049181
"2429",1,0,1,1,0,0,0,0,1,TRUE,1.40787437641839e-14,"c11001",4.68147288795684e-13,"Su",-2.74506003516995e-05,"Su=0","01001",10,0.0102635889014127
"2430",1,0,1,1,0,0,0,0,1,TRUE,1.40787437641839e-14,"c11001",4.68147288795684e-13,"br",0.367224449270883,"br=1","01001",10,0.403881522070698
"2431",0,1,1,1,0,0,0,0,1,TRUE,2.13923723919432e-07,"c01001",7.11340536055024e-06,"P",0.0013421975562564,"P=0","11001",26,0.0102932406350518
"2432",0,1,1,1,0,0,0,0,1,TRUE,2.13923723919432e-07,"c01001",7.11340536055024e-06,"Pu",-0.000530759555199923,"Pu=1","11001",26,0.010102246851704
"2433",0,1,1,1,0,0,0,0,1,TRUE,2.13923723919432e-07,"c01001",7.11340536055024e-06,"K",0.265191717111666,"K=1","11001",26,0.144024385118477
"2434",0,1,1,1,0,0,0,0,1,TRUE,2.13923723919432e-07,"c01001",7.11340536055024e-06,"Ku",0.260204141877926,"Ku=1","11001",26,0.137017255986553
"2435",0,1,1,1,0,0,0,0,1,TRUE,2.13923723919432e-07,"c01001",7.11340536055024e-06,"C",0.184193049370393,"C=0","11001",26,0.0640712630420608
"2436",0,1,1,1,0,0,0,0,1,TRUE,2.13923723919432e-07,"c01001",7.11340536055024e-06,"Cu",0.300240823055882,"Cu=0","11001",26,0.204480718665227
"2437",0,1,1,1,0,0,0,0,1,TRUE,2.13923723919432e-07,"c01001",7.11340536055024e-06,"S",0,"S=0","11001",26,0.0101560080372672
"2438",0,1,1,1,0,0,0,0,1,TRUE,2.13923723919432e-07,"c01001",7.11340536055024e-06,"Su",0.000298702057340663,"Su=0","11001",26,0.0101863895947974
"2439",0,1,1,1,0,0,0,0,1,TRUE,2.13923723919432e-07,"c01001",7.11340536055024e-06,"br",0.369728282148781,"br=1","11001",26,0.409668492068861
"2440",1,1,1,1,0,0,0,0,1,TRUE,2.13923723919432e-07,"c11001",7.11340536055024e-06,"P",-0.00521282561595084,"P=1","11001",26,0.00952634168794038
"2441",1,1,1,1,0,0,0,0,1,TRUE,2.13923723919432e-07,"c11001",7.11340536055024e-06,"Pu",-0.000907209254027742,"Pu=1","11001",26,0.00994546764510854
"2442",1,1,1,1,0,0,0,0,1,TRUE,2.13923723919432e-07,"c11001",7.11340536055024e-06,"K",0.266827827265207,"K=1","11001",26,0.14467173791514
"2443",1,1,1,1,0,0,0,0,1,TRUE,2.13923723919432e-07,"c11001",7.11340536055024e-06,"Ku",0.268131436039204,"Ku=1","11001",26,0.146570037702442
"2444",1,1,1,1,0,0,0,0,1,TRUE,2.13923723919432e-07,"c11001",7.11340536055024e-06,"C",0.189235873363169,"C=0","11001",26,0.066589556804267
"2445",1,1,1,1,0,0,0,0,1,TRUE,2.13923723919432e-07,"c11001",7.11340536055024e-06,"Cu",0.299679152816965,"Cu=0","11001",26,0.200934815616806
"2446",1,1,1,1,0,0,0,0,1,TRUE,2.13923723919432e-07,"c11001",7.11340536055024e-06,"S",0,"S=0","11001",26,0.01003610435863
"2447",1,1,1,1,0,0,0,0,1,TRUE,2.13923723919432e-07,"c11001",7.11340536055024e-06,"Su",-0.001190044159633,"Su=0","11001",26,0.00991737813327994
"2448",1,1,1,1,0,0,0,0,1,TRUE,2.13923723919432e-07,"c11001",7.11340536055024e-06,"br",0.368978672974597,"br=1","11001",26,0.401808560136387
"2449",0,0,0,0,1,0,0,0,1,TRUE,1.51807246391967e-14,"c00101",2.91534261783634e-08,"P",0.00508717143984025,"P=0","00001",2,0.000392919566023023
"2450",0,0,0,0,1,0,0,0,1,TRUE,1.51807246391967e-14,"c00101",2.91534261783634e-08,"Pu",0.000646132015871828,"Pu=0","00001",2,0.000375851654664831
"2451",0,0,0,0,1,0,0,0,1,TRUE,1.51807246391967e-14,"c00101",2.91534261783634e-08,"K",-0.0280036614294998,"K=0","00001",2,0.000282222733875868
"2452",0,0,0,0,1,0,0,0,1,TRUE,1.51807246391967e-14,"c00101",2.91534261783634e-08,"Ku",-0.0291385056217958,"Ku=0","00001",2,0.000279038050347951
"2453",0,0,0,0,1,0,0,0,1,TRUE,1.51807246391967e-14,"c00101",2.91534261783634e-08,"C",0,"C=1","00001",2,0.000373430985572494
"2454",0,0,0,0,1,0,0,0,1,TRUE,1.51807246391967e-14,"c00101",2.91534261783634e-08,"Cu",0.509340117501906,"Cu=0","00001",2,0.0608480094172467
"2455",0,0,0,0,1,0,0,0,1,TRUE,1.51807246391967e-14,"c00101",2.91534261783634e-08,"S",0,"S=0","00001",2,0.000373430985572494
"2456",0,0,0,0,1,0,0,0,1,TRUE,1.51807246391967e-14,"c00101",2.91534261783634e-08,"Su",-0.000575552343113588,"Su=0","00001",2,0.000371287868082665
"2457",0,0,0,0,1,0,0,0,1,TRUE,1.51807246391967e-14,"c00101",2.91534261783634e-08,"br",0.782738919539753,"br=1","00001",2,0.936703808738614
"2458",1,0,0,0,1,0,0,0,1,TRUE,1.51807246391967e-14,"c10101",2.91534261783634e-08,"P",-0.00112832412463709,"P=1","00001",2,0.000371549995120911
"2459",1,0,0,0,1,0,0,0,1,TRUE,1.51807246391967e-14,"c10101",2.91534261783634e-08,"Pu",0.00159287343544611,"Pu=0","00001",2,0.000381799425689597
"2460",1,0,0,0,1,0,0,0,1,TRUE,1.51807246391967e-14,"c10101",2.91534261783634e-08,"K",-0.0300012115451015,"K=0","00001",2,0.000278370944576129
"2461",1,0,0,0,1,0,0,0,1,TRUE,1.51807246391967e-14,"c10101",2.91534261783634e-08,"Ku",-0.0276278502495401,"Ku=0","00001",2,0.00028505671777986
"2462",1,0,0,0,1,0,0,0,1,TRUE,1.51807246391967e-14,"c10101",2.91534261783634e-08,"C",0,"C=1","00001",2,0.000375766023856616
"2463",1,0,0,0,1,0,0,0,1,TRUE,1.51807246391967e-14,"c10101",2.91534261783634e-08,"Cu",0.508607118825338,"Cu=0","00001",2,0.0607813246841898
"2464",1,0,0,0,1,0,0,0,1,TRUE,1.51807246391967e-14,"c10101",2.91534261783634e-08,"S",0,"S=0","00001",2,0.000375766023856616
"2465",1,0,0,0,1,0,0,0,1,TRUE,1.51807246391967e-14,"c10101",2.91534261783634e-08,"Su",0.00451670547568764,"Su=0","00001",2,0.000393127398077796
"2466",1,0,0,0,1,0,0,0,1,TRUE,1.51807246391967e-14,"c10101",2.91534261783634e-08,"br",0.782121277146263,"br=1","00001",2,0.936757238786853
"2467",0,1,0,0,1,0,0,0,1,TRUE,2.30668105124129e-07,"c00101",0.442980538430682,"P",0.00470828370792739,"P=0","10001",18,0.000395355412330746
"2468",0,1,0,0,1,0,0,0,1,TRUE,2.30668105124129e-07,"c00101",0.442980538430682,"Pu",0.00218012017678659,"Pu=1","10001",18,0.00038548547081012
"2469",0,1,0,0,1,0,0,0,1,TRUE,2.30668105124129e-07,"c00101",0.442980538430682,"K",-0.024171989431833,"K=0","10001",18,0.000296184451437905
"2470",0,1,0,0,1,0,0,0,1,TRUE,2.30668105124129e-07,"c00101",0.442980538430682,"Ku",-0.0314259606584805,"Ku=0","10001",18,0.000275460073614702
"2471",0,1,0,0,1,0,0,0,1,TRUE,2.30668105124129e-07,"c00101",0.442980538430682,"C",0,"C=1","10001",18,0.000377172371322176
"2472",0,1,0,0,1,0,0,0,1,TRUE,2.30668105124129e-07,"c00101",0.442980538430682,"Cu",0.509340525946064,"Cu=0","10001",18,0.0614578935003113
"2473",0,1,0,0,1,0,0,0,1,TRUE,2.30668105124129e-07,"c00101",0.442980538430682,"S",0,"S=0","10001",18,0.000377172371322176
"2474",0,1,0,0,1,0,0,0,1,TRUE,2.30668105124129e-07,"c00101",0.442980538430682,"Su",0.0022005472558652,"Su=0","10001",18,0.000385564222275118
"2475",0,1,0,0,1,0,0,0,1,TRUE,2.30668105124129e-07,"c00101",0.442980538430682,"br",0.781672156397896,"br=1","10001",18,0.936049712126576
"2476",1,1,0,0,1,0,0,0,1,TRUE,2.30668105124129e-07,"c10101",0.442980538430682,"P",0.00321447190394393,"P=1","10001",18,0.000388694740118193
"2477",1,1,0,0,1,0,0,0,1,TRUE,2.30668105124129e-07,"c10101",0.442980538430682,"Pu",0.00410007182132464,"Pu=1","10001",18,0.000392152307926682
"2478",1,1,0,0,1,0,0,0,1,TRUE,2.30668105124129e-07,"c10101",0.442980538430682,"K",-0.0278290757347922,"K=0","10001",18,0.00028496285242252
"2479",1,1,0,0,1,0,0,0,1,TRUE,2.30668105124129e-07,"c10101",0.442980538430682,"Ku",-0.0295904527045825,"Ku=0","10001",18,0.000279987528105912
"2480",1,1,0,0,1,0,0,0,1,TRUE,2.30668105124129e-07,"c10101",0.442980538430682,"C",0,"C=1","10001",18,0.000376398938189488
"2481",1,1,0,0,1,0,0,0,1,TRUE,2.30668105124129e-07,"c10101",0.442980538430682,"Cu",0.507500539457218,"Cu=0","10001",18,0.0602136880270962
"2482",1,1,0,0,1,0,0,0,1,TRUE,2.30668105124129e-07,"c10101",0.442980538430682,"S",0,"S=0","10001",18,0.000376398938189488
"2483",1,1,0,0,1,0,0,0,1,TRUE,2.30668105124129e-07,"c10101",0.442980538430682,"Su",-0.00436133899599981,"Su=0","10001",18,0.000360335735976644
"2484",1,1,0,0,1,0,0,0,1,TRUE,2.30668105124129e-07,"c10101",0.442980538430682,"br",0.782013830612321,"br=1","10001",18,0.937327380931975
"2485",0,0,1,0,1,0,0,0,1,TRUE,1.51807246391967e-14,"c01101",5.04790428100685e-13,"P",0.000229496097801576,"P=0","00001",2,0.000651661352521096
"2486",0,0,1,0,1,0,0,0,1,TRUE,1.51807246391967e-14,"c01101",5.04790428100685e-13,"Pu",-0.00133203022695784,"Pu=0","00001",2,0.000641564526415679
"2487",0,0,1,0,1,0,0,0,1,TRUE,1.51807246391967e-14,"c01101",5.04790428100685e-13,"K",0.0230750075901897,"K=1","00001",2,0.000818914877637455
"2488",0,0,1,0,1,0,0,0,1,TRUE,1.51807246391967e-14,"c01101",5.04790428100685e-13,"Ku",-0.160614756262621,"Ku=0","00001",2,0.000130462066378416
"2489",0,0,1,0,1,0,0,0,1,TRUE,1.51807246391967e-14,"c01101",5.04790428100685e-13,"C",0,"C=1","00001",2,0.000650167529934096
"2490",0,0,1,0,1,0,0,0,1,TRUE,1.51807246391967e-14,"c01101",5.04790428100685e-13,"Cu",0.53255395558207,"Cu=0","00001",2,0.133621923391198
"2491",0,0,1,0,1,0,0,0,1,TRUE,1.51807246391967e-14,"c01101",5.04790428100685e-13,"S",0,"S=0","00001",2,0.000650167529934096
"2492",0,0,1,0,1,0,0,0,1,TRUE,1.51807246391967e-14,"c01101",5.04790428100685e-13,"Su",0.000882829501921296,"Su=0","00001",2,0.000655932812061131
"2493",0,0,1,0,1,0,0,0,1,TRUE,1.51807246391967e-14,"c01101",5.04790428100685e-13,"br",0.718998835548934,"br=1","00001",2,0.86217920591392
"2494",1,0,1,0,1,0,0,0,1,TRUE,1.51807246391967e-14,"c11101",5.04790428100685e-13,"P",0.00312589087834105,"P=1","00001",2,0.000702077280055282
"2495",1,0,1,0,1,0,0,0,1,TRUE,1.51807246391967e-14,"c11101",5.04790428100685e-13,"Pu",-0.00165024709482202,"Pu=0","00001",2,0.000669333274191401
"2496",1,0,1,0,1,0,0,0,1,TRUE,1.51807246391967e-14,"c11101",5.04790428100685e-13,"K",0.0256210889834672,"K=1","00001",2,0.000879185107777167
"2497",1,0,1,0,1,0,0,0,1,TRUE,1.51807246391967e-14,"c11101",5.04790428100685e-13,"Ku",-0.159439533477373,"Ku=0","00001",2,0.000138156795570716
"2498",1,0,1,0,1,0,0,0,1,TRUE,1.51807246391967e-14,"c11101",5.04790428100685e-13,"C",0,"C=1","00001",2,0.000680470570808399
"2499",1,0,1,0,1,0,0,0,1,TRUE,1.51807246391967e-14,"c11101",5.04790428100685e-13,"Cu",0.53529990404668,"Cu=0","00001",2,0.143743194538648
"2500",1,0,1,0,1,0,0,0,1,TRUE,1.51807246391967e-14,"c11101",5.04790428100685e-13,"S",0,"S=0","00001",2,0.000680470570808399
"2501",1,0,1,0,1,0,0,0,1,TRUE,1.51807246391967e-14,"c11101",5.04790428100685e-13,"Su",0.00149531967658559,"Su=0","00001",2,0.000690722237722961
"2502",1,0,1,0,1,0,0,0,1,TRUE,1.51807246391967e-14,"c11101",5.04790428100685e-13,"br",0.713234170271896,"br=1","00001",2,0.851816389624418
"2503",0,1,1,0,1,0,0,0,1,TRUE,2.30668105124129e-07,"c01101",7.67019060698439e-06,"P",-0.000717823936087983,"P=0","10001",18,0.000691276668203394
"2504",0,1,1,0,1,0,0,0,1,TRUE,2.30668105124129e-07,"c01101",7.67019060698439e-06,"Pu",-0.00192651912321809,"Pu=1","10001",18,0.000682971533378421
"2505",0,1,1,0,1,0,0,0,1,TRUE,2.30668105124129e-07,"c01101",7.67019060698439e-06,"K",0.0303213634793354,"K=1","10001",18,0.000942873385565755
"2506",0,1,1,0,1,0,0,0,1,TRUE,2.30668105124129e-07,"c01101",7.67019060698439e-06,"Ku",-0.164118453690626,"Ku=0","10001",18,0.000134900009579612
"2507",0,1,1,0,1,0,0,0,1,TRUE,2.30668105124129e-07,"c01101",7.67019060698439e-06,"C",0,"C=1","10001",18,0.000696256670031173
"2508",0,1,1,0,1,0,0,0,1,TRUE,2.30668105124129e-07,"c01101",7.67019060698439e-06,"Cu",0.536449851113455,"Cu=0","10001",18,0.148778943445837
"2509",0,1,1,0,1,0,0,0,1,TRUE,2.30668105124129e-07,"c01101",7.67019060698439e-06,"S",0,"S=0","10001",18,0.000696256670031173
"2510",0,1,1,0,1,0,0,0,1,TRUE,2.30668105124129e-07,"c01101",7.67019060698439e-06,"Su",-0.00215914103521239,"Su=0","10001",18,0.000681384638387431
"2511",0,1,1,0,1,0,0,0,1,TRUE,2.30668105124129e-07,"c01101",7.67019060698439e-06,"br",0.710337760498173,"br=1","10001",18,0.846695136978986
"2512",1,1,1,0,1,0,0,0,1,TRUE,2.30668105124129e-07,"c11101",7.67019060698439e-06,"P",0.00110975329015521,"P=1","10001",18,0.000718372798060006
"2513",1,1,1,0,1,0,0,0,1,TRUE,2.30668105124129e-07,"c11101",7.67019060698439e-06,"Pu",-0.00388111452364378,"Pu=1","10001",18,0.000683399749763651
"2514",1,1,1,0,1,0,0,0,1,TRUE,2.30668105124129e-07,"c11101",7.67019060698439e-06,"K",0.0293019642370406,"K=1","10001",18,0.000952329188370081
"2515",1,1,1,0,1,0,0,0,1,TRUE,2.30668105124129e-07,"c11101",7.67019060698439e-06,"Ku",-0.165797723644541,"Ku=0","10001",18,0.000135356749564957
"2516",1,1,1,0,1,0,0,0,1,TRUE,2.30668105124129e-07,"c11101",7.67019060698439e-06,"C",0,"C=1","10001",18,0.000710444704801197
"2517",1,1,1,0,1,0,0,0,1,TRUE,2.30668105124129e-07,"c11101",7.67019060698439e-06,"Cu",0.536583302641164,"Cu=0","10001",18,0.15201342908441
"2518",1,1,1,0,1,0,0,0,1,TRUE,2.30668105124129e-07,"c11101",7.67019060698439e-06,"S",0,"S=0","10001",18,0.000710444704801197
"2519",1,1,1,0,1,0,0,0,1,TRUE,2.30668105124129e-07,"c11101",7.67019060698439e-06,"Su",-0.00038988777436783,"Su=0","10001",18,0.000707680160565572
"2520",1,1,1,0,1,0,0,0,1,TRUE,2.30668105124129e-07,"c11101",7.67019060698439e-06,"br",0.70792682028368,"br=1","10001",18,0.843368542859663
"2521",0,0,0,1,1,0,0,0,1,TRUE,1.40787437641839e-14,"c00101",2.70371557859274e-08,"P",-0.000558042186828776,"P=0","01001",10,0.00072025298316377
"2522",0,0,0,1,1,0,0,0,1,TRUE,1.40787437641839e-14,"c00101",2.70371557859274e-08,"Pu",-0.00177940391115054,"Pu=0","01001",10,0.00071150959181594
"2523",0,0,0,1,1,0,0,0,1,TRUE,1.40787437641839e-14,"c00101",2.70371557859274e-08,"K",-0.160175830730766,"K=0","01001",10,0.000145973431681046
"2524",0,0,0,1,1,0,0,0,1,TRUE,1.40787437641839e-14,"c00101",2.70371557859274e-08,"Ku",0.02936658683265,"Ku=1","01001",10,0.000971507322396242
"2525",0,0,0,1,1,0,0,0,1,TRUE,1.40787437641839e-14,"c00101",2.70371557859274e-08,"C",0,"C=1","01001",10,0.000724283534289892
"2526",0,0,0,1,1,0,0,0,1,TRUE,1.40787437641839e-14,"c00101",2.70371557859274e-08,"Cu",0.540754836237548,"Cu=0","01001",10,0.161576064768799
"2527",0,0,0,1,1,0,0,0,1,TRUE,1.40787437641839e-14,"c00101",2.70371557859274e-08,"S",0,"S=0","01001",10,0.000724283534289892
"2528",0,0,0,1,1,0,0,0,1,TRUE,1.40787437641839e-14,"c00101",2.70371557859274e-08,"Su",0.00477599623044338,"Su=0","01001",10,0.000759714648269784
"2529",0,0,0,1,1,0,0,0,1,TRUE,1.40787437641839e-14,"c00101",2.70371557859274e-08,"br",0.704840567586779,"br=1","01001",10,0.833666410185294
"2530",1,0,0,1,1,0,0,0,1,TRUE,1.40787437641839e-14,"c10101",2.70371557859274e-08,"P",0.000940165337252568,"P=1","01001",10,0.000716336854182785
"2531",1,0,0,1,1,0,0,0,1,TRUE,1.40787437641839e-14,"c10101",2.70371557859274e-08,"Pu",-0.00317783071329274,"Pu=0","01001",10,0.000687437256811338
"2532",1,0,0,1,1,0,0,0,1,TRUE,1.40787437641839e-14,"c10101",2.70371557859274e-08,"K",-0.165062731076319,"K=0","01001",10,0.000136199613902214
"2533",1,0,0,1,1,0,0,0,1,TRUE,1.40787437641839e-14,"c10101",2.70371557859274e-08,"Ku",0.0336284738378305,"Ku=1","01001",10,0.000993300868984984
"2534",1,0,0,1,1,0,0,0,1,TRUE,1.40787437641839e-14,"c10101",2.70371557859274e-08,"C",0,"C=1","01001",10,0.00070963366329552
"2535",1,0,0,1,1,0,0,0,1,TRUE,1.40787437641839e-14,"c10101",2.70371557859274e-08,"Cu",0.535512189795205,"Cu=0","01001",10,0.150222193588713
"2536",1,0,0,1,1,0,0,0,1,TRUE,1.40787437641839e-14,"c10101",2.70371557859274e-08,"S",0,"S=0","01001",10,0.00070963366329552
"2537",1,0,0,1,1,0,0,0,1,TRUE,1.40787437641839e-14,"c10101",2.70371557859274e-08,"Su",-0.00170354088859542,"Su=0","01001",10,0.000697647151127559
"2538",1,0,0,1,1,0,0,0,1,TRUE,1.40787437641839e-14,"c10101",2.70371557859274e-08,"br",0.708249405168439,"br=1","01001",10,0.845127617339687
"2539",0,1,0,1,1,0,0,0,1,TRUE,2.13923723919432e-07,"c00101",0.410824228837062,"P",0.000911954904094665,"P=0","11001",26,0.000694825211940522
"2540",0,1,0,1,1,0,0,0,1,TRUE,2.13923723919432e-07,"c00101",0.410824228837062,"Pu",0.00175791416251323,"Pu=1","11001",26,0.000700728082889351
"2541",0,1,0,1,1,0,0,0,1,TRUE,2.13923723919432e-07,"c00101",0.410824228837062,"K",-0.161433381030969,"K=0","11001",26,0.000137030970314984
"2542",0,1,0,1,1,0,0,0,1,TRUE,2.13923723919432e-07,"c00101",0.410824228837062,"Ku",0.0332869296277145,"Ku=1","11001",26,0.000960457820906549
"2543",0,1,0,1,1,0,0,0,1,TRUE,2.13923723919432e-07,"c00101",0.410824228837062,"C",0,"C=1","11001",26,0.000688517524692399
"2544",0,1,0,1,1,0,0,0,1,TRUE,2.13923723919432e-07,"c00101",0.410824228837062,"Cu",0.535887466941966,"Cu=0","11001",26,0.14630012489559
"2545",0,1,0,1,1,0,0,0,1,TRUE,2.13923723919432e-07,"c00101",0.410824228837062,"S",0,"S=0","11001",26,0.000688517524692399
"2546",0,1,0,1,1,0,0,0,1,TRUE,2.13923723919432e-07,"c00101",0.410824228837062,"Su",-0.00429417139035675,"Su=0","11001",26,0.000659577222224828
"2547",0,1,0,1,1,0,0,0,1,TRUE,2.13923723919432e-07,"c00101",0.410824228837062,"br",0.711747416949288,"br=1","11001",26,0.849170220746749
"2548",1,1,0,1,1,0,0,0,1,TRUE,2.13923723919432e-07,"c10101",0.410824228837062,"P",0.00282149223607186,"P=1","11001",26,0.000676565766517526
"2549",1,1,0,1,1,0,0,0,1,TRUE,2.13923723919432e-07,"c10101",0.410824228837062,"Pu",0.00307522927327114,"Pu=1","11001",26,0.000678284644240683
"2550",1,1,0,1,1,0,0,0,1,TRUE,2.13923723919432e-07,"c10101",0.410824228837062,"K",-0.16003722340541,"K=0","11001",26,0.000132746660342922
"2551",1,1,0,1,1,0,0,0,1,TRUE,2.13923723919432e-07,"c10101",0.410824228837062,"Ku",0.029483918224255,"Ku=1","11001",26,0.000883290305711192
"2552",1,1,0,1,1,0,0,0,1,TRUE,2.13923723919432e-07,"c10101",0.410824228837062,"C",0,"C=1","11001",26,0.000657743301802238
"2553",1,1,0,1,1,0,0,0,1,TRUE,2.13923723919432e-07,"c10101",0.410824228837062,"Cu",0.531432184312784,"Cu=0","11001",26,0.133670965706401
"2554",1,1,0,1,1,0,0,0,1,TRUE,2.13923723919432e-07,"c10101",0.410824228837062,"S",0,"S=0","11001",26,0.000657743301802238
"2555",1,1,0,1,1,0,0,0,1,TRUE,2.13923723919432e-07,"c10101",0.410824228837062,"Su",-0.00121357399757093,"Su=0","11001",26,0.000649809339744456
"2556",1,1,0,1,1,0,0,0,1,TRUE,2.13923723919432e-07,"c10101",0.410824228837062,"br",0.717818751970956,"br=1","11001",26,0.861992850973438
"2557",0,0,1,1,1,0,0,0,1,TRUE,1.40787437641839e-14,"c01101",4.68147289457606e-13,"P",0.00575828428281276,"P=0","01001",10,0.000415822125388212
"2558",0,0,1,1,1,0,0,0,1,TRUE,1.40787437641839e-14,"c01101",4.68147289457606e-13,"Pu",0.000352464053685141,"Pu=0","01001",10,0.000393940303291081
"2559",0,0,1,1,1,0,0,0,1,TRUE,1.40787437641839e-14,"c01101",4.68147289457606e-13,"K",0.189742052806311,"K=1","01001",10,0.00261781497777887
"2560",0,0,1,1,1,0,0,0,1,TRUE,1.40787437641839e-14,"c01101",4.68147289457606e-13,"Ku",0.197383670421569,"Ku=1","01001",10,0.00282570013142549
"2561",0,0,1,1,1,0,0,0,1,TRUE,1.40787437641839e-14,"c01101",4.68147289457606e-13,"C",0,"C=1","01001",10,0.000392554249434728
"2562",0,0,1,1,1,0,0,0,1,TRUE,1.40787437641839e-14,"c01101",4.68147289457606e-13,"Cu",0.782942799724826,"Cu=0","01001",10,0.986681666489997
"2563",0,0,1,1,1,0,0,0,1,TRUE,1.40787437641839e-14,"c01101",4.68147289457606e-13,"S",0,"S=0","01001",10,0.000392554249434728
"2564",0,0,1,1,1,0,0,0,1,TRUE,1.40787437641839e-14,"c01101",4.68147289457606e-13,"Su",0.00171115072276611,"Su=0","01001",10,0.000399329244185862
"2565",0,0,1,1,1,0,0,0,1,TRUE,1.40787437641839e-14,"c01101",4.68147289457606e-13,"br",0.270674243357108,"br=1","01001",10,0.00588061822906409
"2566",1,0,1,1,1,0,0,0,1,TRUE,1.40787437641839e-14,"c11101",4.68147289457606e-13,"P",0.000385002155361841,"P=1","01001",10,0.000395209667323456
"2567",1,0,1,1,1,0,0,0,1,TRUE,1.40787437641839e-14,"c11101",4.68147289457606e-13,"Pu",-0.00242021058440484,"Pu=0","01001",10,0.000384277251057539
"2568",1,0,1,1,1,0,0,0,1,TRUE,1.40787437641839e-14,"c11101",4.68147289457606e-13,"K",0.188161621933958,"K=1","01001",10,0.00258422936681723
"2569",1,0,1,1,1,0,0,0,1,TRUE,1.40787437641839e-14,"c11101",4.68147289457606e-13,"Ku",0.18888017742727,"Ku=1","01001",10,0.00260286536369721
"2570",1,0,1,1,1,0,0,0,1,TRUE,1.40787437641839e-14,"c11101",4.68147289457606e-13,"C",0,"C=1","01001",10,0.000393691026861177
"2571",1,0,1,1,1,0,0,0,1,TRUE,1.40787437641839e-14,"c11101",4.68147289457606e-13,"Cu",0.782690908090772,"Cu=0","01001",10,0.987049517417224
"2572",1,0,1,1,1,0,0,0,1,TRUE,1.40787437641839e-14,"c11101",4.68147289457606e-13,"S",0,"S=0","01001",10,0.000393691026861177
"2573",1,0,1,1,1,0,0,0,1,TRUE,1.40787437641839e-14,"c11101",4.68147289457606e-13,"Su",-0.0023349072481189,"Su=0","01001",10,0.000384605192225772
"2574",1,0,1,1,1,0,0,0,1,TRUE,1.40787437641839e-14,"c11101",4.68147289457606e-13,"br",0.269209876804266,"br=1","01001",10,0.0058119136879322
"2575",0,1,1,1,1,0,0,0,1,TRUE,2.13923723919432e-07,"c01101",7.11340537060801e-06,"P",-0.00514050755034468,"P=0","11001",26,0.000382822090094519
"2576",0,1,1,1,1,0,0,0,1,TRUE,2.13923723919432e-07,"c01101",7.11340537060801e-06,"Pu",0.00474501276095942,"Pu=1","11001",26,0.000422599772838159
"2577",0,1,1,1,1,0,0,0,1,TRUE,2.13923723919432e-07,"c01101",7.11340537060801e-06,"K",0.188031272570151,"K=1","11001",26,0.00264199123031172
"2578",0,1,1,1,1,0,0,0,1,TRUE,2.13923723919432e-07,"c01101",7.11340537060801e-06,"Ku",0.195671257316198,"Ku=1","11001",26,0.00285174969569622
"2579",0,1,1,1,1,0,0,0,1,TRUE,2.13923723919432e-07,"c01101",7.11340537060801e-06,"C",0,"C=1","11001",26,0.000403015668175487
"2580",0,1,1,1,1,0,0,0,1,TRUE,2.13923723919432e-07,"c01101",7.11340537060801e-06,"Cu",0.78029594256169,"Cu=0","11001",26,0.986516041814461
"2581",0,1,1,1,1,0,0,0,1,TRUE,2.13923723919432e-07,"c01101",7.11340537060801e-06,"S",0,"S=0","11001",26,0.000403015668175487
"2582",0,1,1,1,1,0,0,0,1,TRUE,2.13923723919432e-07,"c01101",7.11340537060801e-06,"Su",0.00415301797341894,"Su=0","11001",26,0.000420105394789595
"2583",0,1,1,1,1,0,0,0,1,TRUE,2.13923723919432e-07,"c01101",7.11340537060801e-06,"br",0.269362523856101,"br=1","11001",26,0.00595865866545821
"2584",1,1,1,1,1,0,0,0,1,TRUE,2.13923723919432e-07,"c11101",7.11340537060801e-06,"P",-0.00258380783460296,"P=1","11001",26,0.000367269708068785
"2585",1,1,1,1,1,0,0,0,1,TRUE,2.13923723919432e-07,"c11101",7.11340537060801e-06,"Pu",-0.000175757393931479,"Pu=1","11001",26,0.000376221092266094
"2586",1,1,1,1,1,0,0,0,1,TRUE,2.13923723919432e-07,"c11101",7.11340537060801e-06,"K",0.182129746832881,"K=1","11001",26,0.00232908793144494
"2587",1,1,1,1,1,0,0,0,1,TRUE,2.13923723919432e-07,"c11101",7.11340537060801e-06,"Ku",0.186307189360217,"Ku=1","11001",26,0.00242844508660329
"2588",1,1,1,1,1,0,0,0,1,TRUE,2.13923723919432e-07,"c11101",7.11340537060801e-06,"C",0,"C=1","11001",26,0.000376882910079785
"2589",1,1,1,1,1,0,0,0,1,TRUE,2.13923723919432e-07,"c11101",7.11340537060801e-06,"Cu",0.787196403944562,"Cu=0","11001",26,0.988455195984747
"2590",1,1,1,1,1,0,0,0,1,TRUE,2.13923723919432e-07,"c11101",7.11340537060801e-06,"S",0,"S=0","11001",26,0.000376882910079785
"2591",1,1,1,1,1,0,0,0,1,TRUE,2.13923723919432e-07,"c11101",7.11340537060801e-06,"Su",0.0014019543105751,"Su=0","11001",26,0.000382203847689391
"2592",1,1,1,1,1,0,0,0,1,TRUE,2.13923723919432e-07,"c11101",7.11340537060801e-06,"br",0.256664864470251,"br=1","11001",26,0.00490781052902152
"2593",0,0,0,0,0,1,0,0,1,TRUE,2.14642789286894e-23,"c00001",4.12205138560297e-17,"P",0.00344711269067394,"P=0","00101",6,0.000959891555882301
"2594",0,0,0,0,0,1,0,0,1,TRUE,2.14642789286894e-23,"c00001",4.12205138560297e-17,"Pu",-0.00823604908502223,"Pu=0","00101",6,0.000854049109753681
"2595",0,0,0,0,0,1,0,0,1,TRUE,2.14642789286894e-23,"c00001",4.12205138560297e-17,"K",-0.0236929679597962,"K=0","00101",6,0.000731735792027586
"2596",0,0,0,0,0,1,0,0,1,TRUE,2.14642789286894e-23,"c00001",4.12205138560297e-17,"Ku",-0.0210633885203591,"Ku=0","00101",6,0.000751232584347824
"2597",0,0,0,0,0,1,0,0,1,TRUE,2.14642789286894e-23,"c00001",4.12205138560297e-17,"C",0.546408953743996,"C=0","00101",6,0.21891498257176
"2598",0,0,0,0,0,1,0,0,1,TRUE,2.14642789286894e-23,"c00001",4.12205138560297e-17,"Cu",-0.155625132787566,"Cu=1","00101",6,0.000195605105828189
"2599",0,0,0,0,0,1,0,0,1,TRUE,2.14642789286894e-23,"c00001",4.12205138560297e-17,"S",0,"S=0","00101",6,0.000927366815063405
"2600",0,0,0,0,0,1,0,0,1,TRUE,2.14642789286894e-23,"c00001",4.12205138560297e-17,"Su",0.00294808876473078,"Su=0","00101",6,0.000955113399343176
"2601",0,0,0,0,0,1,0,0,1,TRUE,2.14642789286894e-23,"c00001",4.12205138560297e-17,"br",0.672918485916121,"br=1","00101",6,0.775710023065994
"2602",1,0,0,0,0,1,0,0,1,TRUE,2.14642789286894e-23,"c10001",4.12205138560297e-17,"P",-0.00336672529958209,"P=1","00101",6,0.000924696560491256
"2603",1,0,0,0,0,1,0,0,1,TRUE,2.14642789286894e-23,"c10001",4.12205138560297e-17,"Pu",0.000408877716726972,"Pu=0","00101",6,0.00096027689114029
"2604",1,0,0,0,0,1,0,0,1,TRUE,2.14642789286894e-23,"c10001",4.12205138560297e-17,"K",-0.0215087498522182,"K=0","00101",6,0.000771275313022812
"2605",1,0,0,0,0,1,0,0,1,TRUE,2.14642789286894e-23,"c10001",4.12205138560297e-17,"Ku",-0.0212827466825784,"Ku=0","00101",6,0.000773020390899766
"2606",1,0,0,0,0,1,0,0,1,TRUE,2.14642789286894e-23,"c10001",4.12205138560297e-17,"C",0.549452392811446,"C=0","00101",6,0.232735250390786
"2607",1,0,0,0,0,1,0,0,1,TRUE,2.14642789286894e-23,"c10001",4.12205138560297e-17,"Cu",-0.150958915799128,"Cu=1","00101",6,0.000211355962050796
"2608",1,0,0,0,0,1,0,0,1,TRUE,2.14642789286894e-23,"c10001",4.12205138560297e-17,"S",0,"S=0","00101",6,0.000956358548986439
"2609",1,0,0,0,0,1,0,0,1,TRUE,2.14642789286894e-23,"c10001",4.12205138560297e-17,"Su",0.00194187288144424,"Su=0","00101",6,0.000975111304352707
"2610",1,0,0,0,0,1,0,0,1,TRUE,2.14642789286894e-23,"c10001",4.12205138560297e-17,"br",0.668016551895714,"br=1","00101",6,0.76169265463827
"2611",0,1,0,0,0,1,0,0,1,TRUE,3.26145468415436e-16,"c00001",6.26337546421395e-10,"P",0.00197116704080426,"P=0","10101",22,0.000940341918406539
"2612",0,1,0,0,0,1,0,0,1,TRUE,3.26145468415436e-16,"c00001",6.26337546421395e-10,"Pu",0.00331675736474203,"Pu=1","10101",22,0.000953080581173319
"2613",0,1,0,0,0,1,0,0,1,TRUE,3.26145468415436e-16,"c00001",6.26337546421395e-10,"K",-0.0229665481056043,"K=0","10101",22,0.000732795300779188
"2614",0,1,0,0,0,1,0,0,1,TRUE,3.26145468415436e-16,"c00001",6.26337546421395e-10,"Ku",-0.0208022873307458,"Ku=0","10101",22,0.000748827768439293
"2615",0,1,0,0,0,1,0,0,1,TRUE,3.26145468415436e-16,"c00001",6.26337546421395e-10,"C",0.544511173115745,"C=0","10101",22,0.213553702261119
"2616",0,1,0,0,0,1,0,0,1,TRUE,3.26145468415436e-16,"c00001",6.26337546421395e-10,"Cu",-0.152820358423506,"Cu=1","10101",22,0.000200002186195978
"2617",0,1,0,0,0,1,0,0,1,TRUE,3.26145468415436e-16,"c00001",6.26337546421395e-10,"S",0,"S=0","10101",22,0.000921987698893272
"2618",0,1,0,0,0,1,0,0,1,TRUE,3.26145468415436e-16,"c00001",6.26337546421395e-10,"Su",0.00116708218391746,"Su=0","10101",22,0.000932811089142121
"2619",0,1,0,0,0,1,0,0,1,TRUE,3.26145468415436e-16,"c00001",6.26337546421395e-10,"br",0.674181961116799,"br=1","10101",22,0.781016451195852
"2620",1,1,0,0,0,1,0,0,1,TRUE,3.26145468415436e-16,"c10001",6.26337546421395e-10,"P",0.00209385665482323,"P=1","10101",22,0.00097148967882871
"2621",1,1,0,0,0,1,0,0,1,TRUE,3.26145468415436e-16,"c10001",6.26337546421395e-10,"Pu",0.000323670481626361,"Pu=1","10101",22,0.000954443819696842
"2622",1,1,0,0,0,1,0,0,1,TRUE,3.26145468415436e-16,"c10001",6.26337546421395e-10,"K",-0.0223477179395995,"K=0","10101",22,0.000760833770859676
"2623",1,1,0,0,0,1,0,0,1,TRUE,3.26145468415436e-16,"c10001",6.26337546421395e-10,"Ku",-0.0235322959113828,"Ku=0","10101",22,0.000751874272498191
"2624",1,1,0,0,0,1,0,0,1,TRUE,3.26145468415436e-16,"c10001",6.26337546421395e-10,"C",0.551379364232716,"C=0","10101",22,0.236023279380551
"2625",1,1,0,0,0,1,0,0,1,TRUE,3.26145468415436e-16,"c10001",6.26337546421395e-10,"Cu",-0.152065059556015,"Cu=1","10101",22,0.000207938316971407
"2626",1,1,0,0,0,1,0,0,1,TRUE,3.26145468415436e-16,"c10001",6.26337546421395e-10,"S",0,"S=0","10101",22,0.000951359560899053
"2627",1,1,0,0,0,1,0,0,1,TRUE,3.26145468415436e-16,"c10001",6.26337546421395e-10,"Su",-5.50464450019775e-05,"Su=0","10101",22,0.000950836015391407
"2628",1,1,0,0,0,1,0,0,1,TRUE,3.26145468415436e-16,"c10001",6.26337546421395e-10,"br",0.668111099853839,"br=1","10101",22,0.758427945184303
"2629",0,0,1,0,0,1,0,0,1,TRUE,2.14642789286894e-23,"c01001",7.13731576817485e-22,"P",-0.00224412134273994,"P=0","00101",6,0.00135463251279831
"2630",0,0,1,0,0,1,0,0,1,TRUE,2.14642789286894e-23,"c01001",7.13731576817485e-22,"Pu",-0.00127862293249112,"Pu=0","00101",6,0.00136777481041921
"2631",0,0,1,0,0,1,0,0,1,TRUE,2.14642789286894e-23,"c01001",7.13731576817485e-22,"K",0.0199396679434072,"K=1","00101",6,0.0016910812244451
"2632",0,0,1,0,0,1,0,0,1,TRUE,2.14642789286894e-23,"c01001",7.13731576817485e-22,"Ku",-0.142491111633471,"Ku=0","00101",6,0.000333224216211025
"2633",0,0,1,0,0,1,0,0,1,TRUE,2.14642789286894e-23,"c01001",7.13731576817485e-22,"C",0.572766697877494,"C=0","00101",6,0.425658934126904
"2634",0,0,1,0,0,1,0,0,1,TRUE,2.14642789286894e-23,"c01001",7.13731576817485e-22,"Cu",-0.1623979914644,"Cu=1","00101",6,0.000273075083101393
"2635",0,0,1,0,0,1,0,0,1,TRUE,2.14642789286894e-23,"c01001",7.13731576817485e-22,"S",0,"S=0","00101",6,0.00138537577801968
"2636",0,0,1,0,0,1,0,0,1,TRUE,2.14642789286894e-23,"c01001",7.13731576817485e-22,"Su",0.000181886192842124,"Su=0","00101",6,0.00138789787825961
"2637",0,0,1,0,0,1,0,0,1,TRUE,2.14642789286894e-23,"c01001",7.13731576817485e-22,"br",0.601359039268636,"br=1","00101",6,0.566548004369842
"2638",1,0,1,0,0,1,0,0,1,TRUE,2.14642789286894e-23,"c11001",7.13731576817485e-22,"P",0.000317302493328246,"P=1","00101",6,0.00140776159584696
"2639",1,0,1,0,0,1,0,0,1,TRUE,2.14642789286894e-23,"c11001",7.13731576817485e-22,"Pu",0.00247882128189812,"Pu=0","00101",6,0.00143852187420477
"2640",1,0,1,0,0,1,0,0,1,TRUE,2.14642789286894e-23,"c11001",7.13731576817485e-22,"K",0.0163903108856777,"K=1","00101",6,0.00165323009270646
"2641",1,0,1,0,0,1,0,0,1,TRUE,2.14642789286894e-23,"c11001",7.13731576817485e-22,"Ku",-0.136340748474589,"Ku=0","00101",6,0.000358947339669328
"2642",1,0,1,0,0,1,0,0,1,TRUE,2.14642789286894e-23,"c11001",7.13731576817485e-22,"C",0.571691193286209,"C=0","00101",6,0.426554366547342
"2643",1,0,1,0,0,1,0,0,1,TRUE,2.14642789286894e-23,"c11001",7.13731576817485e-22,"Cu",-0.161492636372699,"Cu=1","00101",6,0.000279124191216814
"2644",1,0,1,0,0,1,0,0,1,TRUE,2.14642789286894e-23,"c11001",7.13731576817485e-22,"S",0,"S=0","00101",6,0.00140330181244697
"2645",1,0,1,0,0,1,0,0,1,TRUE,2.14642789286894e-23,"c11001",7.13731576817485e-22,"Su",-0.000104286344738939,"Su=0","00101",6,0.0014018391231063
"2646",1,0,1,0,0,1,0,0,1,TRUE,2.14642789286894e-23,"c11001",7.13731576817485e-22,"br",0.599888753954063,"br=1","00101",6,0.56550290742346
"2647",0,1,1,0,0,1,0,0,1,TRUE,3.26145468415436e-16,"c01001",1.08450099915954e-14,"P",0.000503733212814267,"P=0","10101",22,0.00139196258647668
"2648",0,1,1,0,0,1,0,0,1,TRUE,3.26145468415436e-16,"c01001",1.08450099915954e-14,"Pu",-0.00272166998832193,"Pu=1","10101",22,0.00134778250361896
"2649",0,1,1,0,0,1,0,0,1,TRUE,3.26145468415436e-16,"c01001",1.08450099915954e-14,"K",0.0268914319943912,"K=1","10101",22,0.00181229078448699
"2650",0,1,1,0,0,1,0,0,1,TRUE,3.26145468415436e-16,"c01001",1.08450099915954e-14,"Ku",-0.134371060533469,"Ku=0","10101",22,0.000361304836894795
"2651",0,1,1,0,0,1,0,0,1,TRUE,3.26145468415436e-16,"c01001",1.08450099915954e-14,"C",0.575033036105293,"C=0","10101",22,0.435287926854843
"2652",0,1,1,0,0,1,0,0,1,TRUE,3.26145468415436e-16,"c01001",1.08450099915954e-14,"Cu",-0.15856806618251,"Cu=1","10101",22,0.000283653087625404
"2653",0,1,1,0,0,1,0,0,1,TRUE,3.26145468415436e-16,"c01001",1.08450099915954e-14,"S",0,"S=0","10101",22,0.00138496843932925
"2654",0,1,1,0,0,1,0,0,1,TRUE,3.26145468415436e-16,"c01001",1.08450099915954e-14,"Su",-0.00329243118578449,"Su=0","10101",22,0.00134011179559853
"2655",0,1,1,0,0,1,0,0,1,TRUE,3.26145468415436e-16,"c01001",1.08450099915954e-14,"br",0.599651079560064,"br=1","10101",22,0.556789999111127
"2656",1,1,1,0,0,1,0,0,1,TRUE,3.26145468415436e-16,"c11001",1.08450099915954e-14,"P",0.0018002338858727,"P=1","10101",22,0.00142712757011652
"2657",1,1,1,0,0,1,0,0,1,TRUE,3.26145468415436e-16,"c11001",1.08450099915954e-14,"Pu",-0.00203290776985507,"Pu=1","10101",22,0.00137345891759116
"2658",1,1,1,0,0,1,0,0,1,TRUE,3.26145468415436e-16,"c11001",1.08450099915954e-14,"K",0.0256242603396952,"K=1","10101",22,0.0018110449451492
"2659",1,1,1,0,0,1,0,0,1,TRUE,3.26145468415436e-16,"c11001",1.08450099915954e-14,"Ku",-0.137673512056765,"Ku=0","10101",22,0.000353782228983091
"2660",1,1,1,0,0,1,0,0,1,TRUE,3.26145468415436e-16,"c11001",1.08450099915954e-14,"C",0.571502491174107,"C=0","10101",22,0.425253858533621
"2661",1,1,1,0,0,1,0,0,1,TRUE,3.26145468415436e-16,"c11001",1.08450099915954e-14,"Cu",-0.161721281056859,"Cu=1","10101",22,0.000278162051096239
"2662",1,1,1,0,0,1,0,0,1,TRUE,3.26145468415436e-16,"c11001",1.08450099915954e-14,"S",0,"S=0","10101",22,0.00140166580927049
"2663",1,1,1,0,0,1,0,0,1,TRUE,3.26145468415436e-16,"c11001",1.08450099915954e-14,"Su",0.00111644183498671,"Su=0","10101",22,0.00141740227353245
"2664",1,1,1,0,0,1,0,0,1,TRUE,3.26145468415436e-16,"c11001",1.08450099915954e-14,"br",0.600213954964784,"br=1","10101",22,0.56668349767064
"2665",0,0,0,1,0,1,0,0,1,TRUE,1.99061698503992e-23,"c00001",3.82282839719397e-17,"P",0.00340305686889534,"P=0","01101",14,0.00145568134729129
"2666",0,0,0,1,0,1,0,0,1,TRUE,1.99061698503992e-23,"c00001",3.82282839719397e-17,"Pu",-0.000328535299641001,"Pu=0","01101",14,0.00140236226841623
"2667",0,0,0,1,0,1,0,0,1,TRUE,1.99061698503992e-23,"c00001",3.82282839719397e-17,"K",-0.136922446984546,"K=0","01101",14,0.000357800050204
"2668",0,0,0,1,0,1,0,0,1,TRUE,1.99061698503992e-23,"c00001",3.82282839719397e-17,"Ku",0.0245679572385509,"Ku=1","01101",14,0.00179880593375102
"2669",0,0,0,1,0,1,0,0,1,TRUE,1.99061698503992e-23,"c00001",3.82282839719397e-17,"C",0.571105821699393,"C=0","01101",14,0.425175370058199
"2670",0,0,0,1,0,1,0,0,1,TRUE,1.99061698503992e-23,"c00001",3.82282839719397e-17,"Cu",-0.161831932252603,"Cu=1","01101",14,0.000278907297255596
"2671",0,0,0,1,0,1,0,0,1,TRUE,1.99061698503992e-23,"c00001",3.82282839719397e-17,"S",0,"S=0","01101",14,0.00140697710002138
"2672",0,0,0,1,0,1,0,0,1,TRUE,1.99061698503992e-23,"c00001",3.82282839719397e-17,"Su",-0.000925558986156851,"Su=0","01101",14,0.00139401477654949
"2673",0,0,0,1,0,1,0,0,1,TRUE,1.99061698503992e-23,"c00001",3.82282839719397e-17,"br",0.599843964080809,"br=1","01101",14,0.566730081168312
"2674",1,0,0,1,0,1,0,0,1,TRUE,1.99061698503992e-23,"c10001",3.82282839719397e-17,"P",-0.00513086134480495,"P=1","01101",14,0.00133803645188755
"2675",1,0,0,1,0,1,0,0,1,TRUE,1.99061698503992e-23,"c10001",3.82282839719397e-17,"Pu",0.00303562481930773,"Pu=0","01101",14,0.00145189277395778
"2676",1,0,0,1,0,1,0,0,1,TRUE,1.99061698503992e-23,"c10001",3.82282839719397e-17,"K",-0.137128428535981,"K=0","01101",14,0.000357445467475392
"2677",1,0,0,1,0,1,0,0,1,TRUE,1.99061698503992e-23,"c10001",3.82282839719397e-17,"Ku",0.0264412230159534,"Ku=1","01101",14,0.00183477901875047
"2678",1,0,0,1,0,1,0,0,1,TRUE,1.99061698503992e-23,"c10001",3.82282839719397e-17,"C",0.575242449925841,"C=0","01101",14,0.443605794397989
"2679",1,0,0,1,0,1,0,0,1,TRUE,1.99061698503992e-23,"c10001",3.82282839719397e-17,"Cu",-0.157263103220155,"Cu=1","01101",14,0.000292257734432716
"2680",1,0,0,1,0,1,0,0,1,TRUE,1.99061698503992e-23,"c10001",3.82282839719397e-17,"S",0,"S=0","01101",14,0.0014084809994799
"2681",1,0,0,1,0,1,0,0,1,TRUE,1.99061698503992e-23,"c10001",3.82282839719397e-17,"Su",0.000318943546449503,"Su=0","01101",14,0.00141298043023852
"2682",1,0,0,1,0,1,0,0,1,TRUE,1.99061698503992e-23,"c10001",3.82282839719397e-17,"br",0.596430772325269,"br=1","01101",14,0.548298332725789
"2683",0,1,0,1,0,1,0,0,1,TRUE,3.02470309474872e-16,"c00001",5.80871205791205e-10,"P",0.000278454197931298,"P=0","11101",30,0.00138235455436592
"2684",0,1,0,1,0,1,0,0,1,TRUE,3.02470309474872e-16,"c00001",5.80871205791205e-10,"Pu",0.000697983175118743,"Pu=1","11101",30,0.0013881661143542
"2685",0,1,0,1,0,1,0,0,1,TRUE,3.02470309474872e-16,"c00001",5.80871205791205e-10,"K",-0.138712908586918,"K=0","11101",30,0.000344340121850463
"2686",0,1,0,1,0,1,0,0,1,TRUE,3.02470309474872e-16,"c00001",5.80871205791205e-10,"Ku",0.0260394675506767,"Ku=1","11101",30,0.00178853773397762
"2687",0,1,0,1,0,1,0,0,1,TRUE,3.02470309474872e-16,"c00001",5.80871205791205e-10,"C",0.576364082210342,"C=0","11101",30,0.439063708408474
"2688",0,1,0,1,0,1,0,0,1,TRUE,3.02470309474872e-16,"c00001",5.80871205791205e-10,"Cu",-0.163478312997011,"Cu=1","11101",30,0.000268802215583735
"2689",0,1,0,1,0,1,0,0,1,TRUE,3.02470309474872e-16,"c00001",5.80871205791205e-10,"S",0,"S=0","11101",30,0.00137851068427149
"2690",0,1,0,1,0,1,0,0,1,TRUE,3.02470309474872e-16,"c00001",5.80871205791205e-10,"Su",0.00125899282864059,"Su=0","11101",30,0.00139597574617404
"2691",0,1,0,1,0,1,0,0,1,TRUE,3.02470309474872e-16,"c00001",5.80871205791205e-10,"br",0.599433550072816,"br=1","11101",30,0.552989604420948
"2692",1,1,0,1,0,1,0,0,1,TRUE,3.02470309474872e-16,"c10001",5.80871205791205e-10,"P",-0.00285950150440061,"P=1","11101",30,0.00135547199779194
"2693",1,1,0,1,0,1,0,0,1,TRUE,3.02470309474872e-16,"c10001",5.80871205791205e-10,"Pu",-0.00123598028226679,"Pu=1","11101",30,0.00137765798310921
"2694",1,1,0,1,0,1,0,0,1,TRUE,3.02470309474872e-16,"c10001",5.80871205791205e-10,"K",-0.13477987308127,"K=0","11101",30,0.000362382866341261
"2695",1,1,0,1,0,1,0,0,1,TRUE,3.02470309474872e-16,"c10001",5.80871205791205e-10,"Ku",0.0286895309006529,"Ku=1","11101",30,0.00185825905147829
"2696",1,1,0,1,0,1,0,0,1,TRUE,3.02470309474872e-16,"c10001",5.80871205791205e-10,"C",0.575872303047643,"C=0","11101",30,0.442069795087927
"2697",1,1,0,1,0,1,0,0,1,TRUE,3.02470309474872e-16,"c10001",5.80871205791205e-10,"Cu",-0.166448508879175,"Cu=1","11101",30,0.000264017380647267
"2698",1,1,0,1,0,1,0,0,1,TRUE,3.02470309474872e-16,"c10001",5.80871205791205e-10,"S",0,"S=0","11101",30,0.00139479122778809
"2699",1,1,0,1,0,1,0,0,1,TRUE,3.02470309474872e-16,"c10001",5.80871205791205e-10,"Su",0.00387968274675907,"Su=0","11101",30,0.00144996812588348
"2700",1,1,0,1,0,1,0,0,1,TRUE,3.02470309474872e-16,"c10001",5.80871205791205e-10,"br",0.597693287775052,"br=1","11101",30,0.549867656279033
"2701",0,0,1,1,0,1,0,0,1,TRUE,1.99061698503992e-23,"c01001",6.61921234015085e-22,"P",0.00104165689658304,"P=0","01101",14,0.000486826553244235
"2702",0,0,1,1,0,1,0,0,1,TRUE,1.99061698503992e-23,"c01001",6.61921234015085e-22,"Pu",-0.00280529537952228,"Pu=0","01101",14,0.000468454221214482
"2703",0,0,1,1,0,1,0,0,1,TRUE,1.99061698503992e-23,"c01001",6.61921234015085e-22,"K",0.144248106134161,"K=1","01101",14,0.00203850586326189
"2704",0,0,1,1,0,1,0,0,1,TRUE,1.99061698503992e-23,"c01001",6.61921234015085e-22,"Ku",0.149072937571901,"Ku=1","01101",14,0.00213927167840784
"2705",0,0,1,1,0,1,0,0,1,TRUE,1.99061698503992e-23,"c01001",6.61921234015085e-22,"C",0.762816364439486,"C=0","01101",14,0.990192830643106
"2706",0,0,1,1,0,1,0,0,1,TRUE,1.99061698503992e-23,"c01001",6.61921234015085e-22,"Cu",-0.213911179440673,"Cu=1","01101",14,5.67343327167399e-05
"2707",0,0,1,1,0,1,0,0,1,TRUE,1.99061698503992e-23,"c01001",6.61921234015085e-22,"S",0,"S=0","01101",14,0.000481781810945861
"2708",0,0,1,1,0,1,0,0,1,TRUE,1.99061698503992e-23,"c01001",6.61921234015085e-22,"Su",-0.00245408973974799,"Su=0","01101",14,0.000470102351328026
"2709",0,0,1,1,0,1,0,0,1,TRUE,1.99061698503992e-23,"c01001",6.61921234015085e-22,"br",0.202922665986754,"br=1","01101",14,0.00366549254577471
"2710",1,0,1,1,0,1,0,0,1,TRUE,1.99061698503992e-23,"c11001",6.61921234015085e-22,"P",0.00246832850848952,"P=1","01101",14,0.000499094481368942
"2711",1,0,1,1,0,1,0,0,1,TRUE,1.99061698503992e-23,"c11001",6.61921234015085e-22,"Pu",-0.00229157399796893,"Pu=0","01101",14,0.000475894596689567
"2712",1,0,1,1,0,1,0,0,1,TRUE,1.99061698503992e-23,"c11001",6.61921234015085e-22,"K",0.145630917178189,"K=1","01101",14,0.00208895935762575
"2713",1,0,1,1,0,1,0,0,1,TRUE,1.99061698503992e-23,"c11001",6.61921234015085e-22,"Ku",0.150376653255956,"Ku=1","01101",14,0.00219048589206476
"2714",1,0,1,1,0,1,0,0,1,TRUE,1.99061698503992e-23,"c11001",6.61921234015085e-22,"C",0.76172042510905,"C=0","01101",14,0.989857611753393
"2715",1,0,1,1,0,1,0,0,1,TRUE,1.99061698503992e-23,"c11001",6.61921234015085e-22,"Cu",-0.215221871607407,"Cu=1","01101",14,5.65934592790361e-05
"2716",1,0,1,1,0,1,0,0,1,TRUE,1.99061698503992e-23,"c11001",6.61921234015085e-22,"S",0,"S=0","01101",14,0.000486925987021621
"2717",1,0,1,1,0,1,0,0,1,TRUE,1.99061698503992e-23,"c11001",6.61921234015085e-22,"Su",0.00193495439767738,"Su=0","01101",14,0.000496439527329761
"2718",1,0,1,1,0,1,0,0,1,TRUE,1.99061698503992e-23,"c11001",6.61921234015085e-22,"br",0.206719536400989,"br=1","01101",14,0.00384799494522749
"2719",0,1,1,1,0,1,0,0,1,TRUE,3.02470309474872e-16,"c01001",1.00577620911095e-14,"P",0.00139593179890058,"P=0","11101",30,0.000505454940015453
"2720",0,1,1,1,0,1,0,0,1,TRUE,3.02470309474872e-16,"c01001",1.00577620911095e-14,"Pu",-0.00371449685106829,"Pu=1","11101",30,0.000480272959814321
"2721",0,1,1,1,0,1,0,0,1,TRUE,3.02470309474872e-16,"c01001",1.00577620911095e-14,"K",0.148912840177105,"K=1","11101",30,0.00220973522321482
"2722",0,1,1,1,0,1,0,0,1,TRUE,3.02470309474872e-16,"c01001",1.00577620911095e-14,"Ku",0.149133461405648,"Ku=1","11101",30,0.00221461574997126
"2723",0,1,1,1,0,1,0,0,1,TRUE,3.02470309474872e-16,"c01001",1.00577620911095e-14,"C",0.759374662483294,"C=0","11101",30,0.989788142659063
"2724",0,1,1,1,0,1,0,0,1,TRUE,3.02470309474872e-16,"c01001",1.00577620911095e-14,"Cu",-0.215496417123686,"Cu=1","11101",30,5.77738011618771e-05
"2725",0,1,1,1,0,1,0,0,1,TRUE,3.02470309474872e-16,"c01001",1.00577620911095e-14,"S",0,"S=0","11101",30,0.000498448152545525
"2726",0,1,1,1,0,1,0,0,1,TRUE,3.02470309474872e-16,"c01001",1.00577620911095e-14,"Su",0.00182240220450812,"Su=0","11101",30,0.000507615158821134
"2727",0,1,1,1,0,1,0,0,1,TRUE,3.02470309474872e-16,"c01001",1.00577620911095e-14,"br",0.201479072206347,"br=1","11101",30,0.00373794135539304
"2728",1,1,1,1,0,1,0,0,1,TRUE,3.02470309474872e-16,"c11001",1.00577620911095e-14,"P",0.000922361307945048,"P=1","11101",30,0.000489205368720853
"2729",1,1,1,1,0,1,0,0,1,TRUE,3.02470309474872e-16,"c11001",1.00577620911095e-14,"Pu",0.000935298390147478,"Pu=1","11101",30,0.000489268661715588
"2730",1,1,1,1,0,1,0,0,1,TRUE,3.02470309474872e-16,"c11001",1.00577620911095e-14,"K",0.140597479384515,"K=1","11101",30,0.00197739096240526
"2731",1,1,1,1,0,1,0,0,1,TRUE,3.02470309474872e-16,"c11001",1.00577620911095e-14,"Ku",0.152153268467709,"Ku=1","11101",30,0.00221962035690926
"2732",1,1,1,1,0,1,0,0,1,TRUE,3.02470309474872e-16,"c11001",1.00577620911095e-14,"C",0.76220110759548,"C=0","11101",30,0.990108528766296
"2733",1,1,1,1,0,1,0,0,1,TRUE,3.02470309474872e-16,"c11001",1.00577620911095e-14,"Cu",-0.210720798135772,"Cu=1","11101",30,5.89300285784941e-05
"2734",1,1,1,1,0,1,0,0,1,TRUE,3.02470309474872e-16,"c11001",1.00577620911095e-14,"S",0,"S=0","11101",30,0.000484713873433521
"2735",1,1,1,1,0,1,0,0,1,TRUE,3.02470309474872e-16,"c11001",1.00577620911095e-14,"Su",0.000295833653360994,"Su=0","11101",30,0.00048614994333533
"2736",1,1,1,1,0,1,0,0,1,TRUE,3.02470309474872e-16,"c11001",1.00577620911095e-14,"br",0.202879047116746,"br=1","11101",30,0.0036861920386054
"2737",0,0,0,0,1,1,0,0,1,FALSE,2.14642789286894e-23,"c00100",3.43431324155035e-22,"P",-0.00218748415665084,"P=0","00101",6,0.00026348445743204
"2738",0,0,0,0,1,1,0,0,1,FALSE,2.14642789286894e-23,"c00100",3.43431324155035e-22,"Pu",-0.00101584199335681,"Pu=0","00101",6,0.000266589708119633
"2739",0,0,0,0,1,1,0,0,1,FALSE,2.14642789286894e-23,"c00100",3.43431324155035e-22,"K",0.00369676501309086,"K=0","00101",6,0.000279453769008308
"2740",0,0,0,0,1,1,0,0,1,FALSE,2.14642789286894e-23,"c00100",3.43431324155035e-22,"Ku",0.00454756099999902,"Ku=0","00101",6,0.000281841493388887
"2741",0,0,0,0,1,1,0,0,1,FALSE,2.14642789286894e-23,"c00100",3.43431324155035e-22,"C",0,"C=1","00101",6,0.00026931164018204
"2742",0,0,0,0,1,1,0,0,1,FALSE,2.14642789286894e-23,"c00100",3.43431324155035e-22,"Cu",0.821771385619975,"Cu=1","00101",6,0.998074377360871
"2743",0,0,0,0,1,1,0,0,1,FALSE,2.14642789286894e-23,"c00100",3.43431324155035e-22,"S",0,"S=0","00101",6,0.00026931164018204
"2744",0,0,0,0,1,1,0,0,1,FALSE,2.14642789286894e-23,"c00100",3.43431324155035e-22,"Su",-0.00116392498776992,"Su=0","00101",6,0.000266195226249423
"2745",0,0,0,0,1,1,0,0,1,FALSE,2.14642789286894e-23,"c00100",3.43431324155035e-22,"br",-0.221369481710663,"br=1","00101",6,2.94347045666186e-05
"2746",1,0,0,0,1,1,0,0,1,FALSE,2.14642789286894e-23,"c10100",3.43431324155035e-22,"P",-0.000960562386422687,"P=1","00101",6,0.000281143581673858
"2747",1,0,0,0,1,1,0,0,1,FALSE,2.14642789286894e-23,"c10100",3.43431324155035e-22,"Pu",-0.00529293305680734,"Pu=0","00101",6,0.0002692234755788
"2748",1,0,0,0,1,1,0,0,1,FALSE,2.14642789286894e-23,"c10100",3.43431324155035e-22,"K",0.00534485365371647,"K=0","00101",6,0.000299441677602554
"2749",1,0,0,0,1,1,0,0,1,FALSE,2.14642789286894e-23,"c10100",3.43431324155035e-22,"Ku",0.00596059475290571,"Ku=0","00101",6,0.000301291151220885
"2750",1,0,0,0,1,1,0,0,1,FALSE,2.14642789286894e-23,"c10100",3.43431324155035e-22,"C",0,"C=1","00101",6,0.000283857153079765
"2751",1,0,0,0,1,1,0,0,1,FALSE,2.14642789286894e-23,"c10100",3.43431324155035e-22,"Cu",0.816499451045307,"Cu=1","00101",6,0.997957171418903
"2752",1,0,0,0,1,1,0,0,1,FALSE,2.14642789286894e-23,"c10100",3.43431324155035e-22,"S",0,"S=0","00101",6,0.000283857153079765
"2753",1,0,0,0,1,1,0,0,1,FALSE,2.14642789286894e-23,"c10100",3.43431324155035e-22,"Su",0.00332515649402102,"Su=0","00101",6,0.000293454527218843
"2754",1,0,0,0,1,1,0,0,1,FALSE,2.14642789286894e-23,"c10100",3.43431324155035e-22,"br",-0.222878369262246,"br=1","00101",6,3.05598616426325e-05
"2755",0,1,0,0,1,1,0,0,1,FALSE,3.26145468415436e-16,"c00100",5.21837097147323e-15,"P",0.00411705130641166,"P=0","10101",22,0.000286694925908937
"2756",0,1,0,0,1,1,0,0,1,FALSE,3.26145468415436e-16,"c00100",5.21837097147323e-15,"Pu",-0.000519477139018431,"Pu=1","10101",22,0.000273705685895209
"2757",0,1,0,0,1,1,0,0,1,FALSE,3.26145468415436e-16,"c00100",5.21837097147323e-15,"K",0.00795807886111354,"K=0","10101",22,0.000297921178553384
"2758",0,1,0,0,1,1,0,0,1,FALSE,3.26145468415436e-16,"c00100",5.21837097147323e-15,"Ku",0.010186972918508,"Ku=0","10101",22,0.000304636082047397
"2759",0,1,0,0,1,1,0,0,1,FALSE,3.26145468415436e-16,"c00100",5.21837097147323e-15,"C",0,"C=1","10101",22,0.000275131223827708
"2760",0,1,0,0,1,1,0,0,1,FALSE,3.26145468415436e-16,"c00100",5.21837097147323e-15,"Cu",0.819623858051872,"Cu=1","10101",22,0.997978230498148
"2761",0,1,0,0,1,1,0,0,1,FALSE,3.26145468415436e-16,"c00100",5.21837097147323e-15,"S",0,"S=0","10101",22,0.000275131223827708
"2762",0,1,0,0,1,1,0,0,1,FALSE,3.26145468415436e-16,"c00100",5.21837097147323e-15,"Su",0.0014668584866337,"Su=0","10101",22,0.000279196754426911
"2763",0,1,0,0,1,1,0,0,1,FALSE,3.26145468415436e-16,"c00100",5.21837097147323e-15,"br",-0.223787291447251,"br=1","10101",22,2.93524273648081e-05
"2764",1,1,0,0,1,1,0,0,1,FALSE,3.26145468415436e-16,"c10100",5.21837097147323e-15,"P",-0.00039933882197057,"P=1","10101",22,0.000272226190779247
"2765",1,1,0,0,1,1,0,0,1,FALSE,3.26145468415436e-16,"c10100",5.21837097147323e-15,"Pu",0.00387152674453977,"Pu=1","10101",22,0.000284104452243828
"2766",1,1,0,0,1,1,0,0,1,FALSE,3.26145468415436e-16,"c10100",5.21837097147323e-15,"K",0.0102068262583298,"K=0","10101",22,0.000302685694507316
"2767",1,1,0,0,1,1,0,0,1,FALSE,3.26145468415436e-16,"c10100",5.21837097147323e-15,"Ku",0.00874028703993195,"Ku=0","10101",22,0.000298279081422044
"2768",1,1,0,0,1,1,0,0,1,FALSE,3.26145468415436e-16,"c10100",5.21837097147323e-15,"C",0,"C=1","10101",22,0.000273315469150735
"2769",1,1,0,0,1,1,0,0,1,FALSE,3.26145468415436e-16,"c10100",5.21837097147323e-15,"Cu",0.820287397113827,"Cu=1","10101",22,0.997992124347414
"2770",1,1,0,0,1,1,0,0,1,FALSE,3.26145468415436e-16,"c10100",5.21837097147323e-15,"S",0,"S=0","10101",22,0.000273315469150735
"2771",1,1,0,0,1,1,0,0,1,FALSE,3.26145468415436e-16,"c10100",5.21837097147323e-15,"Su",0.000540717542386693,"Su=0","10101",22,0.000274797336586568
"2772",1,1,0,0,1,1,0,0,1,FALSE,3.26145468415436e-16,"c10100",5.21837097147323e-15,"br",-0.223810458676443,"br=1","10101",22,2.91519587454819e-05
"2773",0,0,1,0,1,1,0,0,1,FALSE,2.14642789286894e-23,"c01100",6.61932694485687e-22,"P",0.000213901730656725,"P=0","00101",6,0.000228530046860916
"2774",0,0,1,0,1,1,0,0,1,FALSE,2.14642789286894e-23,"c01100",6.61932694485687e-22,"Pu",0.00469449809529871,"Pu=0","00101",6,0.000239002416185905
"2775",0,0,1,0,1,1,0,0,1,FALSE,2.14642789286894e-23,"c01100",6.61932694485687e-22,"K",-0.00422065762160552,"K=1","00101",6,0.000218617167011439
"2776",0,0,1,0,1,1,0,0,1,FALSE,2.14642789286894e-23,"c01100",6.61932694485687e-22,"Ku",0.0504722797976753,"Ku=0","00101",6,0.000377757130973343
"2777",0,0,1,0,1,1,0,0,1,FALSE,2.14642789286894e-23,"c01100",6.61932694485687e-22,"C",0,"C=1","00101",6,0.000228041739570665
"2778",0,0,1,0,1,1,0,0,1,FALSE,2.14642789286894e-23,"c01100",6.61932694485687e-22,"Cu",0.838419293535784,"Cu=1","00101",6,0.998212657088617
"2779",0,0,1,0,1,1,0,0,1,FALSE,2.14642789286894e-23,"c01100",6.61932694485687e-22,"S",0,"S=0","00101",6,0.000228041739570665
"2780",0,0,1,0,1,1,0,0,1,FALSE,2.14642789286894e-23,"c01100",6.61932694485687e-22,"Su",0.00289559194803898,"Su=0","00101",6,0.00023474142752877
"2781",0,0,1,0,1,1,0,0,1,FALSE,2.14642789286894e-23,"c01100",6.61932694485687e-22,"br",-0.194487155339192,"br=1","00101",6,3.26112436810268e-05
"2782",1,0,1,0,1,1,0,0,1,FALSE,2.14642789286894e-23,"c11100",6.61932694485687e-22,"P",0.00330899023524434,"P=1","00101",6,0.00023876802334822
"2783",1,0,1,0,1,1,0,0,1,FALSE,2.14642789286894e-23,"c11100",6.61932694485687e-22,"Pu",0.00204653267858409,"Pu=0","00101",6,0.000235772625988472
"2784",1,0,1,0,1,1,0,0,1,FALSE,2.14642789286894e-23,"c11100",6.61932694485687e-22,"K",-0.00946002233239423,"K=1","00101",6,0.000210145960923834
"2785",1,0,1,0,1,1,0,0,1,FALSE,2.14642789286894e-23,"c11100",6.61932694485687e-22,"Ku",0.0449086961712139,"Ku=0","00101",6,0.000361944008183021
"2786",1,0,1,0,1,1,0,0,1,FALSE,2.14642789286894e-23,"c11100",6.61932694485687e-22,"C",0,"C=1","00101",6,0.000230996501323847
"2787",1,0,1,0,1,1,0,0,1,FALSE,2.14642789286894e-23,"c11100",6.61932694485687e-22,"Cu",0.837132819410483,"Cu=1","00101",6,0.998221783666876
"2788",1,0,1,0,1,1,0,0,1,FALSE,2.14642789286894e-23,"c11100",6.61932694485687e-22,"S",0,"S=0","00101",6,0.000230996501323847
"2789",1,0,1,0,1,1,0,0,1,FALSE,2.14642789286894e-23,"c11100",6.61932694485687e-22,"Su",0.0019724208238204,"Su=0","00101",6,0.000235597955256182
"2790",1,0,1,0,1,1,0,0,1,FALSE,2.14642789286894e-23,"c11100",6.61932694485687e-22,"br",-0.191619626434559,"br=1","00101",6,3.39947567768051e-05
"2791",0,1,1,0,1,1,0,0,1,FALSE,3.26145468415436e-16,"c01100",1.00579362306912e-14,"P",0.000441011260242964,"P=0","10101",22,0.000240608941785705
"2792",0,1,1,0,1,1,0,0,1,FALSE,3.26145468415436e-16,"c01100",1.00579362306912e-14,"Pu",-0.00349273621839307,"Pu=1","10101",22,0.000231327739935393
"2793",0,1,1,0,1,1,0,0,1,FALSE,3.26145468415436e-16,"c01100",1.00579362306912e-14,"K",-0.00615815608030569,"K=1","10101",22,0.000225243332132229
"2794",0,1,1,0,1,1,0,0,1,FALSE,3.26145468415436e-16,"c01100",1.00579362306912e-14,"Ku",0.0481308330653794,"Ku=0","10101",22,0.000387637717413437
"2795",0,1,1,0,1,1,0,0,1,FALSE,3.26145468415436e-16,"c01100",1.00579362306912e-14,"C",0,"C=1","10101",22,0.000239550165636317
"2796",0,1,1,0,1,1,0,0,1,FALSE,3.26145468415436e-16,"c01100",1.00579362306912e-14,"Cu",0.833489978692217,"Cu=1","10101",22,0.998153790080616
"2797",0,1,1,0,1,1,0,0,1,FALSE,3.26145468415436e-16,"c01100",1.00579362306912e-14,"S",0,"S=0","10101",22,0.000239550165636317
"2798",0,1,1,0,1,1,0,0,1,FALSE,3.26145468415436e-16,"c01100",1.00579362306912e-14,"Su",0.00344852648159239,"Su=0","10101",22,0.000247955208655425
"2799",0,1,1,0,1,1,0,0,1,FALSE,3.26145468415436e-16,"c01100",1.00579362306912e-14,"br",-0.194254961066978,"br=1","10101",22,3.4336648189404e-05
"2800",1,1,1,0,1,1,0,0,1,FALSE,3.26145468415436e-16,"c11100",1.00579362306912e-14,"P",-0.00191278226251741,"P=1","10101",22,0.00022487669965217
"2801",1,1,1,0,1,1,0,0,1,FALSE,3.26145468415436e-16,"c11100",1.00579362306912e-14,"Pu",0.00383532928396566,"Pu=1","10101",22,0.000238181589993942
"2802",1,1,1,0,1,1,0,0,1,FALSE,3.26145468415436e-16,"c11100",1.00579362306912e-14,"K",-0.00701347752899823,"K=1","10101",22,0.000213694045430949
"2803",1,1,1,0,1,1,0,0,1,FALSE,3.26145468415436e-16,"c11100",1.00579362306912e-14,"Ku",0.0387818786682962,"Ku=0","10101",22,0.00033781515248896
"2804",1,1,1,0,1,1,0,0,1,FALSE,3.26145468415436e-16,"c11100",1.00579362306912e-14,"C",0,"C=1","10101",22,0.000229219503053276
"2805",1,1,1,0,1,1,0,0,1,FALSE,3.26145468415436e-16,"c11100",1.00579362306912e-14,"Cu",0.837908987802627,"Cu=1","10101",22,0.998260907115533
"2806",1,1,1,0,1,1,0,0,1,FALSE,3.26145468415436e-16,"c11100",1.00579362306912e-14,"S",0,"S=0","10101",22,0.000229219503053276
"2807",1,1,1,0,1,1,0,0,1,FALSE,3.26145468415436e-16,"c11100",1.00579362306912e-14,"Su",0.0017698906493347,"Su=0","10101",22,0.000233312552004079
"2808",1,1,1,0,1,1,0,0,1,FALSE,3.26145468415436e-16,"c11100",1.00579362306912e-14,"br",-0.194504947378942,"br=1","10101",22,3.27738387904163e-05
"2809",0,0,0,1,1,1,0,0,1,FALSE,1.99061698503992e-23,"c00100",3.18501371198638e-22,"P",-0.00784825817998946,"P=0","01101",14,0.000207804244065869
"2810",0,0,0,1,1,1,0,0,1,FALSE,1.99061698503992e-23,"c00100",3.18501371198638e-22,"Pu",0.00451056634314946,"Pu=0","01101",14,0.00023514086203645
"2811",0,0,0,1,1,1,0,0,1,FALSE,1.99061698503992e-23,"c00100",3.18501371198638e-22,"K",0.0455102013461189,"K=0","01101",14,0.000354313139688492
"2812",0,0,0,1,1,1,0,0,1,FALSE,1.99061698503992e-23,"c00100",3.18501371198638e-22,"Ku",-0.0106133009575365,"Ku=1","01101",14,0.000202137078660614
"2813",0,0,0,1,1,1,0,0,1,FALSE,1.99061698503992e-23,"c00100",3.18501371198638e-22,"C",0,"C=1","01101",14,0.000224770320724727
"2814",0,0,0,1,1,1,0,0,1,FALSE,1.99061698503992e-23,"c00100",3.18501371198638e-22,"Cu",0.839871355609713,"Cu=1","01101",14,0.998283556966581
"2815",0,0,0,1,1,1,0,0,1,FALSE,1.99061698503992e-23,"c00100",3.18501371198638e-22,"S",0,"S=0","01101",14,0.000224770320724727
"2816",0,0,0,1,1,1,0,0,1,FALSE,1.99061698503992e-23,"c00100",3.18501371198638e-22,"Su",0.00485550274231407,"Su=0","01101",14,0.000235953348934861
"2817",0,0,0,1,1,1,0,0,1,FALSE,1.99061698503992e-23,"c00100",3.18501371198638e-22,"br",-0.196338763882095,"br=1","01101",14,3.1553718583793e-05
"2818",1,0,0,1,1,1,0,0,1,FALSE,1.99061698503992e-23,"c10100",3.18501371198638e-22,"P",-0.00118966840754949,"P=1","01101",14,0.000212927135961036
"2819",1,0,0,1,1,1,0,0,1,FALSE,1.99061698503992e-23,"c10100",3.18501371198638e-22,"Pu",0.00405209832269961,"Pu=0","01101",14,0.000224385979061901
"2820",1,0,0,1,1,1,0,0,1,FALSE,1.99061698503992e-23,"c10100",3.18501371198638e-22,"K",0.0434422096092032,"K=0","01101",14,0.000332709189180541
"2821",1,0,0,1,1,1,0,0,1,FALSE,1.99061698503992e-23,"c10100",3.18501371198638e-22,"Ku",-0.00668558210688063,"Ku=1","01101",14,0.000201540607170309
"2822",1,0,0,1,1,1,0,0,1,FALSE,1.99061698503992e-23,"c10100",3.18501371198638e-22,"C",0,"C=1","01101",14,0.000215475390664538
"2823",1,0,0,1,1,1,0,0,1,FALSE,1.99061698503992e-23,"c10100",3.18501371198638e-22,"Cu",0.844101790877826,"Cu=1","01101",14,0.998355411205297
"2824",1,0,0,1,1,1,0,0,1,FALSE,1.99061698503992e-23,"c10100",3.18501371198638e-22,"S",0,"S=0","01101",14,0.000215475390664538
"2825",1,0,0,1,1,1,0,0,1,FALSE,1.99061698503992e-23,"c10100",3.18501371198638e-22,"Su",-0.00191187586215913,"Su=0","01101",14,0.000211394899933549
"2826",1,0,0,1,1,1,0,0,1,FALSE,1.99061698503992e-23,"c10100",3.18501371198638e-22,"br",-0.194922914382769,"br=1","01101",14,3.0680202066628e-05
"2827",0,1,0,1,1,1,0,0,1,FALSE,3.02470309474872e-16,"c00100",4.83956527240681e-15,"P",0.00113926465292648,"P=0","11101",30,0.000233097657788409
"2828",0,1,0,1,1,1,0,0,1,FALSE,3.02470309474872e-16,"c00100",4.83956527240681e-15,"Pu",0.00136585716435938,"Pu=1","11101",30,0.000233626438487768
"2829",0,1,0,1,1,1,0,0,1,FALSE,3.02470309474872e-16,"c00100",4.83956527240681e-15,"K",0.0492527082544334,"K=0","11101",30,0.000377130746082174
"2830",0,1,0,1,1,1,0,0,1,FALSE,3.02470309474872e-16,"c00100",4.83956527240681e-15,"Ku",-0.0115111284821824,"Ku=1","11101",30,0.000205398822865813
"2831",0,1,0,1,1,1,0,0,1,FALSE,3.02470309474872e-16,"c00100",4.83956527240681e-15,"C",0,"C=1","11101",30,0.000230457128435202
"2832",0,1,0,1,1,1,0,0,1,FALSE,3.02470309474872e-16,"c00100",4.83956527240681e-15,"Cu",0.837367818525941,"Cu=1","11101",30,0.998234039805246
"2833",0,1,0,1,1,1,0,0,1,FALSE,3.02470309474872e-16,"c00100",4.83956527240681e-15,"S",0,"S=0","11101",30,0.000230457128435202
"2834",0,1,0,1,1,1,0,0,1,FALSE,3.02470309474872e-16,"c00100",4.83956527240681e-15,"Su",-0.00297929485162239,"Su=0","11101",30,0.000223692402013552
"2835",0,1,0,1,1,1,0,0,1,FALSE,3.02470309474872e-16,"c00100",4.83956527240681e-15,"br",-0.197121285097414,"br=1","11101",30,3.20998706454167e-05
"2836",1,1,0,1,1,1,0,0,1,FALSE,3.02470309474872e-16,"c10100",4.83956527240681e-15,"P",0.00386692376667451,"P=1","11101",30,0.000239875279744358
"2837",1,1,0,1,1,1,0,0,1,FALSE,3.02470309474872e-16,"c10100",4.83956527240681e-15,"Pu",0.00136127036075776,"Pu=1","11101",30,0.000233939512061171
"2838",1,1,0,1,1,1,0,0,1,FALSE,3.02470309474872e-16,"c10100",4.83956527240681e-15,"K",0.0460870793114967,"K=0","11101",30,0.000365885585272592
"2839",1,1,0,1,1,1,0,0,1,FALSE,3.02470309474872e-16,"c10100",4.83956527240681e-15,"Ku",-0.00674973350042242,"Ku=1","11101",30,0.000215713804048865
"2840",1,1,0,1,1,1,0,0,1,FALSE,3.02470309474872e-16,"c10100",4.83956527240681e-15,"C",0,"C=1","11101",30,0.000230776539965124
"2841",1,1,0,1,1,1,0,0,1,FALSE,3.02470309474872e-16,"c10100",4.83956527240681e-15,"Cu",0.83722756912193,"Cu=1","11101",30,0.998216608260626
"2842",1,1,0,1,1,1,0,0,1,FALSE,3.02470309474872e-16,"c10100",4.83956527240681e-15,"S",0,"S=0","11101",30,0.000230776539965124
"2843",1,1,0,1,1,1,0,0,1,FALSE,3.02470309474872e-16,"c10100",4.83956527240681e-15,"Su",0.000890596204364655,"Su=0","11101",30,0.000232841006455274
"2844",1,1,0,1,1,1,0,0,1,FALSE,3.02470309474872e-16,"c10100",4.83956527240681e-15,"br",-0.192741584580558,"br=1","11101",30,3.35834718616809e-05
"2845",0,0,1,1,1,1,0,0,1,FALSE,1.99061698503992e-23,"c01100",6.13882473748165e-22,"P",0.00238872503004019,"P=0","01101",14,7.55087195130786e-05
"2846",0,0,1,1,1,1,0,0,1,FALSE,1.99061698503992e-23,"c01100",6.13882473748165e-22,"Pu",-0.00249007923771071,"Pu=0","01101",14,7.1913218766083e-05
"2847",0,0,1,1,1,1,0,0,1,FALSE,1.99061698503992e-23,"c01100",6.13882473748165e-22,"K",-0.0491171415932478,"K=1","01101",14,4.51138580701862e-05
"2848",0,0,1,1,1,1,0,0,1,FALSE,1.99061698503992e-23,"c01100",6.13882473748165e-22,"Ku",-0.0339382620122688,"Ku=1","01101",14,5.25086684553376e-05
"2849",0,0,1,1,1,1,0,0,1,FALSE,1.99061698503992e-23,"c01100",6.13882473748165e-22,"C",0,"C=1","01101",14,7.37263959831308e-05
"2850",0,0,1,1,1,1,0,0,1,FALSE,1.99061698503992e-23,"c01100",6.13882473748165e-22,"Cu",0.951463998621331,"Cu=1","01101",14,0.999490447640498
"2851",0,0,1,1,1,1,0,0,1,FALSE,1.99061698503992e-23,"c01100",6.13882473748165e-22,"S",0,"S=0","01101",14,7.37263959831308e-05
"2852",0,0,1,1,1,1,0,0,1,FALSE,1.99061698503992e-23,"c01100",6.13882473748165e-22,"Su",0.00278099564840854,"Su=0","01101",14,7.58054997442969e-05
"2853",0,0,1,1,1,1,0,0,1,FALSE,1.99061698503992e-23,"c01100",6.13882473748165e-22,"br",-0.0580719401342336,"br=1","01101",14,4.12496029872645e-05
"2854",1,0,1,1,1,1,0,0,1,FALSE,1.99061698503992e-23,"c11100",6.13882473748165e-22,"P",-0.00505397400159821,"P=1","01101",14,7.10993019112209e-05
"2855",1,0,1,1,1,1,0,0,1,FALSE,1.99061698503992e-23,"c11100",6.13882473748165e-22,"Pu",-0.0020839006472898,"Pu=0","01101",14,7.32426756591587e-05
"2856",1,0,1,1,1,1,0,0,1,FALSE,1.99061698503992e-23,"c11100",6.13882473748165e-22,"K",-0.0431257719362882,"K=1","01101",14,4.8587171687023e-05
"2857",1,0,1,1,1,1,0,0,1,FALSE,1.99061698503992e-23,"c11100",6.13882473748165e-22,"Ku",-0.0370600205986418,"Ku=1","01101",14,5.16255679350033e-05
"2858",1,0,1,1,1,1,0,0,1,FALSE,1.99061698503992e-23,"c11100",6.13882473748165e-22,"C",0,"C=1","01101",14,7.47849946347826e-05
"2859",1,0,1,1,1,1,0,0,1,FALSE,1.99061698503992e-23,"c11100",6.13882473748165e-22,"Cu",0.950037516878609,"Cu=1","01101",14,0.999482003397797
"2860",1,0,1,1,1,1,0,0,1,FALSE,1.99061698503992e-23,"c11100",6.13882473748165e-22,"S",0,"S=0","01101",14,7.47849946347826e-05
"2861",1,0,1,1,1,1,0,0,1,FALSE,1.99061698503992e-23,"c11100",6.13882473748165e-22,"Su",0.00844789968637874,"Su=0","01101",14,8.13772911213273e-05
"2862",1,0,1,1,1,1,0,0,1,FALSE,1.99061698503992e-23,"c11100",6.13882473748165e-22,"br",-0.0565240140628903,"br=1","01101",14,4.24946046194312e-05
"2863",0,1,1,1,1,1,0,0,1,FALSE,3.02470309474872e-16,"c01100",9.3278226404807e-15,"P",-0.00492777963505304,"P=0","11101",30,7.15672739270545e-05
"2864",0,1,1,1,1,1,0,0,1,FALSE,3.02470309474872e-16,"c01100",9.3278226404807e-15,"Pu",-0.00213127795830587,"Pu=1","11101",30,7.35969009498541e-05
"2865",0,1,1,1,1,1,0,0,1,FALSE,3.02470309474872e-16,"c01100",9.3278226404807e-15,"K",-0.0435129924035321,"K=1","11101",30,4.86565178389033e-05
"2866",0,1,1,1,1,1,0,0,1,FALSE,3.02470309474872e-16,"c01100",9.3278226404807e-15,"Ku",-0.0405690369920064,"Ku=1","11101",30,5.0110237465844e-05
"2867",0,1,1,1,1,1,0,0,1,FALSE,3.02470309474872e-16,"c01100",9.3278226404807e-15,"C",0,"C=1","11101",30,7.51822899902921e-05
"2868",0,1,1,1,1,1,0,0,1,FALSE,3.02470309474872e-16,"c01100",9.3278226404807e-15,"Cu",0.949508430364501,"Cu=1","11101",30,0.999489573764345
"2869",0,1,1,1,1,1,0,0,1,FALSE,3.02470309474872e-16,"c01100",9.3278226404807e-15,"S",0,"S=0","11101",30,7.51822899902921e-05
"2870",0,1,1,1,1,1,0,0,1,FALSE,3.02470309474872e-16,"c01100",9.3278226404807e-15,"Su",-0.00277535015789434,"Su=0","11101",30,7.31244070055146e-05
"2871",0,1,1,1,1,1,0,0,1,FALSE,3.02470309474872e-16,"c01100",9.3278226404807e-15,"br",-0.0558568651305379,"br=1","11101",30,4.30063184874111e-05
"2872",1,1,1,1,1,1,0,0,1,FALSE,3.02470309474872e-16,"c11100",9.3278226404807e-15,"P",0.00295144150792139,"P=1","11101",30,7.72258706942271e-05
"2873",1,1,1,1,1,1,0,0,1,FALSE,3.02470309474872e-16,"c11100",9.3278226404807e-15,"Pu",0.000379027940612262,"Pu=1","11101",30,7.52646356074168e-05
"2874",1,1,1,1,1,1,0,0,1,FALSE,3.02470309474872e-16,"c11100",9.3278226404807e-15,"K",-0.0439271658606859,"K=1","11101",30,4.83249717169366e-05
"2875",1,1,1,1,1,1,0,0,1,FALSE,3.02470309474872e-16,"c11100",9.3278226404807e-15,"Ku",-0.0426611550893357,"Ku=1","11101",30,4.89406601818289e-05
"2876",1,1,1,1,1,1,0,0,1,FALSE,3.02470309474872e-16,"c11100",9.3278226404807e-15,"C",0,"C=1","11101",30,7.49799015607406e-05
"2877",1,1,1,1,1,1,0,0,1,FALSE,3.02470309474872e-16,"c11100",9.3278226404807e-15,"Cu",0.94977712896991,"Cu=1","11101",30,0.99948096491351
"2878",1,1,1,1,1,1,0,0,1,FALSE,3.02470309474872e-16,"c11100",9.3278226404807e-15,"S",0,"S=0","11101",30,7.49799015607406e-05
"2879",1,1,1,1,1,1,0,0,1,FALSE,3.02470309474872e-16,"c11100",9.3278226404807e-15,"Su",0.00251943517149832,"Su=0","11101",30,7.68929696340499e-05
"2880",1,1,1,1,1,1,0,0,1,FALSE,3.02470309474872e-16,"c11100",9.3278226404807e-15,"br",-0.056945457916538,"br=1","11101",30,4.2426175534451e-05
"2881",0,0,0,0,0,0,1,0,1,TRUE,1.51807246391967e-14,"c00011",3.41453050347705e-08,"P",0.0029489794161771,"P=0","00001",2,0.000166521064640368
"2882",0,0,0,0,0,0,1,0,1,TRUE,1.51807246391967e-14,"c00011",3.41453050347705e-08,"Pu",0.000441542106186838,"Pu=0","00001",2,0.000162397566445678
"2883",0,0,0,0,0,0,1,0,1,TRUE,1.51807246391967e-14,"c00011",3.41453050347705e-08,"K",-0.0327246357508363,"K=0","00001",2,0.000116557610802984
"2884",0,0,0,0,0,0,1,0,1,TRUE,1.51807246391967e-14,"c00011",3.41453050347705e-08,"Ku",-0.0330899848500034,"Ku=0","00001",2,0.000116132545580699
"2885",0,0,0,0,0,0,1,0,1,TRUE,1.51807246391967e-14,"c00011",3.41453050347705e-08,"C",0.097543051298988,"C=0","00001",2,0.000428830842483257
"2886",0,0,0,0,0,0,1,0,1,TRUE,1.51807246391967e-14,"c00011",3.41453050347705e-08,"Cu",0.150450617423037,"Cu=0","00001",2,0.000727881453139883
"2887",0,0,0,0,0,0,1,0,1,TRUE,1.51807246391967e-14,"c00011",3.41453050347705e-08,"S",-0.0298202133152079,"S=1","00001",2,0.000119992577711021
"2888",0,0,0,0,0,0,1,0,1,TRUE,1.51807246391967e-14,"c00011",3.41453050347705e-08,"Su",0.21002022932735,"Su=0","00001",2,0.00132059056715436
"2889",0,0,0,0,0,0,1,0,1,TRUE,1.51807246391967e-14,"c00011",3.41453050347705e-08,"br",0.872671463225314,"br=1","00001",2,0.996841095772042
"2890",1,0,0,0,0,0,1,0,1,TRUE,1.51807246391967e-14,"c10011",3.41453050347705e-08,"P",-0.00264741377096489,"P=1","00001",2,0.000156893690205171
"2891",1,0,0,0,0,0,1,0,1,TRUE,1.51807246391967e-14,"c10011",3.41453050347705e-08,"Pu",0.00328816558872273,"Pu=0","00001",2,0.000166488166885193
"2892",1,0,0,0,0,0,1,0,1,TRUE,1.51807246391967e-14,"c10011",3.41453050347705e-08,"K",-0.0323007382806492,"K=0","00001",2,0.000116633343566401
"2893",1,0,0,0,0,0,1,0,1,TRUE,1.51807246391967e-14,"c10011",3.41453050347705e-08,"Ku",-0.0317461774812399,"Ku=0","00001",2,0.000117281943146129
"2894",1,0,0,0,0,0,1,0,1,TRUE,1.51807246391967e-14,"c10011",3.41453050347705e-08,"C",0.094812103574188,"C=0","00001",2,0.000415783052988955
"2895",1,0,0,0,0,0,1,0,1,TRUE,1.51807246391967e-14,"c10011",3.41453050347705e-08,"Cu",0.151596355316501,"Cu=0","00001",2,0.000733630968456593
"2896",1,0,0,0,0,0,1,0,1,TRUE,1.51807246391967e-14,"c10011",3.41453050347705e-08,"S",-0.0263098202415675,"S=1","00001",2,0.000123834299651168
"2897",1,0,0,0,0,0,1,0,1,TRUE,1.51807246391967e-14,"c10011",3.41453050347705e-08,"Su",0.206896586286034,"Su=0","00001",2,0.00127539146789368
"2898",1,0,0,0,0,0,1,0,1,TRUE,1.51807246391967e-14,"c10011",3.41453050347705e-08,"br",0.873035720634945,"br=1","00001",2,0.996894063067207
"2899",0,1,0,0,0,0,1,0,1,TRUE,2.30668105124129e-07,"c00011",0.518831149266711,"P",0.00395573897643551,"P=0","10001",18,0.000165366693488441
"2900",0,1,0,0,0,0,1,0,1,TRUE,2.30668105124129e-07,"c00011",0.518831149266711,"Pu",0.00106256017743625,"Pu=1","10001",18,0.000160650886675228
"2901",0,1,0,0,0,0,1,0,1,TRUE,2.30668105124129e-07,"c00011",0.518831149266711,"K",-0.0299524318908061,"K=0","10001",18,0.000117811240181113
"2902",0,1,0,0,0,0,1,0,1,TRUE,2.30668105124129e-07,"c00011",0.518831149266711,"Ku",-0.0322035775568648,"Ku=0","10001",18,0.000115188766156207
"2903",0,1,0,0,0,0,1,0,1,TRUE,2.30668105124129e-07,"c00011",0.518831149266711,"C",0.0941123769878929,"C=0","10001",18,0.000407374036881702
"2904",0,1,0,0,0,0,1,0,1,TRUE,2.30668105124129e-07,"c00011",0.518831149266711,"Cu",0.150514031725185,"Cu=0","10001",18,0.000716048799469743
"2905",0,1,0,0,0,0,1,0,1,TRUE,2.30668105124129e-07,"c00011",0.518831149266711,"S",-0.0341074666445812,"S=1","10001",18,0.000113016444720545
"2906",0,1,0,0,0,0,1,0,1,TRUE,2.30668105124129e-07,"c00011",0.518831149266711,"Su",0.208662120113484,"Su=0","10001",18,0.00128078596573988
"2907",0,1,0,0,0,0,1,0,1,TRUE,2.30668105124129e-07,"c00011",0.518831149266711,"br",0.874382157069946,"br=1","10001",18,0.996923757166687
"2908",1,1,0,0,0,0,1,0,1,TRUE,2.30668105124129e-07,"c10011",0.518831149266711,"P",-0.000516187372542349,"P=1","10001",18,0.000158755865354494
"2909",1,1,0,0,0,0,1,0,1,TRUE,2.30668105124129e-07,"c10011",0.518831149266711,"Pu",-0.00121078247419192,"Pu=1","10001",18,0.000157656975725033
"2910",1,1,0,0,0,0,1,0,1,TRUE,2.30668105124129e-07,"c10011",0.518831149266711,"K",-0.0353237423752784,"K=0","10001",18,0.000112088869482195
"2911",1,1,0,0,0,0,1,0,1,TRUE,2.30668105124129e-07,"c10011",0.518831149266711,"Ku",-0.0271541332727823,"Ku=0","10001",18,0.000121630544365095
"2912",1,1,0,0,0,0,1,0,1,TRUE,2.30668105124129e-07,"c10011",0.518831149266711,"C",0.0948983216489062,"C=0","10001",18,0.000412201651261389
"2913",1,1,0,0,0,0,1,0,1,TRUE,2.30668105124129e-07,"c10011",0.518831149266711,"Cu",0.154480573736484,"Cu=0","10001",18,0.000747949300274397
"2914",1,1,0,0,0,0,1,0,1,TRUE,2.30668105124129e-07,"c10011",0.518831149266711,"S",-0.0324357910583741,"S=1","10001",18,0.000115373137230728
"2915",1,1,0,0,0,0,1,0,1,TRUE,2.30668105124129e-07,"c10011",0.518831149266711,"Su",0.202366582713626,"Su=0","10001",18,0.00120736464628148
"2916",1,1,0,0,0,0,1,0,1,TRUE,2.30668105124129e-07,"c10011",0.518831149266711,"br",0.873994347011384,"br=1","10001",18,0.996966979010025
"2917",0,0,1,0,0,0,1,0,1,TRUE,1.51807246391967e-14,"c01011",5.9122461424182e-13,"P",0.00422314929769607,"P=0","00001",2,0.000354677266671407
"2918",0,0,1,0,0,0,1,0,1,TRUE,1.51807246391967e-14,"c01011",5.9122461424182e-13,"Pu",0.00459204604991486,"Pu=0","00001",2,0.000355988075868785
"2919",0,0,1,0,0,0,1,0,1,TRUE,1.51807246391967e-14,"c01011",5.9122461424182e-13,"K",0.0318271141694178,"K=1","00001",2,0.000467429210903159
"2920",0,0,1,0,0,0,1,0,1,TRUE,1.51807246391967e-14,"c01011",5.9122461424182e-13,"Ku",-0.180269568115384,"Ku=0","00001",2,5.60520707701508e-05
"2921",0,0,1,0,0,0,1,0,1,TRUE,1.51807246391967e-14,"c01011",5.9122461424182e-13,"C",0.0998732922381452,"C=0","00001",2,0.000923074270263042
"2922",0,0,1,0,0,0,1,0,1,TRUE,1.51807246391967e-14,"c01011",5.9122461424182e-13,"Cu",0.163464615362651,"Cu=0","00001",2,0.00174345303519218
"2923",0,0,1,0,0,0,1,0,1,TRUE,1.51807246391967e-14,"c01011",5.9122461424182e-13,"S",-0.0321817882806674,"S=1","00001",2,0.000246449940626075
"2924",0,0,1,0,0,0,1,0,1,TRUE,1.51807246391967e-14,"c01011",5.9122461424182e-13,"Su",0.219524378536748,"Su=0","00001",2,0.00305403993018173
"2925",0,0,1,0,0,0,1,0,1,TRUE,1.51807246391967e-14,"c01011",5.9122461424182e-13,"br",0.797930656558992,"br=1","00001",2,0.992798836199524
"2926",1,0,1,0,0,0,1,0,1,TRUE,1.51807246391967e-14,"c11011",5.9122461424182e-13,"P",-0.00101352887847538,"P=1","00001",2,0.000326702733513441
"2927",1,0,1,0,0,0,1,0,1,TRUE,1.51807246391967e-14,"c11011",5.9122461424182e-13,"Pu",0.00103107187553846,"Pu=0","00001",2,0.000333451255134289
"2928",1,0,1,0,0,0,1,0,1,TRUE,1.51807246391967e-14,"c11011",5.9122461424182e-13,"K",0.0322075520332953,"K=1","00001",2,0.000455438865997444
"2929",1,0,1,0,0,0,1,0,1,TRUE,1.51807246391967e-14,"c11011",5.9122461424182e-13,"Ku",-0.178236692104673,"Ku=0","00001",2,5.552420508614e-05
"2930",1,0,1,0,0,0,1,0,1,TRUE,1.51807246391967e-14,"c11011",5.9122461424182e-13,"C",0.10448053050084,"C=0","00001",2,0.000938226395235371
"2931",1,0,1,0,0,0,1,0,1,TRUE,1.51807246391967e-14,"c11011",5.9122461424182e-13,"Cu",0.163044231106734,"Cu=0","00001",2,0.00168518105064555
"2932",1,0,1,0,0,0,1,0,1,TRUE,1.51807246391967e-14,"c11011",5.9122461424182e-13,"S",-0.031252167367701,"S=1","00001",2,0.000241450455955751
"2933",1,0,1,0,0,0,1,0,1,TRUE,1.51807246391967e-14,"c11011",5.9122461424182e-13,"Su",0.207083257426908,"Su=0","00001",2,0.00261761414099903
"2934",1,0,1,0,0,0,1,0,1,TRUE,1.51807246391967e-14,"c11011",5.9122461424182e-13,"br",0.800964876065852,"br=1","00001",2,0.993346410897433
"2935",0,1,1,0,0,0,1,0,1,TRUE,2.30668105124129e-07,"c01011",8.98354095151556e-06,"P",0.0038923314839176,"P=0","10001",18,0.000367674098034589
"2936",0,1,1,0,0,0,1,0,1,TRUE,2.30668105124129e-07,"c01011",8.98354095151556e-06,"Pu",0.0012800857283799,"Pu=1","10001",18,0.000358193909019077
"2937",0,1,1,0,0,0,1,0,1,TRUE,2.30668105124129e-07,"c01011",8.98354095151556e-06,"K",0.0311685163636775,"K=1","10001",18,0.000482972053350923
"2938",0,1,1,0,0,0,1,0,1,TRUE,2.30668105124129e-07,"c01011",8.98354095151556e-06,"Ku",-0.178132756092965,"Ku=0","10001",18,5.95577283676998e-05
"2939",0,1,1,0,0,0,1,0,1,TRUE,2.30668105124129e-07,"c01011",8.98354095151556e-06,"C",0.106257190176893,"C=0","10001",18,0.00102335889410468
"2940",0,1,1,0,0,0,1,0,1,TRUE,2.30668105124129e-07,"c01011",8.98354095151556e-06,"Cu",0.164116444556418,"Cu=0","10001",18,0.00182518763302632
"2941",0,1,1,0,0,0,1,0,1,TRUE,2.30668105124129e-07,"c01011",8.98354095151556e-06,"S",-0.0341138920997488,"S=1","10001",18,0.000251422478837562
"2942",0,1,1,0,0,0,1,0,1,TRUE,2.30668105124129e-07,"c01011",8.98354095151556e-06,"Su",0.221988004555572,"Su=0","10001",18,0.00325567098551019
"2943",0,1,1,0,0,0,1,0,1,TRUE,2.30668105124129e-07,"c01011",8.98354095151556e-06,"br",0.793958368085528,"br=1","10001",18,0.992375962219749
"2944",1,1,1,0,0,0,1,0,1,TRUE,2.30668105124129e-07,"c11011",8.98354095151556e-06,"P",0.00418820859993202,"P=1","10001",18,0.000347171570862961
"2945",1,1,1,0,0,0,1,0,1,TRUE,2.30668105124129e-07,"c11011",8.98354095151556e-06,"Pu",-0.00296395966372812,"Pu=1","10001",18,0.000323208432073222
"2946",1,1,1,0,0,0,1,0,1,TRUE,2.30668105124129e-07,"c11011",8.98354095151556e-06,"K",0.0285630974409625,"K=1","10001",18,0.000442999209973932
"2947",1,1,1,0,0,0,1,0,1,TRUE,2.30668105124129e-07,"c11011",8.98354095151556e-06,"Ku",-0.182537434676058,"Ku=0","10001",18,5.3654356365976e-05
"2948",1,1,1,0,0,0,1,0,1,TRUE,2.30668105124129e-07,"c11011",8.98354095151556e-06,"C",0.100379418382587,"C=0","10001",18,0.000908442137905083
"2949",1,1,1,0,0,0,1,0,1,TRUE,2.30668105124129e-07,"c11011",8.98354095151556e-06,"Cu",0.164304211307886,"Cu=0","10001",18,0.00172154793166813
"2950",1,1,1,0,0,0,1,0,1,TRUE,2.30668105124129e-07,"c11011",8.98354095151556e-06,"S",-0.0353435892754273,"S=1","10001",18,0.000233808199623671
"2951",1,1,1,0,0,0,1,0,1,TRUE,2.30668105124129e-07,"c11011",8.98354095151556e-06,"Su",0.215564385190397,"Su=0","10001",18,0.00287434719311211
"2952",1,1,1,0,0,0,1,0,1,TRUE,2.30668105124129e-07,"c11011",8.98354095151556e-06,"br",0.80006444155833,"br=1","10001",18,0.993094820968415
"2953",0,0,0,1,0,0,1,0,1,TRUE,1.40787437641839e-14,"c00011",3.16666701860333e-08,"P",0.0103475441072365,"P=0","01001",10,0.000370134712655146
"2954",0,0,0,1,0,0,1,0,1,TRUE,1.40787437641839e-14,"c00011",3.16666701860333e-08,"Pu",0.00208592560960538,"Pu=0","01001",10,0.000340784680600451
"2955",0,0,0,1,0,0,1,0,1,TRUE,1.40787437641839e-14,"c00011",3.16666701860333e-08,"K",-0.180758553340259,"K=0","01001",10,5.47515704966988e-05
"2956",0,0,0,1,0,0,1,0,1,TRUE,1.40787437641839e-14,"c00011",3.16666701860333e-08,"Ku",0.0336794859588588,"Ku=1","01001",10,0.000467400478637869
"2957",0,0,0,1,0,0,1,0,1,TRUE,1.40787437641839e-14,"c00011",3.16666701860333e-08,"C",0.101322975994031,"C=0","01001",10,0.000919308122630186
"2958",0,0,0,1,0,0,1,0,1,TRUE,1.40787437641839e-14,"c00011",3.16666701860333e-08,"Cu",0.158493142699051,"Cu=0","01001",10,0.00162835081804838
"2959",0,0,0,1,0,0,1,0,1,TRUE,1.40787437641839e-14,"c00011",3.16666701860333e-08,"S",-0.0253303510453453,"S=1","01001",10,0.000259067352487088
"2960",0,0,0,1,0,0,1,0,1,TRUE,1.40787437641839e-14,"c00011",3.16666701860333e-08,"Su",0.21766687016906,"Su=0","01001",10,0.0029426337370605
"2961",0,0,0,1,0,0,1,0,1,TRUE,1.40787437641839e-14,"c00011",3.16666701860333e-08,"br",0.799811204868579,"br=1","01001",10,0.993017568527384
"2962",1,0,0,1,0,0,1,0,1,TRUE,1.40787437641839e-14,"c10011",3.16666701860333e-08,"P",-0.00545794311608339,"P=1","01001",10,0.000325662203431784
"2963",1,0,0,1,0,0,1,0,1,TRUE,1.40787437641839e-14,"c10011",3.16666701860333e-08,"Pu",0.00544684219510577,"Pu=0","01001",10,0.000363183607246334
"2964",1,0,0,1,0,0,1,0,1,TRUE,1.40787437641839e-14,"c10011",3.16666701860333e-08,"K",-0.182759831941249,"K=0","01001",10,5.530380817666e-05
"2965",1,0,0,1,0,0,1,0,1,TRUE,1.40787437641839e-14,"c10011",3.16666701860333e-08,"Ku",0.0334911364140732,"Ku=1","01001",10,0.000480751956269804
"2966",1,0,0,1,0,0,1,0,1,TRUE,1.40787437641839e-14,"c10011",3.16666701860333e-08,"C",0.103494242821443,"C=0","01001",10,0.000968145627640058
"2967",1,0,0,1,0,0,1,0,1,TRUE,1.40787437641839e-14,"c10011",3.16666701860333e-08,"Cu",0.167628439944439,"Cu=0","01001",10,0.00183853527789362
"2968",1,0,0,1,0,0,1,0,1,TRUE,1.40787437641839e-14,"c10011",3.16666701860333e-08,"S",-0.0325666593658989,"S=1","01001",10,0.000248333722261732
"2969",1,0,0,1,0,0,1,0,1,TRUE,1.40787437641839e-14,"c10011",3.16666701860333e-08,"Su",0.219666906201984,"Su=0","01001",10,0.00309365695756916
"2970",1,0,0,1,0,0,1,0,1,TRUE,1.40787437641839e-14,"c10011",3.16666701860333e-08,"br",0.796766957611328,"br=1","01001",10,0.992626426839511
"2971",0,1,0,1,0,0,1,0,1,TRUE,2.13923723919432e-07,"c00011",0.481168783507397,"P",0.00478317916346427,"P=0","11001",26,0.000365241532295026
"2972",0,1,0,1,0,0,1,0,1,TRUE,2.13923723919432e-07,"c00011",0.481168783507397,"Pu",0.0040921432452826,"Pu=1","11001",26,0.000362726282766818
"2973",0,1,0,1,0,0,1,0,1,TRUE,2.13923723919432e-07,"c00011",0.481168783507397,"K",-0.181499320120601,"K=0","11001",26,5.66977129651575e-05
"2974",0,1,0,1,0,0,1,0,1,TRUE,2.13923723919432e-07,"c00011",0.481168783507397,"Ku",0.0256035235750439,"Ku=1","11001",26,0.000449781680756697
"2975",0,1,0,1,0,0,1,0,1,TRUE,2.13923723919432e-07,"c00011",0.481168783507397,"C",0.102739142488948,"C=0","11001",26,0.000972741623140614
"2976",0,1,0,1,0,0,1,0,1,TRUE,2.13923723919432e-07,"c00011",0.481168783507397,"Cu",0.166630019275687,"Cu=0","11001",26,0.00184277389712523
"2977",0,1,0,1,0,0,1,0,1,TRUE,2.13923723919432e-07,"c00011",0.481168783507397,"S",-0.0354174189050039,"S=1","11001",26,0.000244338091318362
"2978",0,1,0,1,0,0,1,0,1,TRUE,2.13923723919432e-07,"c00011",0.481168783507397,"Su",0.214962281113781,"Su=0","11001",26,0.00298797113695521
"2979",0,1,0,1,0,0,1,0,1,TRUE,2.13923723919432e-07,"c00011",0.481168783507397,"br",0.795547456541272,"br=1","11001",26,0.992717728042677
"2980",1,1,0,1,0,0,1,0,1,TRUE,2.13923723919432e-07,"c10011",0.481168783507397,"P",0.00172058241781037,"P=1","11001",26,0.000350696983792932
"2981",1,1,0,1,0,0,1,0,1,TRUE,2.13923723919432e-07,"c10011",0.481168783507397,"Pu",-0.00617457677835038,"Pu=1","11001",26,0.000324073701799638
"2982",1,1,0,1,0,0,1,0,1,TRUE,2.13923723919432e-07,"c10011",0.481168783507397,"K",-0.176324420799959,"K=0","11001",26,5.91142802841605e-05
"2983",1,1,0,1,0,0,1,0,1,TRUE,2.13923723919432e-07,"c10011",0.481168783507397,"Ku",0.0321638051855328,"Ku=1","11001",26,0.000475494247562998
"2984",1,1,0,1,0,0,1,0,1,TRUE,2.13923723919432e-07,"c10011",0.481168783507397,"C",0.101883413883604,"C=0","11001",26,0.000954846764164203
"2985",1,1,0,1,0,0,1,0,1,TRUE,2.13923723919432e-07,"c10011",0.481168783507397,"Cu",0.15973847364168,"Cu=0","11001",26,0.00170292300596295
"2986",1,1,0,1,0,0,1,0,1,TRUE,2.13923723919432e-07,"c10011",0.481168783507397,"S",-0.0302528766560812,"S=1","11001",26,0.000254725874721158
"2987",1,1,0,1,0,0,1,0,1,TRUE,2.13923723919432e-07,"c10011",0.481168783507397,"Su",0.220743256064405,"Su=0","11001",26,0.0031342628599969
"2988",1,1,0,1,0,0,1,0,1,TRUE,2.13923723919432e-07,"c10011",0.481168783507397,"br",0.796551123403504,"br=1","11001",26,0.992743862281715
"2989",0,0,1,1,0,0,1,0,1,TRUE,1.40787437641839e-14,"c01011",5.48307149284376e-13,"P",-0.00703439943486501,"P=0","01001",10,0.00860574216764515
"2990",0,0,1,1,0,0,1,0,1,TRUE,1.40787437641839e-14,"c01011",5.48307149284376e-13,"Pu",0.00234735219231763,"Pu=0","01001",10,0.00945219689959718
"2991",0,0,1,1,0,0,1,0,1,TRUE,1.40787437641839e-14,"c01011",5.48307149284376e-13,"K",0.232965676133951,"K=1","01001",10,0.0948626854868585
"2992",0,0,1,1,0,0,1,0,1,TRUE,1.40787437641839e-14,"c01011",5.48307149284376e-13,"Ku",0.242973343362867,"Ku=1","01001",10,0.104847519801817
"2993",0,0,1,1,0,0,1,0,1,TRUE,1.40787437641839e-14,"c01011",5.48307149284376e-13,"C",0.157416997026862,"C=0","01001",10,0.0445647701074891
"2994",0,0,1,1,0,0,1,0,1,TRUE,1.40787437641839e-14,"c01011",5.48307149284376e-13,"Cu",0.261288553976782,"Cu=0","01001",10,0.125921564415956
"2995",0,0,1,1,0,0,1,0,1,TRUE,1.40787437641839e-14,"c01011",5.48307149284376e-13,"S",-0.0498878945241719,"S=1","01001",10,0.00560632106889285
"2996",0,0,1,1,0,0,1,0,1,TRUE,1.40787437641839e-14,"c01011",5.48307149284376e-13,"Su",0.361483711919784,"Su=0","01001",10,0.342958959330631
"2997",0,0,1,1,0,0,1,0,1,TRUE,1.40787437641839e-14,"c01011",5.48307149284376e-13,"br",0.335006545467305,"br=1","01001",10,0.263180240721114
"2998",1,0,1,1,0,0,1,0,1,TRUE,1.40787437641839e-14,"c11011",5.48307149284376e-13,"P",0.000326025247788225,"P=1","01001",10,0.0092360146545254
"2999",1,0,1,1,0,0,1,0,1,TRUE,1.40787437641839e-14,"c11011",5.48307149284376e-13,"Pu",0.0021370437011217,"Pu=0","01001",10,0.00940480437752474
"3000",1,0,1,1,0,0,1,0,1,TRUE,1.40787437641839e-14,"c11011",5.48307149284376e-13,"K",0.240346582702454,"K=1","01001",10,0.101831150331999
"3001",1,0,1,1,0,0,1,0,1,TRUE,1.40787437641839e-14,"c11011",5.48307149284376e-13,"Ku",0.236963336858493,"Ku=1","01001",10,0.0984435802048193
"3002",1,0,1,1,0,0,1,0,1,TRUE,1.40787437641839e-14,"c11011",5.48307149284376e-13,"C",0.153552387334368,"C=0","01001",10,0.0427502096314867
"3003",1,0,1,1,0,0,1,0,1,TRUE,1.40787437641839e-14,"c11011",5.48307149284376e-13,"Cu",0.259084606841588,"Cu=0","01001",10,0.122817104577464
"3004",1,0,1,1,0,0,1,0,1,TRUE,1.40787437641839e-14,"c11011",5.48307149284376e-13,"S",-0.0473070545014195,"S=1","01001",10,0.00573610082471521
"3005",1,0,1,1,0,0,1,0,1,TRUE,1.40787437641839e-14,"c11011",5.48307149284376e-13,"Su",0.362529374509585,"Su=0","01001",10,0.345552287633585
"3006",1,0,1,1,0,0,1,0,1,TRUE,1.40787437641839e-14,"c11011",5.48307149284376e-13,"br",0.335696497109392,"br=1","01001",10,0.264228747763881
"3007",0,1,1,1,0,0,1,0,1,TRUE,2.13923723919432e-07,"c01011",8.33141856910282e-06,"P",0.00323503541905606,"P=0","11001",26,0.0101223952303383
"3008",0,1,1,1,0,0,1,0,1,TRUE,2.13923723919432e-07,"c01011",8.33141856910282e-06,"Pu",0.00254855645529436,"Pu=1","11001",26,0.0100531450822555
"3009",0,1,1,1,0,0,1,0,1,TRUE,2.13923723919432e-07,"c01011",8.33141856910282e-06,"K",0.236240398102947,"K=1","11001",26,0.104042965697534
"3010",0,1,1,1,0,0,1,0,1,TRUE,2.13923723919432e-07,"c01011",8.33141856910282e-06,"Ku",0.23497335153537,"Ku=1","11001",26,0.102733009275859
"3011",0,1,1,1,0,0,1,0,1,TRUE,2.13923723919432e-07,"c01011",8.33141856910282e-06,"C",0.161743989189484,"C=0","11001",26,0.0493945382528554
"3012",0,1,1,1,0,0,1,0,1,TRUE,2.13923723919432e-07,"c01011",8.33141856910282e-06,"Cu",0.262481629569198,"Cu=0","11001",26,0.135262354633167
"3013",0,1,1,1,0,0,1,0,1,TRUE,2.13923723919432e-07,"c01011",8.33141856910282e-06,"S",-0.0517410502546899,"S=1","11001",26,0.00584151079966761
"3014",0,1,1,1,0,0,1,0,1,TRUE,2.13923723919432e-07,"c01011",8.33141856910282e-06,"Su",0.348201255094166,"Su=0","11001",26,0.318751727302187
"3015",0,1,1,1,0,0,1,0,1,TRUE,2.13923723919432e-07,"c01011",8.33141856910282e-06,"br",0.32927850351466,"br=1","11001",26,0.263798353726136
"3016",1,1,1,1,0,0,1,0,1,TRUE,2.13923723919432e-07,"c11011",8.33141856910282e-06,"P",-0.00137179552667266,"P=1","11001",26,0.00964432721434978
"3017",1,1,1,1,0,0,1,0,1,TRUE,2.13923723919432e-07,"c11011",8.33141856910282e-06,"Pu",0.00262422534443686,"Pu=1","11001",26,0.010037520260717
"3018",1,1,1,1,0,0,1,0,1,TRUE,2.13923723919432e-07,"c11011",8.33141856910282e-06,"K",0.229184930928934,"K=1","11001",26,0.0967313118054072
"3019",1,1,1,1,0,0,1,0,1,TRUE,2.13923723919432e-07,"c11011",8.33141856910282e-06,"Ku",0.241437860807247,"Ku=1","11001",26,0.109340454738833
"3020",1,1,1,1,0,0,1,0,1,TRUE,2.13923723919432e-07,"c11011",8.33141856910282e-06,"C",0.163926425272062,"C=0","11001",26,0.0503678007574032
"3021",1,1,1,1,0,0,1,0,1,TRUE,2.13923723919432e-07,"c11011",8.33141856910282e-06,"Cu",0.266738551809568,"Cu=0","11001",26,0.140818716196873
"3022",1,1,1,1,0,0,1,0,1,TRUE,2.13923723919432e-07,"c11011",8.33141856910282e-06,"S",-0.0486971875831589,"S=1","11001",26,0.0060081445183826
"3023",1,1,1,1,0,0,1,0,1,TRUE,2.13923723919432e-07,"c11011",8.33141856910282e-06,"Su",0.342314891720599,"Su=0","11001",26,0.29983633072587
"3024",1,1,1,1,0,0,1,0,1,TRUE,2.13923723919432e-07,"c11011",8.33141856910282e-06,"br",0.334470695456974,"br=1","11001",26,0.277215393782164
"3025",0,0,0,0,1,0,1,0,1,TRUE,1.51807246391967e-14,"c00111",3.41453050830491e-08,"P",0.00222663709376934,"P=0","00001",2,0.000493273621845562
"3026",0,0,0,0,1,0,1,0,1,TRUE,1.51807246391967e-14,"c00111",3.41453050830491e-08,"Pu",-0.000477237264142727,"Pu=0","00001",2,0.000480114823243815
"3027",0,0,0,0,1,0,1,0,1,TRUE,1.51807246391967e-14,"c00111",3.41453050830491e-08,"K",-0.0241812807184283,"K=0","00001",2,0.000378791096233014
"3028",0,0,0,0,1,0,1,0,1,TRUE,1.51807246391967e-14,"c00111",3.41453050830491e-08,"Ku",-0.0256927798129788,"Ku=0","00001",2,0.000373108724922532
"3029",0,0,0,0,1,0,1,0,1,TRUE,1.51807246391967e-14,"c00111",3.41453050830491e-08,"C",0,"C=1","00001",2,0.000482411586236275
"3030",0,0,0,0,1,0,1,0,1,TRUE,1.51807246391967e-14,"c00111",3.41453050830491e-08,"Cu",0.485293636256102,"Cu=0","00001",2,0.061804658792
"3031",0,0,0,0,1,0,1,0,1,TRUE,1.51807246391967e-14,"c00111",3.41453050830491e-08,"S",-0.028334859133818,"S=1","00001",2,0.000363379982926519
"3032",0,0,0,0,1,0,1,0,1,TRUE,1.51807246391967e-14,"c00111",3.41453050830491e-08,"Su",0.172245623750835,"Su=0","00001",2,0.00270066657333459
"3033",0,0,0,0,1,0,1,0,1,TRUE,1.51807246391967e-14,"c00111",3.41453050830491e-08,"br",0.756728092148666,"br=1","00001",2,0.932923594799258
"3034",1,0,0,0,1,0,1,0,1,TRUE,1.51807246391967e-14,"c10111",3.41453050830491e-08,"P",0.00327797244910953,"P=1","00001",2,0.000502139079125568
"3035",1,0,0,0,1,0,1,0,1,TRUE,1.51807246391967e-14,"c10111",3.41453050830491e-08,"Pu",-0.00111808632722072,"Pu=0","00001",2,0.000480542917869091
"3036",1,0,0,0,1,0,1,0,1,TRUE,1.51807246391967e-14,"c10111",3.41453050830491e-08,"K",-0.024975334119743,"K=0","00001",2,0.000378548448377282
"3037",1,0,0,0,1,0,1,0,1,TRUE,1.51807246391967e-14,"c10111",3.41453050830491e-08,"Ku",-0.0279575183891028,"Ku=0","00001",2,0.000367426104773869
"3038",1,0,0,0,1,0,1,0,1,TRUE,1.51807246391967e-14,"c10111",3.41453050830491e-08,"C",0,"C=1","00001",2,0.00048594595153379
"3039",1,0,0,0,1,0,1,0,1,TRUE,1.51807246391967e-14,"c10111",3.41453050830491e-08,"Cu",0.487964510087577,"Cu=0","00001",2,0.0639426909806184
"3040",1,0,0,0,1,0,1,0,1,TRUE,1.51807246391967e-14,"c10111",3.41453050830491e-08,"S",-0.0220698448940314,"S=1","00001",2,0.000389708474350632
"3041",1,0,0,0,1,0,1,0,1,TRUE,1.51807246391967e-14,"c10111",3.41453050830491e-08,"Su",0.170229620123565,"Su=0","00001",2,0.00266615758492501
"3042",1,0,0,0,1,0,1,0,1,TRUE,1.51807246391967e-14,"c10111",3.41453050830491e-08,"br",0.755768816554696,"br=1","00001",2,0.930786840458426
"3043",0,1,0,0,1,0,1,0,1,TRUE,2.30668105124129e-07,"c00111",0.518831150000295,"P",0.000445510042643048,"P=0","10001",18,0.000481828940396272
"3044",0,1,0,0,1,0,1,0,1,TRUE,2.30668105124129e-07,"c00111",0.518831150000295,"Pu",0.00481652669906807,"Pu=1","10001",18,0.000503356830005361
"3045",0,1,0,0,1,0,1,0,1,TRUE,2.30668105124129e-07,"c00111",0.518831150000295,"K",-0.0270041489426853,"K=0","10001",18,0.000366168117644157
"3046",0,1,0,0,1,0,1,0,1,TRUE,2.30668105124129e-07,"c00111",0.518831150000295,"Ku",-0.0327845085399427,"Ku=0","10001",18,0.000345602396005113
"3047",0,1,0,0,1,0,1,0,1,TRUE,2.30668105124129e-07,"c00111",0.518831150000295,"C",0,"C=1","10001",18,0.000479687118636522
"3048",0,1,0,0,1,0,1,0,1,TRUE,2.30668105124129e-07,"c00111",0.518831150000295,"Cu",0.489048603612099,"Cu=0","10001",18,0.0638071218797044
"3049",0,1,0,0,1,0,1,0,1,TRUE,2.30668105124129e-07,"c00111",0.518831150000295,"S",-0.0292745998176792,"S=1","10001",18,0.000357948119039071
"3050",0,1,0,0,1,0,1,0,1,TRUE,2.30668105124129e-07,"c00111",0.518831150000295,"Su",0.17096496780584,"Su=0","10001",18,0.00265124264907481
"3051",0,1,0,0,1,0,1,0,1,TRUE,2.30668105124129e-07,"c00111",0.518831150000295,"br",0.757088806704388,"br=1","10001",18,0.931007043949494
"3052",1,1,0,0,1,0,1,0,1,TRUE,2.30668105124129e-07,"c10111",0.518831150000295,"P",0.00617501771426322,"P=1","10001",18,0.00051961398903228
"3053",1,1,0,0,1,0,1,0,1,TRUE,2.30668105124129e-07,"c10111",0.518831150000295,"Pu",0.00274785491027536,"Pu=1","10001",18,0.000502107670162494
"3054",1,1,0,0,1,0,1,0,1,TRUE,2.30668105124129e-07,"c10111",0.518831150000295,"K",-0.0218486301331245,"K=0","10001",18,0.000392622946889252
"3055",1,1,0,0,1,0,1,0,1,TRUE,2.30668105124129e-07,"c10111",0.518831150000295,"Ku",-0.0282290801249516,"Ku=0","10001",18,0.000368354293368222
"3056",1,1,0,0,1,0,1,0,1,TRUE,2.30668105124129e-07,"c10111",0.518831150000295,"C",0,"C=1","10001",18,0.000488498318831845
"3057",1,1,0,0,1,0,1,0,1,TRUE,2.30668105124129e-07,"c10111",0.518831150000295,"Cu",0.488222096438436,"Cu=0","10001",18,0.0644443277475381
"3058",1,1,0,0,1,0,1,0,1,TRUE,2.30668105124129e-07,"c10111",0.518831150000295,"S",-0.0195162753651428,"S=1","10001",18,0.000401887933085323
"3059",1,1,0,0,1,0,1,0,1,TRUE,2.30668105124129e-07,"c10111",0.518831150000295,"Su",0.173742601481452,"Su=0","10001",18,0.00277598812755683
"3060",1,1,0,0,1,0,1,0,1,TRUE,2.30668105124129e-07,"c10111",0.518831150000295,"br",0.755171845112664,"br=1","10001",18,0.930106598973536
"3061",0,0,1,0,1,0,1,0,1,TRUE,1.51807246391967e-14,"c01111",5.91224615077762e-13,"P",0.00014303623307168,"P=0","00001",2,0.000920724608428042
"3062",0,0,1,0,1,0,1,0,1,TRUE,1.51807246391967e-14,"c01111",5.91224615077762e-13,"Pu",-0.00116281949349462,"Pu=0","00001",2,0.000908779436505082
"3063",0,0,1,0,1,0,1,0,1,TRUE,1.51807246391967e-14,"c01111",5.91224615077762e-13,"K",0.0257657574189871,"K=1","00001",2,0.00118961878941012
"3064",0,0,1,0,1,0,1,0,1,TRUE,1.51807246391967e-14,"c01111",5.91224615077762e-13,"Ku",-0.15648539718729,"Ku=0","00001",2,0.00019226538740259
"3065",0,0,1,0,1,0,1,0,1,TRUE,1.51807246391967e-14,"c01111",5.91224615077762e-13,"C",0,"C=1","00001",2,0.000919408580054264
"3066",0,0,1,0,1,0,1,0,1,TRUE,1.51807246391967e-14,"c01111",5.91224615077762e-13,"Cu",0.517273448097806,"Cu=0","00001",2,0.162180484601094
"3067",0,0,1,0,1,0,1,0,1,TRUE,1.51807246391967e-14,"c01111",5.91224615077762e-13,"S",-0.024226564435602,"S=1","00001",2,0.000721595672185463
"3068",0,0,1,0,1,0,1,0,1,TRUE,1.51807246391967e-14,"c01111",5.91224615077762e-13,"Su",0.182884374955903,"Su=0","00001",2,0.00572486567416821
"3069",0,0,1,0,1,0,1,0,1,TRUE,1.51807246391967e-14,"c01111",5.91224615077762e-13,"br",0.680212225055494,"br=1","00001",2,0.827242257250752
"3070",1,0,1,0,1,0,1,0,1,TRUE,1.51807246391967e-14,"c11111",5.91224615077762e-13,"P",0.00441727719630697,"P=1","00001",2,0.000979119837230388
"3071",1,0,1,0,1,0,1,0,1,TRUE,1.51807246391967e-14,"c11111",5.91224615077762e-13,"Pu",0.0026231633612262,"Pu=0","00001",2,0.00096170995630478
"3072",1,0,1,0,1,0,1,0,1,TRUE,1.51807246391967e-14,"c11111",5.91224615077762e-13,"K",0.0257233148948396,"K=1","00001",2,0.0012116210101326
"3073",1,0,1,0,1,0,1,0,1,TRUE,1.51807246391967e-14,"c11111",5.91224615077762e-13,"Ku",-0.160155591895587,"Ku=0","00001",2,0.000188844769447896
"3074",1,0,1,0,1,0,1,0,1,TRUE,1.51807246391967e-14,"c11111",5.91224615077762e-13,"C",0,"C=1","00001",2,0.000936810734465591
"3075",1,0,1,0,1,0,1,0,1,TRUE,1.51807246391967e-14,"c11111",5.91224615077762e-13,"Cu",0.51466239525665,"Cu=0","00001",2,0.160991238533104
"3076",1,0,1,0,1,0,1,0,1,TRUE,1.51807246391967e-14,"c11111",5.91224615077762e-13,"S",-0.0305575762655761,"S=1","00001",2,0.00069014761411757
"3077",1,0,1,0,1,0,1,0,1,TRUE,1.51807246391967e-14,"c11111",5.91224615077762e-13,"Su",0.18762258296154,"Su=0","00001",2,0.0061162662562945
"3078",1,0,1,0,1,0,1,0,1,TRUE,1.51807246391967e-14,"c11111",5.91224615077762e-13,"br",0.67841956622832,"br=1","00001",2,0.827924241288903
"3079",0,1,1,0,1,0,1,0,1,TRUE,2.30668105124129e-07,"c01111",8.98354096421754e-06,"P",0.00222610636194033,"P=0","10001",18,0.00093530457456564
"3080",0,1,1,0,1,0,1,0,1,TRUE,2.30668105124129e-07,"c01111",8.98354096421754e-06,"Pu",-0.00342344382509989,"Pu=1","10001",18,0.000883928982235154
"3081",0,1,1,0,1,0,1,0,1,TRUE,2.30668105124129e-07,"c01111",8.98354096421754e-06,"K",0.023602849607553,"K=1","10001",18,0.00115822003947397
"3082",0,1,1,0,1,0,1,0,1,TRUE,2.30668105124129e-07,"c01111",8.98354096421754e-06,"Ku",-0.157096342952965,"Ku=0","10001",18,0.000190118532193322
"3083",0,1,1,0,1,0,1,0,1,TRUE,2.30668105124129e-07,"c01111",8.98354096421754e-06,"C",0,"C=1","10001",18,0.000914713737215098
"3084",0,1,1,0,1,0,1,0,1,TRUE,2.30668105124129e-07,"c01111",8.98354096421754e-06,"Cu",0.511959168626243,"Cu=0","10001",18,0.153001475953943
"3085",0,1,1,0,1,0,1,0,1,TRUE,2.30668105124129e-07,"c01111",8.98354096421754e-06,"S",-0.0272632396423056,"S=1","10001",18,0.000696437994187403
"3086",0,1,1,0,1,0,1,0,1,TRUE,2.30668105124129e-07,"c01111",8.98354096421754e-06,"Su",0.191338677962839,"Su=0","10001",18,0.0061980991818348
"3087",0,1,1,0,1,0,1,0,1,TRUE,2.30668105124129e-07,"c01111",8.98354096421754e-06,"br",0.681779868904571,"br=1","10001",18,0.836021701004352
"3088",1,1,1,0,1,0,1,0,1,TRUE,2.30668105124129e-07,"c11111",8.98354096421754e-06,"P",0.00105495798549139,"P=1","10001",18,0.000924816363890721
"3089",1,1,1,0,1,0,1,0,1,TRUE,2.30668105124129e-07,"c11111",8.98354096421754e-06,"Pu",-0.003359065880407,"Pu=1","10001",18,0.000884882575913407
"3090",1,1,1,0,1,0,1,0,1,TRUE,2.30668105124129e-07,"c11111",8.98354096421754e-06,"K",0.0303855050892741,"K=1","10001",18,0.00124004216656827
"3091",1,1,1,0,1,0,1,0,1,TRUE,2.30668105124129e-07,"c11111",8.98354096421754e-06,"Ku",-0.159169935184766,"Ku=0","10001",18,0.000186297761240755
"3092",1,1,1,0,1,0,1,0,1,TRUE,2.30668105124129e-07,"c11111",8.98354096421754e-06,"C",0,"C=1","10001",18,0.000915111222401171
"3093",1,1,1,0,1,0,1,0,1,TRUE,2.30668105124129e-07,"c11111",8.98354096421754e-06,"Cu",0.518020047585275,"Cu=0","10001",18,0.162632134915825
"3094",1,1,1,0,1,0,1,0,1,TRUE,2.30668105124129e-07,"c11111",8.98354096421754e-06,"S",-0.0262395724501744,"S=1","10001",18,0.000703909564172017
"3095",1,1,1,0,1,0,1,0,1,TRUE,2.30668105124129e-07,"c11111",8.98354096421754e-06,"Su",0.182244971800611,"Su=0","10001",18,0.00566178974417185
"3096",1,1,1,0,1,0,1,0,1,TRUE,2.30668105124129e-07,"c11111",8.98354096421754e-06,"br",0.68063341950322,"br=1","10001",18,0.826851015685817
"3097",0,0,0,1,1,0,1,0,1,TRUE,1.40787437641839e-14,"c00111",3.16666702308073e-08,"P",0.00120358520543748,"P=0","01001",10,0.000916743467541799
"3098",0,0,0,1,1,0,1,0,1,TRUE,1.40787437641839e-14,"c00111",3.16666702308073e-08,"Pu",0.0033720517220736,"Pu=0","01001",10,0.000936839846828509
"3099",0,0,0,1,1,0,1,0,1,TRUE,1.40787437641839e-14,"c00111",3.16666702308073e-08,"K",-0.156974008679777,"K=0","01001",10,0.000188491279346418
"3100",0,0,0,1,1,0,1,0,1,TRUE,1.40787437641839e-14,"c00111",3.16666702308073e-08,"Ku",0.0327312516981373,"Ku=1","01001",10,0.00125652386015527
"3101",0,0,0,1,1,0,1,0,1,TRUE,1.40787437641839e-14,"c00111",3.16666702308073e-08,"C",0,"C=1","01001",10,0.000905775813723151
"3102",0,0,0,1,1,0,1,0,1,TRUE,1.40787437641839e-14,"c00111",3.16666702308073e-08,"Cu",0.513935479513571,"Cu=0","01001",10,0.154530477978933
"3103",0,0,0,1,1,0,1,0,1,TRUE,1.40787437641839e-14,"c00111",3.16666702308073e-08,"S",-0.0221659041225237,"S=1","01001",10,0.000725697156489524
"3104",0,0,0,1,1,0,1,0,1,TRUE,1.40787437641839e-14,"c00111",3.16666702308073e-08,"Su",0.184438457472226,"Su=0","01001",10,0.00572831330315022
"3105",0,0,0,1,1,0,1,0,1,TRUE,1.40787437641839e-14,"c00111",3.16666702308073e-08,"br",0.682616896616672,"br=1","01001",10,0.834811137293832
"3106",1,0,0,1,1,0,1,0,1,TRUE,1.40787437641839e-14,"c10111",3.16666702308073e-08,"P",0.00212381642788606,"P=1","01001",10,0.000940925645640388
"3107",1,0,0,1,1,0,1,0,1,TRUE,1.40787437641839e-14,"c10111",3.16666702308073e-08,"Pu",0.0050352655067889,"Pu=0","01001",10,0.00096872290469548
"3108",1,0,0,1,1,0,1,0,1,TRUE,1.40787437641839e-14,"c10111",3.16666702308073e-08,"K",-0.155774566990193,"K=0","01001",10,0.000194004292665442
"3109",1,0,0,1,1,0,1,0,1,TRUE,1.40787437641839e-14,"c10111",3.16666702308073e-08,"Ku",0.0223585830646834,"Ku=1","01001",10,0.00115195040199908
"3110",1,0,0,1,1,0,1,0,1,TRUE,1.40787437641839e-14,"c10111",3.16666702308073e-08,"C",0,"C=1","01001",10,0.000921152824635639
"3111",1,0,0,1,1,0,1,0,1,TRUE,1.40787437641839e-14,"c10111",3.16666702308073e-08,"Cu",0.512483011559519,"Cu=0","01001",10,0.15488777036138
"3112",1,0,0,1,1,0,1,0,1,TRUE,1.40787437641839e-14,"c10111",3.16666702308073e-08,"S",-0.0221403436859102,"S=1","01001",10,0.000738205705132031
"3113",1,0,0,1,1,0,1,0,1,TRUE,1.40787437641839e-14,"c10111",3.16666702308073e-08,"Su",0.194358720190837,"Su=0","01001",10,0.00643310863086649
"3114",1,0,0,1,1,0,1,0,1,TRUE,1.40787437641839e-14,"c10111",3.16666702308073e-08,"br",0.680807990279414,"br=1","01001",10,0.833764159232986
"3115",0,1,0,1,1,0,1,0,1,TRUE,2.13923723919432e-07,"c00111",0.48116878418773,"P",0.00363564946313789,"P=0","11001",26,0.000947091981120614
"3116",0,1,0,1,1,0,1,0,1,TRUE,2.13923723919432e-07,"c00111",0.48116878418773,"Pu",0.00502984287016285,"Pu=1","11001",26,0.000960388751042587
"3117",0,1,0,1,1,0,1,0,1,TRUE,2.13923723919432e-07,"c00111",0.48116878418773,"K",-0.161178100098425,"K=0","11001",26,0.000182228013031588
"3118",0,1,0,1,1,0,1,0,1,TRUE,2.13923723919432e-07,"c00111",0.48116878418773,"Ku",0.0239071588893017,"Ku=1","11001",26,0.00115992579437315
"3119",0,1,0,1,1,0,1,0,1,TRUE,2.13923723919432e-07,"c00111",0.48116878418773,"C",0,"C=1","11001",26,0.000913277450075398
"3120",0,1,0,1,1,0,1,0,1,TRUE,2.13923723919432e-07,"c00111",0.48116878418773,"Cu",0.512079378371443,"Cu=0","11001",26,0.152944976734721
"3121",0,1,0,1,1,0,1,0,1,TRUE,2.13923723919432e-07,"c00111",0.48116878418773,"S",-0.0292650104040225,"S=1","11001",26,0.000681563633001173
"3122",0,1,0,1,1,0,1,0,1,TRUE,2.13923723919432e-07,"c00111",0.48116878418773,"Su",0.186200760405428,"Su=0","11001",26,0.00587844368741241
"3123",0,1,0,1,1,0,1,0,1,TRUE,2.13923723919432e-07,"c00111",0.48116878418773,"br",0.681974134392427,"br=1","11001",26,0.836332103955223
"3124",1,1,0,1,1,0,1,0,1,TRUE,2.13923723919432e-07,"c10111",0.48116878418773,"P",0.000896188171678801,"P=1","11001",26,0.000922858380355459
"3125",1,1,0,1,1,0,1,0,1,TRUE,2.13923723919432e-07,"c10111",0.48116878418773,"Pu",-0.00611522125925802,"Pu=1","11001",26,0.000860369281652704
"3126",1,1,0,1,1,0,1,0,1,TRUE,2.13923723919432e-07,"c10111",0.48116878418773,"K",-0.153966645438757,"K=0","11001",26,0.000196143680129779
"3127",1,1,0,1,1,0,1,0,1,TRUE,2.13923723919432e-07,"c10111",0.48116878418773,"Ku",0.02404438170187,"Ku=1","11001",26,0.00116323212475382
"3128",1,1,0,1,1,0,1,0,1,TRUE,2.13923723919432e-07,"c10111",0.48116878418773,"C",0,"C=1","11001",26,0.000914624782083212
"3129",1,1,0,1,1,0,1,0,1,TRUE,2.13923723919432e-07,"c10111",0.48116878418773,"Cu",0.515099824287464,"Cu=0","11001",26,0.157867625857488
"3130",1,1,0,1,1,0,1,0,1,TRUE,2.13923723919432e-07,"c10111",0.48116878418773,"S",-0.0262252488782523,"S=1","11001",26,0.000703636169698848
"3131",1,1,0,1,1,0,1,0,1,TRUE,2.13923723919432e-07,"c10111",0.48116878418773,"Su",0.186295516242236,"Su=0","11001",26,0.00589269701642758
"3132",1,1,0,1,1,0,1,0,1,TRUE,2.13923723919432e-07,"c10111",0.48116878418773,"br",0.68124471895355,"br=1","11001",26,0.83147881270741
"3133",0,0,1,1,1,0,1,0,1,TRUE,1.40787437641839e-14,"c01111",5.48307150059637e-13,"P",0.00518788994003116,"P=0","01001",10,0.000706962888233877
"3134",0,0,1,1,1,0,1,0,1,TRUE,1.40787437641839e-14,"c01111",5.48307150059637e-13,"Pu",0.00182422714826719,"Pu=0","01001",10,0.000683578530833162
"3135",0,0,1,1,1,0,1,0,1,TRUE,1.40787437641839e-14,"c01111",5.48307150059637e-13,"K",0.173424854387959,"K=1","01001",10,0.00380224825612039
"3136",0,0,1,1,1,0,1,0,1,TRUE,1.40787437641839e-14,"c01111",5.48307150059637e-13,"Ku",0.181887759817259,"Ku=1","01001",10,0.00413803729635834
"3137",0,0,1,1,1,0,1,0,1,TRUE,1.40787437641839e-14,"c01111",5.48307150059637e-13,"C",0,"C=1","01001",10,0.000671221557998588
"3138",0,0,1,1,1,0,1,0,1,TRUE,1.40787437641839e-14,"c01111",5.48307150059637e-13,"Cu",0.72771264229368,"Cu=0","01001",10,0.971139784434798
"3139",0,0,1,1,1,0,1,0,1,TRUE,1.40787437641839e-14,"c01111",5.48307150059637e-13,"S",-0.0325588935739053,"S=1","01001",10,0.000484690400436237
"3140",0,0,1,1,1,0,1,0,1,TRUE,1.40787437641839e-14,"c01111",5.48307150059637e-13,"Su",0.272172192997728,"Su=0","01001",10,0.0102069200264519
"3141",0,0,1,1,1,0,1,0,1,TRUE,1.40787437641839e-14,"c01111",5.48307150059637e-13,"br",0.249870335806808,"br=1","01001",10,0.00816655660876988
"3142",1,0,1,1,1,0,1,0,1,TRUE,1.40787437641839e-14,"c11111",5.48307150059637e-13,"P",-0.000536819949240812,"P=1","01001",10,0.000646815389429447
"3143",1,0,1,1,1,0,1,0,1,TRUE,1.40787437641839e-14,"c11111",5.48307150059637e-13,"Pu",-0.000168174776176496,"Pu=0","01001",10,0.000649204243633711
"3144",1,0,1,1,1,0,1,0,1,TRUE,1.40787437641839e-14,"c11111",5.48307150059637e-13,"K",0.179493321104039,"K=1","01001",10,0.00391418467931413
"3145",1,0,1,1,1,0,1,0,1,TRUE,1.40787437641839e-14,"c11111",5.48307150059637e-13,"Ku",0.178959147775896,"Ku=1","01001",10,0.00389333189333803
"3146",1,0,1,1,1,0,1,0,1,TRUE,1.40787437641839e-14,"c11111",5.48307150059637e-13,"C",0,"C=1","01001",10,0.000650296959996477
"3147",1,0,1,1,1,0,1,0,1,TRUE,1.40787437641839e-14,"c11111",5.48307150059637e-13,"Cu",0.731050482088299,"Cu=0","01001",10,0.972800146680953
"3148",1,0,1,1,1,0,1,0,1,TRUE,1.40787437641839e-14,"c11111",5.48307150059637e-13,"S",-0.036699421827422,"S=1","01001",10,0.000450534610888651
"3149",1,0,1,1,1,0,1,0,1,TRUE,1.40787437641839e-14,"c11111",5.48307150059637e-13,"Su",0.265867670741496,"Su=0","01001",10,0.00928453904574588
"3150",1,0,1,1,1,0,1,0,1,TRUE,1.40787437641839e-14,"c11111",5.48307150059637e-13,"br",0.247296710114743,"br=1","01001",10,0.00771094649670073
"3151",0,1,1,1,1,0,1,0,1,TRUE,2.13923723919432e-07,"c01111",8.33141858088275e-06,"P",0.00210072635594505,"P=0","11001",26,0.000673972893476435
"3152",0,1,1,1,1,0,1,0,1,TRUE,2.13923723919432e-07,"c01111",8.33141858088275e-06,"Pu",-0.000205505498004119,"Pu=1","11001",26,0.000658607379145766
"3153",0,1,1,1,1,0,1,0,1,TRUE,2.13923723919432e-07,"c01111",8.33141858088275e-06,"K",0.175105162728237,"K=1","11001",26,0.00380181649475497
"3154",0,1,1,1,1,0,1,0,1,TRUE,2.13923723919432e-07,"c01111",8.33141858088275e-06,"Ku",0.184188902026089,"Ku=1","11001",26,0.00416333472788154
"3155",0,1,1,1,1,0,1,0,1,TRUE,2.13923723919432e-07,"c01111",8.33141858088275e-06,"C",0,"C=1","11001",26,0.000659962245205464
"3156",0,1,1,1,1,0,1,0,1,TRUE,2.13923723919432e-07,"c01111",8.33141858088275e-06,"Cu",0.729513125605444,"Cu=0","11001",26,0.972197143302461
"3157",0,1,1,1,1,0,1,0,1,TRUE,2.13923723919432e-07,"c01111",8.33141858088275e-06,"S",-0.0339631299042671,"S=1","11001",26,0.000469914766368979
"3158",0,1,1,1,1,0,1,0,1,TRUE,2.13923723919432e-07,"c01111",8.33141858088275e-06,"Su",0.265027203288126,"Su=0","11001",26,0.00934367256360276
"3159",0,1,1,1,1,0,1,0,1,TRUE,2.13923723919432e-07,"c01111",8.33141858088275e-06,"br",0.249895337611461,"br=1","11001",26,0.00803157562710358
"3160",1,1,1,1,1,0,1,0,1,TRUE,2.13923723919432e-07,"c11111",8.33141858088275e-06,"P",-0.00246595220085982,"P=1","11001",26,0.000638506860737945
"3161",1,1,1,1,1,0,1,0,1,TRUE,2.13923723919432e-07,"c11111",8.33141858088275e-06,"Pu",-0.00549881100974114,"Pu=1","11001",26,0.00061943255953856
"3162",1,1,1,1,1,0,1,0,1,TRUE,2.13923723919432e-07,"c11111",8.33141858088275e-06,"K",0.179239260262578,"K=1","11001",26,0.00392917415905429
"3163",1,1,1,1,1,0,1,0,1,TRUE,2.13923723919432e-07,"c11111",8.33141858088275e-06,"Ku",0.178784351316158,"Ku=1","11001",26,0.00391134058829307
"3164",1,1,1,1,1,0,1,0,1,TRUE,2.13923723919432e-07,"c11111",8.33141858088275e-06,"C",0,"C=1","11001",26,0.000654447875837132
"3165",1,1,1,1,1,0,1,0,1,TRUE,2.13923723919432e-07,"c11111",8.33141858088275e-06,"Cu",0.730396833203675,"Cu=0","11001",26,0.97263121862214
"3166",1,1,1,1,1,0,1,0,1,TRUE,2.13923723919432e-07,"c11111",8.33141858088275e-06,"S",-0.0383235908284257,"S=1","11001",26,0.000446105751199236
"3167",1,1,1,1,1,0,1,0,1,TRUE,2.13923723919432e-07,"c11111",8.33141858088275e-06,"Su",0.263014166067997,"Su=0","11001",26,0.00908094556411267
"3168",1,1,1,1,1,0,1,0,1,TRUE,2.13923723919432e-07,"c11111",8.33141858088275e-06,"br",0.251444718919708,"br=1","11001",26,0.00808882801908709
"3169",0,0,0,0,0,1,1,0,1,TRUE,2.14642789286894e-23,"c00011",4.82786144133814e-17,"P",0.00512234860142242,"P=0","00101",6,0.00121808315510746
"3170",0,0,0,0,0,1,1,0,1,TRUE,2.14642789286894e-23,"c00011",4.82786144133814e-17,"Pu",0.00335520773482283,"Pu=0","00101",6,0.00119674698520627
"3171",0,0,0,0,0,1,1,0,1,TRUE,2.14642789286894e-23,"c00011",4.82786144133814e-17,"K",-0.02635978765194,"K=0","00101",6,0.000889102347337269
"3172",0,0,0,0,0,1,1,0,1,TRUE,2.14642789286894e-23,"c00011",4.82786144133814e-17,"Ku",-0.0190654533369206,"Ku=0","00101",6,0.0009563803584399
"3173",0,0,0,0,0,1,1,0,1,TRUE,2.14642789286894e-23,"c00011",4.82786144133814e-17,"C",0.532986443532762,"C=0","00101",6,0.238869980227303
"3174",0,0,0,0,0,1,1,0,1,TRUE,2.14642789286894e-23,"c00011",4.82786144133814e-17,"Cu",-0.148804488077118,"Cu=1","00101",6,0.000261325132643495
"3175",0,0,0,0,0,1,1,0,1,TRUE,2.14642789286894e-23,"c00011",4.82786144133814e-17,"S",-0.0168380271080591,"S=1","00101",6,0.000977922047367406
"3176",0,0,0,0,0,1,1,0,1,TRUE,2.14642789286894e-23,"c00011",4.82786144133814e-17,"Su",0.150444186739438,"Su=0","00101",6,0.00520956740257524
"3177",0,0,0,0,0,1,1,0,1,TRUE,2.14642789286894e-23,"c00011",4.82786144133814e-17,"br",0.647457928612601,"br=1","00101",6,0.75042089234402
"3178",1,0,0,0,0,1,1,0,1,TRUE,2.14642789286894e-23,"c10011",4.82786144133814e-17,"P",0.00122857519797141,"P=1","00101",6,0.0011522252237475
"3179",1,0,0,0,0,1,1,0,1,TRUE,2.14642789286894e-23,"c10011",4.82786144133814e-17,"Pu",0.00319971317063234,"Pu=0","00101",6,0.00117516249260873
"3180",1,0,0,0,0,1,1,0,1,TRUE,2.14642789286894e-23,"c10011",4.82786144133814e-17,"K",-0.0191715264281254,"K=0","00101",6,0.000939595358224368
"3181",1,0,0,0,0,1,1,0,1,TRUE,2.14642789286894e-23,"c10011",4.82786144133814e-17,"Ku",-0.0267956933197017,"Ku=0","00101",6,0.000870621777963306
"3182",1,0,0,0,0,1,1,0,1,TRUE,2.14642789286894e-23,"c10011",4.82786144133814e-17,"C",0.53485631817931,"C=0","00101",6,0.239360905959515
"3183",1,0,0,0,0,1,1,0,1,TRUE,2.14642789286894e-23,"c10011",4.82786144133814e-17,"Cu",-0.148442989149019,"Cu=1","00101",6,0.000257941982448305
"3184",1,0,0,0,0,1,1,0,1,TRUE,2.14642789286894e-23,"c10011",4.82786144133814e-17,"S",-0.0253844114224357,"S=1","00101",6,0.000882995816412523
"3185",1,0,0,0,0,1,1,0,1,TRUE,2.14642789286894e-23,"c10011",4.82786144133814e-17,"Su",0.148970371731443,"Su=0","00101",6,0.0050486102895366
"3186",1,0,0,0,0,1,1,0,1,TRUE,2.14642789286894e-23,"c10011",4.82786144133814e-17,"br",0.649107974361476,"br=1","00101",6,0.750311941099543
"3187",0,1,0,0,0,1,1,0,1,TRUE,3.26145468415436e-16,"c00011",7.33583986893425e-10,"P",0.00355243727367367,"P=0","10101",22,0.00120890369000011
"3188",0,1,0,0,0,1,1,0,1,TRUE,3.26145468415436e-16,"c00011",7.33583986893425e-10,"Pu",-0.00083835764329786,"Pu=1","10101",22,0.00115697166565025
"3189",0,1,0,0,0,1,1,0,1,TRUE,3.26145468415436e-16,"c00011",7.33583986893425e-10,"K",-0.0238368044464962,"K=0","10101",22,0.000919267143420362
"3190",0,1,0,0,0,1,1,0,1,TRUE,3.26145468415436e-16,"c00011",7.33583986893425e-10,"Ku",-0.0234028290299555,"Ku=0","10101",22,0.000923265205864436
"3191",0,1,0,0,0,1,1,0,1,TRUE,3.26145468415436e-16,"c00011",7.33583986893425e-10,"C",0.525440944377274,"C=0","10101",22,0.223318494421105
"3192",0,1,0,0,0,1,1,0,1,TRUE,3.26145468415436e-16,"c00011",7.33583986893425e-10,"Cu",-0.150543450321597,"Cu=1","10101",22,0.000258917715542093
"3193",0,1,0,0,0,1,1,0,1,TRUE,3.26145468415436e-16,"c00011",7.33583986893425e-10,"S",-0.0206578984430019,"S=1","10101",22,0.000948959223094222
"3194",0,1,0,0,0,1,1,0,1,TRUE,3.26145468415436e-16,"c00011",7.33583986893425e-10,"Su",0.147557741520232,"Su=0","10101",22,0.00510268539937177
"3195",0,1,0,0,0,1,1,0,1,TRUE,3.26145468415436e-16,"c00011",7.33583986893425e-10,"br",0.648720479976963,"br=1","10101",22,0.766162535535952
"3196",1,1,0,0,0,1,1,0,1,TRUE,3.26145468415436e-16,"c10011",7.33583986893425e-10,"P",-0.00390907169563092,"P=1","10101",22,0.0010952644578272
"3197",1,1,0,0,0,1,1,0,1,TRUE,3.26145468415436e-16,"c10011",7.33583986893425e-10,"Pu",-0.00335476030296379,"Pu=1","10101",22,0.00110135249123971
"3198",1,1,0,0,0,1,1,0,1,TRUE,3.26145468415436e-16,"c10011",7.33583986893425e-10,"K",-0.0230748753514801,"K=0","10101",22,0.000904238443485344
"3199",1,1,0,0,0,1,1,0,1,TRUE,3.26145468415436e-16,"c10011",7.33583986893425e-10,"Ku",-0.0269559399781285,"Ku=0","10101",22,0.000869816651697327
"3200",1,1,0,0,0,1,1,0,1,TRUE,3.26145468415436e-16,"c10011",7.33583986893425e-10,"C",0.53158899421876,"C=0","10101",22,0.231823546592489
"3201",1,1,0,0,0,1,1,0,1,TRUE,3.26145468415436e-16,"c10011",7.33583986893425e-10,"Cu",-0.146114884617148,"Cu=1","10101",22,0.000264196461272053
"3202",1,1,0,0,0,1,1,0,1,TRUE,3.26145468415436e-16,"c10011",7.33583986893425e-10,"S",-0.0261573973973495,"S=1","10101",22,0.000876790314813106
"3203",1,1,0,0,0,1,1,0,1,TRUE,3.26145468415436e-16,"c10011",7.33583986893425e-10,"Su",0.151071845587884,"Su=0","10101",22,0.00515932120252228
"3204",1,1,0,0,0,1,1,0,1,TRUE,3.26145468415436e-16,"c10011",7.33583986893425e-10,"br",0.650047210750632,"br=1","10101",22,0.757905473384654
"3205",0,0,1,0,0,1,1,0,1,TRUE,2.14642789286894e-23,"c01011",8.3594231047621e-22,"P",0.000325880434080304,"P=0","00101",6,0.00170483169214865
"3206",0,0,1,0,0,1,1,0,1,TRUE,2.14642789286894e-23,"c01011",8.3594231047621e-22,"Pu",-0.00244782021482172,"Pu=0","00101",6,0.00165819454186391
"3207",0,0,1,0,0,1,1,0,1,TRUE,2.14642789286894e-23,"c01011",8.3594231047621e-22,"K",0.0197204720759593,"K=1","00101",6,0.00206971787972158
"3208",0,0,1,0,0,1,1,0,1,TRUE,2.14642789286894e-23,"c01011",8.3594231047621e-22,"Ku",-0.131219846192071,"Ku=0","00101",6,0.000457494290246059
"3209",0,0,1,0,0,1,1,0,1,TRUE,2.14642789286894e-23,"c01011",8.3594231047621e-22,"C",0.557423079965712,"C=0","00101",6,0.447841057409599
"3210",0,0,1,0,0,1,1,0,1,TRUE,2.14642789286894e-23,"c01011",8.3594231047621e-22,"Cu",-0.154678416587196,"Cu=1","00101",6,0.000361831524062541
"3211",0,0,1,0,0,1,1,0,1,TRUE,2.14642789286894e-23,"c01011",8.3594231047621e-22,"S",-0.017565154868278,"S=1","00101",6,0.0014255476255908
"3212",0,0,1,0,0,1,1,0,1,TRUE,2.14642789286894e-23,"c01011",8.3594231047621e-22,"Su",0.160475290697365,"Su=0","00101",6,0.00845671241118667
"3213",0,0,1,0,0,1,1,0,1,TRUE,2.14642789286894e-23,"c01011",8.3594231047621e-22,"br",0.575397249185435,"br=1","00101",6,0.536024612625581
"3214",1,0,1,0,0,1,1,0,1,TRUE,2.14642789286894e-23,"c11011",8.3594231047621e-22,"P",0.00659892812915834,"P=1","00101",6,0.00179765146628198
"3215",1,0,1,0,0,1,1,0,1,TRUE,2.14642789286894e-23,"c11011",8.3594231047621e-22,"Pu",0.00513313666764885,"Pu=0","00101",6,0.00177149382118459
"3216",1,0,1,0,0,1,1,0,1,TRUE,2.14642789286894e-23,"c11011",8.3594231047621e-22,"K",0.0187004800023172,"K=1","00101",6,0.00202890571439842
"3217",1,0,1,0,0,1,1,0,1,TRUE,2.14642789286894e-23,"c11011",8.3594231047621e-22,"Ku",-0.130990575854148,"Ku=0","00101",6,0.000454110840893785
"3218",1,0,1,0,0,1,1,0,1,TRUE,2.14642789286894e-23,"c11011",8.3594231047621e-22,"C",0.554390722736352,"C=0","00101",6,0.430264019069464
"3219",1,0,1,0,0,1,1,0,1,TRUE,2.14642789286894e-23,"c11011",8.3594231047621e-22,"Cu",-0.159992486617286,"Cu=1","00101",6,0.000339788105275393
"3220",1,0,1,0,0,1,1,0,1,TRUE,2.14642789286894e-23,"c11011",8.3594231047621e-22,"S",-0.0197694156223144,"S=1","00101",6,0.00138098585875697
"3221",1,0,1,0,0,1,1,0,1,TRUE,2.14642789286894e-23,"c11011",8.3594231047621e-22,"Su",0.157228134629389,"Su=0","00101",6,0.008107366858391
"3222",1,0,1,0,0,1,1,0,1,TRUE,2.14642789286894e-23,"c11011",8.3594231047621e-22,"br",0.579641235352224,"br=1","00101",6,0.553855678265354
"3223",0,1,1,0,0,1,1,0,1,TRUE,3.26145468415436e-16,"c01011",1.27019778919353e-14,"P",0.00237204245918519,"P=0","10101",22,0.00166599519529979
"3224",0,1,1,0,0,1,1,0,1,TRUE,3.26145468415436e-16,"c01011",1.27019778919353e-14,"Pu",-0.000297626821592227,"Pu=1","10101",22,0.0016221070738071
"3225",0,1,1,0,0,1,1,0,1,TRUE,3.26145468415436e-16,"c01011",1.27019778919353e-14,"K",0.0182999484926173,"K=1","10101",22,0.00195365449785199
"3226",0,1,1,0,0,1,1,0,1,TRUE,3.26145468415436e-16,"c01011",1.27019778919353e-14,"Ku",-0.128476244096274,"Ku=0","10101",22,0.000450201415755931
"3227",0,1,1,0,0,1,1,0,1,TRUE,3.26145468415436e-16,"c01011",1.27019778919353e-14,"C",0.557265911710602,"C=0","10101",22,0.428101943205981
"3228",0,1,1,0,0,1,1,0,1,TRUE,3.26145468415436e-16,"c01011",1.27019778919353e-14,"Cu",-0.156544949948088,"Cu=1","10101",22,0.000340021215664321
"3229",0,1,1,0,0,1,1,0,1,TRUE,3.26145468415436e-16,"c01011",1.27019778919353e-14,"S",-0.0202065741159664,"S=1","10101",22,0.00132927873951044
"3230",0,1,1,0,0,1,1,0,1,TRUE,3.26145468415436e-16,"c01011",1.27019778919353e-14,"Su",0.160114253853499,"Su=0","10101",22,0.00806750910632433
"3231",0,1,1,0,0,1,1,0,1,TRUE,3.26145468415436e-16,"c01011",1.27019778919353e-14,"br",0.583490974902207,"br=1","10101",22,0.556469289549805
"3232",1,1,1,0,0,1,1,0,1,TRUE,3.26145468415436e-16,"c11011",1.27019778919353e-14,"P",0.000266641935993113,"P=1","10101",22,0.00166751008911239
"3233",1,1,1,0,0,1,1,0,1,TRUE,3.26145468415436e-16,"c11011",1.27019778919353e-14,"Pu",-2.32438835388057e-05,"Pu=1","10101",22,0.00166268321341904
"3234",1,1,1,0,0,1,1,0,1,TRUE,3.26145468415436e-16,"c11011",1.27019778919353e-14,"K",0.0296333682289937,"K=1","10101",22,0.00223669384198747
"3235",1,1,1,0,0,1,1,0,1,TRUE,3.26145468415436e-16,"c11011",1.27019778919353e-14,"Ku",-0.129683150471635,"Ku=0","10101",22,0.000454677739936331
"3236",1,1,1,0,0,1,1,0,1,TRUE,3.26145468415436e-16,"c11011",1.27019778919353e-14,"C",0.555520555069668,"C=0","10101",22,0.430036754479411
"3237",1,1,1,0,0,1,1,0,1,TRUE,3.26145468415436e-16,"c11011",1.27019778919353e-14,"Cu",-0.158504628311746,"Cu=1","10101",22,0.000340826696175763
"3238",1,1,1,0,0,1,1,0,1,TRUE,3.26145468415436e-16,"c11011",1.27019778919353e-14,"S",-0.0129412048107488,"S=1","10101",22,0.00146119279020148
"3239",1,1,1,0,0,1,1,0,1,TRUE,3.26145468415436e-16,"c11011",1.27019778919353e-14,"Su",0.154930698237952,"Su=0","10101",22,0.00783007518596616
"3240",1,1,1,0,0,1,1,0,1,TRUE,3.26145468415436e-16,"c11011",1.27019778919353e-14,"br",0.580905822022346,"br=1","10101",22,0.55430958596379
"3241",0,0,0,1,0,1,1,0,1,TRUE,1.99061698503992e-23,"c00011",4.47740313964221e-17,"P",0.00444565909946947,"P=0","01101",14,0.00178061467057424
"3242",0,0,0,1,0,1,1,0,1,TRUE,1.99061698503992e-23,"c00011",4.47740313964221e-17,"Pu",-0.00366466642786255,"Pu=0","01101",14,0.00164190207229705
"3243",0,0,0,1,0,1,1,0,1,TRUE,1.99061698503992e-23,"c00011",4.47740313964221e-17,"K",-0.132270544659321,"K=0","01101",14,0.000453752487036465
"3244",0,0,0,1,0,1,1,0,1,TRUE,1.99061698503992e-23,"c00011",4.47740313964221e-17,"Ku",0.0226973199440597,"Ku=1","01101",14,0.00213715441953756
"3245",0,0,0,1,0,1,1,0,1,TRUE,1.99061698503992e-23,"c00011",4.47740313964221e-17,"C",0.553794772133409,"C=0","01101",14,0.43287532589384
"3246",0,0,0,1,0,1,1,0,1,TRUE,1.99061698503992e-23,"c00011",4.47740313964221e-17,"Cu",-0.154524770530576,"Cu=1","01101",14,0.000363220325675271
"3247",0,0,0,1,0,1,1,0,1,TRUE,1.99061698503992e-23,"c00011",4.47740313964221e-17,"S",-0.0226341096065674,"S=1","01101",14,0.00135820087533843
"3248",0,0,0,1,0,1,1,0,1,TRUE,1.99061698503992e-23,"c00011",4.47740313964221e-17,"Su",0.157855247821282,"Su=0","01101",14,0.00825694374545488
"3249",0,0,0,1,0,1,1,0,1,TRUE,1.99061698503992e-23,"c00011",4.47740313964221e-17,"br",0.577947391735348,"br=1","01101",14,0.551132885510246
"3250",1,0,0,1,0,1,1,0,1,TRUE,1.99061698503992e-23,"c10011",4.47740313964221e-17,"P",-0.00371090498922417,"P=1","01101",14,0.00163600079259659
"3251",1,0,0,1,0,1,1,0,1,TRUE,1.99061698503992e-23,"c10011",4.47740313964221e-17,"Pu",0.00553287760249225,"Pu=0","01101",14,0.00179443919792256
"3252",1,0,0,1,0,1,1,0,1,TRUE,1.99061698503992e-23,"c10011",4.47740313964221e-17,"K",-0.131972322331268,"K=0","01101",14,0.000453681689738211
"3253",1,0,0,1,0,1,1,0,1,TRUE,1.99061698503992e-23,"c10011",4.47740313964221e-17,"Ku",0.0328744772063472,"Ku=1","01101",14,0.0023586951052325
"3254",1,0,0,1,0,1,1,0,1,TRUE,1.99061698503992e-23,"c10011",4.47740313964221e-17,"C",0.549514827324822,"C=0","01101",14,0.413439853079558
"3255",1,0,0,1,0,1,1,0,1,TRUE,1.99061698503992e-23,"c10011",4.47740313964221e-17,"Cu",-0.157518598251539,"Cu=1","01101",14,0.000351402773702045
"3256",1,0,0,1,0,1,1,0,1,TRUE,1.99061698503992e-23,"c10011",4.47740313964221e-17,"S",-0.0249558680263977,"S=1","01101",14,0.00132287194925427
"3257",1,0,0,1,0,1,1,0,1,TRUE,1.99061698503992e-23,"c10011",4.47740313964221e-17,"Su",0.154245591663759,"Su=0","01101",14,0.00793925696132188
"3258",1,0,0,1,0,1,1,0,1,TRUE,1.99061698503992e-23,"c10011",4.47740313964221e-17,"br",0.581750656075038,"br=1","01101",14,0.570703798450673
"3259",0,1,0,1,0,1,1,0,1,TRUE,3.02470309474872e-16,"c00011",6.80332541854699e-10,"P",-0.000896449289995407,"P=0","11101",30,0.00163078888218018
"3260",0,1,0,1,0,1,1,0,1,TRUE,3.02470309474872e-16,"c00011",6.80332541854699e-10,"Pu",-0.00227399907226688,"Pu=1","11101",30,0.00160847797820567
"3261",0,1,0,1,0,1,1,0,1,TRUE,3.02470309474872e-16,"c00011",6.80332541854699e-10,"K",-0.12889395587825,"K=0","11101",30,0.000453431444182394
"3262",0,1,0,1,0,1,1,0,1,TRUE,3.02470309474872e-16,"c00011",6.80332541854699e-10,"Ku",0.0236557300695599,"Ku=1","11101",30,0.0020846180898408
"3263",0,1,0,1,0,1,1,0,1,TRUE,3.02470309474872e-16,"c00011",6.80332541854699e-10,"C",0.556128978581246,"C=0","11101",30,0.428083450016229
"3264",0,1,0,1,0,1,1,0,1,TRUE,3.02470309474872e-16,"c00011",6.80332541854699e-10,"Cu",-0.160075419185266,"Cu=1","11101",30,0.000331964971083949
"3265",0,1,0,1,0,1,1,0,1,TRUE,3.02470309474872e-16,"c00011",6.80332541854699e-10,"S",-0.0265537568766674,"S=1","11101",30,0.00126173883663093
"3266",0,1,0,1,0,1,1,0,1,TRUE,3.02470309474872e-16,"c00011",6.80332541854699e-10,"Su",0.158717084820444,"Su=0","11101",30,0.00804619424979506
"3267",0,1,0,1,0,1,1,0,1,TRUE,3.02470309474872e-16,"c00011",6.80332541854699e-10,"br",0.582363760926476,"br=1","11101",30,0.556499335531852
"3268",1,1,0,1,0,1,1,0,1,TRUE,3.02470309474872e-16,"c10011",6.80332541854699e-10,"P",0.00364293228758628,"P=1","11101",30,0.00173587316935821
"3269",1,1,0,1,0,1,1,0,1,TRUE,3.02470309474872e-16,"c10011",6.80332541854699e-10,"Pu",-0.0067242220189181,"Pu=1","11101",30,0.00156492673997479
"3270",1,1,0,1,0,1,1,0,1,TRUE,3.02470309474872e-16,"c10011",6.80332541854699e-10,"K",-0.127796210063368,"K=0","11101",30,0.000466321080081869
"3271",1,1,0,1,0,1,1,0,1,TRUE,3.02470309474872e-16,"c10011",6.80332541854699e-10,"Ku",0.0230626273051701,"Ku=1","11101",30,0.00210793227935434
"3272",1,1,0,1,0,1,1,0,1,TRUE,3.02470309474872e-16,"c10011",6.80332541854699e-10,"C",0.553809156479691,"C=0","11101",30,0.425460791280113
"3273",1,1,0,1,0,1,1,0,1,TRUE,3.02470309474872e-16,"c10011",6.80332541854699e-10,"Cu",-0.15486131415977,"Cu=1","11101",30,0.000355748268206945
"3274",1,1,0,1,0,1,1,0,1,TRUE,3.02470309474872e-16,"c10011",6.80332541854699e-10,"S",-0.0251888542028049,"S=1","11101",30,0.00130107739880454
"3275",1,1,0,1,0,1,1,0,1,TRUE,3.02470309474872e-16,"c10011",6.80332541854699e-10,"Su",0.159222669240162,"Su=0","11101",30,0.00822606625379751
"3276",1,1,0,1,0,1,1,0,1,TRUE,3.02470309474872e-16,"c10011",6.80332541854699e-10,"br",0.581067686542155,"br=1","11101",30,0.558781263530309
"3277",0,0,1,1,0,1,1,0,1,TRUE,1.99061698503992e-23,"c01011",7.75260593321529e-22,"P",0.000153868679845255,"P=0","01101",14,0.000683846622021134
"3278",0,0,1,1,0,1,1,0,1,TRUE,1.99061698503992e-23,"c01011",7.75260593321529e-22,"Pu",-0.00034630031820388,"Pu=0","01101",14,0.000680434772842326
"3279",0,0,1,1,0,1,1,0,1,TRUE,1.99061698503992e-23,"c01011",7.75260593321529e-22,"K",0.144019638609239,"K=1","01101",14,0.00288243688206174
"3280",0,0,1,1,0,1,1,0,1,TRUE,1.99061698503992e-23,"c01011",7.75260593321529e-22,"Ku",0.141445488259005,"Ku=1","01101",14,0.00280918546853266
"3281",0,0,1,1,0,1,1,0,1,TRUE,1.99061698503992e-23,"c01011",7.75260593321529e-22,"C",0.727063133335014,"C=0","01101",14,0.981489212902712
"3282",0,0,1,1,0,1,1,0,1,TRUE,1.99061698503992e-23,"c01011",7.75260593321529e-22,"Cu",-0.2012704186397,"Cu=1","01101",14,9.12397614127187e-05
"3283",0,0,1,1,0,1,1,0,1,TRUE,1.99061698503992e-23,"c01011",7.75260593321529e-22,"S",-0.0291630306470993,"S=1","01101",14,0.000510078513749051
"3284",0,0,1,1,0,1,1,0,1,TRUE,1.99061698503992e-23,"c01011",7.75260593321529e-22,"Su",0.213913191332252,"Su=0","01101",14,0.00579833961451259
"3285",0,0,1,1,0,1,1,0,1,TRUE,1.99061698503992e-23,"c01011",7.75260593321529e-22,"br",0.200198276340322,"br=1","01101",14,0.0050552254621563
"3286",1,0,1,1,0,1,1,0,1,TRUE,1.99061698503992e-23,"c11011",7.75260593321529e-22,"P",-0.00194166929717303,"P=1","01101",14,0.000632080778642485
"3287",1,0,1,1,0,1,1,0,1,TRUE,1.99061698503992e-23,"c11011",7.75260593321529e-22,"Pu",-0.002432895558694,"Pu=0","01101",14,0.00062898344554885
"3288",1,0,1,1,0,1,1,0,1,TRUE,1.99061698503992e-23,"c11011",7.75260593321529e-22,"K",0.140760706112397,"K=1","01101",14,0.00263342604040061
"3289",1,0,1,1,0,1,1,0,1,TRUE,1.99061698503992e-23,"c11011",7.75260593321529e-22,"Ku",0.139801706783558,"Ku=1","01101",14,0.00260829221159776
"3290",1,0,1,1,0,1,1,0,1,TRUE,1.99061698503992e-23,"c11011",7.75260593321529e-22,"C",0.733025061177913,"C=0","01101",14,0.983314714476442
"3291",1,0,1,1,0,1,1,0,1,TRUE,1.99061698503992e-23,"c11011",7.75260593321529e-22,"Cu",-0.203165311020125,"Cu=1","01101",14,8.450247155082e-05
"3292",1,0,1,1,0,1,1,0,1,TRUE,1.99061698503992e-23,"c11011",7.75260593321529e-22,"S",-0.0240736156469264,"S=1","01101",14,0.000506587841351737
"3293",1,0,1,1,0,1,1,0,1,TRUE,1.99061698503992e-23,"c11011",7.75260593321529e-22,"Su",0.205872972410665,"Su=0","01101",14,0.00505010148125447
"3294",1,0,1,1,0,1,1,0,1,TRUE,1.99061698503992e-23,"c11011",7.75260593321529e-22,"br",0.195253717836869,"br=1","01101",14,0.00454131125321109
"3295",0,1,1,1,0,1,1,0,1,TRUE,3.02470309474872e-16,"c01011",1.17799312146899e-14,"P",-0.0026999232852068,"P=0","11101",30,0.000642428419752008
"3296",0,1,1,1,0,1,1,0,1,TRUE,3.02470309474872e-16,"c01011",1.17799312146899e-14,"Pu",-0.000656869140480484,"Pu=1","11101",30,0.000655688575047881
"3297",0,1,1,1,0,1,1,0,1,TRUE,3.02470309474872e-16,"c01011",1.17799312146899e-14,"K",0.138277932152339,"K=1","11101",30,0.00263077551937526
"3298",0,1,1,1,0,1,1,0,1,TRUE,3.02470309474872e-16,"c01011",1.17799312146899e-14,"Ku",0.138295799683518,"Ku=1","11101",30,0.00263124561600753
"3299",0,1,1,1,0,1,1,0,1,TRUE,3.02470309474872e-16,"c01011",1.17799312146899e-14,"C",0.730608063542507,"C=0","11101",30,0.982971366378521
"3300",0,1,1,1,0,1,1,0,1,TRUE,3.02470309474872e-16,"c01011",1.17799312146899e-14,"Cu",-0.202743407578107,"Cu=1","11101",30,8.69054337154498e-05
"3301",0,1,1,1,0,1,1,0,1,TRUE,3.02470309474872e-16,"c01011",1.17799312146899e-14,"S",-0.0277218832030489,"S=1","11101",30,0.000500213897747218
"3302",0,1,1,1,0,1,1,0,1,TRUE,3.02470309474872e-16,"c01011",1.17799312146899e-14,"Su",0.204983780538112,"Su=0","11101",30,0.00512605911811865
"3303",0,1,1,1,0,1,1,0,1,TRUE,3.02470309474872e-16,"c01011",1.17799312146899e-14,"br",0.197476401372752,"br=1","11101",30,0.00475531704171461
"3304",1,1,1,1,0,1,1,0,1,TRUE,3.02470309474872e-16,"c11011",1.17799312146899e-14,"P",0.00132929866672175,"P=1","11101",30,0.000681957529018065
"3305",1,1,1,1,0,1,1,0,1,TRUE,3.02470309474872e-16,"c11011",1.17799312146899e-14,"Pu",-0.000851019584062307,"Pu=1","11101",30,0.000667249606953041
"3306",1,1,1,1,0,1,1,0,1,TRUE,3.02470309474872e-16,"c11011",1.17799312146899e-14,"K",0.145470922948117,"K=1","11101",30,0.00288241459973124
"3307",1,1,1,1,0,1,1,0,1,TRUE,3.02470309474872e-16,"c11011",1.17799312146899e-14,"Ku",0.134370328460101,"Ku=1","11101",30,0.00257956918050301
"3308",1,1,1,1,0,1,1,0,1,TRUE,3.02470309474872e-16,"c11011",1.17799312146899e-14,"C",0.72862697512665,"C=0","11101",30,0.982586978297579
"3309",1,1,1,1,0,1,1,0,1,TRUE,3.02470309474872e-16,"c11011",1.17799312146899e-14,"Cu",-0.202055417679709,"Cu=1","11101",30,8.92213372904929e-05
"3310",1,1,1,1,0,1,1,0,1,TRUE,3.02470309474872e-16,"c11011",1.17799312146899e-14,"S",-0.0294114064121513,"S=1","11101",30,0.000501478297328213
"3311",1,1,1,1,0,1,1,0,1,TRUE,3.02470309474872e-16,"c11011",1.17799312146899e-14,"Su",0.20640450039503,"Su=0","11101",30,0.00530136386269789
"3312",1,1,1,1,0,1,1,0,1,TRUE,3.02470309474872e-16,"c11011",1.17799312146899e-14,"br",0.194571938284283,"br=1","11101",30,0.00470976728889954
"3313",0,0,0,0,1,1,1,0,1,FALSE,2.14642789286894e-23,"c00110",3.43430905844385e-22,"P",0.00128957755257636,"P=0","00101",6,0.000324727904479066
"3314",0,0,0,0,1,1,1,0,1,FALSE,2.14642789286894e-23,"c00110",3.43430905844385e-22,"Pu",0.000535440537858143,"Pu=0","00101",6,0.000322288221991123
"3315",0,0,0,0,1,1,1,0,1,FALSE,2.14642789286894e-23,"c00110",3.43430905844385e-22,"K",0.00771421019122383,"K=0","00101",6,0.00034627523685415
"3316",0,0,0,0,1,1,1,0,1,FALSE,2.14642789286894e-23,"c00110",3.43430905844385e-22,"Ku",0.00253370600016708,"Ku=0","00101",6,0.000328793172859215
"3317",0,0,0,0,1,1,1,0,1,FALSE,2.14642789286894e-23,"c00110",3.43430905844385e-22,"C",0,"C=1","00101",6,0.000320567171913561
"3318",0,0,0,0,1,1,1,0,1,FALSE,2.14642789286894e-23,"c00110",3.43430905844385e-22,"Cu",0.804318460839658,"Cu=1","00101",6,0.997768383354121
"3319",0,0,0,0,1,1,1,0,1,FALSE,2.14642789286894e-23,"c00110",3.43430905844385e-22,"S",0.0117819314580096,"S=1","00101",6,0.000360651152201059
"3320",0,0,0,0,1,1,1,0,1,FALSE,2.14642789286894e-23,"c00110",3.43430905844385e-22,"Su",-0.0510067276500155,"Su=0","00101",6,0.00019248621921167
"3321",0,0,0,0,1,1,1,0,1,FALSE,2.14642789286894e-23,"c00110",3.43430905844385e-22,"br",-0.219137423173006,"br=1","00101",6,3.58275663695903e-05
"3322",1,0,0,0,1,1,1,0,1,FALSE,2.14642789286894e-23,"c10110",3.43430905844385e-22,"P",-0.00142940232225859,"P=1","00101",6,0.000317740555171521
"3323",1,0,0,0,1,1,1,0,1,FALSE,2.14642789286894e-23,"c10110",3.43430905844385e-22,"Pu",-0.000381176503792441,"Pu=0","00101",6,0.0003210887111671
"3324",1,0,0,0,1,1,1,0,1,FALSE,2.14642789286894e-23,"c10110",3.43430905844385e-22,"K",0.00343063051427443,"K=0","00101",6,0.000333564254480815
"3325",1,0,0,0,1,1,1,0,1,FALSE,2.14642789286894e-23,"c10110",3.43430905844385e-22,"Ku",0.0117157295398575,"Ku=0","00101",6,0.000362377506527792
"3326",1,0,0,0,1,1,1,0,1,FALSE,2.14642789286894e-23,"c10110",3.43430905844385e-22,"C",0,"C=1","00101",6,0.000322314961494724
"3327",1,0,0,0,1,1,1,0,1,FALSE,2.14642789286894e-23,"c10110",3.43430905844385e-22,"Cu",0.803772176829269,"Cu=1","00101",6,0.997742970023553
"3328",1,0,0,0,1,1,1,0,1,FALSE,2.14642789286894e-23,"c10110",3.43430905844385e-22,"S",0.0133841679362634,"S=1","00101",6,0.000368474270937455
"3329",1,0,0,0,1,1,1,0,1,FALSE,2.14642789286894e-23,"c10110",3.43430905844385e-22,"Su",-0.0498659827483649,"Su=0","00101",6,0.000195756077428969
"3330",1,0,0,0,1,1,1,0,1,FALSE,2.14642789286894e-23,"c10110",3.43430905844385e-22,"br",-0.219999654142885,"br=1","00101",6,3.57136392389982e-05
"3331",0,1,0,0,1,1,1,0,1,FALSE,3.26145468415436e-16,"c00110",5.21836461532572e-15,"P",0.00208559060544667,"P=0","10101",22,0.000324657846721786
"3332",0,1,0,0,1,1,1,0,1,FALSE,3.26145468415436e-16,"c00110",5.21836461532572e-15,"Pu",0.000289826478030302,"Pu=1","10101",22,0.000318879792955144
"3333",0,1,0,0,1,1,1,0,1,FALSE,3.26145468415436e-16,"c00110",5.21836461532572e-15,"K",0.0089996258489307,"K=0","10101",22,0.00034789899760681
"3334",0,1,0,0,1,1,1,0,1,FALSE,3.26145468415436e-16,"c00110",5.21836461532572e-15,"Ku",0.0129871789600362,"Ku=0","10101",22,0.000362051958030282
"3335",0,1,0,0,1,1,1,0,1,FALSE,3.26145468415436e-16,"c00110",5.21836461532572e-15,"C",0,"C=1","10101",22,0.000317956932874503
"3336",0,1,0,0,1,1,1,0,1,FALSE,3.26145468415436e-16,"c00110",5.21836461532572e-15,"Cu",0.805135982260424,"Cu=1","10101",22,0.997767702326881
"3337",0,1,0,0,1,1,1,0,1,FALSE,3.26145468415436e-16,"c00110",5.21836461532572e-15,"S",0.00546522056740194,"S=1","10101",22,0.000335817597531823
"3338",0,1,0,0,1,1,1,0,1,FALSE,3.26145468415436e-16,"c00110",5.21836461532572e-15,"Su",-0.0515841342473201,"Su=0","10101",22,0.000189819685890061
"3339",0,1,0,0,1,1,1,0,1,FALSE,3.26145468415436e-16,"c00110",5.21836461532572e-15,"br",-0.220044774693033,"br=1","10101",22,3.52148615091354e-05
"3340",1,1,0,0,1,1,1,0,1,FALSE,3.26145468415436e-16,"c10110",5.21836461532572e-15,"P",-0.00493152369333686,"P=1","10101",22,0.000300940782417141
"3341",1,1,0,0,1,1,1,0,1,FALSE,3.26145468415436e-16,"c10110",5.21836461532572e-15,"Pu",-0.00216317360028446,"Pu=1","10101",22,0.000309388265308514
"3342",1,1,0,0,1,1,1,0,1,FALSE,3.26145468415436e-16,"c10110",5.21836461532572e-15,"K",0.0110645078882246,"K=0","10101",22,0.00035314326521077
"3343",1,1,0,0,1,1,1,0,1,FALSE,3.26145468415436e-16,"c10110",5.21836461532572e-15,"Ku",0.00677040642371036,"Ku=0","10101",22,0.000338299910222604
"3344",1,1,0,0,1,1,1,0,1,FALSE,3.26145468415436e-16,"c10110",5.21836461532572e-15,"C",0,"C=1","10101",22,0.000316153781703591
"3345",1,1,0,0,1,1,1,0,1,FALSE,3.26145468415436e-16,"c10110",5.21836461532572e-15,"Cu",0.805709900634558,"Cu=1","10101",22,0.997819575140151
"3346",1,1,0,0,1,1,1,0,1,FALSE,3.26145468415436e-16,"c10110",5.21836461532572e-15,"S",0.00648491632552104,"S=1","10101",22,0.00033733547481558
"3347",1,1,0,0,1,1,1,0,1,FALSE,3.26145468415436e-16,"c10110",5.21836461532572e-15,"Su",-0.0510497862849708,"Su=0","10101",22,0.000189754452924231
"3348",1,1,0,0,1,1,1,0,1,FALSE,3.26145468415436e-16,"c10110",5.21836461532572e-15,"br",-0.218926477572425,"br=1","10101",22,3.54089272463418e-05
"3349",0,0,1,0,1,1,1,0,1,FALSE,2.14642789286894e-23,"c01110",5.82900123177396e-22,"P",-0.00497728479527572,"P=0","00101",6,0.000240593368812376
"3350",0,0,1,0,1,1,1,0,1,FALSE,2.14642789286894e-23,"c01110",5.82900123177396e-22,"Pu",0.00114376087767852,"Pu=0","00101",6,0.000255780255483247
"3351",0,0,1,0,1,1,1,0,1,FALSE,2.14642789286894e-23,"c01110",5.82900123177396e-22,"K",-0.00598531172425275,"K=1","00101",6,0.000238180305462551
"3352",0,0,1,0,1,1,1,0,1,FALSE,2.14642789286894e-23,"c01110",5.82900123177396e-22,"Ku",0.0454659448064213,"Ku=0","00101",6,0.000398433471954725
"3353",0,0,1,0,1,1,1,0,1,FALSE,2.14642789286894e-23,"c01110",5.82900123177396e-22,"C",0,"C=1","00101",6,0.000252871407829879
"3354",0,0,1,0,1,1,1,0,1,FALSE,2.14642789286894e-23,"c01110",5.82900123177396e-22,"Cu",0.82807749867132,"Cu=1","00101",6,0.998147237304389
"3355",0,0,1,0,1,1,1,0,1,FALSE,2.14642789286894e-23,"c01110",5.82900123177396e-22,"S",0.00877165328020294,"S=1","00101",6,0.000276054310316909
"3356",0,0,1,0,1,1,1,0,1,FALSE,2.14642789286894e-23,"c01110",5.82900123177396e-22,"Su",-0.0497981833282563,"Su=0","00101",6,0.000153684109200698
"3357",0,0,1,0,1,1,1,0,1,FALSE,2.14642789286894e-23,"c01110",5.82900123177396e-22,"br",-0.191750107846487,"br=1","00101",6,3.71654665509898e-05
"3358",1,0,1,0,1,1,1,0,1,FALSE,2.14642789286894e-23,"c11110",5.82900123177396e-22,"P",-0.00161453374050078,"P=1","00101",6,0.000252739523604878
"3359",1,0,1,0,1,1,1,0,1,FALSE,2.14642789286894e-23,"c11110",5.82900123177396e-22,"Pu",0.00327968847394465,"Pu=0","00101",6,0.000265416855466421
"3360",1,0,1,0,1,1,1,0,1,FALSE,2.14642789286894e-23,"c11110",5.82900123177396e-22,"K",-0.00638332202680696,"K=1","00101",6,0.000240969778338917
"3361",1,0,1,0,1,1,1,0,1,FALSE,2.14642789286894e-23,"c11110",5.82900123177396e-22,"Ku",0.0434437914811797,"Ku=0","00101",6,0.000396605728348587
"3362",1,0,1,0,1,1,1,0,1,FALSE,2.14642789286894e-23,"c11110",5.82900123177396e-22,"C",0,"C=1","00101",6,0.00025685320753682
"3363",1,0,1,0,1,1,1,0,1,FALSE,2.14642789286894e-23,"c11110",5.82900123177396e-22,"Cu",0.826510810034817,"Cu=1","00101",6,0.998104086714356
"3364",1,0,1,0,1,1,1,0,1,FALSE,2.14642789286894e-23,"c11110",5.82900123177396e-22,"S",0.0135022222293757,"S=1","00101",6,0.000293984477141335
"3365",1,0,1,0,1,1,1,0,1,FALSE,2.14642789286894e-23,"c11110",5.82900123177396e-22,"Su",-0.053115269480109,"Su=0","00101",6,0.000151010904586319
"3366",1,0,1,0,1,1,1,0,1,FALSE,2.14642789286894e-23,"c11110",5.82900123177396e-22,"br",-0.190219854118562,"br=1","00101",6,3.83328106209289e-05
"3367",0,1,1,0,1,1,1,0,1,FALSE,3.26145468415436e-16,"c01110",8.85705195803263e-15,"P",-0.000855605334179591,"P=0","10101",22,0.000275984349942172
"3368",0,1,1,0,1,1,1,0,1,FALSE,3.26145468415436e-16,"c01110",8.85705195803263e-15,"Pu",0.00398172190276323,"Pu=1","10101",22,0.000289662784224755
"3369",0,1,1,0,1,1,1,0,1,FALSE,3.26145468415436e-16,"c01110",8.85705195803263e-15,"K",-0.00616087481874118,"K=1","10101",22,0.000261724249360785
"3370",0,1,1,0,1,1,1,0,1,FALSE,3.26145468415436e-16,"c01110",8.85705195803263e-15,"Ku",0.0423634426963942,"Ku=0","10101",22,0.000425189367938617
"3371",0,1,1,0,1,1,1,0,1,FALSE,3.26145468415436e-16,"c01110",8.85705195803263e-15,"C",0,"C=1","10101",22,0.000278355817496093
"3372",0,1,1,0,1,1,1,0,1,FALSE,3.26145468415436e-16,"c01110",8.85705195803263e-15,"Cu",0.818456761882263,"Cu=1","10101",22,0.997959360143955
"3373",0,1,1,0,1,1,1,0,1,FALSE,3.26145468415436e-16,"c01110",8.85705195803263e-15,"S",0.00733827221309039,"S=1","10101",22,0.000299550475669052
"3374",0,1,1,0,1,1,1,0,1,FALSE,3.26145468415436e-16,"c01110",8.85705195803263e-15,"Su",-0.0499343374044823,"Su=0","10101",22,0.000168942233063512
"3375",0,1,1,0,1,1,1,0,1,FALSE,3.26145468415436e-16,"c01110",8.85705195803263e-15,"br",-0.190972004031136,"br=1","10101",22,4.12305783501723e-05
"3376",1,1,1,0,1,1,1,0,1,FALSE,3.26145468415436e-16,"c11110",8.85705195803263e-15,"P",0.000807728758624619,"P=1","10101",22,0.000257855213528003
"3377",1,1,1,0,1,1,1,0,1,FALSE,3.26145468415436e-16,"c11110",8.85705195803263e-15,"Pu",0.00246923512629679,"Pu=1","10101",22,0.000262175284060753
"3378",1,1,1,0,1,1,1,0,1,FALSE,3.26145468415436e-16,"c11110",8.85705195803263e-15,"K",-0.0100093058612428,"K=1","10101",22,0.000231418530921331
"3379",1,1,1,0,1,1,1,0,1,FALSE,3.26145468415436e-16,"c11110",8.85705195803263e-15,"Ku",0.0440612346857262,"Ku=0","10101",22,0.000397396013571085
"3380",1,1,1,0,1,1,1,0,1,FALSE,3.26145468415436e-16,"c11110",8.85705195803263e-15,"C",0,"C=1","10101",22,0.000255780831779851
"3381",1,1,1,0,1,1,1,0,1,FALSE,3.26145468415436e-16,"c11110",8.85705195803263e-15,"Cu",0.826932786368007,"Cu=1","10101",22,0.998139989617658
"3382",1,1,1,0,1,1,1,0,1,FALSE,3.26145468415436e-16,"c11110",8.85705195803263e-15,"S",0.00501635836818804,"S=1","10101",22,0.000268938985888532
"3383",1,1,1,0,1,1,1,0,1,FALSE,3.26145468415436e-16,"c11110",8.85705195803263e-15,"Su",-0.0544652740522697,"Su=0","10101",22,0.000148363925478086
"3384",1,1,1,0,1,1,1,0,1,FALSE,3.26145468415436e-16,"c11110",8.85705195803263e-15,"br",-0.190458980186708,"br=1","10101",22,3.80815971141871e-05
"3385",0,0,0,1,1,1,1,0,1,FALSE,1.99061698503992e-23,"c00110",3.18500983253491e-22,"P",0.007760879313894,"P=0","01101",14,0.000282053660732166
"3386",0,0,0,1,1,1,1,0,1,FALSE,1.99061698503992e-23,"c00110",3.18500983253491e-22,"Pu",0.00437422960392601,"Pu=0","01101",14,0.000272661429904386
"3387",0,0,0,1,1,1,1,0,1,FALSE,1.99061698503992e-23,"c00110",3.18500983253491e-22,"K",0.0431660740660511,"K=0","01101",14,0.000401878292032803
"3388",0,0,0,1,1,1,1,0,1,FALSE,1.99061698503992e-23,"c00110",3.18500983253491e-22,"Ku",-0.0122479525110471,"Ku=1","01101",14,0.000230905611979647
"3389",0,0,0,1,1,1,1,0,1,FALSE,1.99061698503992e-23,"c00110",3.18500983253491e-22,"C",0,"C=1","01101",14,0.000260991684322374
"3390",0,0,0,1,1,1,1,0,1,FALSE,1.99061698503992e-23,"c00110",3.18500983253491e-22,"Cu",0.824910991228488,"Cu=1","01101",14,0.998089727199955
"3391",0,0,0,1,1,1,1,0,1,FALSE,1.99061698503992e-23,"c00110",3.18500983253491e-22,"S",0.00357175067804309,"S=1","01101",14,0.000270482135275492
"3392",0,0,0,1,1,1,1,0,1,FALSE,1.99061698503992e-23,"c00110",3.18500983253491e-22,"Su",-0.0534111286028603,"Su=0","01101",14,0.000152990719081222
"3393",0,0,0,1,1,1,1,0,1,FALSE,1.99061698503992e-23,"c00110",3.18500983253491e-22,"br",-0.191879672822362,"br=1","01101",14,3.8309266717037e-05
"3394",1,0,0,1,1,1,1,0,1,FALSE,1.99061698503992e-23,"c10110",3.18500983253491e-22,"P",-0.00081057837080635,"P=1","01101",14,0.000260482467072521
"3395",1,0,0,1,1,1,1,0,1,FALSE,1.99061698503992e-23,"c10110",3.18500983253491e-22,"Pu",0.00384633338269677,"Pu=0","01101",14,0.000272899793645415
"3396",1,0,0,1,1,1,1,0,1,FALSE,1.99061698503992e-23,"c10110",3.18500983253491e-22,"K",0.0358210768761488,"K=0","01101",14,0.000375722976228034
"3397",1,0,0,1,1,1,1,0,1,FALSE,1.99061698503992e-23,"c10110",3.18500983253491e-22,"Ku",-0.00764885286298659,"Ku=1","01101",14,0.000243265346648963
"3398",1,0,0,1,1,1,1,0,1,FALSE,1.99061698503992e-23,"c10110",3.18500983253491e-22,"C",0,"C=1","01101",14,0.000262602462113366
"3399",1,0,0,1,1,1,1,0,1,FALSE,1.99061698503992e-23,"c10110",3.18500983253491e-22,"Cu",0.824297538558151,"Cu=1","01101",14,0.998107957522993
"3400",1,0,0,1,1,1,1,0,1,FALSE,1.99061698503992e-23,"c10110",3.18500983253491e-22,"S",0.00867192105341073,"S=1","01101",14,0.000286391726934265
"3401",1,0,0,1,1,1,1,0,1,FALSE,1.99061698503992e-23,"c10110",3.18500983253491e-22,"Su",-0.0542726910498821,"Su=0","01101",14,0.000152614392137928
"3402",1,0,0,1,1,1,1,0,1,FALSE,1.99061698503992e-23,"c10110",3.18500983253491e-22,"br",-0.193139045320127,"br=1","01101",14,3.80633122266781e-05
"3403",0,1,0,1,1,1,1,0,1,FALSE,3.02470309474872e-16,"c00110",4.83955937765711e-15,"P",-0.00260454847629443,"P=0","11101",30,0.000263376236216925
"3404",0,1,0,1,1,1,1,0,1,FALSE,3.02470309474872e-16,"c00110",4.83955937765711e-15,"Pu",-0.00759777865209726,"Pu=1","11101",30,0.000250548186701434
"3405",0,1,0,1,1,1,1,0,1,FALSE,3.02470309474872e-16,"c00110",4.83955937765711e-15,"K",0.0399119276747438,"K=0","11101",30,0.00040292414860704
"3406",0,1,0,1,1,1,1,0,1,FALSE,3.02470309474872e-16,"c00110",4.83955937765711e-15,"Ku",-0.00984352055879712,"Ku=1","11101",30,0.000244984230958907
"3407",0,1,0,1,1,1,1,0,1,FALSE,3.02470309474872e-16,"c00110",4.83955937765711e-15,"C",0,"C=1","11101",30,0.000270326111523714
"3408",0,1,0,1,1,1,1,0,1,FALSE,3.02470309474872e-16,"c00110",4.83955937765711e-15,"Cu",0.821394380325926,"Cu=1","11101",30,0.99806417205979
"3409",0,1,0,1,1,1,1,0,1,FALSE,3.02470309474872e-16,"c00110",4.83955937765711e-15,"S",0.0112197169254489,"S=1","11101",30,0.00030242285491822
"3410",0,1,0,1,1,1,1,0,1,FALSE,3.02470309474872e-16,"c00110",4.83955937765711e-15,"Su",-0.0520513909607231,"Su=0","11101",30,0.000160631856484138
"3411",0,1,0,1,1,1,1,0,1,FALSE,3.02470309474872e-16,"c00110",4.83955937765711e-15,"br",-0.189550846488976,"br=1","11101",30,4.06143147996829e-05
"3412",1,1,0,1,1,1,1,0,1,FALSE,3.02470309474872e-16,"c10110",4.83955937765711e-15,"P",-0.00195802084494341,"P=1","11101",30,0.000262041882092092
"3413",1,1,0,1,1,1,1,0,1,FALSE,3.02470309474872e-16,"c10110",4.83955937765711e-15,"Pu",0.00247115731073433,"Pu=1","11101",30,0.000273909052979196
"3414",1,1,0,1,1,1,1,0,1,FALSE,3.02470309474872e-16,"c10110",4.83955937765711e-15,"K",0.043731779290274,"K=0","11101",30,0.00041380810325149
"3415",1,1,0,1,1,1,1,0,1,FALSE,3.02470309474872e-16,"c10110",4.83955937765711e-15,"Ku",-0.00780855526371227,"Ku=1","11101",30,0.000247150880438414
"3416",1,1,0,1,1,1,1,0,1,FALSE,3.02470309474872e-16,"c10110",4.83955937765711e-15,"C",0,"C=1","11101",30,0.000267223277630423
"3417",1,1,0,1,1,1,1,0,1,FALSE,3.02470309474872e-16,"c10110",4.83955937765711e-15,"Cu",0.822546931636393,"Cu=1","11101",30,0.998045226211774
"3418",1,1,0,1,1,1,1,0,1,FALSE,3.02470309474872e-16,"c10110",4.83955937765711e-15,"S",0.00948305437475471,"S=1","11101",30,0.000293804652288185
"3419",1,1,0,1,1,1,1,0,1,FALSE,3.02470309474872e-16,"c10110",4.83955937765711e-15,"Su",-0.0525606593663589,"Su=0","11101",30,0.000157981503715852
"3420",1,1,0,1,1,1,1,0,1,FALSE,3.02470309474872e-16,"c10110",4.83955937765711e-15,"br",-0.1928262306077,"br=1","11101",30,3.88544358298906e-05
"3421",0,0,1,1,1,1,1,0,1,FALSE,1.99061698503992e-23,"c01110",5.40586939646908e-22,"P",-0.000670765825322206,"P=0","01101",14,8.71982434377958e-05
"3422",0,0,1,1,1,1,1,0,1,FALSE,1.99061698503992e-23,"c01110",5.40586939646908e-22,"Pu",-0.000473584413350383,"Pu=0","01101",14,8.73703517924992e-05
"3423",0,0,1,1,1,1,1,0,1,FALSE,1.99061698503992e-23,"c01110",5.40586939646908e-22,"K",-0.0413142091403227,"K=1","01101",14,5.80758406326253e-05
"3424",0,0,1,1,1,1,1,0,1,FALSE,1.99061698503992e-23,"c01110",5.40586939646908e-22,"Ku",-0.0372485848374545,"Ku=1","01101",14,6.04856409095281e-05
"3425",0,0,1,1,1,1,1,0,1,FALSE,1.99061698503992e-23,"c01110",5.40586939646908e-22,"C",0,"C=1","01101",14,8.77851054897278e-05
"3426",0,0,1,1,1,1,1,0,1,FALSE,1.99061698503992e-23,"c01110",5.40586939646908e-22,"Cu",0.934004356801227,"Cu=1","01101",14,0.999425020315493
"3427",0,0,1,1,1,1,1,0,1,FALSE,1.99061698503992e-23,"c01110",5.40586939646908e-22,"S",0.00791107394583004,"S=1","01101",14,9.50119415627677e-05
"3428",0,0,1,1,1,1,1,0,1,FALSE,1.99061698503992e-23,"c01110",5.40586939646908e-22,"Su",-0.057733229362226,"Su=0","01101",14,4.92820319575986e-05
"3429",0,0,1,1,1,1,1,0,1,FALSE,1.99061698503992e-23,"c01110",5.40586939646908e-22,"br",-0.0567468828738474,"br=1","01101",14,4.97705287241682e-05
"3430",1,0,1,1,1,1,1,0,1,FALSE,1.99061698503992e-23,"c11110",5.40586939646908e-22,"P",-0.000220362664848754,"P=1","01101",14,8.78443376732261e-05
"3431",1,0,1,1,1,1,1,0,1,FALSE,1.99061698503992e-23,"c11110",5.40586939646908e-22,"Pu",0.00418497170344385,"Pu=0","01101",14,9.18006797011245e-05
"3432",1,0,1,1,1,1,1,0,1,FALSE,1.99061698503992e-23,"c11110",5.40586939646908e-22,"K",-0.046599411616983,"K=1","01101",14,5.52448911664247e-05
"3433",1,0,1,1,1,1,1,0,1,FALSE,1.99061698503992e-23,"c11110",5.40586939646908e-22,"Ku",-0.0351119406198061,"Ku=1","01101",14,6.19700112502952e-05
"3434",1,0,1,1,1,1,1,0,1,FALSE,1.99061698503992e-23,"c11110",5.40586939646908e-22,"C",0,"C=1","01101",14,8.80381272381466e-05
"3435",1,0,1,1,1,1,1,0,1,FALSE,1.99061698503992e-23,"c11110",5.40586939646908e-22,"Cu",0.9337162104229,"Cu=1","01101",14,0.999421698261947
"3436",1,0,1,1,1,1,1,0,1,FALSE,1.99061698503992e-23,"c11110",5.40586939646908e-22,"S",0.00685865023942783,"S=1","01101",14,9.4288241284715e-05
"3437",1,0,1,1,1,1,1,0,1,FALSE,1.99061698503992e-23,"c11110",5.40586939646908e-22,"Su",-0.0603713774455395,"Su=0","01101",14,4.81372454072054e-05
"3438",1,0,1,1,1,1,1,0,1,FALSE,1.99061698503992e-23,"c11110",5.40586939646908e-22,"br",-0.0546371809382768,"br=1","01101",14,5.09782043317601e-05
"3439",0,1,1,1,1,1,1,0,1,FALSE,3.02470309474872e-16,"c01110",8.21411151225537e-15,"P",-0.00190406014087642,"P=0","11101",30,8.79000723422631e-05
"3440",0,1,1,1,1,1,1,0,1,FALSE,3.02470309474872e-16,"c01110",8.21411151225537e-15,"Pu",-0.00722928804482929,"Pu=1","11101",30,8.33416437029737e-05
"3441",0,1,1,1,1,1,1,0,1,FALSE,3.02470309474872e-16,"c01110",8.21411151225537e-15,"K",-0.0410431797052141,"K=1","11101",30,5.94306111025321e-05
"3442",0,1,1,1,1,1,1,0,1,FALSE,3.02470309474872e-16,"c01110",8.21411151225537e-15,"Ku",-0.0428753722854228,"Ku=1","11101",30,5.83516424308586e-05
"3443",0,1,1,1,1,1,1,0,1,FALSE,3.02470309474872e-16,"c01110",8.21411151225537e-15,"C",0,"C=1","11101",30,8.95897780407342e-05
"3444",0,1,1,1,1,1,1,0,1,FALSE,3.02470309474872e-16,"c01110",8.21411151225537e-15,"Cu",0.931969240464399,"Cu=1","11101",30,0.999423242174453
"3445",0,1,1,1,1,1,1,0,1,FALSE,3.02470309474872e-16,"c01110",8.21411151225537e-15,"S",0.00938415272754883,"S=1","11101",30,9.84041281952003e-05
"3446",0,1,1,1,1,1,1,0,1,FALSE,3.02470309474872e-16,"c01110",8.21411151225537e-15,"Su",-0.058732613861675,"Su=0","11101",30,4.97950255501004e-05
"3447",0,1,1,1,1,1,1,0,1,FALSE,3.02470309474872e-16,"c01110",8.21411151225537e-15,"br",-0.0584320347152974,"br=1","11101",30,4.99449241819931e-05
"3448",1,1,1,1,1,1,1,0,1,FALSE,3.02470309474872e-16,"c11110",8.21411151225537e-15,"P",-0.00146449608851551,"P=1","11101",30,8.51838673706379e-05
"3449",1,1,1,1,1,1,1,0,1,FALSE,3.02470309474872e-16,"c11110",8.21411151225537e-15,"Pu",-0.00430417285392227,"Pu=1","11101",30,8.27989432097359e-05
"3450",1,1,1,1,1,1,1,0,1,FALSE,3.02470309474872e-16,"c11110",8.21411151225537e-15,"K",-0.0422355917317146,"K=1","11101",30,5.66618479938846e-05
"3451",1,1,1,1,1,1,1,0,1,FALSE,3.02470309474872e-16,"c11110",8.21411151225537e-15,"Ku",-0.0372284033373094,"Ku=1","11101",30,5.95712451253667e-05
"3452",1,1,1,1,1,1,1,0,1,FALSE,3.02470309474872e-16,"c11110",8.21411151225537e-15,"C",0,"C=1","11101",30,8.64405614333281e-05
"3453",1,1,1,1,1,1,1,0,1,FALSE,3.02470309474872e-16,"c11110",8.21411151225537e-15,"Cu",0.935548942196696,"Cu=1","11101",30,0.999436049763977
"3454",1,1,1,1,1,1,1,0,1,FALSE,3.02470309474872e-16,"c11110",8.21411151225537e-15,"S",0.0114606695838401,"S=1","11101",30,9.69372364838286e-05
"3455",1,1,1,1,1,1,1,0,1,FALSE,3.02470309474872e-16,"c11110",8.21411151225537e-15,"Su",-0.0602590697986119,"Su=0","11101",30,4.73168433684648e-05
"3456",1,1,1,1,1,1,1,0,1,FALSE,3.02470309474872e-16,"c11110",8.21411151225537e-15,"br",-0.0566827035283073,"br=1","11101",30,4.90396910377194e-05
"3457",0,0,0,0,0,0,0,1,1,TRUE,2.59936306012945e-15,"c00001",4.99187889762761e-09,"P",0.000593609585963014,"P=0","00011",4,0.000106507626216169
"3458",0,0,0,0,0,0,0,1,1,TRUE,2.59936306012945e-15,"c00001",4.99187889762761e-09,"Pu",-0.000536095097264664,"Pu=0","00011",4,0.000105311175479366
"3459",0,0,0,0,0,0,0,1,1,TRUE,2.59936306012945e-15,"c00001",4.99187889762761e-09,"K",-0.0324870337335654,"K=0","00011",4,7.65091358864252e-05
"3460",0,0,0,0,0,0,0,1,1,TRUE,2.59936306012945e-15,"c00001",4.99187889762761e-09,"Ku",-0.0307563868053041,"Ku=0","00011",4,7.78447630553625e-05
"3461",0,0,0,0,0,0,0,1,1,TRUE,2.59936306012945e-15,"c00001",4.99187889762761e-09,"C",0.105613835662423,"C=0","00011",4,0.00030442320378238
"3462",0,0,0,0,0,0,0,1,1,TRUE,2.59936306012945e-15,"c00001",4.99187889762761e-09,"Cu",0.154370353622835,"Cu=0","00011",4,0.000495706506398419
"3463",0,0,0,0,0,0,0,1,1,TRUE,2.59936306012945e-15,"c00001",4.99187889762761e-09,"S",0,"S=0","00011",4,0.000105877259546687
"3464",0,0,0,0,0,0,0,1,1,TRUE,2.59936306012945e-15,"c00001",4.99187889762761e-09,"Su",0.00346356042328737,"Su=1","00011",4,0.000109608628501941
"3465",0,0,0,0,0,0,0,1,1,TRUE,2.59936306012945e-15,"c00001",4.99187889762761e-09,"br",0.91518473197259,"br=1","00011",4,0.998618211701133
"3466",1,0,0,0,0,0,0,1,1,TRUE,2.59936306012945e-15,"c10001",4.99187889762761e-09,"P",0.00139839758280257,"P=1","00011",4,0.000106907416298978
"3467",1,0,0,0,0,0,0,1,1,TRUE,2.59936306012945e-15,"c10001",4.99187889762761e-09,"Pu",0.0021925976118578,"Pu=0","00011",4,0.000107759855586165
"3468",1,0,0,0,0,0,0,1,1,TRUE,2.59936306012945e-15,"c10001",4.99187889762761e-09,"K",-0.0308578372516095,"K=0","00011",4,7.7432055091069e-05
"3469",1,0,0,0,0,0,0,1,1,TRUE,2.59936306012945e-15,"c10001",4.99187889762761e-09,"Ku",-0.0271472646307001,"Ku=0","00011",4,8.0359198781498e-05
"3470",1,0,0,0,0,0,0,1,1,TRUE,2.59936306012945e-15,"c10001",4.99187889762761e-09,"C",0.101967273731539,"C=0","00011",4,0.00029226237786868
"3471",1,0,0,0,0,0,0,1,1,TRUE,2.59936306012945e-15,"c10001",4.99187889762761e-09,"Cu",0.16366149266586,"Cu=0","00011",4,0.000541635974754128
"3472",1,0,0,0,0,0,0,1,1,TRUE,2.59936306012945e-15,"c10001",4.99187889762761e-09,"S",0,"S=0","00011",4,0.000105422829975933
"3473",1,0,0,0,0,0,0,1,1,TRUE,2.59936306012945e-15,"c10001",4.99187889762761e-09,"Su",0.00239373404459525,"Su=1","00011",4,0.000107976818037737
"3474",1,0,0,0,0,0,0,1,1,TRUE,2.59936306012945e-15,"c10001",4.99187889762761e-09,"br",0.915611057678923,"br=1","00011",4,0.998580243473606
"3475",0,1,0,0,0,0,0,1,1,TRUE,3.94968070273519e-08,"c00001",0.0758506114623669,"P",0.00213286667340302,"P=0","10011",20,0.000107886358597794
"3476",0,1,0,0,0,0,0,1,1,TRUE,3.94968070273519e-08,"c00001",0.0758506114623669,"Pu",-0.0012581553388663,"Pu=1","10011",20,0.000104289242614842
"3477",0,1,0,0,0,0,0,1,1,TRUE,3.94968070273519e-08,"c00001",0.0758506114623669,"K",-0.0284440032758928,"K=0","10011",20,7.94644489350814e-05
"3478",0,1,0,0,0,0,0,1,1,TRUE,3.94968070273519e-08,"c00001",0.0758506114623669,"Ku",-0.034866755330153,"Ku=0","10011",20,7.45210933774994e-05
"3479",0,1,0,0,0,0,0,1,1,TRUE,3.94968070273519e-08,"c00001",0.0758506114623669,"C",0.102860412249651,"C=0","10011",20,0.000295406948951899
"3480",0,1,0,0,0,0,0,1,1,TRUE,3.94968070273519e-08,"c00001",0.0758506114623669,"Cu",0.15920658406618,"Cu=0","10011",20,0.000518954189213259
"3481",0,1,0,0,0,0,0,1,1,TRUE,3.94968070273519e-08,"c00001",0.0758506114623669,"S",0,"S=0","10011",20,0.000105609652273108
"3482",0,1,0,0,0,0,0,1,1,TRUE,3.94968070273519e-08,"c00001",0.0758506114623669,"Su",-0.00114626080882216,"Su=1","10011",20,0.000104406001884188
"3483",0,1,0,0,0,0,0,1,1,TRUE,3.94968070273519e-08,"c00001",0.0758506114623669,"br",0.915436928113691,"br=1","10011",20,0.998609462064152
"3484",1,1,0,0,0,0,0,1,1,TRUE,3.94968070273519e-08,"c10001",0.0758506114623669,"P",-0.0035876613868098,"P=1","10011",20,0.000101658332893246
"3485",1,1,0,0,0,0,0,1,1,TRUE,3.94968070273519e-08,"c10001",0.0758506114623669,"Pu",0.00235059469126857,"Pu=1","10011",20,0.000107877904510348
"3486",1,1,0,0,0,0,0,1,1,TRUE,3.94968070273519e-08,"c10001",0.0758506114623669,"K",-0.0295739354612463,"K=0","10011",20,7.83945784305186e-05
"3487",1,1,0,0,0,0,0,1,1,TRUE,3.94968070273519e-08,"c10001",0.0758506114623669,"Ku",-0.0336749833533908,"Ku=0","10011",20,7.52446115210845e-05
"3488",1,1,0,0,0,0,0,1,1,TRUE,3.94968070273519e-08,"c10001",0.0758506114623669,"C",0.101647004221537,"C=0","10011",20,0.000291186562244997
"3489",1,1,0,0,0,0,0,1,1,TRUE,3.94968070273519e-08,"c10001",0.0758506114623669,"Cu",0.154763708143253,"Cu=0","10011",20,0.000495283937059401
"3490",1,1,0,0,0,0,0,1,1,TRUE,3.94968070273519e-08,"c10001",0.0758506114623669,"S",0,"S=0","10011",20,0.000105371702929339
"3491",1,1,0,0,0,0,0,1,1,TRUE,3.94968070273519e-08,"c10001",0.0758506114623669,"Su",0.00109968293591339,"Su=1","10011",20,0.000106536852298334
"3492",1,1,0,0,0,0,0,1,1,TRUE,3.94968070273519e-08,"c10001",0.0758506114623669,"br",0.915665394881915,"br=1","10011",20,0.998638445518113
"3493",0,0,1,0,0,0,0,1,1,TRUE,2.59936306012945e-15,"c01001",8.64341868548665e-14,"P",0.00173556220312149,"P=0","00011",4,0.000234019124095259
"3494",0,0,1,0,0,0,0,1,1,TRUE,2.59936306012945e-15,"c01001",8.64341868548665e-14,"Pu",0.0028859775599858,"Pu=0","00011",4,0.000236726861286069
"3495",0,0,1,0,0,0,0,1,1,TRUE,2.59936306012945e-15,"c01001",8.64341868548665e-14,"K",0.0350536446955309,"K=1","00011",4,0.000326550191847033
"3496",0,0,1,0,0,0,0,1,1,TRUE,2.59936306012945e-15,"c01001",8.64341868548665e-14,"Ku",-0.18933857147367,"Ku=0","00011",4,3.46279618676541e-05
"3497",0,0,1,0,0,0,0,1,1,TRUE,2.59936306012945e-15,"c01001",8.64341868548665e-14,"C",0.106055782573691,"C=0","00011",4,0.000664214435669851
"3498",0,0,1,0,0,0,0,1,1,TRUE,2.59936306012945e-15,"c01001",8.64341868548665e-14,"Cu",0.170042851587843,"Cu=0","00011",4,0.00125950709979079
"3499",0,0,1,0,0,0,0,1,1,TRUE,2.59936306012945e-15,"c01001",8.64341868548665e-14,"S",0,"S=0","00011",4,0.000229992618950766
"3500",0,0,1,0,0,0,0,1,1,TRUE,2.59936306012945e-15,"c01001",8.64341868548665e-14,"Su",-0.00163408428447197,"Su=1","00011",4,0.00022626488580865
"3501",0,0,1,0,0,0,0,1,1,TRUE,2.59936306012945e-15,"c01001",8.64341868548665e-14,"br",0.837424626866242,"br=1","00011",4,0.996788096820684
"3502",1,0,1,0,0,0,0,1,1,TRUE,2.59936306012945e-15,"c11001",8.64341868548665e-14,"P",0.00182652288783283,"P=1","00011",4,0.000227921248075352
"3503",1,0,1,0,0,0,0,1,1,TRUE,2.59936306012945e-15,"c11001",8.64341868548665e-14,"Pu",0.000584065402673846,"Pu=0","00011",4,0.000225106942944361
"3504",1,0,1,0,0,0,0,1,1,TRUE,2.59936306012945e-15,"c11001",8.64341868548665e-14,"K",0.0322382024316542,"K=1","00011",4,0.000308930694330678
"3505",1,0,1,0,0,0,0,1,1,TRUE,2.59936306012945e-15,"c11001",8.64341868548665e-14,"Ku",-0.189077749171255,"Ku=0","00011",4,3.37829908156492e-05
"3506",1,0,1,0,0,0,0,1,1,TRUE,2.59936306012945e-15,"c11001",8.64341868548665e-14,"C",0.109766008532618,"C=0","00011",4,0.000670749016180082
"3507",1,0,1,0,0,0,0,1,1,TRUE,2.59936306012945e-15,"c11001",8.64341868548665e-14,"Cu",0.171551021677416,"Cu=0","00011",4,0.00124419641910506
"3508",1,0,1,0,0,0,0,1,1,TRUE,2.59936306012945e-15,"c11001",8.64341868548665e-14,"S",0,"S=0","00011",4,0.000223796003270846
"3509",1,0,1,0,0,0,0,1,1,TRUE,2.59936306012945e-15,"c11001",8.64341868548665e-14,"Su",0.000899375735226653,"Su=1","00011",4,0.00022581784858524
"3510",1,0,1,0,0,0,0,1,1,TRUE,2.59936306012945e-15,"c11001",8.64341868548665e-14,"br",0.840161031527066,"br=1","00011",4,0.996839698836693
"3511",0,1,1,0,0,0,0,1,1,TRUE,3.94968070273519e-08,"c01001",1.31335035537618e-06,"P",0.00207205642631892,"P=0","10011",20,0.000228582720825343
"3512",0,1,1,0,0,0,0,1,1,TRUE,3.94968070273519e-08,"c01001",1.31335035537618e-06,"Pu",-0.00205090778473299,"Pu=1","10011",20,0.000219349976275187
"3513",0,1,1,0,0,0,0,1,1,TRUE,3.94968070273519e-08,"c01001",1.31335035537618e-06,"K",0.0318599142860843,"K=1","10011",20,0.000307900518882851
"3514",0,1,1,0,0,0,0,1,1,TRUE,3.94968070273519e-08,"c01001",1.31335035537618e-06,"Ku",-0.193207621729143,"Ku=0","10011",20,3.24305662226661e-05
"3515",0,1,1,0,0,0,0,1,1,TRUE,3.94968070273519e-08,"c01001",1.31335035537618e-06,"C",0.109104004117119,"C=0","10011",20,0.000666618313485035
"3516",0,1,1,0,0,0,0,1,1,TRUE,3.94968070273519e-08,"c01001",1.31335035537618e-06,"Cu",0.176734046895791,"Cu=0","10011",20,0.00131096405614256
"3517",0,1,1,0,0,0,0,1,1,TRUE,3.94968070273519e-08,"c01001",1.31335035537618e-06,"S",0,"S=0","10011",20,0.00022389509075418
"3518",0,1,1,0,0,0,0,1,1,TRUE,3.94968070273519e-08,"c01001",1.31335035537618e-06,"Su",0.00051997021434286,"Su=1","10011",20,0.000225062310505166
"3519",0,1,1,0,0,0,0,1,1,TRUE,3.94968070273519e-08,"c01001",1.31335035537618e-06,"br",0.840111297852858,"br=1","10011",20,0.996785196446907
"3520",1,1,1,0,0,0,0,1,1,TRUE,3.94968070273519e-08,"c11001",1.31335035537618e-06,"P",0.00834266563832968,"P=1","10011",20,0.00024312597037104
"3521",1,1,1,0,0,0,0,1,1,TRUE,3.94968070273519e-08,"c11001",1.31335035537618e-06,"Pu",0.00236971033698272,"Pu=1","10011",20,0.000229029348010669
"3522",1,1,1,0,0,0,0,1,1,TRUE,3.94968070273519e-08,"c11001",1.31335035537618e-06,"K",0.033706820282438,"K=1","10011",20,0.00031331881551169
"3523",1,1,1,0,0,0,0,1,1,TRUE,3.94968070273519e-08,"c11001",1.31335035537618e-06,"Ku",-0.190894833706554,"Ku=0","10011",20,3.31553705867267e-05
"3524",1,1,1,0,0,0,0,1,1,TRUE,3.94968070273519e-08,"c11001",1.31335035537618e-06,"C",0.108791697909536,"C=0","10011",20,0.000663859166489648
"3525",1,1,1,0,0,0,0,1,1,TRUE,3.94968070273519e-08,"c11001",1.31335035537618e-06,"Cu",0.164792581738526,"Cu=0","10011",20,0.00116221025874872
"3526",1,1,1,0,0,0,0,1,1,TRUE,3.94968070273519e-08,"c11001",1.31335035537618e-06,"S",0,"S=0","10011",20,0.000223665816940996
"3527",1,1,1,0,0,0,0,1,1,TRUE,3.94968070273519e-08,"c11001",1.31335035537618e-06,"Su",-0.000685369196675079,"Su=1","10011",20,0.00022213812148527
"3528",1,1,1,0,0,0,0,1,1,TRUE,3.94968070273519e-08,"c11001",1.31335035537618e-06,"br",0.840226222040513,"br=1","10011",20,0.996909497131855
"3529",0,0,0,1,0,0,0,1,1,TRUE,2.41067322828298e-15,"c00001",4.62951443833413e-09,"P",-0.000621828522117766,"P=0","01011",12,0.000217069481896244
"3530",0,0,0,1,0,0,0,1,1,TRUE,2.41067322828298e-15,"c00001",4.62951443833413e-09,"Pu",-0.000721838144312656,"Pu=0","01011",12,0.000216852500046949
"3531",0,0,0,1,0,0,0,1,1,TRUE,2.41067322828298e-15,"c00001",4.62951443833413e-09,"K",-0.19105283197362,"K=0","01011",12,3.23271508537957e-05
"3532",0,0,0,1,0,0,0,1,1,TRUE,2.41067322828298e-15,"c00001",4.62951443833413e-09,"Ku",0.028336628644295,"Ku=1","01011",12,0.000289977132674227
"3533",0,0,0,1,0,0,0,1,1,TRUE,2.41067322828298e-15,"c00001",4.62951443833413e-09,"C",0.106224542878597,"C=0","01011",12,0.000631868440913902
"3534",0,0,0,1,0,0,0,1,1,TRUE,2.41067322828298e-15,"c00001",4.62951443833413e-09,"Cu",0.169880254422407,"Cu=0","01011",12,0.00119420781092017
"3535",0,0,0,1,0,0,0,1,1,TRUE,2.41067322828298e-15,"c00001",4.62951443833413e-09,"S",0,"S=0","01011",12,0.000218423487280374
"3536",0,0,0,1,0,0,0,1,1,TRUE,2.41067322828298e-15,"c00001",4.62951443833413e-09,"Su",-0.00187086363857919,"Su=1","01011",12,0.000214375069945221
"3537",0,0,0,1,0,0,0,1,1,TRUE,2.41067322828298e-15,"c00001",4.62951443833413e-09,"br",0.842605512173417,"br=1","01011",12,0.996984898925469
"3538",1,0,0,1,0,0,0,1,1,TRUE,2.41067322828298e-15,"c10001",4.62951443833413e-09,"P",0.0014748585953012,"P=1","01011",12,0.000231070753757614
"3539",1,0,0,1,0,0,0,1,1,TRUE,2.41067322828298e-15,"c10001",4.62951443833413e-09,"Pu",0.000554302294657573,"Pu=0","01011",12,0.00022895337814486
"3540",1,0,0,1,0,0,0,1,1,TRUE,2.41067322828298e-15,"c10001",4.62951443833413e-09,"K",-0.189044261319861,"K=0","01011",12,3.4381985771894e-05
"3541",1,0,0,1,0,0,0,1,1,TRUE,2.41067322828298e-15,"c10001",4.62951443833413e-09,"Ku",0.0359110576193543,"Ku=1","01011",12,0.000326061478253616
"3542",1,0,0,1,0,0,0,1,1,TRUE,2.41067322828298e-15,"c10001",4.62951443833413e-09,"C",0.102275164544355,"C=0","01011",12,0.000633162445027766
"3543",1,0,0,1,0,0,0,1,1,TRUE,2.41067322828298e-15,"c10001",4.62951443833413e-09,"Cu",0.173587828573593,"Cu=0","01011",12,0.00129187981391433
"3544",1,0,0,1,0,0,0,1,1,TRUE,2.41067322828298e-15,"c10001",4.62951443833413e-09,"S",0,"S=0","01011",12,0.00022768779513437
"3545",1,0,0,1,0,0,0,1,1,TRUE,2.41067322828298e-15,"c10001",4.62951443833413e-09,"Su",0.00733237314071428,"Su=1","01011",12,0.000245010018709555
"3546",1,0,0,1,0,0,0,1,1,TRUE,2.41067322828298e-15,"c10001",4.62951443833413e-09,"br",0.838431178973464,"br=1","01011",12,0.996781792331286
"3547",0,1,0,1,0,0,0,1,1,TRUE,3.66297023928449e-08,"c00001",0.0703445552512069,"P",-0.00229187722112263,"P=0","11011",28,0.000226734594355109
"3548",0,1,0,1,0,0,0,1,1,TRUE,3.66297023928449e-08,"c00001",0.0703445552512069,"Pu",0.00370704810267313,"Pu=1","11011",28,0.000240752491328754
"3549",0,1,0,1,0,0,0,1,1,TRUE,3.66297023928449e-08,"c00001",0.0703445552512069,"K",-0.187824158867578,"K=0","11011",28,3.54618449777001e-05
"3550",0,1,0,1,0,0,0,1,1,TRUE,3.66297023928449e-08,"c00001",0.0703445552512069,"Ku",0.0341188423441365,"Ku=1","11011",28,0.000326322886714013
"3551",0,1,0,1,0,0,0,1,1,TRUE,3.66297023928449e-08,"c00001",0.0703445552512069,"C",0.1120090441732,"C=0","11011",28,0.000711083141895311
"3552",0,1,0,1,0,0,0,1,1,TRUE,3.66297023928449e-08,"c00001",0.0703445552512069,"Cu",0.173261272101356,"Cu=0","11011",28,0.0013120048141381
"3553",0,1,0,1,0,0,0,1,1,TRUE,3.66297023928449e-08,"c00001",0.0703445552512069,"S",0,"S=0","11011",28,0.000231991078873689
"3554",0,1,0,1,0,0,0,1,1,TRUE,3.66297023928449e-08,"c00001",0.0703445552512069,"Su",0.00689728542516245,"Su=1","11011",28,0.000248556894750158
"3555",0,1,0,1,0,0,0,1,1,TRUE,3.66297023928449e-08,"c00001",0.0703445552512069,"br",0.836547316591202,"br=1","11011",28,0.996667092252967
"3556",1,1,0,1,0,0,0,1,1,TRUE,3.66297023928449e-08,"c10001",0.0703445552512069,"P",-0.0025681997493797,"P=1","11011",28,0.000219873036711145
"3557",1,1,0,1,0,0,0,1,1,TRUE,3.66297023928449e-08,"c10001",0.0703445552512069,"Pu",0.000556056459533491,"Pu=1","11011",28,0.000226850868810714
"3558",1,1,0,1,0,0,0,1,1,TRUE,3.66297023928449e-08,"c10001",0.0703445552512069,"K",-0.19217425819704,"K=0","11011",28,3.30159140587166e-05
"3559",1,1,0,1,0,0,0,1,1,TRUE,3.66297023928449e-08,"c10001",0.0703445552512069,"Ku",0.0377100203064956,"Ku=1","11011",28,0.000328925892444171
"3560",1,1,0,1,0,0,0,1,1,TRUE,3.66297023928449e-08,"c10001",0.0703445552512069,"C",0.10563762639791,"C=0","11011",28,0.000648789640417978
"3561",1,1,0,1,0,0,0,1,1,TRUE,3.66297023928449e-08,"c10001",0.0703445552512069,"Cu",0.170265164826251,"Cu=0","11011",28,0.00123816276612193
"3562",1,1,0,1,0,0,0,1,1,TRUE,3.66297023928449e-08,"c10001",0.0703445552512069,"S",0,"S=0","11011",28,0.000225592950510388
"3563",1,1,0,1,0,0,0,1,1,TRUE,3.66297023928449e-08,"c10001",0.0703445552512069,"Su",0.00172616177738415,"Su=1","11011",28,0.000229520853241905
"3564",1,1,0,1,0,0,0,1,1,TRUE,3.66297023928449e-08,"c10001",0.0703445552512069,"br",0.83936225806375,"br=1","11011",28,0.996849268077683
"3565",0,0,1,1,0,0,0,1,1,TRUE,2.41067322828298e-15,"c01001",8.01598604886919e-14,"P",0.00305437364483057,"P=0","01011",12,0.0105134932144948
"3566",0,0,1,1,0,0,0,1,1,TRUE,2.41067322828298e-15,"c01001",8.01598604886919e-14,"Pu",-0.00136214928260565,"Pu=0","01011",12,0.0100592667158166
"3567",0,0,1,1,0,0,0,1,1,TRUE,2.41067322828298e-15,"c01001",8.01598604886919e-14,"K",0.270816195602923,"K=1","01011",12,0.152975491119328
"3568",0,0,1,1,0,0,0,1,1,TRUE,2.41067322828298e-15,"c01001",8.01598604886919e-14,"Ku",0.261079127677153,"Ku=1","01011",12,0.13878237247398
"3569",0,0,1,1,0,0,0,1,1,TRUE,2.41067322828298e-15,"c01001",8.01598604886919e-14,"C",0.185218477240139,"C=0","01011",12,0.0649943625523447
"3570",0,0,1,1,0,0,0,1,1,TRUE,2.41067322828298e-15,"c01001",8.01598604886919e-14,"Cu",0.295873277277314,"Cu=0","01011",12,0.196536573081376
"3571",0,0,1,1,0,0,0,1,1,TRUE,2.41067322828298e-15,"c01001",8.01598604886919e-14,"S",0,"S=0","01011",12,0.0101972264206477
"3572",0,0,1,1,0,0,0,1,1,TRUE,2.41067322828298e-15,"c01001",8.01598604886919e-14,"Su",0.00580383802041089,"Su=1","01011",12,0.0108065685029592
"3573",0,0,1,1,0,0,0,1,1,TRUE,2.41067322828298e-15,"c01001",8.01598604886919e-14,"br",0.368210370714461,"br=1","01011",12,0.405134645919053
"3574",1,0,1,1,0,0,0,1,1,TRUE,2.41067322828298e-15,"c11001",8.01598604886919e-14,"P",-0.00231372293989732,"P=1","01011",12,0.0100735662861682
"3575",1,0,1,1,0,0,0,1,1,TRUE,2.41067322828298e-15,"c11001",8.01598604886919e-14,"Pu",-0.000783137503326911,"Pu=0","01011",12,0.0102289368309542
"3576",1,0,1,1,0,0,0,1,1,TRUE,2.41067322828298e-15,"c11001",8.01598604886919e-14,"K",0.264509434785269,"K=1","01011",12,0.145204975866392
"3577",1,0,1,1,0,0,0,1,1,TRUE,2.41067322828298e-15,"c11001",8.01598604886919e-14,"Ku",0.269571286978104,"Ku=1","01011",12,0.152744240628962
"3578",1,0,1,1,0,0,0,1,1,TRUE,2.41067322828298e-15,"c11001",8.01598604886919e-14,"C",0.187776849647513,"C=0","01011",12,0.0674118298431908
"3579",1,0,1,1,0,0,0,1,1,TRUE,2.41067322828298e-15,"c11001",8.01598604886919e-14,"Cu",0.290284154443966,"Cu=0","01011",12,0.18789692993137
"3580",1,0,1,1,0,0,0,1,1,TRUE,2.41067322828298e-15,"c11001",8.01598604886919e-14,"S",0,"S=0","01011",12,0.0103093579644761
"3581",1,0,1,1,0,0,0,1,1,TRUE,2.41067322828298e-15,"c11001",8.01598604886919e-14,"Su",-0.00153793996881712,"Su=1","01011",12,0.0101520192167681
"3582",1,0,1,1,0,0,0,1,1,TRUE,2.41067322828298e-15,"c11001",8.01598604886919e-14,"br",0.367324730123749,"br=1","01011",12,0.405978143431718
"3583",0,1,1,1,0,0,0,1,1,TRUE,3.66297023928449e-08,"c01001",1.21801320855258e-06,"P",-0.000809144779362728,"P=0","11011",28,0.0101792012912672
"3584",0,1,1,1,0,0,0,1,1,TRUE,3.66297023928449e-08,"c01001",1.21801320855258e-06,"Pu",-0.00482878374856811,"Pu=1","11011",28,0.0097781485834874
"3585",0,1,1,1,0,0,0,1,1,TRUE,3.66297023928449e-08,"c01001",1.21801320855258e-06,"K",0.264390908802801,"K=1","11011",28,0.144365327772427
"3586",0,1,1,1,0,0,0,1,1,TRUE,3.66297023928449e-08,"c01001",1.21801320855258e-06,"Ku",0.262264944627613,"Ku=1","11011",28,0.1413285672201
"3587",0,1,1,1,0,0,0,1,1,TRUE,3.66297023928449e-08,"c01001",1.21801320855258e-06,"C",0.188481988490084,"C=0","11011",28,0.0675763373196539
"3588",0,1,1,1,0,0,0,1,1,TRUE,3.66297023928449e-08,"c01001",1.21801320855258e-06,"Cu",0.294488545836907,"Cu=0","11011",28,0.19506317014966
"3589",0,1,1,1,0,0,0,1,1,TRUE,3.66297023928449e-08,"c01001",1.21801320855258e-06,"S",0,"S=0","11011",28,0.0102618998916001
"3590",0,1,1,1,0,0,0,1,1,TRUE,3.66297023928449e-08,"c01001",1.21801320855258e-06,"Su",0.00382514919182614,"Su=1","11011",28,0.0106620370050675
"3591",0,1,1,1,0,0,0,1,1,TRUE,3.66297023928449e-08,"c01001",1.21801320855258e-06,"br",0.368963272256805,"br=1","11011",28,0.410785310766737
"3592",1,1,1,1,0,0,0,1,1,TRUE,3.66297023928449e-08,"c11001",1.21801320855258e-06,"P",0.00096343613670782,"P=1","11011",28,0.0101476215773728
"3593",1,1,1,1,0,0,0,1,1,TRUE,3.66297023928449e-08,"c11001",1.21801320855258e-06,"Pu",0.00485438141256186,"Pu=1","11011",28,0.0105502420568377
"3594",1,1,1,1,0,0,0,1,1,TRUE,3.66297023928449e-08,"c11001",1.21801320855258e-06,"K",0.267215395275036,"K=1","11011",28,0.145439318125142
"3595",1,1,1,1,0,0,0,1,1,TRUE,3.66297023928449e-08,"c11001",1.21801320855258e-06,"Ku",0.264047325165016,"Ku=1","11011",28,0.140903920182064
"3596",1,1,1,1,0,0,0,1,1,TRUE,3.66297023928449e-08,"c11001",1.21801320855258e-06,"C",0.187831690330623,"C=0","11011",28,0.0657540911946974
"3597",1,1,1,1,0,0,0,1,1,TRUE,3.66297023928449e-08,"c11001",1.21801320855258e-06,"Cu",0.290980642997875,"Cu=0","11011",28,0.184456086073419
"3598",1,1,1,1,0,0,0,1,1,TRUE,3.66297023928449e-08,"c11001",1.21801320855258e-06,"S",0,"S=0","11011",28,0.0100503251710431
"3599",1,1,1,1,0,0,0,1,1,TRUE,3.66297023928449e-08,"c11001",1.21801320855258e-06,"Su",0.00119404188873544,"Su=1","11011",28,0.0101710495792018
"3600",1,1,1,1,0,0,0,1,1,TRUE,3.66297023928449e-08,"c11001",1.21801320855258e-06,"br",0.373864917974892,"br=1","11011",28,0.422527346040222
"3601",0,0,0,0,1,0,0,1,1,TRUE,2.59936306012945e-15,"c00101",4.99187890468571e-09,"P",3.40405912239061e-05,"P=0","00011",4,0.000377565045342139
"3602",0,0,0,0,1,0,0,1,1,TRUE,2.59936306012945e-15,"c00101",4.99187890468571e-09,"Pu",0.00495389028112848,"Pu=0","00011",4,0.000396605211438204
"3603",0,0,0,0,1,0,0,1,1,TRUE,2.59936306012945e-15,"c00101",4.99187890468571e-09,"K",-0.0255165650418298,"K=0","00011",4,0.000292433357485845
"3604",0,0,0,0,1,0,0,1,1,TRUE,2.59936306012945e-15,"c00101",4.99187890468571e-09,"Ku",-0.0309523767441952,"Ku=0","00011",4,0.000276961549486463
"3605",0,0,0,0,1,0,0,1,1,TRUE,2.59936306012945e-15,"c00101",4.99187890468571e-09,"C",0,"C=1","00011",4,0.000377436541841366
"3606",0,0,0,0,1,0,0,1,1,TRUE,2.59936306012945e-15,"c00101",4.99187890468571e-09,"Cu",0.509819478944953,"Cu=0","00011",4,0.0617962055643422
"3607",0,0,0,0,1,0,0,1,1,TRUE,2.59936306012945e-15,"c00101",4.99187890468571e-09,"S",0,"S=0","00011",4,0.000377436541841366
"3608",0,0,0,0,1,0,0,1,1,TRUE,2.59936306012945e-15,"c00101",4.99187890468571e-09,"Su",0.00260457551571025,"Su=1","00011",4,0.000387396303315216
"3609",0,0,0,0,1,0,0,1,1,TRUE,2.59936306012945e-15,"c00101",4.99187890468571e-09,"br",0.781566693166693,"br=1","00011",4,0.935717959884907
"3610",1,0,0,0,1,0,0,1,1,TRUE,2.59936306012945e-15,"c10101",4.99187890468571e-09,"P",1.96943206015949e-05,"P=1","00011",4,0.000372412166554193
"3611",1,0,0,0,1,0,0,1,1,TRUE,2.59936306012945e-15,"c10101",4.99187890468571e-09,"Pu",-0.00583147331917538,"Pu=0","00011",4,0.000351246950630956
"3612",1,0,0,0,1,0,0,1,1,TRUE,2.59936306012945e-15,"c10101",4.99187890468571e-09,"K",-0.0267189845064532,"K=0","00011",4,0.000285035697627938
"3613",1,0,0,0,1,0,0,1,1,TRUE,2.59936306012945e-15,"c10101",4.99187890468571e-09,"Ku",-0.0312158824145686,"Ku=0","00011",4,0.000272501862291893
"3614",1,0,0,0,1,0,0,1,1,TRUE,2.59936306012945e-15,"c10101",4.99187890468571e-09,"C",0,"C=1","00011",4,0.000372338829729985
"3615",1,0,0,0,1,0,0,1,1,TRUE,2.59936306012945e-15,"c10101",4.99187890468571e-09,"Cu",0.507555370340018,"Cu=0","00011",4,0.0595968485945146
"3616",1,0,0,0,1,0,0,1,1,TRUE,2.59936306012945e-15,"c10101",4.99187890468571e-09,"S",0,"S=0","00011",4,0.000372338829729985
"3617",1,0,0,0,1,0,0,1,1,TRUE,2.59936306012945e-15,"c10101",4.99187890468571e-09,"Su",-0.0007619815026965,"Su=1","00011",4,0.000369512458607944
"3618",1,0,0,0,1,0,0,1,1,TRUE,2.59936306012945e-15,"c10101",4.99187890468571e-09,"br",0.783170923346593,"br=1","00011",4,0.938007764610312
"3619",0,1,0,0,1,0,0,1,1,TRUE,3.94968070273519e-08,"c00101",0.0758506115696133,"P",-0.00645999840893668,"P=0","10011",20,0.00033347935416112
"3620",0,1,0,0,1,0,0,1,1,TRUE,3.94968070273519e-08,"c00101",0.0758506115696133,"Pu",-0.00248490716038325,"Pu=1","10011",20,0.000347002460035623
"3621",0,1,0,0,1,0,0,1,1,TRUE,3.94968070273519e-08,"c00101",0.0758506115696133,"K",-0.0258033600641483,"K=0","10011",20,0.000274828520217216
"3622",0,1,0,0,1,0,0,1,1,TRUE,3.94968070273519e-08,"c00101",0.0758506115696133,"Ku",-0.0291628098427693,"Ku=0","10011",20,0.000265749156328973
"3623",0,1,0,0,1,0,0,1,1,TRUE,3.94968070273519e-08,"c00101",0.0758506115696133,"C",0,"C=1","10011",20,0.000355733174844261
"3624",0,1,0,0,1,0,0,1,1,TRUE,3.94968070273519e-08,"c00101",0.0758506115696133,"Cu",0.503925462490623,"Cu=0","10011",20,0.0549091656817638
"3625",0,1,0,0,1,0,0,1,1,TRUE,3.94968070273519e-08,"c00101",0.0758506115696133,"S",0,"S=0","10011",20,0.000355733174844261
"3626",0,1,0,0,1,0,0,1,1,TRUE,3.94968070273519e-08,"c00101",0.0758506115696133,"Su",-0.00766750201325728,"Su=1","10011",20,0.000329476793107618
"3627",0,1,0,0,1,0,0,1,1,TRUE,3.94968070273519e-08,"c00101",0.0758506115696133,"br",0.788245908952405,"br=1","10011",20,0.942828831684697
"3628",1,1,0,0,1,0,0,1,1,TRUE,3.94968070273519e-08,"c10101",0.0758506115696133,"P",0.00534571309116623,"P=1","10011",20,0.000384715803091964
"3629",1,1,0,0,1,0,0,1,1,TRUE,3.94968070273519e-08,"c10101",0.0758506115696133,"Pu",0.00228054370826561,"Pu=1","10011",20,0.000373102504949626
"3630",1,1,0,0,1,0,0,1,1,TRUE,3.94968070273519e-08,"c10101",0.0758506115696133,"K",-0.0351133179965452,"K=0","10011",20,0.000256701665773302
"3631",1,1,0,0,1,0,0,1,1,TRUE,3.94968070273519e-08,"c10101",0.0758506115696133,"Ku",-0.0292426695436979,"Ku=0","10011",20,0.000272222857961231
"3632",1,1,0,0,1,0,0,1,1,TRUE,3.94968070273519e-08,"c10101",0.0758506115696133,"C",0,"C=1","10011",20,0.000364690028942887
"3633",1,1,0,0,1,0,0,1,1,TRUE,3.94968070273519e-08,"c10101",0.0758506115696133,"Cu",0.507192507916699,"Cu=0","10011",20,0.0581611471570702
"3634",1,1,0,0,1,0,0,1,1,TRUE,3.94968070273519e-08,"c10101",0.0758506115696133,"S",0,"S=0","10011",20,0.000364690028942887
"3635",1,1,0,0,1,0,0,1,1,TRUE,3.94968070273519e-08,"c10101",0.0758506115696133,"Su",-0.0033899010931916,"Su=1","10011",20,0.000352534590343715
"3636",1,1,0,0,1,0,0,1,1,TRUE,3.94968070273519e-08,"c10101",0.0758506115696133,"br",0.78540236163927,"br=1","10011",20,0.939470195362924
"3637",0,0,1,0,1,0,0,1,1,TRUE,2.59936306012945e-15,"c01101",8.64341869770773e-14,"P",-0.00103776337360689,"P=0","00011",4,0.000710935234920254
"3638",0,0,1,0,1,0,0,1,1,TRUE,2.59936306012945e-15,"c01101",8.64341869770773e-14,"Pu",-0.00429099303716643,"Pu=0","00011",4,0.000688179041552255
"3639",0,0,1,0,1,0,0,1,1,TRUE,2.59936306012945e-15,"c01101",8.64341869770773e-14,"K",0.0304507012836826,"K=1","00011",4,0.000974053258274525
"3640",0,0,1,0,1,0,0,1,1,TRUE,2.59936306012945e-15,"c01101",8.64341869770773e-14,"Ku",-0.160727265869994,"Ku=0","00011",4,0.000143981714743336
"3641",0,0,1,0,1,0,0,1,1,TRUE,2.59936306012945e-15,"c01101",8.64341869770773e-14,"C",0,"C=1","00011",4,0.00071835147535406
"3642",0,0,1,0,1,0,0,1,1,TRUE,2.59936306012945e-15,"c01101",8.64341869770773e-14,"Cu",0.537688995545867,"Cu=0","00011",4,0.15541417433962
"3643",0,0,1,0,1,0,0,1,1,TRUE,2.59936306012945e-15,"c01101",8.64341869770773e-14,"S",0,"S=0","00011",4,0.00071835147535406
"3644",0,0,1,0,1,0,0,1,1,TRUE,2.59936306012945e-15,"c01101",8.64341869770773e-14,"Su",-0.00101636434956397,"Su=1","00011",4,0.000711087384400775
"3645",0,0,1,0,1,0,0,1,1,TRUE,2.59936306012945e-15,"c01101",8.64341869770773e-14,"br",0.706410401387673,"br=1","00011",4,0.839920886075781
"3646",1,0,1,0,1,0,0,1,1,TRUE,2.59936306012945e-15,"c11101",8.64341869770773e-14,"P",0.00057570462620199,"P=1","00011",4,0.000709607783026355
"3647",1,0,1,0,1,0,0,1,1,TRUE,2.59936306012945e-15,"c11101",8.64341869770773e-14,"Pu",0.00282630859693256,"Pu=0","00011",4,0.000725759315733081
"3648",1,0,1,0,1,0,0,1,1,TRUE,2.59936306012945e-15,"c11101",8.64341869770773e-14,"K",0.027772149359579,"K=1","00011",4,0.000931388838084455
"3649",1,0,1,0,1,0,0,1,1,TRUE,2.59936306012945e-15,"c11101",8.64341869770773e-14,"Ku",-0.162156809259336,"Ku=0","00011",4,0.00013940554292486
"3650",1,0,1,0,1,0,0,1,1,TRUE,2.59936306012945e-15,"c11101",8.64341869770773e-14,"C",0,"C=1","00011",4,0.00070553427512917
"3651",1,0,1,0,1,0,0,1,1,TRUE,2.59936306012945e-15,"c11101",8.64341869770773e-14,"Cu",0.5349824917467,"Cu=0","00011",4,0.148565359294944
"3652",1,0,1,0,1,0,0,1,1,TRUE,2.59936306012945e-15,"c11101",8.64341869770773e-14,"S",0,"S=0","00011",4,0.00070553427512917
"3653",1,0,1,0,1,0,0,1,1,TRUE,2.59936306012945e-15,"c11101",8.64341869770773e-14,"Su",-0.00142269979690476,"Su=1","00011",4,0.00069556770571963
"3654",1,0,1,0,1,0,0,1,1,TRUE,2.59936306012945e-15,"c11101",8.64341869770773e-14,"br",0.709029025976925,"br=1","00011",4,0.846821842969309
"3655",0,1,1,0,1,0,0,1,1,TRUE,3.94968070273519e-08,"c01101",1.31335035723315e-06,"P",-0.00172392759982088,"P=0","10011",20,0.000692008499948733
"3656",0,1,1,0,1,0,0,1,1,TRUE,3.94968070273519e-08,"c01101",1.31335035723315e-06,"Pu",0.0104357542683717,"Pu=1","10011",20,0.000781484297888953
"3657",0,1,1,0,1,0,0,1,1,TRUE,3.94968070273519e-08,"c01101",1.31335035723315e-06,"K",0.0283267311697906,"K=1","10011",20,0.000934587098996748
"3658",0,1,1,0,1,0,0,1,1,TRUE,3.94968070273519e-08,"c01101",1.31335035723315e-06,"Ku",-0.161500893157053,"Ku=0","10011",20,0.000140026064899345
"3659",0,1,1,0,1,0,0,1,1,TRUE,3.94968070273519e-08,"c01101",1.31335035723315e-06,"C",0,"C=1","10011",20,0.000704041648847827
"3660",0,1,1,0,1,0,0,1,1,TRUE,3.94968070273519e-08,"c01101",1.31335035723315e-06,"Cu",0.54044975605787,"Cu=0","10011",20,0.156581994030835
"3661",0,1,1,0,1,0,0,1,1,TRUE,3.94968070273519e-08,"c01101",1.31335035723315e-06,"S",0,"S=0","10011",20,0.000704041648847827
"3662",0,1,1,0,1,0,0,1,1,TRUE,3.94968070273519e-08,"c01101",1.31335035723315e-06,"Su",0.00679879870913462,"Su=1","10011",20,0.000753572703996478
"3663",0,1,1,0,1,0,0,1,1,TRUE,3.94968070273519e-08,"c01101",1.31335035723315e-06,"br",0.708278066772572,"br=1","10011",20,0.838708244005739
"3664",1,1,1,0,1,0,0,1,1,TRUE,3.94968070273519e-08,"c11101",1.31335035723315e-06,"P",0.00338900526686069,"P=1","10011",20,0.000749696161136313
"3665",1,1,1,0,1,0,0,1,1,TRUE,3.94968070273519e-08,"c11101",1.31335035723315e-06,"Pu",0.000724273672180657,"Pu=1","10011",20,0.0007299825939952
"3666",1,1,1,0,1,0,0,1,1,TRUE,3.94968070273519e-08,"c11101",1.31335035723315e-06,"K",0.0287707878421432,"K=1","10011",20,0.00096631109967195
"3667",1,1,1,0,1,0,0,1,1,TRUE,3.94968070273519e-08,"c11101",1.31335035723315e-06,"Ku",-0.159501149108664,"Ku=0","10011",20,0.000147049087882195
"3668",1,1,1,0,1,0,0,1,1,TRUE,3.94968070273519e-08,"c11101",1.31335035723315e-06,"C",0,"C=1","10011",20,0.000724714622549094
"3669",1,1,1,0,1,0,0,1,1,TRUE,3.94968070273519e-08,"c11101",1.31335035723315e-06,"Cu",0.538504231611361,"Cu=0","10011",20,0.158074270719661
"3670",1,1,1,0,1,0,0,1,1,TRUE,3.94968070273519e-08,"c11101",1.31335035723315e-06,"S",0,"S=0","10011",20,0.000724714622549094
"3671",1,1,1,0,1,0,0,1,1,TRUE,3.94968070273519e-08,"c11101",1.31335035723315e-06,"Su",-0.00415949713837484,"Su=1","10011",20,0.000695188465308956
"3672",1,1,1,0,1,0,0,1,1,TRUE,3.94968070273519e-08,"c11101",1.31335035723315e-06,"br",0.705202606941591,"br=1","10011",20,0.837188072627246
"3673",0,0,0,1,1,0,0,1,1,TRUE,2.41067322828298e-15,"c00101",4.62951444487988e-09,"P",0.00210956843234566,"P=0","01011",12,0.000717506293431383
"3674",0,0,0,1,1,0,0,1,1,TRUE,2.41067322828298e-15,"c00101",4.62951444487988e-09,"Pu",-0.00118938591601304,"Pu=0","01011",12,0.000694222264751218
"3675",0,0,0,1,1,0,0,1,1,TRUE,2.41067322828298e-15,"c00101",4.62951444487988e-09,"K",-0.163447911097842,"K=0","01011",12,0.00013703096519726
"3676",0,0,0,1,1,0,0,1,1,TRUE,2.41067322828298e-15,"c00101",4.62951444487988e-09,"Ku",0.0253449856331506,"Ku=1","01011",12,0.000905181875521994
"3677",0,0,0,1,1,0,0,1,1,TRUE,2.41067322828298e-15,"c00101",4.62951444487988e-09,"C",0,"C=1","01011",12,0.000702528545541261
"3678",0,0,0,1,1,0,0,1,1,TRUE,2.41067322828298e-15,"c00101",4.62951444487988e-09,"Cu",0.53785547132883,"Cu=0","01011",12,0.152244147975834
"3679",0,0,0,1,1,0,0,1,1,TRUE,2.41067322828298e-15,"c00101",4.62951444487988e-09,"S",0,"S=0","01011",12,0.000702528545541261
"3680",0,0,0,1,1,0,0,1,1,TRUE,2.41067322828298e-15,"c00101",4.62951444487988e-09,"Su",-0.00424605690758836,"Su=1","01011",12,0.000673323209035971
"3681",0,0,0,1,1,0,0,1,1,TRUE,2.41067322828298e-15,"c00101",4.62951444487988e-09,"br",0.709030132775841,"br=1","01011",12,0.843223530325145
"3682",1,0,0,1,1,0,0,1,1,TRUE,2.41067322828298e-15,"c10101",4.62951444487988e-09,"P",-0.00220440104778524,"P=1","01011",12,0.000694348538487411
"3683",1,0,0,1,1,0,0,1,1,TRUE,2.41067322828298e-15,"c10101",4.62951444487988e-09,"Pu",0.00118269074117383,"Pu=0","01011",12,0.000718269587884765
"3684",1,0,0,1,1,0,0,1,1,TRUE,2.41067322828298e-15,"c10101",4.62951444487988e-09,"K",-0.165211522649419,"K=0","01011",12,0.000136033725316505
"3685",1,0,0,1,1,0,0,1,1,TRUE,2.41067322828298e-15,"c10101",4.62951444487988e-09,"Ku",0.0252540446243146,"Ku=1","01011",12,0.000913751367826107
"3686",1,0,0,1,1,0,0,1,1,TRUE,2.41067322828298e-15,"c10101",4.62951444487988e-09,"C",0,"C=1","01011",12,0.000709824716762438
"3687",1,0,0,1,1,0,0,1,1,TRUE,2.41067322828298e-15,"c10101",4.62951444487988e-09,"Cu",0.536641437285355,"Cu=0","01011",12,0.151969091629779
"3688",1,0,0,1,1,0,0,1,1,TRUE,2.41067322828298e-15,"c10101",4.62951444487988e-09,"S",0,"S=0","01011",12,0.000709824716762438
"3689",1,0,0,1,1,0,0,1,1,TRUE,2.41067322828298e-15,"c10101",4.62951444487988e-09,"Su",-0.000777020843700785,"Su=1","01011",12,0.000704330603604411
"3690",1,0,0,1,1,0,0,1,1,TRUE,2.41067322828298e-15,"c10101",4.62951444487988e-09,"br",0.708023134954854,"br=1","01011",12,0.843444525113577
"3691",0,1,0,1,1,0,0,1,1,TRUE,3.66297023928449e-08,"c00101",0.0703445553506683,"P",-0.00493876546324022,"P=0","11011",28,0.00067412893431357
"3692",0,1,0,1,1,0,0,1,1,TRUE,3.66297023928449e-08,"c00101",0.0703445553506683,"Pu",0.00547195195681444,"Pu=1","11011",28,0.000748093944260238
"3693",0,1,0,1,1,0,0,1,1,TRUE,3.66297023928449e-08,"c00101",0.0703445553506683,"K",-0.160573612861843,"K=0","11011",28,0.000142177022118163
"3694",0,1,0,1,1,0,0,1,1,TRUE,3.66297023928449e-08,"c00101",0.0703445553506683,"Ku",0.032529605736352,"Ku=1","11011",28,0.000980541629166225
"3695",0,1,0,1,1,0,0,1,1,TRUE,3.66297023928449e-08,"c00101",0.0703445553506683,"C",0,"C=1","11011",28,0.000708258432290728
"3696",0,1,0,1,1,0,0,1,1,TRUE,3.66297023928449e-08,"c00101",0.0703445553506683,"Cu",0.53604110538458,"Cu=0","11011",28,0.150726180925818
"3697",0,1,0,1,1,0,0,1,1,TRUE,3.66297023928449e-08,"c00101",0.0703445553506683,"S",0,"S=0","11011",28,0.000708258432290728
"3698",0,1,0,1,1,0,0,1,1,TRUE,3.66297023928449e-08,"c00101",0.0703445553506683,"Su",0.000621463740989482,"Su=1","11011",28,0.000712673707095454
"3699",0,1,0,1,1,0,0,1,1,TRUE,3.66297023928449e-08,"c00101",0.0703445553506683,"br",0.708380900640902,"br=1","11011",28,0.844599686972647
"3700",1,1,0,1,1,0,0,1,1,TRUE,3.66297023928449e-08,"c10101",0.0703445553506683,"P",-0.002122126172109,"P=1","11011",28,0.000708690224829821
"3701",1,1,0,1,1,0,0,1,1,TRUE,3.66297023928449e-08,"c10101",0.0703445553506683,"Pu",-0.000579148259551001,"Pu=1","11011",28,0.000719709955846371
"3702",1,1,0,1,1,0,0,1,1,TRUE,3.66297023928449e-08,"c10101",0.0703445553506683,"K",-0.164982538548632,"K=0","11011",28,0.000139047331402423
"3703",1,1,0,1,1,0,0,1,1,TRUE,3.66297023928449e-08,"c10101",0.0703445553506683,"Ku",0.0330862136087677,"Ku=1","11011",28,0.00100777671422671
"3704",1,1,0,1,1,0,0,1,1,TRUE,3.66297023928449e-08,"c10101",0.0703445553506683,"C",0,"C=1","11011",28,0.000723890236857509
"3705",1,1,0,1,1,0,0,1,1,TRUE,3.66297023928449e-08,"c10101",0.0703445553506683,"Cu",0.538133187253383,"Cu=0","11011",28,0.157309683344595
"3706",1,1,0,1,1,0,0,1,1,TRUE,3.66297023928449e-08,"c10101",0.0703445553506683,"S",0,"S=0","11011",28,0.000723890236857509
"3707",1,1,0,1,1,0,0,1,1,TRUE,3.66297023928449e-08,"c10101",0.0703445553506683,"Su",-0.000518038179781225,"Su=1","11011",28,0.000720149905587627
"3708",1,1,0,1,1,0,0,1,1,TRUE,3.66297023928449e-08,"c10101",0.0703445553506683,"br",0.705407055068791,"br=1","11011",28,0.837947162049797
"3709",0,0,1,1,1,0,0,1,1,TRUE,2.41067322828298e-15,"c01101",8.01598606020312e-14,"P",-0.000336595370474981,"P=0","01011",12,0.000390584471519691
"3710",0,0,1,1,1,0,0,1,1,TRUE,2.41067322828298e-15,"c01101",8.01598606020312e-14,"Pu",-0.00250036259096952,"Pu=0","01011",12,0.000382223910487058
"3711",0,0,1,1,1,0,0,1,1,TRUE,2.41067322828298e-15,"c01101",8.01598606020312e-14,"K",0.186861827532342,"K=1","01011",12,0.00253926130072095
"3712",0,0,1,1,1,0,0,1,1,TRUE,2.41067322828298e-15,"c01101",8.01598606020312e-14,"Ku",0.189745562371644,"Ku=1","01011",12,0.00261355290160831
"3713",0,0,1,1,1,0,0,1,1,TRUE,2.41067322828298e-15,"c01101",8.01598606020312e-14,"C",0,"C=1","01011",12,0.000391901375844778
"3714",0,0,1,1,1,0,0,1,1,TRUE,2.41067322828298e-15,"c01101",8.01598606020312e-14,"Cu",0.783178310870464,"Cu=0","01011",12,0.987363288953839
"3715",0,0,1,1,1,0,0,1,1,TRUE,2.41067322828298e-15,"c01101",8.01598606020312e-14,"S",0,"S=0","01011",12,0.000391901375844778
"3716",0,0,1,1,1,0,0,1,1,TRUE,2.41067322828298e-15,"c01101",8.01598606020312e-14,"Su",0.00266869489453521,"Su=1","01011",12,0.000402500832366776
"3717",0,0,1,1,1,0,0,1,1,TRUE,2.41067322828298e-15,"c01101",8.01598606020312e-14,"br",0.264598937357435,"br=1","01011",12,0.00552478487776874
"3718",1,0,1,1,1,0,0,1,1,TRUE,2.41067322828298e-15,"c11101",8.01598606020312e-14,"P",0.00133030010173578,"P=1","01011",12,0.000409070473269021
"3719",1,0,1,1,1,0,0,1,1,TRUE,2.41067322828298e-15,"c11101",8.01598606020312e-14,"Pu",-0.00482859355381041,"Pu=0","01011",12,0.000384636414794483
"3720",1,0,1,1,1,0,0,1,1,TRUE,2.41067322828298e-15,"c11101",8.01598606020312e-14,"K",0.188871830164865,"K=1","01011",12,0.00266858259759303
"3721",1,0,1,1,1,0,0,1,1,TRUE,2.41067322828298e-15,"c11101",8.01598606020312e-14,"Ku",0.187565007140628,"Ku=1","01011",12,0.0026339358248645
"3722",1,0,1,1,1,0,0,1,1,TRUE,2.41067322828298e-15,"c11101",8.01598606020312e-14,"C",0,"C=1","01011",12,0.000403664644938984
"3723",1,0,1,1,1,0,0,1,1,TRUE,2.41067322828298e-15,"c11101",8.01598606020312e-14,"Cu",0.780159803069683,"Cu=0","01011",12,0.986760344781442
"3724",1,0,1,1,1,0,0,1,1,TRUE,2.41067322828298e-15,"c11101",8.01598606020312e-14,"S",0,"S=0","01011",12,0.000403664644938984
"3725",1,0,1,1,1,0,0,1,1,TRUE,2.41067322828298e-15,"c11101",8.01598606020312e-14,"Su",-0.00561412439706807,"Su=1","01011",12,0.000381626813271806
"3726",1,0,1,1,1,0,0,1,1,TRUE,2.41067322828298e-15,"c11101",8.01598606020312e-14,"br",0.269131366952186,"br=1","01011",12,0.00595447380488697
"3727",0,1,1,1,1,0,0,1,1,TRUE,3.66297023928449e-08,"c01101",1.21801321027474e-06,"P",0.0100469401513917,"P=0","11011",28,0.000423786245959203
"3728",0,1,1,1,1,0,0,1,1,TRUE,3.66297023928449e-08,"c01101",1.21801321027474e-06,"Pu",-0.00255804877554414,"Pu=1","11011",28,0.00037359760732364
"3729",0,1,1,1,1,0,0,1,1,TRUE,3.66297023928449e-08,"c01101",1.21801321027474e-06,"K",0.19181149460893,"K=1","11011",28,0.00260939777409741
"3730",0,1,1,1,1,0,0,1,1,TRUE,3.66297023928449e-08,"c01101",1.21801321027474e-06,"Ku",0.182434596459378,"Ku=1","11011",28,0.00237583861287969
"3731",0,1,1,1,1,0,0,1,1,TRUE,3.66297023928449e-08,"c01101",1.21801321027474e-06,"C",0,"C=1","11011",28,0.000383277699228722
"3732",0,1,1,1,1,0,0,1,1,TRUE,3.66297023928449e-08,"c01101",1.21801321027474e-06,"Cu",0.785426650575139,"Cu=0","11011",28,0.987593342618612
"3733",0,1,1,1,1,0,0,1,1,TRUE,3.66297023928449e-08,"c01101",1.21801321027474e-06,"S",0,"S=0","11011",28,0.000383277699228722
"3734",0,1,1,1,1,0,0,1,1,TRUE,3.66297023928449e-08,"c01101",1.21801321027474e-06,"Su",0.0006370818276495,"Su=1","11011",28,0.000385727286452291
"3735",0,1,1,1,1,0,0,1,1,TRUE,3.66297023928449e-08,"c01101",1.21801321027474e-06,"br",0.265859479581884,"br=1","11011",28,0.00547175445621846
"3736",1,1,1,1,1,0,0,1,1,TRUE,3.66297023928449e-08,"c11101",1.21801321027474e-06,"P",-0.00314652513517735,"P=1","11011",28,0.000390894988057292
"3737",1,1,1,1,1,0,0,1,1,TRUE,3.66297023928449e-08,"c11101",1.21801321027474e-06,"Pu",-0.00298730258135517,"Pu=1","11011",28,0.000391517876798125
"3738",1,1,1,1,1,0,0,1,1,TRUE,3.66297023928449e-08,"c11101",1.21801321027474e-06,"K",0.195665849708609,"K=1","11011",28,0.00285424517361339
"3739",1,1,1,1,1,0,0,1,1,TRUE,3.66297023928449e-08,"c11101",1.21801321027474e-06,"Ku",0.192104831472297,"Ku=1","11011",28,0.00275439340382636
"3740",1,1,1,1,1,0,0,1,1,TRUE,3.66297023928449e-08,"c11101",1.21801321027474e-06,"C",0,"C=1","11011",28,0.000403390147882678
"3741",1,1,1,1,1,0,0,1,1,TRUE,3.66297023928449e-08,"c11101",1.21801321027474e-06,"Cu",0.780200120266369,"Cu=0","11011",28,0.986486979016344
"3742",1,1,1,1,1,0,0,1,1,TRUE,3.66297023928449e-08,"c11101",1.21801321027474e-06,"S",0,"S=0","11011",28,0.000403390147882678
"3743",1,1,1,1,1,0,0,1,1,TRUE,3.66297023928449e-08,"c11101",1.21801321027474e-06,"Su",0.00169732354303575,"Su=1","11011",28,0.000410295420463641
"3744",1,1,1,1,1,0,0,1,1,TRUE,3.66297023928449e-08,"c11101",1.21801321027474e-06,"br",0.268363254544567,"br=1","11011",28,0.00590489382513203
"3745",0,0,0,0,0,1,0,1,1,TRUE,3.67528264200848e-24,"c00001",7.05810055735175e-18,"P",-0.000159953779991514,"P=0","00111",8,0.000972866474948829
"3746",0,0,0,0,0,1,0,1,1,TRUE,3.67528264200848e-24,"c00001",7.05810055735175e-18,"Pu",0.0021635671497633,"Pu=0","00111",8,0.000995735890060038
"3747",0,0,0,0,0,1,0,1,1,TRUE,3.67528264200848e-24,"c00001",7.05810055735175e-18,"K",-0.0210223116498942,"K=0","00111",8,0.000789676417776418
"3748",0,0,0,0,0,1,0,1,1,TRUE,3.67528264200848e-24,"c00001",7.05810055735175e-18,"Ku",-0.0273103393168801,"Ku=0","00111",8,0.000741550294353729
"3749",0,0,0,0,0,1,0,1,1,TRUE,3.67528264200848e-24,"c00001",7.05810055735175e-18,"C",0.548386002697832,"C=0","00111",8,0.234616233022945
"3750",0,0,0,0,0,1,0,1,1,TRUE,3.67528264200848e-24,"c00001",7.05810055735175e-18,"Cu",-0.155941300285353,"Cu=1","00111",8,0.000204881830724845
"3751",0,0,0,0,0,1,0,1,1,TRUE,3.67528264200848e-24,"c00001",7.05810055735175e-18,"S",0,"S=0","00111",8,0.000974423856863351
"3752",0,0,0,0,0,1,0,1,1,TRUE,3.67528264200848e-24,"c00001",7.05810055735175e-18,"Su",-0.00344680593714124,"Su=1","00111",8,0.000941409594762028
"3753",0,0,0,0,0,1,0,1,1,TRUE,3.67528264200848e-24,"c00001",7.05810055735175e-18,"br",0.6658915734233,"br=1","00111",8,0.759763222617566
"3754",1,0,0,0,0,1,0,1,1,TRUE,3.67528264200848e-24,"c10001",7.05810055735175e-18,"P",-0.00127677671303444,"P=1","00111",8,0.00091458022382505
"3755",1,0,0,0,0,1,0,1,1,TRUE,3.67528264200848e-24,"c10001",7.05810055735175e-18,"Pu",-0.00401891148845792,"Pu=0","00111",8,0.000889841930237364
"3756",1,0,0,0,0,1,0,1,1,TRUE,3.67528264200848e-24,"c10001",7.05810055735175e-18,"K",-0.0240720137118506,"K=0","00111",8,0.000728154184919371
"3757",1,0,0,0,0,1,0,1,1,TRUE,3.67528264200848e-24,"c10001",7.05810055735175e-18,"Ku",-0.0218905568548348,"Ku=0","00111",8,0.000744213076379499
"3758",1,0,0,0,0,1,0,1,1,TRUE,3.67528264200848e-24,"c10001",7.05810055735175e-18,"C",0.544078659946988,"C=0","00111",8,0.213634001153815
"3759",1,0,0,0,0,1,0,1,1,TRUE,3.67528264200848e-24,"c10001",7.05810055735175e-18,"Cu",-0.155751625849698,"Cu=1","00111",8,0.000195139892123751
"3760",1,0,0,0,0,1,0,1,1,TRUE,3.67528264200848e-24,"c10001",7.05810055735175e-18,"S",0,"S=0","00111",8,0.000926332234969066
"3761",1,0,0,0,0,1,0,1,1,TRUE,3.67528264200848e-24,"c10001",7.05810055735175e-18,"Su",0.00504594574269834,"Su=1","00111",8,0.000974273838796128
"3762",1,0,0,0,0,1,0,1,1,TRUE,3.67528264200848e-24,"c10001",7.05810055735175e-18,"br",0.67370891039817,"br=1","00111",8,0.780993463464935
"3763",0,1,0,0,0,1,0,1,1,TRUE,5.58451920429907e-17,"c00001",1.0724644047203e-10,"P",-0.0029978821392311,"P=0","10111",24,0.000922253419446749
"3764",0,1,0,0,0,1,0,1,1,TRUE,5.58451920429907e-17,"c00001",1.0724644047203e-10,"Pu",0.00368572466952903,"Pu=1","10111",24,0.000985999761069573
"3765",0,1,0,0,0,1,0,1,1,TRUE,5.58451920429907e-17,"c00001",1.0724644047203e-10,"K",-0.0205374031636215,"K=0","10111",24,0.000773886199684205
"3766",0,1,0,0,0,1,0,1,1,TRUE,5.58451920429907e-17,"c00001",1.0724644047203e-10,"Ku",-0.018254588910191,"Ku=0","10111",24,0.000791755772720736
"3767",0,1,0,0,0,1,0,1,1,TRUE,5.58451920429907e-17,"c00001",1.0724644047203e-10,"C",0.546464984626364,"C=0","10111",24,0.224459083145118
"3768",0,1,0,0,0,1,0,1,1,TRUE,5.58451920429907e-17,"c00001",1.0724644047203e-10,"Cu",-0.158026173106368,"Cu=1","10111",24,0.000195691048909933
"3769",0,1,0,0,0,1,0,1,1,TRUE,5.58451920429907e-17,"c00001",1.0724644047203e-10,"S",0,"S=0","10111",24,0.000950320090853527
"3770",0,1,0,0,0,1,0,1,1,TRUE,5.58451920429907e-17,"c00001",1.0724644047203e-10,"Su",0.00317330604774487,"Su=1","10111",24,0.000980960237438884
"3771",0,1,0,0,0,1,0,1,1,TRUE,5.58451920429907e-17,"c00001",1.0724644047203e-10,"br",0.669726906849341,"br=1","10111",24,0.769940050324758
"3772",1,1,0,0,0,1,0,1,1,TRUE,5.58451920429907e-17,"c10001",1.0724644047203e-10,"P",0.00408432836448767,"P=1","10111",24,0.000979348610702273
"3773",1,1,0,0,0,1,0,1,1,TRUE,5.58451920429907e-17,"c10001",1.0724644047203e-10,"Pu",0.00202086613248687,"Pu=1","10111",24,0.000959347192546904
"3774",1,1,0,0,0,1,0,1,1,TRUE,5.58451920429907e-17,"c10001",1.0724644047203e-10,"K",-0.0272369381594349,"K=0","10111",24,0.000715996302233441
"3775",1,1,0,0,0,1,0,1,1,TRUE,5.58451920429907e-17,"c10001",1.0724644047203e-10,"Ku",-0.02193787883797,"Ku=0","10111",24,0.000754960625084827
"3776",1,1,0,0,0,1,0,1,1,TRUE,5.58451920429907e-17,"c10001",1.0724644047203e-10,"C",0.548892123249333,"C=0","10111",24,0.227513672975089
"3777",1,1,0,0,0,1,0,1,1,TRUE,5.58451920429907e-17,"c10001",1.0724644047203e-10,"Cu",-0.15055748504948,"Cu=1","10111",24,0.000208610636994158
"3778",1,1,0,0,0,1,0,1,1,TRUE,5.58451920429907e-17,"c10001",1.0724644047203e-10,"S",0,"S=0","10111",24,0.0009401546509916
"3779",1,1,0,0,0,1,0,1,1,TRUE,5.58451920429907e-17,"c10001",1.0724644047203e-10,"Su",0.00219927175056731,"Su=1","10111",24,0.000961060249475838
"3780",1,1,0,0,0,1,0,1,1,TRUE,5.58451920429907e-17,"c10001",1.0724644047203e-10,"br",0.670415447339234,"br=1","10111",24,0.766966848756882
"3781",0,0,1,0,0,1,0,1,1,TRUE,3.67528264200848e-24,"c01001",1.22210733658725e-22,"P",-0.00177897037370366,"P=0","00111",8,0.00133740819115157
"3782",0,0,1,0,0,1,0,1,1,TRUE,3.67528264200848e-24,"c01001",1.22210733658725e-22,"Pu",-0.0032398266948614,"Pu=0","00111",8,0.00131801259488199
"3783",0,0,1,0,0,1,0,1,1,TRUE,3.67528264200848e-24,"c01001",1.22210733658725e-22,"K",0.0264755769230118,"K=1","00111",8,0.00177407476570939
"3784",0,0,1,0,0,1,0,1,1,TRUE,3.67528264200848e-24,"c01001",1.22210733658725e-22,"Ku",-0.137197003850311,"Ku=0","00111",8,0.000345263709193001
"3785",0,0,1,0,0,1,0,1,1,TRUE,3.67528264200848e-24,"c01001",1.22210733658725e-22,"C",0.575939178466844,"C=0","00111",8,0.431779501052394
"3786",0,0,1,0,0,1,0,1,1,TRUE,3.67528264200848e-24,"c01001",1.22210733658725e-22,"Cu",-0.161231192508911,"Cu=1","00111",8,0.000271501214573836
"3787",0,0,1,0,0,1,0,1,1,TRUE,3.67528264200848e-24,"c01001",1.22210733658725e-22,"S",0,"S=0","00111",8,0.00136141317434202
"3788",0,0,1,0,0,1,0,1,1,TRUE,3.67528264200848e-24,"c01001",1.22210733658725e-22,"Su",-2.07125152673788e-05,"Su=1","00111",8,0.0013611312206313
"3789",0,0,1,0,0,1,0,1,1,TRUE,3.67528264200848e-24,"c01001",1.22210733658725e-22,"br",0.602021979613188,"br=1","00111",8,0.560451694077123
"3790",1,0,1,0,0,1,0,1,1,TRUE,3.67528264200848e-24,"c11001",1.22210733658725e-22,"P",0.00234384448876561,"P=1","00111",8,0.00143174710406074
"3791",1,0,1,0,0,1,0,1,1,TRUE,3.67528264200848e-24,"c11001",1.22210733658725e-22,"Pu",0.00352732579378538,"Pu=0","00111",8,0.00144879222734771
"3792",1,0,1,0,0,1,0,1,1,TRUE,3.67528264200848e-24,"c11001",1.22210733658725e-22,"K",0.0273300303013136,"K=1","00111",8,0.00183814572944671
"3793",1,0,1,0,0,1,0,1,1,TRUE,3.67528264200848e-24,"c11001",1.22210733658725e-22,"Ku",-0.133579024835838,"Ku=0","00111",8,0.000367756868121677
"3794",1,0,1,0,0,1,0,1,1,TRUE,3.67528264200848e-24,"c11001",1.22210733658725e-22,"C",0.573761904387967,"C=0","00111",8,0.434013677519074
"3795",1,0,1,0,0,1,0,1,1,TRUE,3.67528264200848e-24,"c11001",1.22210733658725e-22,"Cu",-0.161290377540653,"Cu=1","00111",8,0.000278748100477514
"3796",1,0,1,0,0,1,0,1,1,TRUE,3.67528264200848e-24,"c11001",1.22210733658725e-22,"S",0,"S=0","00111",8,0.00139857939661632
"3797",1,0,1,0,0,1,0,1,1,TRUE,3.67528264200848e-24,"c11001",1.22210733658725e-22,"Su",0.00281371097715769,"Su=1","00111",8,0.00143849023334772
"3798",1,0,1,0,0,1,0,1,1,TRUE,3.67528264200848e-24,"c11001",1.22210733658725e-22,"br",0.59885148985477,"br=1","00111",8,0.557784062821507
"3799",0,1,1,0,0,1,0,1,1,TRUE,5.58451920429907e-17,"c01001",1.85696790033993e-15,"P",-0.00140344122449631,"P=0","10111",24,0.00136805570563567
"3800",0,1,1,0,0,1,0,1,1,TRUE,5.58451920429907e-17,"c01001",1.85696790033993e-15,"Pu",0.00110261264744471,"Pu=1","10111",24,0.0014027731202258
"3801",0,1,1,0,0,1,0,1,1,TRUE,5.58451920429907e-17,"c01001",1.85696790033993e-15,"K",0.0216670726077908,"K=1","10111",24,0.00172304948465425
"3802",0,1,1,0,0,1,0,1,1,TRUE,5.58451920429907e-17,"c01001",1.85696790033993e-15,"Ku",-0.139804377737697,"Ku=0","10111",24,0.000342796320401708
"3803",0,1,1,0,0,1,0,1,1,TRUE,5.58451920429907e-17,"c01001",1.85696790033993e-15,"C",0.574250601708125,"C=0","10111",24,0.432650813875414
"3804",0,1,1,0,0,1,0,1,1,TRUE,5.58451920429907e-17,"c01001",1.85696790033993e-15,"Cu",-0.165289247338406,"Cu=1","10111",24,0.000265678719329778
"3805",0,1,1,0,0,1,0,1,1,TRUE,5.58451920429907e-17,"c01001",1.85696790033993e-15,"S",0,"S=0","10111",24,0.00138739092524206
"3806",0,1,1,0,0,1,0,1,1,TRUE,5.58451920429907e-17,"c01001",1.85696790033993e-15,"Su",-0.00570227323537128,"Su=1","10111",24,0.00131049144898282
"3807",0,1,1,0,0,1,0,1,1,TRUE,5.58451920429907e-17,"c01001",1.85696790033993e-15,"br",0.599970606235926,"br=1","10111",24,0.559548950400114
"3808",1,1,1,0,0,1,0,1,1,TRUE,5.58451920429907e-17,"c11001",1.85696790033993e-15,"P",0.000223470811810504,"P=1","10111",24,0.00141717141132754
"3809",1,1,1,0,0,1,0,1,1,TRUE,5.58451920429907e-17,"c11001",1.85696790033993e-15,"Pu",0.00155844324170964,"Pu=1","10111",24,0.00143621710347106
"3810",1,1,1,0,0,1,0,1,1,TRUE,5.58451920429907e-17,"c11001",1.85696790033993e-15,"K",0.0229505670151073,"K=1","10111",24,0.00177879093443881
"3811",1,1,1,0,0,1,0,1,1,TRUE,5.58451920429907e-17,"c11001",1.85696790033993e-15,"Ku",-0.137538461795143,"Ku=0","10111",24,0.000357379725754849
"3812",1,1,1,0,0,1,0,1,1,TRUE,5.58451920429907e-17,"c11001",1.85696790033993e-15,"C",0.571569409334222,"C=0","10111",24,0.429285546207879
"3813",1,1,1,0,0,1,0,1,1,TRUE,5.58451920429907e-17,"c11001",1.85696790033993e-15,"Cu",-0.161489035670315,"Cu=1","10111",24,0.000281263832722247
"3814",1,1,1,0,0,1,0,1,1,TRUE,5.58451920429907e-17,"c11001",1.85696790033993e-15,"S",0,"S=0","10111",24,0.00141400798285604
"3815",1,1,1,0,0,1,0,1,1,TRUE,5.58451920429907e-17,"c11001",1.85696790033993e-15,"Su",-0.00587845727384605,"Su=1","10111",24,0.00133328209145453
"3816",1,1,1,0,0,1,0,1,1,TRUE,5.58451920429907e-17,"c11001",1.85696790033993e-15,"br",0.598631191028339,"br=1","10111",24,0.562696340710095
"3817",0,0,0,1,0,1,0,1,1,TRUE,3.40849095201876e-24,"c00001",6.54574742448242e-18,"P",0.00126956005538509,"P=0","01111",16,0.00140160586872659
"3818",0,0,0,1,0,1,0,1,1,TRUE,3.40849095201876e-24,"c00001",6.54574742448242e-18,"Pu",0.00143005127311419,"Pu=0","01111",16,0.00140385712910744
"3819",0,0,0,1,0,1,0,1,1,TRUE,3.40849095201876e-24,"c00001",6.54574742448242e-18,"K",-0.134882380819361,"K=0","01111",16,0.0003591910783587
"3820",0,0,0,1,0,1,0,1,1,TRUE,3.40849095201876e-24,"c00001",6.54574742448242e-18,"Ku",0.0184611598888574,"Ku=1","01111",16,0.00166451639316737
"3821",0,0,0,1,0,1,0,1,1,TRUE,3.40849095201876e-24,"c00001",6.54574742448242e-18,"C",0.571847034388186,"C=0","01111",16,0.421320308285488
"3822",0,0,0,1,0,1,0,1,1,TRUE,3.40849095201876e-24,"c00001",6.54574742448242e-18,"Cu",-0.162384591095903,"Cu=1","01111",16,0.00027282549976772
"3823",0,0,0,1,0,1,0,1,1,TRUE,3.40849095201876e-24,"c00001",6.54574742448242e-18,"S",0,"S=0","01111",16,0.00138392411819641
"3824",0,0,0,1,0,1,0,1,1,TRUE,3.40849095201876e-24,"c00001",6.54574742448242e-18,"Su",0.000258576091819085,"Su=1","01111",16,0.00138750724565401
"3825",0,0,0,1,0,1,0,1,1,TRUE,3.40849095201876e-24,"c00001",6.54574742448242e-18,"br",0.602212683248275,"br=1","01111",16,0.570806264381534
"3826",1,0,0,1,0,1,0,1,1,TRUE,3.40849095201876e-24,"c10001",6.54574742448242e-18,"P",-0.00168450991362957,"P=1","01111",16,0.00136890275543455
"3827",1,0,0,1,0,1,0,1,1,TRUE,3.40849095201876e-24,"c10001",6.54574742448242e-18,"Pu",-0.000885794184444157,"Pu=0","01111",16,0.00137988017790104
"3828",1,0,0,1,0,1,0,1,1,TRUE,3.40849095201876e-24,"c10001",6.54574742448242e-18,"K",-0.143780672521591,"K=0","01111",16,0.000330564950989832
"3829",1,0,0,1,0,1,0,1,1,TRUE,3.40849095201876e-24,"c10001",6.54574742448242e-18,"Ku",0.0242179641048574,"Ku=1","01111",16,0.00177364056511594
"3830",1,0,0,1,0,1,0,1,1,TRUE,3.40849095201876e-24,"c10001",6.54574742448242e-18,"C",0.569971246818278,"C=0","01111",16,0.415950839008916
"3831",1,0,0,1,0,1,0,1,1,TRUE,3.40849095201876e-24,"c10001",6.54574742448242e-18,"Cu",-0.153076856795841,"Cu=1","01111",16,0.000301220128282366
"3832",1,0,0,1,0,1,0,1,1,TRUE,3.40849095201876e-24,"c10001",6.54574742448242e-18,"S",0,"S=0","01111",16,0.00139215737132639
"3833",1,0,0,1,0,1,0,1,1,TRUE,3.40849095201876e-24,"c10001",6.54574742448242e-18,"Su",0.00483071743680579,"Su=1","01111",16,0.00146105939266206
"3834",1,0,0,1,0,1,0,1,1,TRUE,3.40849095201876e-24,"c10001",6.54574742448242e-18,"br",0.602532550615968,"br=1","01111",16,0.576041735649371
"3835",0,1,0,1,0,1,0,1,1,TRUE,5.17913451380875e-17,"c00001",9.94613360634941e-11,"P",-0.000477544317471932,"P=0","11111",32,0.00138053556115405
"3836",0,1,0,1,0,1,0,1,1,TRUE,5.17913451380875e-17,"c00001",9.94613360634941e-11,"Pu",-0.00468624745223639,"Pu=1","11111",32,0.00132363862752968
"3837",0,1,0,1,0,1,0,1,1,TRUE,5.17913451380875e-17,"c00001",9.94613360634941e-11,"K",-0.139740892006511,"K=0","11111",32,0.000342952966469193
"3838",0,1,0,1,0,1,0,1,1,TRUE,5.17913451380875e-17,"c00001",9.94613360634941e-11,"Ku",0.0209925340550796,"Ku=1","11111",32,0.00171116135574755
"3839",0,1,0,1,0,1,0,1,1,TRUE,5.17913451380875e-17,"c00001",9.94613360634941e-11,"C",0.572794762556845,"C=0","11111",32,0.42632185126876
"3840",0,1,0,1,0,1,0,1,1,TRUE,5.17913451380875e-17,"c00001",9.94613360634941e-11,"Cu",-0.160936925166651,"Cu=1","11111",32,0.000277447848492837
"3841",0,1,0,1,0,1,0,1,1,TRUE,5.17913451380875e-17,"c00001",9.94613360634941e-11,"S",0,"S=0","11111",32,0.00138714399682283
"3842",0,1,0,1,0,1,0,1,1,TRUE,5.17913451380875e-17,"c00001",9.94613360634941e-11,"Su",0.00438688147086998,"Su=1","11111",32,0.00144935085438335
"3843",0,1,0,1,0,1,0,1,1,TRUE,5.17913451380875e-17,"c00001",9.94613360634941e-11,"br",0.601100416264185,"br=1","11111",32,0.565805917520641
"3844",1,1,0,1,0,1,0,1,1,TRUE,5.17913451380875e-17,"c10001",9.94613360634941e-11,"P",-0.00398029172148988,"P=1","11111",32,0.00134245751025206
"3845",1,1,0,1,0,1,0,1,1,TRUE,5.17913451380875e-17,"c10001",9.94613360634941e-11,"Pu",0.000732587983765495,"Pu=1","11111",32,0.0014072404995064
"3846",1,1,0,1,0,1,0,1,1,TRUE,5.17913451380875e-17,"c10001",9.94613360634941e-11,"K",-0.141588225255245,"K=0","11111",32,0.000339060256992546
"3847",1,1,0,1,0,1,0,1,1,TRUE,5.17913451380875e-17,"c10001",9.94613360634941e-11,"Ku",0.0229674368766432,"Ku=1","11111",32,0.0017576526252194
"3848",1,1,0,1,0,1,0,1,1,TRUE,5.17913451380875e-17,"c10001",9.94613360634941e-11,"C",0.5735181786197,"C=0","11111",32,0.432458600582045
"3849",1,1,0,1,0,1,0,1,1,TRUE,5.17913451380875e-17,"c10001",9.94613360634941e-11,"Cu",-0.161366275923663,"Cu=1","11111",32,0.000278215873056983
"3850",1,1,0,1,0,1,0,1,1,TRUE,5.17913451380875e-17,"c10001",9.94613360634941e-11,"S",0,"S=0","11111",32,0.00139696889491327
"3851",1,1,0,1,0,1,0,1,1,TRUE,5.17913451380875e-17,"c10001",9.94613360634941e-11,"Su",-0.000952358538555038,"Su=1","11111",32,0.00138372789334442
"3852",1,1,0,1,0,1,0,1,1,TRUE,5.17913451380875e-17,"c10001",9.94613360634941e-11,"br",0.599298189355255,"br=1","11111",32,0.55963607586467
"3853",0,0,1,1,0,1,0,1,1,TRUE,3.40849095201876e-24,"c01001",1.13339359306445e-22,"P",-0.000562507496475117,"P=0","01111",16,0.000474002042321525
"3854",0,0,1,1,0,1,0,1,1,TRUE,3.40849095201876e-24,"c01001",1.13339359306445e-22,"Pu",-0.00483943897213177,"Pu=0","01111",16,0.000454156710422924
"3855",0,0,1,1,0,1,0,1,1,TRUE,3.40849095201876e-24,"c01001",1.13339359306445e-22,"K",0.149390351688115,"K=1","01111",16,0.00212332858201679
"3856",0,0,1,1,0,1,0,1,1,TRUE,3.40849095201876e-24,"c01001",1.13339359306445e-22,"Ku",0.141470498573852,"Ku=1","01111",16,0.00196165089504384
"3857",0,0,1,1,0,1,0,1,1,TRUE,3.40849095201876e-24,"c01001",1.13339359306445e-22,"C",0.763901761238243,"C=0","01111",16,0.990390231550449
"3858",0,0,1,1,0,1,0,1,1,TRUE,3.40849095201876e-24,"c01001",1.13339359306445e-22,"Cu",-0.214575736780702,"Cu=1","01111",16,5.57612585779847e-05
"3859",0,0,1,1,0,1,0,1,1,TRUE,3.40849095201876e-24,"c01001",1.13339359306445e-22,"S",0,"S=0","01111",16,0.000476675852484062
"3860",0,0,1,1,0,1,0,1,1,TRUE,3.40849095201876e-24,"c01001",1.13339359306445e-22,"Su",0.00431603027663033,"Su=1","01111",16,0.000497699762222658
"3861",0,0,1,1,0,1,0,1,1,TRUE,3.40849095201876e-24,"c01001",1.13339359306445e-22,"br",0.201250143080528,"br=1","01111",16,0.00356649334646128
"3862",1,0,1,1,0,1,0,1,1,TRUE,3.40849095201876e-24,"c11001",1.13339359306445e-22,"P",0.000188378190157734,"P=1","01111",16,0.000490033959446579
"3863",1,0,1,1,0,1,0,1,1,TRUE,3.40849095201876e-24,"c11001",1.13339359306445e-22,"Pu",-0.0026515911889122,"Pu=0","01111",16,0.000476312904141409
"3864",1,0,1,1,0,1,0,1,1,TRUE,3.40849095201876e-24,"c11001",1.13339359306445e-22,"K",0.150779595835719,"K=1","01111",16,0.0022092025010915
"3865",1,0,1,1,0,1,0,1,1,TRUE,3.40849095201876e-24,"c11001",1.13339359306445e-22,"Ku",0.144382208416566,"Ku=1","01111",16,0.00207229713073033
"3866",1,0,1,1,0,1,0,1,1,TRUE,3.40849095201876e-24,"c11001",1.13339359306445e-22,"C",0.761262423681839,"C=0","01111",16,0.989757406965
"3867",1,0,1,1,0,1,0,1,1,TRUE,3.40849095201876e-24,"c11001",1.13339359306445e-22,"Cu",-0.212960797867213,"Cu=1","01111",16,5.81475027529012e-05
"3868",1,0,1,1,0,1,0,1,1,TRUE,3.40849095201876e-24,"c11001",1.13339359306445e-22,"S",0,"S=0","01111",16,0.000489111711272552
"3869",1,0,1,1,0,1,0,1,1,TRUE,3.40849095201876e-24,"c11001",1.13339359306445e-22,"Su",-0.00301254567555537,"Su=1","01111",16,0.00047459673050962
"3870",1,0,1,1,0,1,0,1,1,TRUE,3.40849095201876e-24,"c11001",1.13339359306445e-22,"br",0.2094658306529,"br=1","01111",16,0.00397289059505477
"3871",0,1,1,1,0,1,0,1,1,TRUE,5.17913451380875e-17,"c01001",1.72216912358038e-15,"P",0.00253291162116374,"P=0","11111",32,0.000477286910639403
"3872",0,1,1,1,0,1,0,1,1,TRUE,5.17913451380875e-17,"c01001",1.72216912358038e-15,"Pu",-0.00208093045151509,"Pu=1","11111",32,0.000455765935846408
"3873",0,1,1,1,0,1,0,1,1,TRUE,5.17913451380875e-17,"c01001",1.72216912358038e-15,"K",0.144955947526897,"K=1","11111",32,0.00198296436663005
"3874",0,1,1,1,0,1,0,1,1,TRUE,5.17913451380875e-17,"c01001",1.72216912358038e-15,"Ku",0.150804567055675,"Ku=1","11111",32,0.00210239900331703
"3875",0,1,1,1,0,1,0,1,1,TRUE,5.17913451380875e-17,"c01001",1.72216912358038e-15,"C",0.766321072148114,"C=0","11111",32,0.990533935135751
"3876",0,1,1,1,0,1,0,1,1,TRUE,5.17913451380875e-17,"c01001",1.72216912358038e-15,"Cu",-0.21443652251949,"Cu=1","11111",32,5.45121415978714e-05
"3877",0,1,1,1,0,1,0,1,1,TRUE,5.17913451380875e-17,"c01001",1.72216912358038e-15,"S",0,"S=0","11111",32,0.000465349475565999
"3878",0,1,1,1,0,1,0,1,1,TRUE,5.17913451380875e-17,"c01001",1.72216912358038e-15,"Su",-0.000506332874200374,"Su=1","11111",32,0.000462999213287757
"3879",0,1,1,1,0,1,0,1,1,TRUE,5.17913451380875e-17,"c01001",1.72216912358038e-15,"br",0.200761799011488,"br=1","11111",32,0.00346478781736448
"3880",1,1,1,1,0,1,0,1,1,TRUE,5.17913451380875e-17,"c11001",1.72216912358038e-15,"P",-0.00280309634926607,"P=1","11111",32,0.000461932554792853
"3881",1,1,1,1,0,1,0,1,1,TRUE,5.17913451380875e-17,"c11001",1.72216912358038e-15,"Pu",-0.00243032133706538,"Pu=1","11111",32,0.000463657737457506
"3882",1,1,1,1,0,1,0,1,1,TRUE,5.17913451380875e-17,"c11001",1.72216912358038e-15,"K",0.144508458008249,"K=1","11111",32,0.00201532235389143
"3883",1,1,1,1,0,1,0,1,1,TRUE,5.17913451380875e-17,"c11001",1.72216912358038e-15,"Ku",0.146482814697279,"Ku=1","11111",32,0.00205550739828301
"3884",1,1,1,1,0,1,0,1,1,TRUE,5.17913451380875e-17,"c11001",1.72216912358038e-15,"C",0.764224998936079,"C=0","11111",32,0.990237258037411
"3885",1,1,1,1,0,1,0,1,1,TRUE,5.17913451380875e-17,"c11001",1.72216912358038e-15,"Cu",-0.212918564958805,"Cu=1","11111",32,5.6501331770427e-05
"3886",1,1,1,1,0,1,0,1,1,TRUE,5.17913451380875e-17,"c11001",1.72216912358038e-15,"S",0,"S=0","11111",32,0.000475064155260489
"3887",1,1,1,1,0,1,0,1,1,TRUE,5.17913451380875e-17,"c11001",1.72216912358038e-15,"Su",-0.000617004160080446,"Su=1","11111",32,0.000472142013797022
"3888",1,1,1,1,0,1,0,1,1,TRUE,5.17913451380875e-17,"c11001",1.72216912358038e-15,"br",0.206941945989748,"br=1","11111",32,0.00376261441733669
"3889",0,0,0,0,1,1,0,1,1,FALSE,3.67528264200848e-24,"c00100",5.880501220574e-23,"P",-0.00320359867280781,"P=0","00111",8,0.000269638411341811
"3890",0,0,0,0,1,1,0,1,1,FALSE,3.67528264200848e-24,"c00100",5.880501220574e-23,"Pu",-0.00636642943739171,"Pu=0","00111",8,0.000261243660393213
"3891",0,0,0,0,1,1,0,1,1,FALSE,3.67528264200848e-24,"c00100",5.880501220574e-23,"K",0.00826302640640402,"K=0","00111",8,0.000302399229086525
"3892",0,0,0,0,1,1,0,1,1,FALSE,3.67528264200848e-24,"c00100",5.880501220574e-23,"Ku",0.0113450700027019,"Ku=0","00111",8,0.000311864416527515
"3893",0,0,0,0,1,1,0,1,1,FALSE,3.67528264200848e-24,"c00100",5.880501220574e-23,"C",0,"C=1","00111",8,0.000278416398928044
"3894",0,0,0,0,1,1,0,1,1,FALSE,3.67528264200848e-24,"c00100",5.880501220574e-23,"Cu",0.818439016358108,"Cu=1","00111",8,0.997999440330265
"3895",0,0,0,0,1,1,0,1,1,FALSE,3.67528264200848e-24,"c00100",5.880501220574e-23,"S",0,"S=0","00111",8,0.000278416398928044
"3896",0,0,0,0,1,1,0,1,1,FALSE,3.67528264200848e-24,"c00100",5.880501220574e-23,"Su",-0.00370761218771927,"Su=1","00111",8,0.00026828281636787
"3897",0,0,0,0,1,1,0,1,1,FALSE,3.67528264200848e-24,"c00100",5.880501220574e-23,"br",-0.22180249660443,"br=1","00111",8,3.02983381621252e-05
"3898",1,0,0,0,1,1,0,1,1,FALSE,3.67528264200848e-24,"c10100",5.880501220574e-23,"P",-0.000282455066322033,"P=1","00111",8,0.000268784532400937
"3899",1,0,0,0,1,1,0,1,1,FALSE,3.67528264200848e-24,"c10100",5.880501220574e-23,"Pu",0.00439994541298803,"Pu=0","00111",8,0.000281669407281481
"3900",1,0,0,0,1,1,0,1,1,FALSE,3.67528264200848e-24,"c10100",5.880501220574e-23,"K",0.00282208157494036,"K=0","00111",8,0.000277259926843418
"3901",1,0,0,0,1,1,0,1,1,FALSE,3.67528264200848e-24,"c10100",5.880501220574e-23,"Ku",0.0155377169652964,"Ku=0","00111",8,0.000314854864225587
"3902",1,0,0,0,1,1,0,1,1,FALSE,3.67528264200848e-24,"c10100",5.880501220574e-23,"C",0,"C=1","00111",8,0.000269544801133513
"3903",1,0,0,0,1,1,0,1,1,FALSE,3.67528264200848e-24,"c10100",5.880501220574e-23,"Cu",0.821678648624653,"Cu=1","00111",8,0.998012520445819
"3904",1,0,0,0,1,1,0,1,1,FALSE,3.67528264200848e-24,"c10100",5.880501220574e-23,"S",0,"S=0","00111",8,0.000269544801133513
"3905",1,0,0,0,1,1,0,1,1,FALSE,3.67528264200848e-24,"c10100",5.880501220574e-23,"Su",0.00254105200476426,"Su=1","00111",8,0.000276481838304274
"3906",1,0,0,0,1,1,0,1,1,FALSE,3.67528264200848e-24,"c10100",5.880501220574e-23,"br",-0.221780387616871,"br=1","00111",8,2.9339382857832e-05
"3907",0,1,0,0,1,1,0,1,1,FALSE,5.58451920429907e-17,"c00100",8.93530517131961e-16,"P",0.0023878503146643,"P=0","10111",24,0.000283041949124738
"3908",0,1,0,0,1,1,0,1,1,FALSE,5.58451920429907e-17,"c00100",8.93530517131961e-16,"Pu",0.000913322323243937,"Pu=1","10111",24,0.000278899035630546
"3909",0,1,0,0,1,1,0,1,1,FALSE,5.58451920429907e-17,"c00100",8.93530517131961e-16,"K",0.00473884159405838,"K=0","10111",24,0.000289775078181341
"3910",0,1,0,0,1,1,0,1,1,FALSE,5.58451920429907e-17,"c00100",8.93530517131961e-16,"Ku",0.00678554669057053,"Ku=0","10111",24,0.000295767029089563
"3911",0,1,0,0,1,1,0,1,1,FALSE,5.58451920429907e-17,"c00100",8.93530517131961e-16,"C",0,"C=1","10111",24,0.000276363385434536
"3912",0,1,0,0,1,1,0,1,1,FALSE,5.58451920429907e-17,"c00100",8.93530517131961e-16,"Cu",0.819179469124353,"Cu=1","10111",24,0.998002744088877
"3913",0,1,0,0,1,1,0,1,1,FALSE,5.58451920429907e-17,"c00100",8.93530517131961e-16,"S",0,"S=0","10111",24,0.000276363385434536
"3914",0,1,0,0,1,1,0,1,1,FALSE,5.58451920429907e-17,"c00100",8.93530517131961e-16,"Su",-0.00341826500028711,"Su=1","10111",24,0.000267076187364547
"3915",0,1,0,0,1,1,0,1,1,FALSE,5.58451920429907e-17,"c00100",8.93530517131961e-16,"br",-0.222152437483771,"br=1","10111",24,2.99698608636409e-05
"3916",1,1,0,0,1,1,0,1,1,FALSE,5.58451920429907e-17,"c10100",8.93530517131961e-16,"P",0.00523228743754295,"P=1","10111",24,0.000279692485382136
"3917",1,1,0,0,1,1,0,1,1,FALSE,5.58451920429907e-17,"c10100",8.93530517131961e-16,"Pu",-0.00697794431734777,"Pu=1","10111",24,0.000247544017725503
"3918",1,1,0,0,1,1,0,1,1,FALSE,5.58451920429907e-17,"c10100",8.93530517131961e-16,"K",0.00413497391042655,"K=0","10111",24,0.00027664015932647
"3919",1,1,0,0,1,1,0,1,1,FALSE,5.58451920429907e-17,"c10100",8.93530517131961e-16,"Ku",0.00461097122570434,"Ku=0","10111",24,0.000277960098001982
"3920",1,1,0,0,1,1,0,1,1,FALSE,5.58451920429907e-17,"c10100",8.93530517131961e-16,"C",0,"C=1","10111",24,0.000265434434398095
"3921",1,1,0,0,1,1,0,1,1,FALSE,5.58451920429907e-17,"c10100",8.93530517131961e-16,"Cu",0.823225559974203,"Cu=1","10111",24,0.998114679995292
"3922",1,1,0,0,1,1,0,1,1,FALSE,5.58451920429907e-17,"c10100",8.93530517131961e-16,"S",0,"S=0","10111",24,0.000265434434398095
"3923",1,1,0,0,1,1,0,1,1,FALSE,5.58451920429907e-17,"c10100",8.93530517131961e-16,"Su",-0.00832670584689592,"Su=1","10111",24,0.00024422765443658
"3924",1,1,0,0,1,1,0,1,1,FALSE,5.58451920429907e-17,"c10100",8.93530517131961e-16,"br",-0.223544639199654,"br=1","10111",24,2.83867210388568e-05
"3925",0,0,1,0,1,1,0,1,1,FALSE,3.67528264200848e-24,"c01100",1.13341321658351e-22,"P",-0.0030387186823453,"P=0","00111",8,0.000218262291064008
"3926",0,0,1,0,1,1,0,1,1,FALSE,3.67528264200848e-24,"c01100",1.13341321658351e-22,"Pu",-0.00246125049776642,"Pu=0","00111",8,0.000219526332559916
"3927",0,0,1,0,1,1,0,1,1,FALSE,3.67528264200848e-24,"c01100",1.13341321658351e-22,"K",-0.0086262937035117,"K=1","00111",8,0.000206401181800126
"3928",0,0,1,0,1,1,0,1,1,FALSE,3.67528264200848e-24,"c01100",1.13341321658351e-22,"Ku",0.0496142131306737,"Ku=0","00111",8,0.000369528115334491
"3929",0,0,1,0,1,1,0,1,1,FALSE,3.67528264200848e-24,"c01100",1.13341321658351e-22,"C",0,"C=1","00111",8,0.000224996466222191
"3930",0,0,1,0,1,1,0,1,1,FALSE,3.67528264200848e-24,"c01100",1.13341321658351e-22,"Cu",0.839770596848352,"Cu=1","00111",8,0.998281585089728
"3931",0,0,1,0,1,1,0,1,1,FALSE,3.67528264200848e-24,"c01100",1.13341321658351e-22,"S",0,"S=0","00111",8,0.000224996466222191
"3932",0,0,1,0,1,1,0,1,1,FALSE,3.67528264200848e-24,"c01100",1.13341321658351e-22,"Su",-0.000829170053884505,"Su=1","00111",8,0.000223138576080828
"3933",0,0,1,0,1,1,0,1,1,FALSE,3.67528264200848e-24,"c01100",1.13341321658351e-22,"br",-0.196402054668308,"br=1","00111",8,3.15654809879549e-05
"3934",1,0,1,0,1,1,0,1,1,FALSE,3.67528264200848e-24,"c11100",1.13341321658351e-22,"P",0.00161097567499286,"P=1","00111",8,0.000236780573133271
"3935",1,0,1,0,1,1,0,1,1,FALSE,3.67528264200848e-24,"c11100",1.13341321658351e-22,"Pu",-0.00496275195330134,"Pu=0","00111",8,0.000221715844934466
"3936",1,0,1,0,1,1,0,1,1,FALSE,3.67528264200848e-24,"c11100",1.13341321658351e-22,"K",-0.00652190388967615,"K=1","00111",8,0.000218285767589667
"3937",1,0,1,0,1,1,0,1,1,FALSE,3.67528264200848e-24,"c11100",1.13341321658351e-22,"Ku",0.0446935242890676,"Ku=0","00111",8,0.000364293312474239
"3938",1,0,1,0,1,1,0,1,1,FALSE,3.67528264200848e-24,"c11100",1.13341321658351e-22,"C",0,"C=1","00111",8,0.000232996656519583
"3939",1,0,1,0,1,1,0,1,1,FALSE,3.67528264200848e-24,"c11100",1.13341321658351e-22,"Cu",0.836271783371526,"Cu=1","00111",8,0.998232942599944
"3940",1,0,1,0,1,1,0,1,1,FALSE,3.67528264200848e-24,"c11100",1.13341321658351e-22,"S",0,"S=0","00111",8,0.000232996656519583
"3941",1,0,1,0,1,1,0,1,1,FALSE,3.67528264200848e-24,"c11100",1.13341321658351e-22,"Su",-0.00301525596914904,"Su=1","00111",8,0.000226076071924347
"3942",1,0,1,0,1,1,0,1,1,FALSE,3.67528264200848e-24,"c11100",1.13341321658351e-22,"br",-0.192723992565707,"br=1","00111",8,3.39125169602988e-05
"3943",0,1,1,0,1,1,0,1,1,FALSE,5.58451920429907e-17,"c01100",1.72219894112905e-15,"P",0.00310984777900458,"P=0","10111",24,0.000234465287100297
"3944",0,1,1,0,1,1,0,1,1,FALSE,5.58451920429907e-17,"c01100",1.72219894112905e-15,"Pu",0.000344646022100773,"Pu=1","10111",24,0.000228070668373516
"3945",0,1,1,0,1,1,0,1,1,FALSE,5.58451920429907e-17,"c01100",1.72219894112905e-15,"K",-0.0097684367027028,"K=1","10111",24,0.000206133641314013
"3946",0,1,1,0,1,1,0,1,1,FALSE,5.58451920429907e-17,"c01100",1.72219894112905e-15,"Ku",0.0449069698765572,"Ku=0","10111",24,0.000356123922959726
"3947",0,1,1,0,1,1,0,1,1,FALSE,5.58451920429907e-17,"c01100",1.72219894112905e-15,"C",0,"C=1","10111",24,0.000227285984854367
"3948",0,1,1,0,1,1,0,1,1,FALSE,5.58451920429907e-17,"c01100",1.72219894112905e-15,"Cu",0.838756688075083,"Cu=1","10111",24,0.99826689606446
"3949",0,1,1,0,1,1,0,1,1,FALSE,5.58451920429907e-17,"c01100",1.72219894112905e-15,"S",0,"S=0","10111",24,0.000227285984854367
"3950",0,1,1,0,1,1,0,1,1,FALSE,5.58451920429907e-17,"c01100",1.72219894112905e-15,"Su",-0.00231306733272093,"Su=1","10111",24,0.000222089043075214
"3951",0,1,1,0,1,1,0,1,1,FALSE,5.58451920429907e-17,"c01100",1.72219894112905e-15,"br",-0.197148978358515,"br=1","10111",24,3.16494030087864e-05
"3952",1,1,1,0,1,1,0,1,1,FALSE,5.58451920429907e-17,"c11100",1.72219894112905e-15,"P",-0.000758643013591987,"P=1","10111",24,0.000235466451401552
"3953",1,1,1,0,1,1,0,1,1,FALSE,5.58451920429907e-17,"c11100",1.72219894112905e-15,"Pu",0.00204016510242028,"Pu=1","10111",24,0.000242149796285535
"3954",1,1,1,0,1,1,0,1,1,FALSE,5.58451920429907e-17,"c11100",1.72219894112905e-15,"K",-0.00629801880946624,"K=1","10111",24,0.000222777761303743
"3955",1,1,1,0,1,1,0,1,1,FALSE,5.58451920429907e-17,"c11100",1.72219894112905e-15,"Ku",0.0417726007375273,"Ku=0","10111",24,0.000360279775549432
"3956",1,1,1,0,1,1,0,1,1,FALSE,5.58451920429907e-17,"c11100",1.72219894112905e-15,"C",0,"C=1","10111",24,0.000237259594361163
"3957",1,1,1,0,1,1,0,1,1,FALSE,5.58451920429907e-17,"c11100",1.72219894112905e-15,"Cu",0.834455968203122,"Cu=1","10111",24,0.998205612459554
"3958",1,1,1,0,1,1,0,1,1,FALSE,5.58451920429907e-17,"c11100",1.72219894112905e-15,"S",0,"S=0","10111",24,0.000237259594361163
"3959",1,1,1,0,1,1,0,1,1,FALSE,5.58451920429907e-17,"c11100",1.72219894112905e-15,"Su",-0.00483986879303512,"Su=1","10111",24,0.000226049994321592
"3960",1,1,1,0,1,1,0,1,1,FALSE,5.58451920429907e-17,"c11100",1.72219894112905e-15,"br",-0.196827588789995,"br=1","10111",24,3.31445728617291e-05
"3961",0,0,0,1,1,1,0,1,1,FALSE,3.40849095201876e-24,"c00100",5.45363096012343e-23,"P",0.00297297944056413,"P=0","01111",16,0.000234285657253877
"3962",0,0,0,1,1,1,0,1,1,FALSE,3.40849095201876e-24,"c00100",5.45363096012343e-23,"Pu",-0.00187038157745331,"Pu=0","01111",16,0.000223208769175069
"3963",0,0,0,1,1,1,0,1,1,FALSE,3.40849095201876e-24,"c00100",5.45363096012343e-23,"K",0.0485052602825386,"K=0","01111",16,0.000369394041252572
"3964",0,0,0,1,1,1,0,1,1,FALSE,3.40849095201876e-24,"c00100",5.45363096012343e-23,"Ku",-0.0158946406726055,"Ku=1","01111",16,0.000194001313023468
"3965",0,0,0,1,1,1,0,1,1,FALSE,3.40849095201876e-24,"c00100",5.45363096012343e-23,"C",0,"C=1","01111",16,0.000227422912298243
"3966",0,0,0,1,1,1,0,1,1,FALSE,3.40849095201876e-24,"c00100",5.45363096012343e-23,"Cu",0.838695424381103,"Cu=1","01111",16,0.998256541368254
"3967",0,0,0,1,1,1,0,1,1,FALSE,3.40849095201876e-24,"c00100",5.45363096012343e-23,"S",0,"S=0","01111",16,0.000227422912298243
"3968",0,0,0,1,1,1,0,1,1,FALSE,3.40849095201876e-24,"c00100",5.45363096012343e-23,"Su",0.00351950432964101,"Su=1","01111",16,0.000235569591997962
"3969",0,0,0,1,1,1,0,1,1,FALSE,3.40849095201876e-24,"c00100",5.45363096012343e-23,"br",-0.195629206323054,"br=1","01111",16,3.21534344468974e-05
"3970",1,0,0,1,1,1,0,1,1,FALSE,3.40849095201876e-24,"c10100",5.45363096012343e-23,"P",0.00094671428947523,"P=1","01111",16,0.000223154591445257
"3971",1,0,0,1,1,1,0,1,1,FALSE,3.40849095201876e-24,"c10100",5.45363096012343e-23,"Pu",0.00618864246693277,"Pu=0","01111",16,0.000235164212859681
"3972",1,0,0,1,1,1,0,1,1,FALSE,3.40849095201876e-24,"c10100",5.45363096012343e-23,"K",0.0419510730161082,"K=0","01111",16,0.000336267963901182
"3973",1,0,0,1,1,1,0,1,1,FALSE,3.40849095201876e-24,"c10100",5.45363096012343e-23,"Ku",-0.00543073063505439,"Ku=1","01111",16,0.000209367340080267
"3974",1,0,0,1,1,1,0,1,1,FALSE,3.40849095201876e-24,"c10100",5.45363096012343e-23,"C",0,"C=1","01111",16,0.000221051923872201
"3975",1,0,0,1,1,1,0,1,1,FALSE,3.40849095201876e-24,"c10100",5.45363096012343e-23,"Cu",0.84154049317689,"Cu=1","01111",16,0.998293455180383
"3976",1,0,0,1,1,1,0,1,1,FALSE,3.40849095201876e-24,"c10100",5.45363096012343e-23,"S",0,"S=0","01111",16,0.000221051923872201
"3977",1,0,0,1,1,1,0,1,1,FALSE,3.40849095201876e-24,"c10100",5.45363096012343e-23,"Su",0.00349475594273848,"Su=1","01111",16,0.000228913724348578
"3978",1,0,0,1,1,1,0,1,1,FALSE,3.40849095201876e-24,"c10100",5.45363096012343e-23,"br",-0.194609088858444,"br=1","01111",16,3.15731392374111e-05
"3979",0,1,0,1,1,1,0,1,1,FALSE,5.17913451380875e-17,"c00100",8.28668426255392e-16,"P",0.00343930457242496,"P=0","11111",32,0.000233603335261292
"3980",0,1,0,1,1,1,0,1,1,FALSE,5.17913451380875e-17,"c00100",8.28668426255392e-16,"Pu",0.00304090267646144,"Pu=1","11111",32,0.00023267450660862
"3981",0,1,0,1,1,1,0,1,1,FALSE,5.17913451380875e-17,"c00100",8.28668426255392e-16,"K",0.0450317914799595,"K=0","11111",32,0.000354089390780906
"3982",0,1,0,1,1,1,0,1,1,FALSE,5.17913451380875e-17,"c00100",8.28668426255392e-16,"Ku",-0.00660417911972119,"Ku=1","11111",32,0.000211281145901622
"3983",0,1,0,1,1,1,0,1,1,FALSE,5.17913451380875e-17,"c00100",8.28668426255392e-16,"C",0,"C=1","11111",32,0.000225705597195588
"3984",0,1,0,1,1,1,0,1,1,FALSE,5.17913451380875e-17,"c00100",8.28668426255392e-16,"Cu",0.839453094742065,"Cu=1","11111",32,0.998253399329267
"3985",0,1,0,1,1,1,0,1,1,FALSE,5.17913451380875e-17,"c00100",8.28668426255392e-16,"S",0,"S=0","11111",32,0.000225705597195588
"3986",0,1,0,1,1,1,0,1,1,FALSE,5.17913451380875e-17,"c00100",8.28668426255392e-16,"Su",0.00225570340646954,"Su=1","11111",32,0.000230854701977423
"3987",0,1,0,1,1,1,0,1,1,FALSE,5.17913451380875e-17,"c00100",8.28668426255392e-16,"br",-0.193227252165362,"br=1","11111",32,3.26863958123058e-05
"3988",1,1,0,1,1,1,0,1,1,FALSE,5.17913451380875e-17,"c10100",8.28668426255392e-16,"P",-0.000462918738779089,"P=1","11111",32,0.000228478106922191
"3989",1,1,0,1,1,1,0,1,1,FALSE,5.17913451380875e-17,"c10100",8.28668426255392e-16,"Pu",-0.000923524253726332,"Pu=1","11111",32,0.000227428144110878
"3990",1,1,0,1,1,1,0,1,1,FALSE,5.17913451380875e-17,"c10100",8.28668426255392e-16,"K",0.050454917258311,"K=0","11111",32,0.000380170088372847
"3991",1,1,0,1,1,1,0,1,1,FALSE,5.17913451380875e-17,"c10100",8.28668426255392e-16,"Ku",-0.0045064276695813,"Ku=1","11111",32,0.000219423862460097
"3992",1,1,0,1,1,1,0,1,1,FALSE,5.17913451380875e-17,"c10100",8.28668426255392e-16,"C",0,"C=1","11111",32,0.00022953822674666
"3993",1,1,0,1,1,1,0,1,1,FALSE,5.17913451380875e-17,"c10100",8.28668426255392e-16,"Cu",0.837766550038322,"Cu=1","11111",32,0.998226098620198
"3994",1,1,0,1,1,1,0,1,1,FALSE,5.17913451380875e-17,"c10100",8.28668426255392e-16,"S",0,"S=0","11111",32,0.00022953822674666
"3995",1,1,0,1,1,1,0,1,1,FALSE,5.17913451380875e-17,"c10100",8.28668426255392e-16,"Su",-0.00123759777597814,"Su=1","11111",32,0.000226714973055044
"3996",1,1,0,1,1,1,0,1,1,FALSE,5.17913451380875e-17,"c10100",8.28668426255392e-16,"br",-0.195145821502412,"br=1","11111",32,3.26097513871897e-05
"3997",0,0,1,1,1,1,0,1,1,FALSE,3.40849095201876e-24,"c01100",1.05113784977151e-22,"P",-0.00206728141508224,"P=0","01111",16,7.46360826004669e-05
"3998",0,0,1,1,1,1,0,1,1,FALSE,3.40849095201876e-24,"c01100",1.05113784977151e-22,"Pu",-0.00167212174746038,"Pu=0","01111",16,7.49315977902759e-05
"3999",0,0,1,1,1,1,0,1,1,FALSE,3.40849095201876e-24,"c01100",1.05113784977151e-22,"K",-0.0382095538449405,"K=1","01111",16,5.19977967216677e-05
"4000",0,0,1,1,1,1,0,1,1,FALSE,3.40849095201876e-24,"c01100",1.05113784977151e-22,"Ku",-0.0422382323287253,"Ku=1","01111",16,4.99446085388493e-05
"4001",0,0,1,1,1,1,0,1,1,FALSE,3.40849095201876e-24,"c01100",1.05113784977151e-22,"C",0,"C=1","01111",16,7.61950793688819e-05
"4002",0,0,1,1,1,1,0,1,1,FALSE,3.40849095201876e-24,"c01100",1.05113784977151e-22,"Cu",0.948169183453537,"Cu=1","01111",16,0.999478298100891
"4003",0,0,1,1,1,1,0,1,1,FALSE,3.40849095201876e-24,"c01100",1.05113784977151e-22,"S",0,"S=0","01111",16,7.61950793688819e-05
"4004",0,0,1,1,1,1,0,1,1,FALSE,3.40849095201876e-24,"c01100",1.05113784977151e-22,"Su",-0.00176383237911444,"Su=1","01111",16,7.48629090508868e-05
"4005",0,0,1,1,1,1,0,1,1,FALSE,3.40849095201876e-24,"c01100",1.05113784977151e-22,"br",-0.0573522304628305,"br=1","01111",16,4.29387456686556e-05
"4006",1,0,1,1,1,1,0,1,1,FALSE,3.40849095201876e-24,"c11100",1.05113784977151e-22,"P",0.00155570811003487,"P=1","01111",16,7.67395742376391e-05
"4007",1,0,1,1,1,1,0,1,1,FALSE,3.40849095201876e-24,"c11100",1.05113784977151e-22,"Pu",-0.000527992580998805,"Pu=0","01111",16,7.51570955154048e-05
"4008",1,0,1,1,1,1,0,1,1,FALSE,3.40849095201876e-24,"c11100",1.05113784977151e-22,"K",-0.0357725895542449,"K=1","01111",16,5.2832924161683e-05
"4009",1,0,1,1,1,1,0,1,1,FALSE,3.40849095201876e-24,"c11100",1.05113784977151e-22,"Ku",-0.0351005504420035,"Ku=1","01111",16,5.31891778173339e-05
"4010",1,0,1,1,1,1,0,1,1,FALSE,3.40849095201876e-24,"c11100",1.05113784977151e-22,"C",0,"C=1","01111",16,7.55549688503526e-05
"4011",1,0,1,1,1,1,0,1,1,FALSE,3.40849095201876e-24,"c11100",1.05113784977151e-22,"Cu",0.949012265896363,"Cu=1","01111",16,0.999472695661045
"4012",1,0,1,1,1,1,0,1,1,FALSE,3.40849095201876e-24,"c11100",1.05113784977151e-22,"S",0,"S=0","01111",16,7.55549688503526e-05
"4013",1,0,1,1,1,1,0,1,1,FALSE,3.40849095201876e-24,"c11100",1.05113784977151e-22,"Su",-0.00103840613537982,"Su=1","01111",16,7.4774460853111e-05
"4014",1,0,1,1,1,1,0,1,1,FALSE,3.40849095201876e-24,"c11100",1.05113784977151e-22,"br",-0.0552072651904728,"br=1","01111",16,4.35011686687979e-05
"4015",0,1,1,1,1,1,0,1,1,FALSE,5.17913451380875e-17,"c01100",1.59718315030235e-15,"P",-0.00426415485107078,"P=0","11111",32,7.12067058188281e-05
"4016",0,1,1,1,1,1,0,1,1,FALSE,5.17913451380875e-17,"c01100",1.59718315030235e-15,"Pu",-0.00460025135930362,"Pu=1","11111",32,7.09677842952988e-05
"4017",0,1,1,1,1,1,0,1,1,FALSE,5.17913451380875e-17,"c01100",1.59718315030235e-15,"K",-0.0384427838087319,"K=1","11111",32,5.05923666024973e-05
"4018",0,1,1,1,1,1,0,1,1,FALSE,5.17913451380875e-17,"c01100",1.59718315030235e-15,"Ku",-0.0399564206281623,"Ku=1","11111",32,4.98323483821592e-05
"4019",0,1,1,1,1,1,0,1,1,FALSE,5.17913451380875e-17,"c01100",1.59718315030235e-15,"C",0,"C=1","11111",32,7.43087377196099e-05
"4020",0,1,1,1,1,1,0,1,1,FALSE,5.17913451380875e-17,"c01100",1.59718315030235e-15,"Cu",0.950677629178033,"Cu=1","11111",32,0.999494407013711
"4021",0,1,1,1,1,1,0,1,1,FALSE,5.17913451380875e-17,"c01100",1.59718315030235e-15,"S",0,"S=0","11111",32,7.43087377196099e-05
"4022",0,1,1,1,1,1,0,1,1,FALSE,5.17913451380875e-17,"c01100",1.59718315030235e-15,"Su",-0.00209876394382008,"Su=1","11111",32,7.27654246242292e-05
"4023",0,1,1,1,1,1,0,1,1,FALSE,5.17913451380875e-17,"c01100",1.59718315030235e-15,"br",-0.0579866846733458,"br=1","11111",32,4.16108811266324e-05
"4024",1,1,1,1,1,1,0,1,1,FALSE,5.17913451380875e-17,"c11100",1.59718315030235e-15,"P",-0.00620193732871473,"P=1","11111",32,7.05295542629812e-05
"4025",1,1,1,1,1,1,0,1,1,FALSE,5.17913451380875e-17,"c11100",1.59718315030235e-15,"Pu",0.00332193209813562,"Pu=1","11111",32,7.75769638602294e-05
"4026",1,1,1,1,1,1,0,1,1,FALSE,5.17913451380875e-17,"c11100",1.59718315030235e-15,"K",-0.0422174667937454,"K=1","11111",32,4.91991593380946e-05
"4027",1,1,1,1,1,1,0,1,1,FALSE,5.17913451380875e-17,"c11100",1.59718315030235e-15,"Ku",-0.0419912499178007,"Ku=1","11111",32,4.93105821203926e-05
"4028",1,1,1,1,1,1,0,1,1,FALSE,5.17913451380875e-17,"c11100",1.59718315030235e-15,"C",0,"C=1","11111",32,7.5042243727118e-05
"4029",1,1,1,1,1,1,0,1,1,FALSE,5.17913451380875e-17,"c11100",1.59718315030235e-15,"Cu",0.949693935773143,"Cu=1","11111",32,0.999480139607065
"4030",1,1,1,1,1,1,0,1,1,FALSE,5.17913451380875e-17,"c11100",1.59718315030235e-15,"S",0,"S=0","11111",32,7.5042243727118e-05
"4031",1,1,1,1,1,1,0,1,1,FALSE,5.17913451380875e-17,"c11100",1.59718315030235e-15,"Su",0.00288220071179786,"Su=1","11111",32,7.72365825318133e-05
"4032",1,1,1,1,1,1,0,1,1,FALSE,5.17913451380875e-17,"c11100",1.59718315030235e-15,"br",-0.0491083743921541,"br=1","11111",32,4.59230633671854e-05
"4033",0,0,0,0,0,0,1,1,1,FALSE,2.59936306012945e-15,"c00010",4.15901048120234e-14,"P",0.00241659421754966,"P=0","00011",4,0.00445814990028961
"4034",0,0,0,0,0,0,1,1,1,FALSE,2.59936306012945e-15,"c00010",4.15901048120234e-14,"Pu",-0.00318488886571044,"Pu=0","00011",4,0.00421529268762589
"4035",0,0,0,0,0,0,1,1,1,FALSE,2.59936306012945e-15,"c00010",4.15901048120234e-14,"K",0.0126857181864277,"K=0","00011",4,0.00494029526223076
"4036",0,0,0,0,0,0,1,1,1,FALSE,2.59936306012945e-15,"c00010",4.15901048120234e-14,"Ku",0.0123370527108096,"Ku=0","00011",4,0.00492310015238326
"4037",0,0,0,0,0,0,1,1,1,FALSE,2.59936306012945e-15,"c00010",4.15901048120234e-14,"C",-0.0442081376845826,"C=0","00011",4,0.00279682974106882
"4038",0,0,0,0,0,0,1,1,1,FALSE,2.59936306012945e-15,"c00010",4.15901048120234e-14,"Cu",-0.0793038139220199,"Cu=0","00011",4,0.00196900783339573
"4039",0,0,0,0,0,0,1,1,1,FALSE,2.59936306012945e-15,"c00010",4.15901048120234e-14,"S",0.497126600957924,"S=1","00011",4,0.627556638073594
"4040",0,0,0,0,0,0,1,1,1,FALSE,2.59936306012945e-15,"c00010",4.15901048120234e-14,"Su",0.438475099473506,"Su=1","00011",4,0.349086210073839
"4041",0,0,0,0,0,0,1,1,1,FALSE,2.59936306012945e-15,"c00010",4.15901048120234e-14,"br",-0.438055789989817,"br=1","00011",4,5.44762755734818e-05
"4042",1,0,0,0,0,0,1,1,1,FALSE,2.59936306012945e-15,"c10010",4.15901048120234e-14,"P",-0.00753172537499088,"P=1","00011",4,0.00405982288916782
"4043",1,0,0,0,0,0,1,1,1,FALSE,2.59936306012945e-15,"c10010",4.15901048120234e-14,"Pu",-0.00495804181536813,"Pu=0","00011",4,0.00416566607541333
"4044",1,0,0,0,0,0,1,1,1,FALSE,2.59936306012945e-15,"c10010",4.15901048120234e-14,"K",0.01253571523134,"K=0","00011",4,0.00496202416548579
"4045",1,0,0,0,0,0,1,1,1,FALSE,2.59936306012945e-15,"c10010",4.15901048120234e-14,"Ku",0.0148181298611893,"Ku=0","00011",4,0.00507658048299736
"4046",1,0,0,0,0,0,1,1,1,FALSE,2.59936306012945e-15,"c10010",4.15901048120234e-14,"C",-0.0509352974725248,"C=0","00011",4,0.00263031504589474
"4047",1,0,0,0,0,0,1,1,1,FALSE,2.59936306012945e-15,"c10010",4.15901048120234e-14,"Cu",-0.0777770388012903,"Cu=0","00011",4,0.00201110880659203
"4048",1,0,0,0,0,0,1,1,1,FALSE,2.59936306012945e-15,"c10010",4.15901048120234e-14,"S",0.493845342115388,"S=1","00011",4,0.610885793412317
"4049",1,0,0,0,0,0,1,1,1,FALSE,2.59936306012945e-15,"c10010",4.15901048120234e-14,"Su",0.442660213853182,"Su=1","00011",4,0.366155732518232
"4050",1,0,0,0,0,0,1,1,1,FALSE,2.59936306012945e-15,"c10010",4.15901048120234e-14,"br",-0.441473909821199,"br=1","00011",4,5.29566039003796e-05
"4051",0,1,0,0,0,0,1,1,1,FALSE,3.94968070273519e-08,"c00010",6.31953407819075e-07,"P",-0.000350627422605354,"P=0","10011",20,0.00444791360675627
"4052",0,1,0,0,0,0,1,1,1,FALSE,3.94968070273519e-08,"c00010",6.31953407819075e-07,"Pu",0.00505206583454351,"Pu=1","10011",20,0.00469483076580982
"4053",0,1,0,0,0,0,1,1,1,FALSE,3.94968070273519e-08,"c00010",6.31953407819075e-07,"K",0.01626621293183,"K=0","10011",20,0.00525197153907931
"4054",0,1,0,0,0,0,1,1,1,FALSE,3.94968070273519e-08,"c00010",6.31953407819075e-07,"Ku",0.010934157341441,"Ku=0","10011",20,0.00497926844403951
"4055",0,1,0,0,0,0,1,1,1,FALSE,3.94968070273519e-08,"c00010",6.31953407819075e-07,"C",-0.0458284513632725,"C=0","10011",20,0.00282259562049598
"4056",0,1,0,0,0,0,1,1,1,FALSE,3.94968070273519e-08,"c00010",6.31953407819075e-07,"Cu",-0.0759964070909807,"Cu=0","10011",20,0.00208752120783757
"4057",0,1,0,0,0,0,1,1,1,FALSE,3.94968070273519e-08,"c00010",6.31953407819075e-07,"S",0.493778875054203,"S=1","10011",20,0.622491615135469
"4058",0,1,0,0,0,0,1,1,1,FALSE,3.94968070273519e-08,"c00010",6.31953407819075e-07,"Su",0.437100852692695,"Su=1","10011",20,0.353170143938391
"4059",0,1,0,0,0,0,1,1,1,FALSE,3.94968070273519e-08,"c00010",6.31953407819075e-07,"br",-0.441212816603465,"br=1","10011",20,5.41397421212668e-05
"4060",1,1,0,0,0,0,1,1,1,FALSE,3.94968070273519e-08,"c10010",6.31953407819075e-07,"P",0.00262830645680964,"P=1","10011",20,0.00460863977177565
"4061",1,1,0,0,0,0,1,1,1,FALSE,3.94968070273519e-08,"c10010",6.31953407819075e-07,"Pu",0.00127343309555149,"Pu=1","10011",20,0.00454661963508756
"4062",1,1,0,0,0,0,1,1,1,FALSE,3.94968070273519e-08,"c10010",6.31953407819075e-07,"K",0.0220179162272594,"K=0","10011",20,0.00559475107871659
"4063",1,1,0,0,0,0,1,1,1,FALSE,3.94968070273519e-08,"c10010",6.31953407819075e-07,"Ku",0.0147900365063387,"Ku=0","10011",20,0.00520463749241951
"4064",1,1,0,0,0,0,1,1,1,FALSE,3.94968070273519e-08,"c10010",6.31953407819075e-07,"C",-0.0474318641237335,"C=0","10011",20,0.00279359989006836
"4065",1,1,0,0,0,0,1,1,1,FALSE,3.94968070273519e-08,"c10010",6.31953407819075e-07,"Cu",-0.0830683587633659,"Cu=0","10011",20,0.00195612622338908
"4066",1,1,0,0,0,0,1,1,1,FALSE,3.94968070273519e-08,"c10010",6.31953407819075e-07,"S",0.490505779645998,"S=1","10011",20,0.605895473373318
"4067",1,1,0,0,0,0,1,1,1,FALSE,3.94968070273519e-08,"c10010",6.31953407819075e-07,"Su",0.441007812664084,"Su=1","10011",20,0.369343762180058
"4068",1,1,0,0,0,0,1,1,1,FALSE,3.94968070273519e-08,"c10010",6.31953407819075e-07,"br",-0.437710683131778,"br=1","10011",20,5.63903551675845e-05
"4069",0,0,1,0,0,0,1,1,1,FALSE,2.59936306012945e-15,"c01010",7.05902608915909e-14,"P",-0.00129386171371162,"P=0","00011",4,0.00380450641005486
"4070",0,0,1,0,0,0,1,1,1,FALSE,2.59936306012945e-15,"c01010",7.05902608915909e-14,"Pu",-0.0017740320557083,"Pu=0","00011",4,0.00378628208752585
"4071",0,0,1,0,0,0,1,1,1,FALSE,2.59936306012945e-15,"c01010",7.05902608915909e-14,"K",-0.0136788630243121,"K=1","00011",4,0.00336132838454932
"4072",0,0,1,0,0,0,1,1,1,FALSE,2.59936306012945e-15,"c01010",7.05902608915909e-14,"Ku",0.0934913897724022,"Ku=0","00011",4,0.00981624607986685
"4073",0,0,1,0,0,0,1,1,1,FALSE,2.59936306012945e-15,"c01010",7.05902608915909e-14,"C",-0.0511734154320116,"C=0","00011",4,0.00231033081517209
"4074",0,0,1,0,0,0,1,1,1,FALSE,2.59936306012945e-15,"c01010",7.05902608915909e-14,"Cu",-0.0836514867500377,"Cu=0","00011",4,0.00166964330055261
"4075",0,0,1,0,0,0,1,1,1,FALSE,2.59936306012945e-15,"c01010",7.05902608915909e-14,"S",0.507714500840235,"S=1","00011",4,0.617864938238827
"4076",0,0,1,0,0,0,1,1,1,FALSE,2.59936306012945e-15,"c01010",7.05902608915909e-14,"Su",0.452947125527421,"Su=1","00011",4,0.35730727787362
"4077",0,0,1,0,0,0,1,1,1,FALSE,2.59936306012945e-15,"c01010",7.05902608915909e-14,"br",-0.388179241859307,"br=1","00011",4,7.94468098317518e-05
"4078",1,0,1,0,0,0,1,1,1,FALSE,2.59936306012945e-15,"c11010",7.05902608915909e-14,"P",-0.0022113277495556,"P=1","00011",4,0.00357777214765498
"4079",1,0,1,0,0,0,1,1,1,FALSE,2.59936306012945e-15,"c11010",7.05902608915909e-14,"Pu",0.00143014397086051,"Pu=0","00011",4,0.00371045688554736
"4080",1,0,1,0,0,0,1,1,1,FALSE,2.59936306012945e-15,"c11010",7.05902608915909e-14,"K",-0.0164175701233506,"K=1","00011",4,0.00310395739949765
"4081",1,0,1,0,0,0,1,1,1,FALSE,2.59936306012945e-15,"c11010",7.05902608915909e-14,"Ku",0.0906026349715273,"Ku=0","00011",4,0.0090510423582532
"4082",1,0,1,0,0,0,1,1,1,FALSE,2.59936306012945e-15,"c11010",7.05902608915909e-14,"C",-0.0513395948332362,"C=0","00011",4,0.00218902804608233
"4083",1,0,1,0,0,0,1,1,1,FALSE,2.59936306012945e-15,"c11010",7.05902608915909e-14,"Cu",-0.0786906272442103,"Cu=0","00011",4,0.00166520344745192
"4084",1,0,1,0,0,0,1,1,1,FALSE,2.59936306012945e-15,"c11010",7.05902608915909e-14,"S",0.514252570943927,"S=1","00011",4,0.626018102560918
"4085",1,0,1,0,0,0,1,1,1,FALSE,2.59936306012945e-15,"c11010",7.05902608915909e-14,"Su",0.456281581076848,"Su=1","00011",4,0.350608210220093
"4086",1,0,1,0,0,0,1,1,1,FALSE,2.59936306012945e-15,"c11010",7.05902608915909e-14,"br",-0.387089398666255,"br=1","00011",4,7.62269345019999e-05
"4087",0,1,1,0,0,0,1,1,1,FALSE,3.94968070273519e-08,"c01010",1.07260503744588e-06,"P",0.00255084661989757,"P=0","10011",20,0.00377331513981256
"4088",0,1,1,0,0,0,1,1,1,FALSE,3.94968070273519e-08,"c01010",1.07260503744588e-06,"Pu",-0.00113944506469339,"Pu=1","10011",20,0.00363660678750855
"4089",0,1,1,0,0,0,1,1,1,FALSE,3.94968070273519e-08,"c01010",1.07260503744588e-06,"K",-0.0148150760371915,"K=1","10011",20,0.00317178568201203
"4090",0,1,1,0,0,0,1,1,1,FALSE,3.94968070273519e-08,"c01010",1.07260503744588e-06,"Ku",0.0900730685264193,"Ku=0","10011",20,0.00905372415184027
"4091",0,1,1,0,0,0,1,1,1,FALSE,3.94968070273519e-08,"c01010",1.07260503744588e-06,"C",-0.0482387265246496,"C=0","10011",20,0.00227063205496104
"4092",0,1,1,0,0,0,1,1,1,FALSE,3.94968070273519e-08,"c01010",1.07260503744588e-06,"Cu",-0.0745004209864556,"Cu=0","10011",20,0.00174619875676324
"4093",0,1,1,0,0,0,1,1,1,FALSE,3.94968070273519e-08,"c01010",1.07260503744588e-06,"S",0.515662585109699,"S=1","10011",20,0.638467866327165
"4094",0,1,1,0,0,0,1,1,1,FALSE,3.94968070273519e-08,"c01010",1.07260503744588e-06,"Su",0.452002576304046,"Su=1","10011",20,0.337805828775316
"4095",0,1,1,0,0,0,1,1,1,FALSE,3.94968070273519e-08,"c01010",1.07260503744588e-06,"br",-0.390556389123462,"br=1","10011",20,7.4042324621069e-05
"4096",1,1,1,0,0,0,1,1,1,FALSE,3.94968070273519e-08,"c11010",1.07260503744588e-06,"P",0.00104463668423061,"P=1","10011",20,0.0037405585171481
"4097",1,1,1,0,0,0,1,1,1,FALSE,3.94968070273519e-08,"c11010",1.07260503744588e-06,"Pu",-0.00414105817169688,"Pu=1","10011",20,0.00355152819333156
"4098",1,1,1,0,0,0,1,1,1,FALSE,3.94968070273519e-08,"c11010",1.07260503744588e-06,"K",-0.0148478993891982,"K=1","10011",20,0.00319092095474719
"4099",1,1,1,0,0,0,1,1,1,FALSE,3.94968070273519e-08,"c11010",1.07260503744588e-06,"Ku",0.0871272766974122,"Ku=0","10011",20,0.0088468488772201
"4100",1,1,1,0,0,0,1,1,1,FALSE,3.94968070273519e-08,"c11010",1.07260503744588e-06,"C",-0.0501314527058649,"C=0","10011",20,0.00224223703197528
"4101",1,1,1,0,0,0,1,1,1,FALSE,3.94968070273519e-08,"c11010",1.07260503744588e-06,"Cu",-0.0783075248819867,"Cu=0","10011",20,0.00169166511793106
"4102",1,1,1,0,0,0,1,1,1,FALSE,3.94968070273519e-08,"c11010",1.07260503744588e-06,"S",0.508975453650767,"S=1","10011",20,0.600968851904479
"4103",1,1,1,0,0,0,1,1,1,FALSE,3.94968070273519e-08,"c11010",1.07260503744588e-06,"Su",0.461997592976039,"Su=1","10011",20,0.375690061645776
"4104",1,1,1,0,0,0,1,1,1,FALSE,3.94968070273519e-08,"c11010",1.07260503744588e-06,"br",-0.386849087084096,"br=1","10011",20,7.73277573922025e-05
"4105",0,0,0,1,0,0,1,1,1,FALSE,2.41067322828298e-15,"c00010",3.85710460264966e-14,"P",-0.000204388673382788,"P=0","01011",12,0.00378721470297001
"4106",0,0,0,1,0,0,1,1,1,FALSE,2.41067322828298e-15,"c00010",3.85710460264966e-14,"Pu",-0.00094377715155197,"Pu=0","01011",12,0.00375931574176687
"4107",0,0,0,1,0,0,1,1,1,FALSE,2.41067322828298e-15,"c00010",3.85710460264966e-14,"K",0.0842538533832321,"K=0","01011",12,0.00881287096539156
"4108",0,0,0,1,0,0,1,1,1,FALSE,2.41067322828298e-15,"c00010",3.85710460264966e-14,"Ku",-0.0166928470195305,"Ku=1","01011",12,0.00321152614451893
"4109",0,0,0,1,0,0,1,1,1,FALSE,2.41067322828298e-15,"c00010",3.85710460264966e-14,"C",-0.0474926948939296,"C=0","01011",12,0.00236020334826436
"4110",0,0,0,1,0,0,1,1,1,FALSE,2.41067322828298e-15,"c00010",3.85710460264966e-14,"Cu",-0.0762442554805353,"Cu=0","01011",12,0.00177044720697084
"4111",0,0,0,1,0,0,1,1,1,FALSE,2.41067322828298e-15,"c00010",3.85710460264966e-14,"S",0.506504312244275,"S=1","01011",12,0.601073877471709
"4112",0,0,0,1,0,0,1,1,1,FALSE,2.41067322828298e-15,"c00010",3.85710460264966e-14,"Su",0.459364250681608,"Su=1","01011",12,0.375146732310673
"4113",0,0,0,1,0,0,1,1,1,FALSE,2.41067322828298e-15,"c00010",3.85710460264966e-14,"br",-0.388713296226769,"br=1","01011",12,7.78121077356546e-05
"4114",1,0,0,1,0,0,1,1,1,FALSE,2.41067322828298e-15,"c10010",3.85710460264966e-14,"P",0.00167138299373676,"P=1","01011",12,0.00380160875778041
"4115",1,0,0,1,0,0,1,1,1,FALSE,2.41067322828298e-15,"c10010",3.85710460264966e-14,"Pu",-0.00202205043763562,"Pu=0","01011",12,0.0036637602112367
"4116",1,0,0,1,0,0,1,1,1,FALSE,2.41067322828298e-15,"c10010",3.85710460264966e-14,"K",0.0886177109909386,"K=0","01011",12,0.00906923225969352
"4117",1,0,0,1,0,0,1,1,1,FALSE,2.41067322828298e-15,"c10010",3.85710460264966e-14,"Ku",-0.0155437381925505,"Ku=1","01011",12,0.00320039142484644
"4118",1,0,0,1,0,0,1,1,1,FALSE,2.41067322828298e-15,"c10010",3.85710460264966e-14,"C",-0.0404254056027732,"C=0","01011",12,0.00249541849470734
"4119",1,0,0,1,0,0,1,1,1,FALSE,2.41067322828298e-15,"c10010",3.85710460264966e-14,"Cu",-0.079087111069583,"Cu=0","01011",12,0.00169526554761174
"4120",1,0,0,1,0,0,1,1,1,FALSE,2.41067322828298e-15,"c10010",3.85710460264966e-14,"S",0.511239883691746,"S=1","01011",12,0.620862314414784
"4121",1,0,0,1,0,0,1,1,1,FALSE,2.41067322828298e-15,"c10010",3.85710460264966e-14,"Su",0.455378368559379,"Su=1","01011",12,0.355133647375814
"4122",1,0,0,1,0,0,1,1,1,FALSE,2.41067322828298e-15,"c10010",3.85710460264966e-14,"br",-0.386513287557884,"br=1","01011",12,7.83615135256466e-05
"4123",0,1,0,1,0,0,1,1,1,FALSE,3.66297023928449e-08,"c00010",5.8607940734365e-07,"P",-0.00217231276019414,"P=0","11011",28,0.00372597230376689
"4124",0,1,0,1,0,0,1,1,1,FALSE,3.66297023928449e-08,"c00010",5.8607940734365e-07,"Pu",0.00139077175562624,"Pu=1","11011",28,0.00386112535632275
"4125",0,1,0,1,0,0,1,1,1,FALSE,3.66297023928449e-08,"c00010",5.8607940734365e-07,"K",0.0915655483912425,"K=0","11011",28,0.00951344870270844
"4126",0,1,0,1,0,0,1,1,1,FALSE,3.66297023928449e-08,"c00010",5.8607940734365e-07,"Ku",-0.0124239287684063,"Ku=1","11011",28,0.00336292684235151
"4127",0,1,0,1,0,0,1,1,1,FALSE,3.66297023928449e-08,"c00010",5.8607940734365e-07,"C",-0.0465273686980326,"C=0","11011",28,0.00239115683337341
"4128",0,1,0,1,0,0,1,1,1,FALSE,3.66297023928449e-08,"c00010",5.8607940734365e-07,"Cu",-0.0823663098197292,"Cu=0","11011",28,0.00167094254984917
"4129",0,1,0,1,0,0,1,1,1,FALSE,3.66297023928449e-08,"c00010",5.8607940734365e-07,"S",0.505715307770133,"S=1","11011",28,0.598366860065542
"4130",0,1,0,1,0,0,1,1,1,FALSE,3.66297023928449e-08,"c00010",5.8607940734365e-07,"Su",0.459526356693183,"Su=1","11011",28,0.377026144349499
"4131",0,1,0,1,0,0,1,1,1,FALSE,3.66297023928449e-08,"c00010",5.8607940734365e-07,"br",-0.384514849904004,"br=1","11011",28,8.14229965868387e-05
"4132",1,1,0,1,0,0,1,1,1,FALSE,3.66297023928449e-08,"c10010",5.8607940734365e-07,"P",0.00156826372841788,"P=1","11011",28,0.00384053604167539
"4133",1,1,0,1,0,0,1,1,1,FALSE,3.66297023928449e-08,"c10010",5.8607940734365e-07,"Pu",-0.00600670047908144,"Pu=1","11011",28,0.00356036229864671
"4134",1,1,0,1,0,0,1,1,1,FALSE,3.66297023928449e-08,"c10010",5.8607940734365e-07,"K",0.0946034359910632,"K=0","11011",28,0.00973729807042617
"4135",1,1,0,1,0,0,1,1,1,FALSE,3.66297023928449e-08,"c10010",5.8607940734365e-07,"Ku",-0.0139623429396256,"Ku=1","11011",28,0.00328808682791878
"4136",1,1,0,1,0,0,1,1,1,FALSE,3.66297023928449e-08,"c10010",5.8607940734365e-07,"C",-0.0509159596757357,"C=0","11011",28,0.00227224815262809
"4137",1,1,0,1,0,0,1,1,1,FALSE,3.66297023928449e-08,"c10010",5.8607940734365e-07,"Cu",-0.075758918496802,"Cu=0","11011",28,0.00177240986954503
"4138",1,1,0,1,0,0,1,1,1,FALSE,3.66297023928449e-08,"c10010",5.8607940734365e-07,"S",0.508485629057161,"S=1","11011",28,0.610809791805055
"4139",1,1,0,1,0,0,1,1,1,FALSE,3.66297023928449e-08,"c10010",5.8607940734365e-07,"Su",0.45689779829829,"Su=1","11011",28,0.364638808083095
"4140",1,1,0,1,0,0,1,1,1,FALSE,3.66297023928449e-08,"c10010",5.8607940734365e-07,"br",-0.384993870659374,"br=1","11011",28,8.04588510093242e-05
"4141",0,0,1,1,0,0,1,1,1,FALSE,2.41067322828298e-15,"c01010",6.54660577119978e-14,"P",-0.00754676240382073,"P=0","01011",12,0.00145045286100705
"4142",0,0,1,1,0,0,1,1,1,FALSE,2.41067322828298e-15,"c01010",6.54660577119978e-14,"Pu",-0.000384673345171318,"Pu=0","01011",12,0.00155814609855469
"4143",0,0,1,1,0,0,1,1,1,FALSE,2.41067322828298e-15,"c01010",6.54660577119978e-14,"K",-0.0856951149997135,"K=1","01011",12,0.000663910650970319
"4144",0,0,1,1,0,0,1,1,1,FALSE,2.41067322828298e-15,"c01010",6.54660577119978e-14,"Ku",-0.0870449006067724,"Ku=1","01011",12,0.000655009489004381
"4145",0,0,1,1,0,0,1,1,1,FALSE,2.41067322828298e-15,"c01010",6.54660577119978e-14,"C",-0.0577076737566473,"C=0","01011",12,0.000878329660813103
"4146",0,0,1,1,0,0,1,1,1,FALSE,2.41067322828298e-15,"c01010",6.54660577119978e-14,"Cu",-0.0965288734925703,"Cu=0","01011",12,0.000595743373940371
"4147",0,0,1,1,0,0,1,1,1,FALSE,2.41067322828298e-15,"c01010",6.54660577119978e-14,"S",0.600541643797116,"S=1","01011",12,0.634450891893767
"4148",0,0,1,1,0,0,1,1,1,FALSE,2.41067322828298e-15,"c01010",6.54660577119978e-14,"Su",0.543665071766494,"Su=1","01011",12,0.359241249621275
"4149",0,0,1,1,0,0,1,1,1,FALSE,2.41067322828298e-15,"c01010",6.54660577119978e-14,"br",-0.11280358131136,"br=1","01011",12,0.000506266350667511
"4150",1,0,1,1,0,0,1,1,1,FALSE,2.41067322828298e-15,"c11010",6.54660577119978e-14,"P",0.00097117392475912,"P=1","01011",12,0.00148610343607801
"4151",1,0,1,1,0,0,1,1,1,FALSE,2.41067322828298e-15,"c11010",6.54660577119978e-14,"Pu",-0.00321197597254206,"Pu=0","01011",12,0.0014252198064295
"4152",1,0,1,1,0,0,1,1,1,FALSE,2.41067322828298e-15,"c11010",6.54660577119978e-14,"K",-0.0852129257647775,"K=1","01011",12,0.000627705955449725
"4153",1,0,1,1,0,0,1,1,1,FALSE,2.41067322828298e-15,"c11010",6.54660577119978e-14,"Ku",-0.0829961872729671,"Ku=1","01011",12,0.000641775926054338
"4154",1,0,1,1,0,0,1,1,1,FALSE,2.41067322828298e-15,"c11010",6.54660577119978e-14,"C",-0.0595244071935692,"C=0","01011",12,0.000811558942820648
"4155",1,0,1,1,0,0,1,1,1,FALSE,2.41067322828298e-15,"c11010",6.54660577119978e-14,"Cu",-0.0962027984517299,"Cu=0","01011",12,0.00056237737265398
"4156",1,0,1,1,0,0,1,1,1,FALSE,2.41067322828298e-15,"c11010",6.54660577119978e-14,"S",0.611579243094549,"S=1","01011",12,0.666632048730956
"4157",1,0,1,1,0,0,1,1,1,FALSE,2.41067322828298e-15,"c11010",6.54660577119978e-14,"Su",0.540456954237286,"Su=1","01011",12,0.327345226997619
"4158",1,0,1,1,0,0,1,1,1,FALSE,2.41067322828298e-15,"c11010",6.54660577119978e-14,"br",-0.114576947930696,"br=1","01011",12,0.000467982831938109
"4159",0,1,1,1,0,0,1,1,1,FALSE,3.66297023928449e-08,"c01010",9.94743784719126e-07,"P",-0.00163981055172065,"P=0","11011",28,0.00151926668903243
"4160",0,1,1,1,0,0,1,1,1,FALSE,3.66297023928449e-08,"c01010",9.94743784719126e-07,"Pu",-0.00137593472819582,"Pu=1","11011",28,0.00152328096053635
"4161",0,1,1,1,0,0,1,1,1,FALSE,3.66297023928449e-08,"c01010",9.94743784719126e-07,"K",-0.0816183489030945,"K=1","11011",28,0.000682797051380969
"4162",0,1,1,1,0,0,1,1,1,FALSE,3.66297023928449e-08,"c01010",9.94743784719126e-07,"Ku",-0.0899213178199423,"Ku=1","11011",28,0.000628394392773044
"4163",0,1,1,1,0,0,1,1,1,FALSE,3.66297023928449e-08,"c01010",9.94743784719126e-07,"C",-0.0573876711089263,"C=0","11011",28,0.000870009777794673
"4164",0,1,1,1,0,0,1,1,1,FALSE,3.66297023928449e-08,"c01010",9.94743784719126e-07,"Cu",-0.0931631759973165,"Cu=0","11011",28,0.000608349408265887
"4165",0,1,1,1,0,0,1,1,1,FALSE,3.66297023928449e-08,"c01010",9.94743784719126e-07,"S",0.603455109214661,"S=1","11011",28,0.644952696072393
"4166",0,1,1,1,0,0,1,1,1,FALSE,3.66297023928449e-08,"c01010",9.94743784719126e-07,"Su",0.541972118568772,"Su=1","11011",28,0.348747117624267
"4167",0,1,1,1,0,0,1,1,1,FALSE,3.66297023928449e-08,"c01010",9.94743784719126e-07,"br",-0.119372479876546,"br=1","11011",28,0.000468088023556182
"4168",1,1,1,1,0,0,1,1,1,FALSE,3.66297023928449e-08,"c11010",9.94743784719126e-07,"P",0.000283185762815539,"P=1","11011",28,0.00151352384739322
"4169",1,1,1,1,0,0,1,1,1,FALSE,3.66297023928449e-08,"c11010",9.94743784719126e-07,"Pu",0.0033452743466993,"Pu=1","11011",28,0.00156058615589746
"4170",1,1,1,1,0,0,1,1,1,FALSE,3.66297023928449e-08,"c11010",9.94743784719126e-07,"K",-0.0843443305174071,"K=1","11011",28,0.000649316792722189
"4171",1,1,1,1,0,0,1,1,1,FALSE,3.66297023928449e-08,"c11010",9.94743784719126e-07,"Ku",-0.0818391815882506,"Ku=1","11011",28,0.000665788605689589
"4172",1,1,1,1,0,0,1,1,1,FALSE,3.66297023928449e-08,"c11010",9.94743784719126e-07,"C",-0.0620593159082522,"C=0","11011",28,0.000811407884662569
"4173",1,1,1,1,0,0,1,1,1,FALSE,3.66297023928449e-08,"c11010",9.94743784719126e-07,"Cu",-0.0914368798512911,"Cu=0","11011",28,0.000604858912678469
"4174",1,1,1,1,0,0,1,1,1,FALSE,3.66297023928449e-08,"c11010",9.94743784719126e-07,"S",0.609424519083064,"S=1","11011",28,0.669046750606694
"4175",1,1,1,1,0,0,1,1,1,FALSE,3.66297023928449e-08,"c11010",9.94743784719126e-07,"Su",0.537131514045922,"Su=1","11011",28,0.324707211515067
"4176",1,1,1,1,0,0,1,1,1,FALSE,3.66297023928449e-08,"c11010",9.94743784719126e-07,"br",-0.12313271897871,"br=1","11011",28,0.000440555679194724
"4177",0,0,0,0,1,0,1,1,1,FALSE,2.59936306012945e-15,"c00110",4.15901048120229e-14,"P",-0.00471076865538881,"P=0","00011",4,0.00592041452631759
"4178",0,0,0,0,1,0,1,1,1,FALSE,2.59936306012945e-15,"c00110",4.15901048120229e-14,"Pu",0.000188293124248795,"Pu=0","00011",4,0.0062176814845282
"4179",0,0,0,0,1,0,1,1,1,FALSE,2.59936306012945e-15,"c00110",4.15901048120229e-14,"K",0.0146818723179543,"K=0","00011",4,0.00718742432602785
"4180",0,0,0,0,1,0,1,1,1,FALSE,2.59936306012945e-15,"c00110",4.15901048120229e-14,"Ku",0.0169079817239625,"Ku=0","00011",4,0.00734921843043532
"4181",0,0,0,0,1,0,1,1,1,FALSE,2.59936306012945e-15,"c00110",4.15901048120229e-14,"C",0,"C=1","00011",4,0.00620598503306783
"4182",0,0,0,0,1,0,1,1,1,FALSE,2.59936306012945e-15,"c00110",4.15901048120229e-14,"Cu",-0.2627638017928,"Cu=0","00011",4,0.000448375663388137
"4183",0,0,0,0,1,0,1,1,1,FALSE,2.59936306012945e-15,"c00110",4.15901048120229e-14,"S",0.453728156800553,"S=1","00011",4,0.579865234563615
"4184",0,0,0,0,1,0,1,1,1,FALSE,2.59936306012945e-15,"c00110",4.15901048120229e-14,"Su",0.41321230784827,"Su=1","00011",4,0.386695372854874
"4185",0,0,0,0,1,0,1,1,1,FALSE,2.59936306012945e-15,"c00110",4.15901048120229e-14,"br",-0.403012790477851,"br=1","00011",4,0.000110293117746208
"4186",1,0,0,0,1,0,1,1,1,FALSE,2.59936306012945e-15,"c10110",4.15901048120229e-14,"P",-0.00255682866048817,"P=1","00011",4,0.00627230760366593
"4187",1,0,0,0,1,0,1,1,1,FALSE,2.59936306012945e-15,"c10110",4.15901048120229e-14,"Pu",-0.000761263898776817,"Pu=0","00011",4,0.00638594814028273
"4188",1,0,0,0,1,0,1,1,1,FALSE,2.59936306012945e-15,"c10110",4.15901048120229e-14,"K",0.0165812301441599,"K=0","00011",4,0.0075952641419543
"4189",1,0,0,0,1,0,1,1,1,FALSE,2.59936306012945e-15,"c10110",4.15901048120229e-14,"Ku",0.00989907982579382,"Ku=0","00011",4,0.00710432256423183
"4190",1,0,0,0,1,0,1,1,1,FALSE,2.59936306012945e-15,"c10110",4.15901048120229e-14,"C",0,"C=1","00011",4,0.00643474756861508
"4191",1,0,0,0,1,0,1,1,1,FALSE,2.59936306012945e-15,"c10110",4.15901048120229e-14,"Cu",-0.263857893451858,"Cu=0","00011",4,0.000459844761196562
"4192",1,0,0,0,1,0,1,1,1,FALSE,2.59936306012945e-15,"c10110",4.15901048120229e-14,"S",0.449374132569079,"S=1","00011",4,0.575623578831656
"4193",1,0,0,0,1,0,1,1,1,FALSE,2.59936306012945e-15,"c10110",4.15901048120229e-14,"Su",0.410447166667551,"Su=1","00011",4,0.390014640856878
"4194",1,0,0,0,1,0,1,1,1,FALSE,2.59936306012945e-15,"c10110",4.15901048120229e-14,"br",-0.407495500911807,"br=1","00011",4,0.000109345531519245
"4195",0,1,0,0,1,0,1,1,1,FALSE,3.94968070273519e-08,"c00110",6.31953407819069e-07,"P",0.00208942438603502,"P=0","10011",20,0.00633039237519688
"4196",0,1,0,0,1,0,1,1,1,FALSE,3.94968070273519e-08,"c00110",6.31953407819069e-07,"Pu",-0.0017302078984286,"Pu=1","10011",20,0.00609315431770168
"4197",0,1,0,0,1,0,1,1,1,FALSE,3.94968070273519e-08,"c00110",6.31953407819069e-07,"K",0.0136864247439321,"K=0","10011",20,0.00710879126483591
"4198",0,1,0,0,1,0,1,1,1,FALSE,3.94968070273519e-08,"c00110",6.31953407819069e-07,"Ku",0.0189426142560028,"Ku=0","10011",20,0.00749243705823671
"4199",0,1,0,0,1,0,1,1,1,FALSE,3.94968070273519e-08,"c00110",6.31953407819069e-07,"C",0,"C=1","10011",20,0.00619949586704188
"4200",0,1,0,0,1,0,1,1,1,FALSE,3.94968070273519e-08,"c00110",6.31953407819069e-07,"Cu",-0.26146766546512,"Cu=0","10011",20,0.000453750097887275
"4201",0,1,0,0,1,0,1,1,1,FALSE,3.94968070273519e-08,"c00110",6.31953407819069e-07,"S",0.460734315741645,"S=1","10011",20,0.621298184144322
"4202",0,1,0,0,1,0,1,1,1,FALSE,3.94968070273519e-08,"c00110",6.31953407819069e-07,"Su",0.401884055022833,"Su=1","10011",20,0.344918627608074
"4203",0,1,0,0,1,0,1,1,1,FALSE,3.94968070273519e-08,"c00110",6.31953407819069e-07,"br",-0.407667115708006,"br=1","10011",20,0.000105167266703794
"4204",1,1,0,0,1,0,1,1,1,FALSE,3.94968070273519e-08,"c10110",6.31953407819069e-07,"P",-0.00309961217087848,"P=1","10011",20,0.00620449186022458
"4205",1,1,0,0,1,0,1,1,1,FALSE,3.94968070273519e-08,"c10110",6.31953407819069e-07,"Pu",-0.00117554615833855,"Pu=1","10011",20,0.00632502624139587
"4206",1,1,0,0,1,0,1,1,1,FALSE,3.94968070273519e-08,"c10110",6.31953407819069e-07,"K",0.0150621649960522,"K=0","10011",20,0.00744015212084549
"4207",1,1,0,0,1,0,1,1,1,FALSE,3.94968070273519e-08,"c10110",6.31953407819069e-07,"Ku",0.0172315688650469,"Ku=0","10011",20,0.00760332258259208
"4208",1,1,0,0,1,0,1,1,1,FALSE,3.94968070273519e-08,"c10110",6.31953407819069e-07,"C",0,"C=1","10011",20,0.00639981859239523
"4209",1,1,0,0,1,0,1,1,1,FALSE,3.94968070273519e-08,"c10110",6.31953407819069e-07,"Cu",-0.262426129844785,"Cu=0","10011",20,0.000463943893419289
"4210",1,1,0,0,1,0,1,1,1,FALSE,3.94968070273519e-08,"c10110",6.31953407819069e-07,"S",0.453381036841111,"S=1","10011",20,0.595904258128211
"4211",1,1,0,0,1,0,1,1,1,FALSE,3.94968070273519e-08,"c10110",6.31953407819069e-07,"Su",0.405601568238365,"Su=1","10011",20,0.369549733250928
"4212",1,1,0,0,1,0,1,1,1,FALSE,3.94968070273519e-08,"c10110",6.31953407819069e-07,"br",-0.40703556100516,"br=1","10011",20,0.000109253329988618
"4213",0,0,1,0,1,0,1,1,1,FALSE,2.59936306012945e-15,"c01110",7.05902608219946e-14,"P",-0.00220594747691186,"P=0","00011",4,0.00551900368267659
"4214",0,0,1,0,1,0,1,1,1,FALSE,2.59936306012945e-15,"c01110",7.05902608219946e-14,"Pu",0.00463898705543536,"Pu=0","00011",4,0.00591000511590534
"4215",0,0,1,0,1,0,1,1,1,FALSE,2.59936306012945e-15,"c01110",7.05902608219946e-14,"K",-0.0140646455384668,"K=1","00011",4,0.00490183865826697
"4216",0,0,1,0,1,0,1,1,1,FALSE,2.59936306012945e-15,"c01110",7.05902608219946e-14,"Ku",0.0827996561687185,"Ku=0","00011",4,0.0129132431840557
"4217",0,0,1,0,1,0,1,1,1,FALSE,2.59936306012945e-15,"c01110",7.05902608219946e-14,"C",0,"C=1","00011",4,0.00564210276386627
"4218",0,0,1,0,1,0,1,1,1,FALSE,2.59936306012945e-15,"c01110",7.05902608219946e-14,"Cu",-0.270026698000248,"Cu=0","00011",4,0.00037907918910188
"4219",0,0,1,0,1,0,1,1,1,FALSE,2.59936306012945e-15,"c01110",7.05902608219946e-14,"S",0.466301509723747,"S=1","00011",4,0.597809369922682
"4220",0,0,1,0,1,0,1,1,1,FALSE,2.59936306012945e-15,"c01110",7.05902608219946e-14,"Su",0.417445277467219,"Su=1","00011",4,0.36676070344239
"4221",0,0,1,0,1,0,1,1,1,FALSE,2.59936306012945e-15,"c01110",7.05902608219946e-14,"br",-0.353416555364847,"br=1","00011",4,0.000164654041056184
"4222",1,0,1,0,1,0,1,1,1,FALSE,2.59936306012945e-15,"c11110",7.05902608219946e-14,"P",0.000644157256897741,"P=1","00011",4,0.00560147196041751
"4223",1,0,1,0,1,0,1,1,1,FALSE,2.59936306012945e-15,"c11110",7.05902608219946e-14,"Pu",0.00203450946568512,"Pu=0","00011",4,0.00567989607189741
"4224",1,0,1,0,1,0,1,1,1,FALSE,2.59936306012945e-15,"c11110",7.05902608219946e-14,"K",-0.0119417780917472,"K=1","00011",4,0.00493903545341358
"4225",1,0,1,0,1,0,1,1,1,FALSE,2.59936306012945e-15,"c11110",7.05902608219946e-14,"Ku",0.0772953155235353,"Ku=0","00011",4,0.0120557412161419
"4226",1,0,1,0,1,0,1,1,1,FALSE,2.59936306012945e-15,"c11110",7.05902608219946e-14,"C",0,"C=1","00011",4,0.00556550563649921
"4227",1,0,1,0,1,0,1,1,1,FALSE,2.59936306012945e-15,"c11110",7.05902608219946e-14,"Cu",-0.271021858753282,"Cu=0","00011",4,0.000370230036291343
"4228",1,0,1,0,1,0,1,1,1,FALSE,2.59936306012945e-15,"c11110",7.05902608219946e-14,"S",0.46580022760754,"S=1","00011",4,0.586744884766262
"4229",1,0,1,0,1,0,1,1,1,FALSE,2.59936306012945e-15,"c11110",7.05902608219946e-14,"Su",0.4220647747051,"Su=1","00011",4,0.378886083157836
"4230",1,0,1,0,1,0,1,1,1,FALSE,2.59936306012945e-15,"c11110",7.05902608219946e-14,"br",-0.356713153091327,"br=1","00011",4,0.000157151701241711
"4231",0,1,1,0,1,0,1,1,1,FALSE,3.94968070273519e-08,"c01110",1.07260503638838e-06,"P",-0.00418663902408164,"P=0","10011",20,0.00527335231598292
"4232",0,1,1,0,1,0,1,1,1,FALSE,3.94968070273519e-08,"c01110",1.07260503638838e-06,"Pu",0.00501777937404003,"Pu=1","10011",20,0.00578177342980713
"4233",0,1,1,0,1,0,1,1,1,FALSE,3.94968070273519e-08,"c01110",1.07260503638838e-06,"K",-0.0118522605436303,"K=1","10011",20,0.00488422223665259
"4234",0,1,1,0,1,0,1,1,1,FALSE,3.94968070273519e-08,"c01110",1.07260503638838e-06,"Ku",0.0838366149864322,"Ku=0","10011",20,0.0127164802983087
"4235",0,1,1,0,1,0,1,1,1,FALSE,3.94968070273519e-08,"c01110",1.07260503638838e-06,"C",0,"C=1","10011",20,0.00549881527037865
"4236",0,1,1,0,1,0,1,1,1,FALSE,3.94968070273519e-08,"c01110",1.07260503638838e-06,"Cu",-0.271336218527632,"Cu=0","10011",20,0.000364645539601213
"4237",0,1,1,0,1,0,1,1,1,FALSE,3.94968070273519e-08,"c01110",1.07260503638838e-06,"S",0.470203566805985,"S=1","10011",20,0.605811166884813
"4238",0,1,1,0,1,0,1,1,1,FALSE,3.94968070273519e-08,"c01110",1.07260503638838e-06,"Su",0.418021776331445,"Su=1","10011",20,0.359513032040382
"4239",0,1,1,0,1,0,1,1,1,FALSE,3.94968070273519e-08,"c01110",1.07260503638838e-06,"br",-0.35591553600353,"br=1","10011",20,0.000156511984073268
"4240",1,1,1,0,1,0,1,1,1,FALSE,3.94968070273519e-08,"c11110",1.07260503638838e-06,"P",0.000179639517763225,"P=1","10011",20,0.0054191560258952
"4241",1,1,1,0,1,0,1,1,1,FALSE,3.94968070273519e-08,"c11110",1.07260503638838e-06,"Pu",0.00123450136621993,"Pu=1","10011",20,0.00547662320209984
"4242",1,1,1,0,1,0,1,1,1,FALSE,3.94968070273519e-08,"c11110",1.07260503638838e-06,"K",-0.0164004936452389,"K=1","10011",20,0.0045911877374043
"4243",1,1,1,0,1,0,1,1,1,FALSE,3.94968070273519e-08,"c11110",1.07260503638838e-06,"Ku",0.0772852784236197,"Ku=0","10011",20,0.0117164809357411
"4244",1,1,1,0,1,0,1,1,1,FALSE,3.94968070273519e-08,"c11110",1.07260503638838e-06,"C",0,"C=1","10011",20,0.00540942981881476
"4245",1,1,1,0,1,0,1,1,1,FALSE,3.94968070273519e-08,"c11110",1.07260503638838e-06,"Cu",-0.270987587719894,"Cu=0","10011",20,0.000359970864112055
"4246",1,1,1,0,1,0,1,1,1,FALSE,3.94968070273519e-08,"c11110",1.07260503638838e-06,"S",0.470260522116416,"S=1","10011",20,0.596302992482253
"4247",1,1,1,0,1,0,1,1,1,FALSE,3.94968070273519e-08,"c11110",1.07260503638838e-06,"Su",0.422690108334481,"Su=1","10011",20,0.370570895280014
"4248",1,1,1,0,1,0,1,1,1,FALSE,3.94968070273519e-08,"c11110",1.07260503638838e-06,"br",-0.356373930743174,"br=1","10011",20,0.000153263653666589
"4249",0,0,0,1,1,0,1,1,1,FALSE,2.41067322828298e-15,"c00110",3.85710460264962e-14,"P",-0.00138698245410303,"P=0","01011",12,0.00548542116419651
"4250",0,0,0,1,1,0,1,1,1,FALSE,2.41067322828298e-15,"c00110",3.85710460264962e-14,"Pu",0.0027716207101761,"Pu=0","01011",12,0.00571834774069928
"4251",0,0,0,1,1,0,1,1,1,FALSE,2.41067322828298e-15,"c00110",3.85710460264962e-14,"K",0.0861649996950439,"K=0","01011",12,0.0131656833344721
"4252",0,0,0,1,1,0,1,1,1,FALSE,2.41067322828298e-15,"c00110",3.85710460264962e-14,"Ku",-0.0155050356009641,"Ku=1","01011",12,0.00476316967162443
"4253",0,0,0,1,1,0,1,1,1,FALSE,2.41067322828298e-15,"c00110",3.85710460264962e-14,"C",0,"C=1","01011",12,0.00556203306190545
"4254",0,0,0,1,1,0,1,1,1,FALSE,2.41067322828298e-15,"c00110",3.85710460264962e-14,"Cu",-0.27128729230452,"Cu=0","01011",12,0.000369018233455658
"4255",0,0,0,1,1,0,1,1,1,FALSE,2.41067322828298e-15,"c00110",3.85710460264962e-14,"S",0.464862522086968,"S=1","01011",12,0.580905980926624
"4256",0,0,0,1,1,0,1,1,1,FALSE,2.41067322828298e-15,"c00110",3.85710460264962e-14,"Su",0.423435854014885,"Su=1","01011",12,0.383877019736612
"4257",0,0,0,1,1,0,1,1,1,FALSE,2.41067322828298e-15,"c00110",3.85710460264962e-14,"br",-0.359115175489653,"br=1","01011",12,0.000153326130410411
"4258",1,0,0,1,1,0,1,1,1,FALSE,2.41067322828298e-15,"c10110",3.85710460264962e-14,"P",0.00303100449605338,"P=1","01011",12,0.00559953875286696
"4259",1,0,0,1,1,0,1,1,1,FALSE,2.41067322828298e-15,"c10110",3.85710460264962e-14,"Pu",0.00216493896912245,"Pu=0","01011",12,0.00555125247528027
"4260",1,0,0,1,1,0,1,1,1,FALSE,2.41067322828298e-15,"c10110",3.85710460264962e-14,"K",0.0811354180182206,"K=0","01011",12,0.0122279995106659
"4261",1,0,0,1,1,0,1,1,1,FALSE,2.41067322828298e-15,"c10110",3.85710460264962e-14,"Ku",-0.0180269963714562,"Ku=1","01011",12,0.00453626606093531
"4262",1,0,0,1,1,0,1,1,1,FALSE,2.41067322828298e-15,"c10110",3.85710460264962e-14,"C",0,"C=1","01011",12,0.00543236283480307
"4263",1,0,0,1,1,0,1,1,1,FALSE,2.41067322828298e-15,"c10110",3.85710460264962e-14,"Cu",-0.270699802301982,"Cu=0","01011",12,0.000362538777066334
"4264",1,0,0,1,1,0,1,1,1,FALSE,2.41067322828298e-15,"c10110",3.85710460264962e-14,"S",0.467788767048849,"S=1","01011",12,0.584210786980871
"4265",1,0,0,1,1,0,1,1,1,FALSE,2.41067322828298e-15,"c10110",3.85710460264962e-14,"Su",0.425285153723497,"Su=1","01011",12,0.381925560212603
"4266",1,0,0,1,1,0,1,1,1,FALSE,2.41067322828298e-15,"c10110",3.85710460264962e-14,"br",-0.356516328067208,"br=1","01011",12,0.000153694394908261
"4267",0,1,0,1,1,0,1,1,1,FALSE,3.66297023928449e-08,"c00110",5.86079407343644e-07,"P",-0.00381271335467468,"P=0","11011",28,0.00521154826286517
"4268",0,1,0,1,1,0,1,1,1,FALSE,3.66297023928449e-08,"c00110",5.86079407343644e-07,"Pu",0.00314747771249678,"Pu=1","11011",28,0.00558720350006066
"4269",0,1,0,1,1,0,1,1,1,FALSE,3.66297023928449e-08,"c00110",5.86079407343644e-07,"K",0.0783503708565254,"K=0","11011",28,0.0118521326885591
"4270",0,1,0,1,1,0,1,1,1,FALSE,3.66297023928449e-08,"c00110",5.86079407343644e-07,"Ku",-0.00998634912035549,"Ku=1","11011",28,0.00489953658099579
"4271",0,1,0,1,1,0,1,1,1,FALSE,3.66297023928449e-08,"c00110",5.86079407343644e-07,"C",0,"C=1","11011",28,0.00541408622052342
"4272",0,1,0,1,1,0,1,1,1,FALSE,3.66297023928449e-08,"c00110",5.86079407343644e-07,"Cu",-0.270124776354357,"Cu=0","11011",28,0.000363402716794777
"4273",0,1,0,1,1,0,1,1,1,FALSE,3.66297023928449e-08,"c00110",5.86079407343644e-07,"S",0.470944357832132,"S=1","11011",28,0.60091151547075
"4274",0,1,0,1,1,0,1,1,1,FALSE,3.66297023928449e-08,"c00110",5.86079407343644e-07,"Su",0.421254976374972,"Su=1","11011",28,0.365605133319742
"4275",0,1,0,1,1,0,1,1,1,FALSE,3.66297023928449e-08,"c00110",5.86079407343644e-07,"br",-0.355049161500091,"br=1","11011",28,0.000155441239709307
"4276",1,1,0,1,1,0,1,1,1,FALSE,3.66297023928449e-08,"c10110",5.86079407343644e-07,"P",-0.00225165223895279,"P=1","11011",28,0.00557912952331827
"4277",1,1,0,1,1,0,1,1,1,FALSE,3.66297023928449e-08,"c10110",5.86079407343644e-07,"Pu",0.00109179782302978,"Pu=1","11011",28,0.00576881833799519
"4278",1,1,0,1,1,0,1,1,1,FALSE,3.66297023928449e-08,"c10110",5.86079407343644e-07,"K",0.0753972553823469,"K=0","11011",28,0.0121280607872856
"4279",1,1,0,1,1,0,1,1,1,FALSE,3.66297023928449e-08,"c10110",5.86079407343644e-07,"Ku",-0.0167744251059364,"Ku=1","11011",28,0.00482497250413037
"4280",1,1,0,1,1,0,1,1,1,FALSE,3.66297023928449e-08,"c10110",5.86079407343644e-07,"C",0,"C=1","11011",28,0.0057061770851309
"4281",1,1,0,1,1,0,1,1,1,FALSE,3.66297023928449e-08,"c10110",5.86079407343644e-07,"Cu",-0.27039058693498,"Cu=0","11011",28,0.000381991629797096
"4282",1,1,0,1,1,0,1,1,1,FALSE,3.66297023928449e-08,"c10110",5.86079407343644e-07,"S",0.4646398322402,"S=1","11011",28,0.59463490347729
"4283",1,1,0,1,1,0,1,1,1,FALSE,3.66297023928449e-08,"c10110",5.86079407343644e-07,"Su",0.417414737256574,"Su=1","11011",28,0.370812542923451
"4284",1,1,0,1,1,0,1,1,1,FALSE,3.66297023928449e-08,"c10110",5.86079407343644e-07,"br",-0.355308054680619,"br=1","11011",28,0.000163403731601595
"4285",0,0,1,1,1,0,1,1,1,FALSE,2.41067322828298e-15,"c01110",6.54660576474535e-14,"P",0.000110051569251687,"P=0","01011",12,0.00256680578621823
"4286",0,0,1,1,1,0,1,1,1,FALSE,2.41067322828298e-15,"c01110",6.54660576474535e-14,"Pu",-0.00129918312779185,"Pu=0","01011",12,0.00253088715183652
"4287",0,0,1,1,1,0,1,1,1,FALSE,2.41067322828298e-15,"c01110",6.54660576474535e-14,"K",-0.0795784823437307,"K=1","01011",12,0.00115693804870982
"4288",0,0,1,1,1,0,1,1,1,FALSE,2.41067322828298e-15,"c01110",6.54660576474535e-14,"Ku",-0.0763798966841072,"Ku=1","01011",12,0.00119454189283865
"4289",0,0,1,1,1,0,1,1,1,FALSE,2.41067322828298e-15,"c01110",6.54660576474535e-14,"C",0,"C=1","01011",12,0.0025639825299747
"4290",0,0,1,1,1,0,1,1,1,FALSE,2.41067322828298e-15,"c01110",6.54660576474535e-14,"Cu",-0.318821022578654,"Cu=0","01011",12,0.0001057530626407
"4291",0,0,1,1,1,0,1,1,1,FALSE,2.41067322828298e-15,"c01110",6.54660576474535e-14,"S",0.551335138819548,"S=1","01011",12,0.635818479904647
"4292",0,0,1,1,1,0,1,1,1,FALSE,2.41067322828298e-15,"c01110",6.54660576474535e-14,"Su",0.492547154677455,"Su=1","01011",12,0.353199577395585
"4293",0,0,1,1,1,0,1,1,1,FALSE,2.41067322828298e-15,"c01110",6.54660576474535e-14,"br",-0.10888626530142,"br=1","01011",12,0.000863034227549835
"4294",1,0,1,1,1,0,1,1,1,FALSE,2.41067322828298e-15,"c11110",6.54660576474535e-14,"P",-0.00506985534070544,"P=1","01011",12,0.00234634736766519
"4295",1,0,1,1,1,0,1,1,1,FALSE,2.41067322828298e-15,"c11110",6.54660576474535e-14,"Pu",4.54813286008506e-05,"Pu=0","01011",12,0.0024694937596389
"4296",1,0,1,1,1,0,1,1,1,FALSE,2.41067322828298e-15,"c11110",6.54660576474535e-14,"K",-0.0751594267399508,"K=1","01011",12,0.00116411843607249
"4297",1,0,1,1,1,0,1,1,1,FALSE,2.41067322828298e-15,"c11110",6.54660576474535e-14,"Ku",-0.0711966674007234,"Ku=1","01011",12,0.00121117587680319
"4298",1,0,1,1,1,0,1,1,1,FALSE,2.41067322828298e-15,"c11110",6.54660576474535e-14,"C",0,"C=1","01011",12,0.00246837085644231
"4299",1,0,1,1,1,0,1,1,1,FALSE,2.41067322828298e-15,"c11110",6.54660576474535e-14,"Cu",-0.320513681815237,"Cu=0","01011",12,0.000100100714240514
"4300",1,0,1,1,1,0,1,1,1,FALSE,2.41067322828298e-15,"c11110",6.54660576474535e-14,"S",0.557495847235984,"S=1","01011",12,0.651004681284329
"4301",1,0,1,1,1,0,1,1,1,FALSE,2.41067322828298e-15,"c11110",6.54660576474535e-14,"Su",0.492071159931255,"Su=1","01011",12,0.338413987144896
"4302",1,0,1,1,1,0,1,1,1,FALSE,2.41067322828298e-15,"c11110",6.54660576474535e-14,"br",-0.10999083860802,"br=1","01011",12,0.000821724559912327
"4303",0,1,1,1,1,0,1,1,1,FALSE,3.66297023928449e-08,"c01110",9.94743783738388e-07,"P",-0.00177312234068073,"P=0","11011",28,0.00251432899076742
"4304",0,1,1,1,1,0,1,1,1,FALSE,3.66297023928449e-08,"c01110",9.94743783738388e-07,"Pu",-0.00243081634197222,"Pu=1","11011",28,0.00249784666088332
"4305",0,1,1,1,1,0,1,1,1,FALSE,3.66297023928449e-08,"c01110",9.94743783738388e-07,"K",-0.073649655781618,"K=1","11011",28,0.00122536729372489
"4306",0,1,1,1,1,0,1,1,1,FALSE,3.66297023928449e-08,"c01110",9.94743783738388e-07,"Ku",-0.0780954245522294,"Ku=1","11011",28,0.00117208351009336
"4307",0,1,1,1,1,0,1,1,1,FALSE,3.66297023928449e-08,"c01110",9.94743783738388e-07,"C",0,"C=1","11011",28,0.00255930871413418
"4308",0,1,1,1,1,0,1,1,1,FALSE,3.66297023928449e-08,"c01110",9.94743783738388e-07,"Cu",-0.318919321886291,"Cu=0","11011",28,0.000105456574134965
"4309",0,1,1,1,1,0,1,1,1,FALSE,3.66297023928449e-08,"c01110",9.94743783738388e-07,"S",0.551844400025125,"S=1","11011",28,0.637899781511542
"4310",0,1,1,1,1,0,1,1,1,FALSE,3.66297023928449e-08,"c01110",9.94743783738388e-07,"Su",0.492153042906058,"Su=1","11011",28,0.35116900999875
"4311",0,1,1,1,1,0,1,1,1,FALSE,3.66297023928449e-08,"c01110",9.94743783738388e-07,"br",-0.109426840374126,"br=1","11011",28,0.000856816745969947
"4312",1,1,1,1,1,0,1,1,1,FALSE,3.66297023928449e-08,"c11110",9.94743783738388e-07,"P",0.00935112503730345,"P=1","11011",28,0.00273681229327819
"4313",1,1,1,1,1,0,1,1,1,FALSE,3.66297023928449e-08,"c11110",9.94743783738388e-07,"Pu",-0.00345289101042525,"Pu=1","11011",28,0.00240789684009723
"4314",1,1,1,1,1,0,1,1,1,FALSE,3.66297023928449e-08,"c11110",9.94743783738388e-07,"K",-0.0754283606917547,"K=1","11011",28,0.00117233676171075
"4315",1,1,1,1,1,0,1,1,1,FALSE,3.66297023928449e-08,"c11110",9.94743783738388e-07,"Ku",-0.0805471407476985,"Ku=1","11011",28,0.00111383742040088
"4316",1,1,1,1,1,0,1,1,1,FALSE,3.66297023928449e-08,"c11110",9.94743783738388e-07,"C",0,"C=1","11011",28,0.002492490960437
"4317",1,1,1,1,1,0,1,1,1,FALSE,3.66297023928449e-08,"c11110",9.94743783738388e-07,"Cu",-0.318545402116823,"Cu=0","11011",28,0.000103088088816492
"4318",1,1,1,1,1,0,1,1,1,FALSE,3.66297023928449e-08,"c11110",9.94743783738388e-07,"S",0.552570827609175,"S=1","11011",28,0.62577499415674
"4319",1,1,1,1,1,0,1,1,1,FALSE,3.66297023928449e-08,"c11110",9.94743783738388e-07,"Su",0.498206194089789,"Su=1","11011",28,0.36334199911281
"4320",1,1,1,1,1,0,1,1,1,FALSE,3.66297023928449e-08,"c11110",9.94743783738388e-07,"br",-0.106813175985835,"br=1","11011",28,0.00085654436570911
"4321",0,0,0,0,0,1,1,1,1,FALSE,3.67528264200848e-24,"c00010",5.88049405793013e-23,"P",-0.00017212771668205,"P=0","00111",8,0.0090708887640556
"4322",0,0,0,0,0,1,1,1,1,FALSE,3.67528264200848e-24,"c00010",5.88049405793013e-23,"Pu",0.00177645258680183,"Pu=0","00111",8,0.00924937564846487
"4323",0,0,0,0,0,1,1,1,1,FALSE,3.67528264200848e-24,"c00010",5.88049405793013e-23,"K",0.010844659911888,"K=0","00111",8,0.0101273342034386
"4324",0,0,0,0,0,1,1,1,1,FALSE,3.67528264200848e-24,"c00010",5.88049405793013e-23,"Ku",0.00748642179210967,"Ku=0","00111",8,0.00979288149657824
"4325",0,0,0,0,0,1,1,1,1,FALSE,3.67528264200848e-24,"c00010",5.88049405793013e-23,"C",-0.300638459560875,"C=0","00111",8,0.000449511846897947
"4326",0,0,0,0,0,1,1,1,1,FALSE,3.67528264200848e-24,"c00010",5.88049405793013e-23,"Cu",0.0854990425646684,"Cu=1","00111",8,0.0213655957171846
"4327",0,0,0,0,0,1,1,1,1,FALSE,3.67528264200848e-24,"c00010",5.88049405793013e-23,"S",0.413052926320969,"S=1","00111",8,0.565279777004919
"4328",0,0,0,0,0,1,1,1,1,FALSE,3.67528264200848e-24,"c00010",5.88049405793013e-23,"Su",0.371863724639762,"Su=1","00111",8,0.374438950000223
"4329",0,0,0,0,0,1,1,1,1,FALSE,3.67528264200848e-24,"c00010",5.88049405793013e-23,"br",-0.369540517308599,"br=1","00111",8,0.000225685318238359
"4330",1,0,0,0,0,1,1,1,1,FALSE,3.67528264200848e-24,"c10010",5.88049405793013e-23,"P",-0.00455978872029939,"P=1","00111",8,0.00887252264815422
"4331",1,0,0,0,0,1,1,1,1,FALSE,3.67528264200848e-24,"c10010",5.88049405793013e-23,"Pu",-0.000784428587200728,"Pu=0","00111",8,0.00921389581767233
"4332",1,0,0,0,0,1,1,1,1,FALSE,3.67528264200848e-24,"c10010",5.88049405793013e-23,"K",0.0111650774853878,"K=0","00111",8,0.0103833942177498
"4333",1,0,0,0,0,1,1,1,1,FALSE,3.67528264200848e-24,"c10010",5.88049405793013e-23,"Ku",0.016070415614109,"Ku=0","00111",8,0.0109054340478067
"4334",1,0,0,0,0,1,1,1,1,FALSE,3.67528264200848e-24,"c10010",5.88049405793013e-23,"C",-0.301180388929997,"C=0","00111",8,0.000456920052170405
"4335",1,0,0,0,0,1,1,1,1,FALSE,3.67528264200848e-24,"c10010",5.88049405793013e-23,"Cu",0.0827365740150266,"Cu=1","00111",8,0.0212407771675202
"4336",1,0,0,0,0,1,1,1,1,FALSE,3.67528264200848e-24,"c10010",5.88049405793013e-23,"S",0.410264041394044,"S=1","00111",8,0.561828958520745
"4337",1,0,0,0,0,1,1,1,1,FALSE,3.67528264200848e-24,"c10010",5.88049405793013e-23,"Su",0.370333217626171,"Su=1","00111",8,0.376865824766555
"4338",1,0,0,0,0,1,1,1,1,FALSE,3.67528264200848e-24,"c10010",5.88049405793013e-23,"br",-0.368839994660175,"br=1","00111",8,0.000232272761626551
"4339",0,1,0,0,0,1,1,1,1,FALSE,5.58451920429907e-17,"c00010",8.93529428782407e-16,"P",-0.00304048538147529,"P=0","10111",24,0.00865237179167795
"4340",0,1,0,0,0,1,1,1,1,FALSE,5.58451920429907e-17,"c00010",8.93529428782407e-16,"Pu",-0.000351896128734731,"Pu=1","10111",24,0.0088881539336612
"4341",0,1,0,0,0,1,1,1,1,FALSE,5.58451920429907e-17,"c00010",8.93529428782407e-16,"K",0.015197580981984,"K=0","10111",24,0.0103834598653835
"4342",0,1,0,0,0,1,1,1,1,FALSE,5.58451920429907e-17,"c00010",8.93529428782407e-16,"Ku",0.0127306610159578,"Ku=0","10111",24,0.0101304419272679
"4343",0,1,0,0,0,1,1,1,1,FALSE,5.58451920429907e-17,"c00010",8.93529428782407e-16,"C",-0.302082886600171,"C=0","10111",24,0.000434921148013906
"4344",0,1,0,0,0,1,1,1,1,FALSE,5.58451920429907e-17,"c00010",8.93529428782407e-16,"Cu",0.0938184058238742,"Cu=1","10111",24,0.0227922915978506
"4345",0,1,0,0,0,1,1,1,1,FALSE,5.58451920429907e-17,"c00010",8.93529428782407e-16,"S",0.416152038567763,"S=1","10111",24,0.572354593731961
"4346",0,1,0,0,0,1,1,1,1,FALSE,5.58451920429907e-17,"c00010",8.93529428782407e-16,"Su",0.371477775706963,"Su=1","10111",24,0.366140115660083
"4347",0,1,0,0,0,1,1,1,1,FALSE,5.58451920429907e-17,"c00010",8.93529428782407e-16,"br",-0.368590974327664,"br=1","10111",24,0.00022365034410148
"4348",1,1,0,0,0,1,1,1,1,FALSE,5.58451920429907e-17,"c10010",8.93529428782407e-16,"P",0.000332551085818697,"P=1","10111",24,0.00929351711787988
"4349",1,1,0,0,0,1,1,1,1,FALSE,5.58451920429907e-17,"c10010",8.93529428782407e-16,"Pu",0.00422212525494134,"Pu=1","10111",24,0.00966211737993734
"4350",1,1,0,0,0,1,1,1,1,FALSE,5.58451920429907e-17,"c10010",8.93529428782407e-16,"K",0.0187669023932463,"K=0","10111",24,0.0111747926560435
"4351",1,1,0,0,0,1,1,1,1,FALSE,5.58451920429907e-17,"c10010",8.93529428782407e-16,"Ku",0.0166370877494062,"Ku=0","10111",24,0.0109393068922878
"4352",1,1,0,0,0,1,1,1,1,FALSE,5.58451920429907e-17,"c10010",8.93529428782407e-16,"C",-0.303055608450604,"C=0","10111",24,0.000447282665744726
"4353",1,1,0,0,0,1,1,1,1,FALSE,5.58451920429907e-17,"c10010",8.93529428782407e-16,"Cu",0.0843203780885367,"Cu=1","10111",24,0.0215245758044951
"4354",1,1,0,0,0,1,1,1,1,FALSE,5.58451920429907e-17,"c10010",8.93529428782407e-16,"S",0.411925744760517,"S=1","10111",24,0.569779252630595
"4355",1,1,0,0,0,1,1,1,1,FALSE,5.58451920429907e-17,"c10010",8.93529428782407e-16,"Su",0.367924509259266,"Su=1","10111",24,0.366954056921664
"4356",1,1,0,0,0,1,1,1,1,FALSE,5.58451920429907e-17,"c10010",8.93529428782407e-16,"br",-0.371721128313877,"br=1","10111",24,0.000225097931353264
"4357",0,0,1,0,0,1,1,1,1,FALSE,3.67528264200848e-24,"c01010",9.98087433529945e-23,"P",0.00526781203986202,"P=0","00111",8,0.00848743162731109
"4358",0,0,1,0,0,1,1,1,1,FALSE,3.67528264200848e-24,"c01010",9.98087433529945e-23,"Pu",-0.00141534043208934,"Pu=0","00111",8,0.00793874269877821
"4359",0,0,1,0,0,1,1,1,1,FALSE,3.67528264200848e-24,"c01010",9.98087433529945e-23,"K",-0.0116798512571842,"K=1","00111",8,0.00716429602253187
"4360",0,0,1,0,0,1,1,1,1,FALSE,3.67528264200848e-24,"c01010",9.98087433529945e-23,"Ku",0.0719450835753892,"Ku=0","00111",8,0.0165330127129903
"4361",0,0,1,0,0,1,1,1,1,FALSE,3.67528264200848e-24,"c01010",9.98087433529945e-23,"C",-0.314520261993689,"C=0","00111",8,0.000346700389384415
"4362",0,0,1,0,0,1,1,1,1,FALSE,3.67528264200848e-24,"c01010",9.98087433529945e-23,"Cu",0.0769202032880462,"Cu=1","00111",8,0.017376354576368
"4363",0,0,1,0,0,1,1,1,1,FALSE,3.67528264200848e-24,"c01010",9.98087433529945e-23,"S",0.430628675007668,"S=1","00111",8,0.597165961270629
"4364",0,0,1,0,0,1,1,1,1,FALSE,3.67528264200848e-24,"c01010",9.98087433529945e-23,"Su",0.375671065680636,"Su=1","00111",8,0.344680869696357
"4365",0,0,1,0,0,1,1,1,1,FALSE,3.67528264200848e-24,"c01010",9.98087433529945e-23,"br",-0.326801850705473,"br=1","00111",8,0.000306631005649834
"4366",1,0,1,0,0,1,1,1,1,FALSE,3.67528264200848e-24,"c11010",9.98087433529945e-23,"P",-0.00117896798751497,"P=1","00111",8,0.00802536593741985
"4367",1,0,1,0,0,1,1,1,1,FALSE,3.67528264200848e-24,"c11010",9.98087433529945e-23,"Pu",0.0017007802103969,"Pu=0","00111",8,0.00825983614058094
"4368",1,0,1,0,0,1,1,1,1,FALSE,3.67528264200848e-24,"c11010",9.98087433529945e-23,"K",-0.00451733105241426,"K=1","00111",8,0.00776187273575102
"4369",1,0,1,0,0,1,1,1,1,FALSE,3.67528264200848e-24,"c11010",9.98087433529945e-23,"Ku",0.070883825429095,"Ku=0","00111",8,0.0164979346743597
"4370",1,0,1,0,0,1,1,1,1,FALSE,3.67528264200848e-24,"c11010",9.98087433529945e-23,"C",-0.313941242385007,"C=0","00111",8,0.000351686376525051
"4371",1,0,1,0,0,1,1,1,1,FALSE,3.67528264200848e-24,"c11010",9.98087433529945e-23,"Cu",0.0822388217903332,"Cu=1","00111",8,0.018481775998918
"4372",1,0,1,0,0,1,1,1,1,FALSE,3.67528264200848e-24,"c11010",9.98087433529945e-23,"S",0.42686702505441,"S=1","00111",8,0.580022675272795
"4373",1,0,1,0,0,1,1,1,1,FALSE,3.67528264200848e-24,"c11010",9.98087433529945e-23,"Su",0.379249678802417,"Su=1","00111",8,0.360284405760893
"4374",1,0,1,0,0,1,1,1,1,FALSE,3.67528264200848e-24,"c11010",9.98087433529945e-23,"br",-0.325133635924791,"br=1","00111",8,0.000314447102757457
"4375",0,1,1,0,0,1,1,1,1,FALSE,5.58451920429907e-17,"c01010",1.51657409321628e-15,"P",-0.00262434634570294,"P=0","10111",24,0.0078815702188738
"4376",0,1,1,0,0,1,1,1,1,FALSE,5.58451920429907e-17,"c01010",1.51657409321628e-15,"Pu",0.000161696766878914,"Pu=1","10111",24,0.0081042416207383
"4377",0,1,1,0,0,1,1,1,1,FALSE,5.58451920429907e-17,"c01010",1.51657409321628e-15,"K",-0.012638211373944,"K=1","10111",24,0.00713055092547366
"4378",0,1,1,0,0,1,1,1,1,FALSE,5.58451920429907e-17,"c01010",1.51657409321628e-15,"Ku",0.0697840744275749,"Ku=0","10111",24,0.0162584269859138
"4379",0,1,1,0,0,1,1,1,1,FALSE,5.58451920429907e-17,"c01010",1.51657409321628e-15,"C",-0.313302176420507,"C=0","10111",24,0.000352659897244678
"4380",0,1,1,0,0,1,1,1,1,FALSE,5.58451920429907e-17,"c01010",1.51657409321628e-15,"Cu",0.0818149566460811,"Cu=1","10111",24,0.0183369872323958
"4381",0,1,1,0,0,1,1,1,1,FALSE,5.58451920429907e-17,"c01010",1.51657409321628e-15,"S",0.425262770597897,"S=1","10111",24,0.568725743070589
"4382",0,1,1,0,0,1,1,1,1,FALSE,5.58451920429907e-17,"c01010",1.51657409321628e-15,"Su",0.383054899873342,"Su=1","10111",24,0.372903477450083
"4383",0,1,1,0,0,1,1,1,1,FALSE,5.58451920429907e-17,"c01010",1.51657409321628e-15,"br",-0.327382181359363,"br=1","10111",24,0.000306342598687899
"4384",1,1,1,0,0,1,1,1,1,FALSE,5.58451920429907e-17,"c11010",1.51657409321628e-15,"P",0.0032733320739986,"P=1","10111",24,0.00836221356031701
"4385",1,1,1,0,0,1,1,1,1,FALSE,5.58451920429907e-17,"c11010",1.51657409321628e-15,"Pu",-9.78554166829478e-05,"Pu=1","10111",24,0.00808500650078671
"4386",1,1,1,0,0,1,1,1,1,FALSE,5.58451920429907e-17,"c11010",1.51657409321628e-15,"K",-0.0186817471346487,"K=1","10111",24,0.00671384881146268
"4387",1,1,1,0,0,1,1,1,1,FALSE,5.58451920429907e-17,"c11010",1.51657409321628e-15,"Ku",0.0725602242452585,"Ku=0","10111",24,0.0167197740482302
"4388",1,1,1,0,0,1,1,1,1,FALSE,5.58451920429907e-17,"c11010",1.51657409321628e-15,"C",-0.314400462489709,"C=0","10111",24,0.000348884354678037
"4389",1,1,1,0,0,1,1,1,1,FALSE,5.58451920429907e-17,"c11010",1.51657409321628e-15,"Cu",0.0797978882125887,"Cu=1","10111",24,0.0179747632666676
"4390",1,1,1,0,0,1,1,1,1,FALSE,5.58451920429907e-17,"c11010",1.51657409321628e-15,"S",0.426874855887861,"S=1","10111",24,0.578095112786962
"4391",1,1,1,0,0,1,1,1,1,FALSE,5.58451920429907e-17,"c11010",1.51657409321628e-15,"Su",0.380447119273025,"Su=1","10111",24,0.363384333443818
"4392",1,1,1,0,0,1,1,1,1,FALSE,5.58451920429907e-17,"c11010",1.51657409321628e-15,"br",-0.324280285097212,"br=1","10111",24,0.000316063227077537
"4393",0,0,0,1,0,1,1,1,1,FALSE,3.40849095201876e-24,"c00010",5.45362431742158e-23,"P",0.000871563661378934,"P=0","01111",16,0.00816524633390846
"4394",0,0,0,1,0,1,1,1,1,FALSE,3.40849095201876e-24,"c00010",5.45362431742158e-23,"Pu",0.00412507099749141,"Pu=0","01111",16,0.00843527205695182
"4395",0,0,0,1,0,1,1,1,1,FALSE,3.40849095201876e-24,"c00010",5.45362431742158e-23,"K",0.0699309006927238,"K=0","01111",16,0.0162888408963095
"4396",0,0,0,1,0,1,1,1,1,FALSE,3.40849095201876e-24,"c00010",5.45362431742158e-23,"Ku",-0.0133388978519813,"Ku=1","01111",16,0.00708360019319809
"4397",0,0,0,1,0,1,1,1,1,FALSE,3.40849095201876e-24,"c00010",5.45362431742158e-23,"C",-0.308687536388573,"C=0","01111",16,0.000369463212029831
"4398",0,0,0,1,0,1,1,1,1,FALSE,3.40849095201876e-24,"c00010",5.45362431742158e-23,"Cu",0.0809408148956871,"Cu=1","01111",16,0.0181846786623278
"4399",0,0,0,1,0,1,1,1,1,FALSE,3.40849095201876e-24,"c00010",5.45362431742158e-23,"S",0.426507176709532,"S=1","01111",16,0.576077975659028
"4400",0,0,0,1,0,1,1,1,1,FALSE,3.40849095201876e-24,"c00010",5.45362431742158e-23,"Su",0.380893566288157,"Su=1","01111",16,0.365076500388813
"4401",0,0,0,1,0,1,1,1,1,FALSE,3.40849095201876e-24,"c00010",5.45362431742158e-23,"br",-0.323554711453693,"br=1","01111",16,0.000318422597433753
"4402",1,0,0,1,0,1,1,1,1,FALSE,3.40849095201876e-24,"c10010",5.45362431742158e-23,"P",-0.00144388907347377,"P=1","01111",16,0.00817182907903858
"4403",1,0,0,1,0,1,1,1,1,FALSE,3.40849095201876e-24,"c10010",5.45362431742158e-23,"Pu",0.00670642675561955,"Pu=0","01111",16,0.00886575338027054
"4404",1,0,0,1,0,1,1,1,1,FALSE,3.40849095201876e-24,"c10010",5.45362431742158e-23,"K",0.0735542951193008,"K=0","01111",16,0.0172994481685989
"4405",1,0,0,1,0,1,1,1,1,FALSE,3.40849095201876e-24,"c10010",5.45362431742158e-23,"Ku",-0.00949744274704027,"Ku=1","01111",16,0.00753951023668023
"4406",1,0,0,1,0,1,1,1,1,FALSE,3.40849095201876e-24,"c10010",5.45362431742158e-23,"C",-0.309678348182484,"C=0","01111",16,0.000374691660541329
"4407",1,0,0,1,0,1,1,1,1,FALSE,3.40849095201876e-24,"c10010",5.45362431742158e-23,"Cu",0.0856954672968696,"Cu=1","01111",16,0.0195326285264812
"4408",1,0,0,1,0,1,1,1,1,FALSE,3.40849095201876e-24,"c10010",5.45362431742158e-23,"S",0.423238292332386,"S=1","01111",16,0.571071588302524
"4409",1,0,0,1,0,1,1,1,1,FALSE,3.40849095201876e-24,"c10010",5.45362431742158e-23,"Su",0.378973899679007,"Su=1","01111",16,0.366819774149111
"4410",1,0,0,1,0,1,1,1,1,FALSE,3.40849095201876e-24,"c10010",5.45362431742158e-23,"br",-0.323974968755566,"br=1","01111",16,0.000324776496754307
"4411",0,1,0,1,0,1,1,1,1,FALSE,5.17913451380875e-17,"c00010",8.28667416909998e-16,"P",-0.000918249820154626,"P=0","11111",32,0.00804156222926564
"4412",0,1,0,1,0,1,1,1,1,FALSE,5.17913451380875e-17,"c00010",8.28667416909998e-16,"Pu",0.00099479074106221,"Pu=1","11111",32,0.0081968814999388
"4413",0,1,0,1,0,1,1,1,1,FALSE,5.17913451380875e-17,"c00010",8.28667416909998e-16,"K",0.071372103669888,"K=0","11111",32,0.0165688910882044
"4414",0,1,0,1,0,1,1,1,1,FALSE,5.17913451380875e-17,"c00010",8.28667416909998e-16,"Ku",-0.0135723634090609,"Ku=1","11111",32,0.0070857252747704
"4415",0,1,0,1,0,1,1,1,1,FALSE,5.17913451380875e-17,"c00010",8.28667416909998e-16,"C",-0.313642105936744,"C=0","11111",32,0.000352531538529085
"4416",0,1,0,1,0,1,1,1,1,FALSE,5.17913451380875e-17,"c00010",8.28667416909998e-16,"Cu",0.0880652348858326,"Cu=1","11111",32,0.0195790128286157
"4417",0,1,0,1,0,1,1,1,1,FALSE,5.17913451380875e-17,"c00010",8.28667416909998e-16,"S",0.426844182280669,"S=1","11111",32,0.579547538141605
"4418",0,1,0,1,0,1,1,1,1,FALSE,5.17913451380875e-17,"c00010",8.28667416909998e-16,"Su",0.3793182119107,"Su=1","11111",32,0.360318365316746
"4419",0,1,0,1,0,1,1,1,1,FALSE,5.17913451380875e-17,"c00010",8.28667416909998e-16,"br",-0.326662863897163,"br=1","11111",32,0.000309492082325478
"4420",1,1,0,1,0,1,1,1,1,FALSE,5.17913451380875e-17,"c10010",8.28667416909998e-16,"P",0.00314216143234732,"P=1","11111",32,0.00799270864810972
"4421",1,1,0,1,0,1,1,1,1,FALSE,5.17913451380875e-17,"c10010",8.28667416909998e-16,"Pu",0.00135314933215623,"Pu=1","11111",32,0.00785098958864426
"4422",1,1,0,1,0,1,1,1,1,FALSE,5.17913451380875e-17,"c10010",8.28667416909998e-16,"K",0.0758391000365539,"K=0","11111",32,0.0165353265150246
"4423",1,1,0,1,0,1,1,1,1,FALSE,5.17913451380875e-17,"c10010",8.28667416909998e-16,"Ku",-0.0110255652402317,"Ku=1","11111",32,0.00693688232152046
"4424",1,1,0,1,0,1,1,1,1,FALSE,5.17913451380875e-17,"c10010",8.28667416909998e-16,"C",-0.31015071343349,"C=0","11111",32,0.00034840173937188
"4425",1,1,0,1,0,1,1,1,1,FALSE,5.17913451380875e-17,"c10010",8.28667416909998e-16,"Cu",0.0868199752854543,"Cu=1","11111",32,0.0184544926632969
"4426",1,1,0,1,0,1,1,1,1,FALSE,5.17913451380875e-17,"c10010",8.28667416909998e-16,"S",0.432732777448234,"S=1","11111",32,0.586654386626049
"4427",1,1,0,1,0,1,1,1,1,FALSE,5.17913451380875e-17,"c10010",8.28667416909998e-16,"Su",0.382482617731466,"Su=1","11111",32,0.354934856595868
"4428",1,1,0,1,0,1,1,1,1,FALSE,5.17913451380875e-17,"c10010",8.28667416909998e-16,"br",-0.327826265615543,"br=1","11111",32,0.000291955302114845
"4429",0,0,1,1,0,1,1,1,1,FALSE,3.40849095201876e-24,"c01010",9.25635472936393e-23,"P",-0.00106937662414089,"P=0","01111",16,0.0042279442141771
"4430",0,0,1,1,0,1,1,1,1,FALSE,3.40849095201876e-24,"c01010",9.25635472936393e-23,"Pu",0.000298976876053789,"Pu=0","01111",16,0.00428619506670741
"4431",0,0,1,1,0,1,1,1,1,FALSE,3.40849095201876e-24,"c01010",9.25635472936393e-23,"K",-0.0708325463819362,"K=1","01111",16,0.00210451318839192
"4432",0,0,1,1,0,1,1,1,1,FALSE,3.40849095201876e-24,"c01010",9.25635472936393e-23,"Ku",-0.0701723126011035,"Ku=1","01111",16,0.00211845386527231
"4433",0,0,1,1,0,1,1,1,1,FALSE,3.40849095201876e-24,"c01010",9.25635472936393e-23,"C",-0.36338626301731,"C=0","01111",16,0.000112877401650893
"4434",0,0,1,1,0,1,1,1,1,FALSE,3.40849095201876e-24,"c01010",9.25635472936393e-23,"Cu",0.102135233371947,"Cu=1","01111",16,0.0118670063467408
"4435",0,0,1,1,0,1,1,1,1,FALSE,3.40849095201876e-24,"c01010",9.25635472936393e-23,"S",0.496956312531285,"S=1","01111",16,0.615215593615112
"4436",0,0,1,1,0,1,1,1,1,FALSE,3.40849095201876e-24,"c01010",9.25635472936393e-23,"Su",0.442963769560663,"Su=1","01111",16,0.35854254763869
"4437",0,0,1,1,0,1,1,1,1,FALSE,3.40849095201876e-24,"c01010",9.25635472936393e-23,"br",-0.103050135588929,"br=1","01111",16,0.0015248686632579
"4438",1,0,1,1,0,1,1,1,1,FALSE,3.40849095201876e-24,"c11010",9.25635472936393e-23,"P",-0.000120920053423076,"P=1","01111",16,0.00420542384080769
"4439",1,0,1,1,0,1,1,1,1,FALSE,3.40849095201876e-24,"c11010",9.25635472936393e-23,"Pu",0.0015425654253183,"Pu=0","01111",16,0.00427596555462699
"4440",1,0,1,1,0,1,1,1,1,FALSE,3.40849095201876e-24,"c11010",9.25635472936393e-23,"K",-0.0707467000492297,"K=1","01111",16,0.00207532399335965
"4441",1,0,1,1,0,1,1,1,1,FALSE,3.40849095201876e-24,"c11010",9.25635472936393e-23,"Ku",-0.0654892687922285,"Ku=1","01111",16,0.0021873518154402
"4442",1,0,1,1,0,1,1,1,1,FALSE,3.40849095201876e-24,"c11010",9.25635472936393e-23,"C",-0.364526023897763,"C=0","01111",16,0.000109955894178148
"4443",1,0,1,1,0,1,1,1,1,FALSE,3.40849095201876e-24,"c11010",9.25635472936393e-23,"Cu",0.0971925584548795,"Cu=1","01111",16,0.0111285053705881
"4444",1,0,1,1,0,1,1,1,1,FALSE,3.40849095201876e-24,"c11010",9.25635472936393e-23,"S",0.49705650330493,"S=1","01111",16,0.606769702588723
"4445",1,0,1,1,0,1,1,1,1,FALSE,3.40849095201876e-24,"c11010",9.25635472936393e-23,"Su",0.446950578995459,"Su=1","01111",16,0.367634807058805
"4446",1,0,1,1,0,1,1,1,1,FALSE,3.40849095201876e-24,"c11010",9.25635472936393e-23,"br",-0.0959510875375824,"br=1","01111",16,0.00161296388347199
"4447",0,1,1,1,0,1,1,1,1,FALSE,5.17913451380875e-17,"c01010",1.40648477363603e-15,"P",0.000527520170654778,"P=0","11111",32,0.00428374584659986
"4448",0,1,1,1,0,1,1,1,1,FALSE,5.17913451380875e-17,"c01010",1.40648477363603e-15,"Pu",-0.000669067465509629,"Pu=1","11111",32,0.00423279253193234
"4449",0,1,1,1,0,1,1,1,1,FALSE,5.17913451380875e-17,"c01010",1.40648477363603e-15,"K",-0.0725687574321063,"K=1","11111",32,0.00206238905983173
"4450",0,1,1,1,0,1,1,1,1,FALSE,5.17913451380875e-17,"c01010",1.40648477363603e-15,"Ku",-0.0681390525157077,"Ku=1","11111",32,0.00215580046006094
"4451",0,1,1,1,0,1,1,1,1,FALSE,5.17913451380875e-17,"c01010",1.40648477363603e-15,"C",-0.362172700017151,"C=0","11111",32,0.000113929621414563
"4452",0,1,1,1,0,1,1,1,1,FALSE,5.17913451380875e-17,"c01010",1.40648477363603e-15,"Cu",0.100050873797201,"Cu=1","11111",32,0.0115890578124308
"4453",0,1,1,1,0,1,1,1,1,FALSE,5.17913451380875e-17,"c01010",1.40648477363603e-15,"S",0.496577135065968,"S=1","11111",32,0.611138721553882
"4454",0,1,1,1,0,1,1,1,1,FALSE,5.17913451380875e-17,"c01010",1.40648477363603e-15,"Su",0.44445929739058,"Su=1","11111",32,0.362906634821763
"4455",0,1,1,1,0,1,1,1,1,FALSE,5.17913451380875e-17,"c01010",1.40648477363603e-15,"br",-0.103286519323501,"br=1","11111",32,0.00151692829208417
"4456",1,1,1,1,0,1,1,1,1,FALSE,5.17913451380875e-17,"c11010",1.40648477363603e-15,"P",0.00252829505189411,"P=1","11111",32,0.00433340164836139
"4457",1,1,1,1,0,1,1,1,1,FALSE,5.17913451380875e-17,"c11010",1.40648477363603e-15,"Pu",-0.00553414603360151,"Pu=1","11111",32,0.00399773688725465
"4458",1,1,1,1,0,1,1,1,1,FALSE,5.17913451380875e-17,"c11010",1.40648477363603e-15,"K",-0.0662908553642851,"K=1","11111",32,0.00217746494202992
"4459",1,1,1,1,0,1,1,1,1,FALSE,5.17913451380875e-17,"c11010",1.40648477363603e-15,"Ku",-0.0695756315865522,"Ku=1","11111",32,0.00210710204968368
"4460",1,1,1,1,0,1,1,1,1,FALSE,5.17913451380875e-17,"c11010",1.40648477363603e-15,"C",-0.364465065918477,"C=0","11111",32,0.000110407106578581
"4461",1,1,1,1,0,1,1,1,1,FALSE,5.17913451380875e-17,"c11010",1.40648477363603e-15,"Cu",0.100915895823523,"Cu=1","11111",32,0.0115909989160713
"4462",1,1,1,1,0,1,1,1,1,FALSE,5.17913451380875e-17,"c11010",1.40648477363603e-15,"S",0.498591382860765,"S=1","11111",32,0.618306142964567
"4463",1,1,1,1,0,1,1,1,1,FALSE,5.17913451380875e-17,"c11010",1.40648477363603e-15,"Su",0.443327208510886,"Su=1","11111",32,0.355790462209272
"4464",1,1,1,1,0,1,1,1,1,FALSE,5.17913451380875e-17,"c11010",1.40648477363603e-15,"br",-0.0979676165438215,"br=1","11111",32,0.00158628327618127
"4465",0,0,0,0,1,1,1,1,1,FALSE,3.67528264200848e-24,"c00110",5.88049405793007e-23,"P",0.000644024858539826,"P=0","00111",8,0.00375468556910936
"4466",0,0,0,0,1,1,1,1,1,FALSE,3.67528264200848e-24,"c00110",5.88049405793007e-23,"Pu",0.00212636087309346,"Pu=0","00111",8,0.00381075718367826
"4467",0,0,0,0,1,1,1,1,1,FALSE,3.67528264200848e-24,"c00110",5.88049405793007e-23,"K",0.00769998728104601,"K=0","00111",8,0.0040291851897354
"4468",0,0,0,0,1,1,1,1,1,FALSE,3.67528264200848e-24,"c00110",5.88049405793007e-23,"Ku",0.00787241425301046,"Ku=0","00111",8,0.00403613858479441
"4469",0,0,0,0,1,1,1,1,1,FALSE,3.67528264200848e-24,"c00110",5.88049405793007e-23,"C",0,"C=1","00111",8,0.00373058215996857
"4470",0,0,0,0,1,1,1,1,1,FALSE,3.67528264200848e-24,"c00110",5.88049405793007e-23,"Cu",0.553231630954069,"Cu=1","00111",8,0.942824923261174
"4471",0,0,0,0,1,1,1,1,1,FALSE,3.67528264200848e-24,"c00110",5.88049405793007e-23,"S",0.16239453194932,"S=1","00111",8,0.0189254885874597
"4472",0,0,0,0,1,1,1,1,1,FALSE,3.67528264200848e-24,"c00110",5.88049405793007e-23,"Su",0.157704846191343,"Su=1","00111",8,0.0180584326489319
"4473",0,0,0,0,1,1,1,1,1,FALSE,3.67528264200848e-24,"c00110",5.88049405793007e-23,"br",-0.150312665465123,"br=1","00111",8,0.000829806815148847
"4474",1,0,0,0,1,1,1,1,1,FALSE,3.67528264200848e-24,"c10110",5.88049405793007e-23,"P",-0.000586556408030329,"P=1","00111",8,0.0038550486801712
"4475",1,0,0,0,1,1,1,1,1,FALSE,3.67528264200848e-24,"c10110",5.88049405793007e-23,"Pu",0.000946820262166655,"Pu=0","00111",8,0.00391461663063335
"4476",1,0,0,0,1,1,1,1,1,FALSE,3.67528264200848e-24,"c10110",5.88049405793007e-23,"K",0.00952322817711977,"K=0","00111",8,0.00426516761627524
"4477",1,0,0,0,1,1,1,1,1,FALSE,3.67528264200848e-24,"c10110",5.88049405793007e-23,"Ku",0.00185561243902956,"Ku=0","00111",8,0.00395035450586733
"4478",1,0,0,0,1,1,1,1,1,FALSE,3.67528264200848e-24,"c10110",5.88049405793007e-23,"C",0,"C=1","00111",8,0.00387772716125871
"4479",1,0,0,0,1,1,1,1,1,FALSE,3.67528264200848e-24,"c10110",5.88049405793007e-23,"Cu",0.549191837553488,"Cu=1","00111",8,0.941211216816056
"4480",1,0,0,0,1,1,1,1,1,FALSE,3.67528264200848e-24,"c10110",5.88049405793007e-23,"S",0.16233263531188,"S=1","00111",8,0.0196597923367676
"4481",1,0,0,0,1,1,1,1,1,FALSE,3.67528264200848e-24,"c10110",5.88049405793007e-23,"Su",0.155628211480009,"Su=1","00111",8,0.0183849301162344
"4482",1,0,0,0,1,1,1,1,1,FALSE,3.67528264200848e-24,"c10110",5.88049405793007e-23,"br",-0.148178098964091,"br=1","00111",8,0.000881146136736076
"4483",0,1,0,0,1,1,1,1,1,FALSE,5.58451920429907e-17,"c00110",8.93529428782398e-16,"P",-0.00400695811780019,"P=0","10111",24,0.00377626473284375
"4484",0,1,0,0,1,1,1,1,1,FALSE,5.58451920429907e-17,"c00110",8.93529428782398e-16,"Pu",0.00197132681882229,"Pu=1","10111",24,0.0040089052719177
"4485",0,1,0,0,1,1,1,1,1,FALSE,5.58451920429907e-17,"c00110",8.93529428782398e-16,"K",0.00388074272539411,"K=0","10111",24,0.00408618741766034
"4486",0,1,0,0,1,1,1,1,1,FALSE,5.58451920429907e-17,"c00110",8.93529428782398e-16,"Ku",0.00619059597515462,"Ku=0","10111",24,0.00418167086898703
"4487",0,1,0,0,1,1,1,1,1,FALSE,5.58451920429907e-17,"c00110",8.93529428782398e-16,"C",0,"C=1","10111",24,0.00393065050992433
"4488",0,1,0,0,1,1,1,1,1,FALSE,5.58451920429907e-17,"c00110",8.93529428782398e-16,"Cu",0.547688735741381,"Cu=1","10111",24,0.939823689914637
"4489",0,1,0,0,1,1,1,1,1,FALSE,5.58451920429907e-17,"c00110",8.93529428782398e-16,"S",0.16372339070166,"S=1","10111",24,0.0202071973086295
"4490",0,1,0,0,1,1,1,1,1,FALSE,5.58451920429907e-17,"c00110",8.93529428782398e-16,"Su",0.158118891014283,"Su=1","10111",24,0.0191058361597281
"4491",0,1,0,0,1,1,1,1,1,FALSE,5.58451920429907e-17,"c00110",8.93529428782398e-16,"br",-0.149709543996171,"br=1","10111",24,0.000879597815671935
"4492",1,1,0,0,1,1,1,1,1,FALSE,5.58451920429907e-17,"c10110",8.93529428782398e-16,"P",-7.47371107461261e-05,"P=1","10111",24,0.00390700680743738
"4493",1,1,0,0,1,1,1,1,1,FALSE,5.58451920429907e-17,"c10110",8.93529428782398e-16,"Pu",-0.0045286824204333,"Pu=1","10111",24,0.00373680924910794
"4494",1,1,0,0,1,1,1,1,1,FALSE,5.58451920429907e-17,"c10110",8.93529428782398e-16,"K",-4.99545275091816e-05,"K=0","10111",24,0.00390797518464099
"4495",1,1,0,0,1,1,1,1,1,FALSE,5.58451920429907e-17,"c10110",8.93529428782398e-16,"Ku",0.0060108960916091,"Ku=0","10111",24,0.0041521567185402
"4496",1,1,0,0,1,1,1,1,1,FALSE,5.58451920429907e-17,"c10110",8.93529428782398e-16,"C",0,"C=1","10111",24,0.00390992788286964
"4497",1,1,0,0,1,1,1,1,1,FALSE,5.58451920429907e-17,"c10110",8.93529428782398e-16,"Cu",0.548362521676454,"Cu=1","10111",24,0.94118916634177
"4498",1,1,0,0,1,1,1,1,1,FALSE,5.58451920429907e-17,"c10110",8.93529428782398e-16,"S",0.165224659573014,"S=1","10111",24,0.0204047052808924
"4499",1,1,0,0,1,1,1,1,1,FALSE,5.58451920429907e-17,"c10110",8.93529428782398e-16,"Su",0.152190806100056,"Su=1","10111",24,0.0179112138820043
"4500",1,1,0,0,1,1,1,1,1,FALSE,5.58451920429907e-17,"c10110",8.93529428782398e-16,"br",-0.149017270984778,"br=1","10111",24,0.000881038652737551
"4501",0,0,1,0,1,1,1,1,1,FALSE,3.67528264200848e-24,"c01110",9.9808743254591e-23,"P",-0.00589429145940256,"P=0","00111",8,0.00332433758139828
"4502",0,0,1,0,1,1,1,1,1,FALSE,3.67528264200848e-24,"c01110",9.9808743254591e-23,"Pu",-0.00200276782398282,"Pu=0","00111",8,0.00345625511762556
"4503",0,0,1,0,1,1,1,1,1,FALSE,3.67528264200848e-24,"c01110",9.9808743254591e-23,"K",-0.00375129972293732,"K=1","00111",8,0.00339634667979871
"4504",0,0,1,0,1,1,1,1,1,FALSE,3.67528264200848e-24,"c01110",9.9808743254591e-23,"Ku",0.0236722452201623,"Ku=0","00111",8,0.00446797728568059
"4505",0,0,1,0,1,1,1,1,1,FALSE,3.67528264200848e-24,"c01110",9.9808743254591e-23,"C",0,"C=1","00111",8,0.0035261736994066
"4506",0,0,1,0,1,1,1,1,1,FALSE,3.67528264200848e-24,"c01110",9.9808743254591e-23,"Cu",0.559166991511853,"Cu=1","00111",8,0.945660155010317
"4507",0,0,1,0,1,1,1,1,1,FALSE,3.67528264200848e-24,"c01110",9.9808743254591e-23,"S",0.171313882530255,"S=1","00111",8,0.0195573694725075
"4508",0,0,1,0,1,1,1,1,1,FALSE,3.67528264200848e-24,"c01110",9.9808743254591e-23,"Su",0.149014902619265,"Su=1","00111",8,0.0156483013538814
"4509",0,0,1,0,1,1,1,1,1,FALSE,3.67528264200848e-24,"c01110",9.9808743254591e-23,"br",-0.129782819709356,"br=1","00111",8,0.000963083799384594
"4510",1,0,1,0,1,1,1,1,1,FALSE,3.67528264200848e-24,"c11110",9.9808743254591e-23,"P",0.000543257706744077,"P=1","00111",8,0.00336137177053331
"4511",1,0,1,0,1,1,1,1,1,FALSE,3.67528264200848e-24,"c11110",9.9808743254591e-23,"Pu",0.0012182091175161,"Pu=0","00111",8,0.00338413613449674
"4512",1,0,1,0,1,1,1,1,1,FALSE,3.67528264200848e-24,"c11110",9.9808743254591e-23,"K",0.00250338633854462,"K=1","00111",8,0.00342790895791602
"4513",1,0,1,0,1,1,1,1,1,FALSE,3.67528264200848e-24,"c11110",9.9808743254591e-23,"Ku",0.0368858430702306,"Ku=0","00111",8,0.00483448693908745
"4514",1,0,1,0,1,1,1,1,1,FALSE,3.67528264200848e-24,"c11110",9.9808743254591e-23,"C",0,"C=1","00111",8,0.00334316037154107
"4515",1,0,1,0,1,1,1,1,1,FALSE,3.67528264200848e-24,"c11110",9.9808743254591e-23,"Cu",0.564555355712084,"Cu=1","00111",8,0.946215302593998
"4516",1,0,1,0,1,1,1,1,1,FALSE,3.67528264200848e-24,"c11110",9.9808743254591e-23,"S",0.17287281603212,"S=1","00111",8,0.0188336420041537
"4517",1,0,1,0,1,1,1,1,1,FALSE,3.67528264200848e-24,"c11110",9.9808743254591e-23,"Su",0.154588578398591,"Su=1","00111",8,0.0156865296910507
"4518",1,0,1,0,1,1,1,1,1,FALSE,3.67528264200848e-24,"c11110",9.9808743254591e-23,"br",-0.129743058752671,"br=1","00111",8,0.000913461537222859
"4519",0,1,1,0,1,1,1,1,1,FALSE,5.58451920429907e-17,"c01110",1.51657409172106e-15,"P",-0.000575652858529216,"P=0","10111",24,0.00342683665961545
"4520",0,1,1,0,1,1,1,1,1,FALSE,5.58451920429907e-17,"c01110",1.51657409172106e-15,"Pu",-0.00307891200070024,"Pu=1","10111",24,0.00334211883484564
"4521",0,1,1,0,1,1,1,1,1,FALSE,5.58451920429907e-17,"c01110",1.51657409172106e-15,"K",-0.0086908612614078,"K=1","10111",24,0.00315972656861868
"4522",0,1,1,0,1,1,1,1,1,FALSE,5.58451920429907e-17,"c01110",1.51657409172106e-15,"Ku",0.0325720668737386,"Ku=0","10111",24,0.0047736670173395
"4523",0,1,1,0,1,1,1,1,1,FALSE,5.58451920429907e-17,"c01110",1.51657409172106e-15,"C",0,"C=1","10111",24,0.00344662023051768
"4524",0,1,1,0,1,1,1,1,1,FALSE,5.58451920429907e-17,"c01110",1.51657409172106e-15,"Cu",0.561420341280105,"Cu=1","10111",24,0.94538998069711
"4525",0,1,1,0,1,1,1,1,1,FALSE,5.58451920429907e-17,"c01110",1.51657409172106e-15,"S",0.174380521251327,"S=1","10111",24,0.0197114428031154
"4526",0,1,1,0,1,1,1,1,1,FALSE,5.58451920429907e-17,"c01110",1.51657409172106e-15,"Su",0.152475179152249,"Su=1","10111",24,0.0158337842208512
"4527",0,1,1,0,1,1,1,1,1,FALSE,5.58451920429907e-17,"c01110",1.51657409172106e-15,"br",-0.132532630692767,"br=1","10111",24,0.000915822967986406
"4528",1,1,1,0,1,1,1,1,1,FALSE,5.58451920429907e-17,"c11110",1.51657409172106e-15,"P",0.00349989542214295,"P=1","10111",24,0.00371959131319638
"4529",1,1,1,0,1,1,1,1,1,FALSE,5.58451920429907e-17,"c11110",1.51657409172106e-15,"Pu",0.00402395959605376,"Pu=1","10111",24,0.00373913552606289
"4530",1,1,1,0,1,1,1,1,1,FALSE,5.58451920429907e-17,"c11110",1.51657409172106e-15,"K",-0.00676095696806118,"K=1","10111",24,0.00335685752625619
"4531",1,1,1,0,1,1,1,1,1,FALSE,5.58451920429907e-17,"c11110",1.51657409172106e-15,"Ku",0.0261849205215027,"Ku=0","10111",24,0.00466675538202038
"4532",1,1,1,0,1,1,1,1,1,FALSE,5.58451920429907e-17,"c11110",1.51657409172106e-15,"C",0,"C=1","10111",24,0.00359166127436745
"4533",1,1,1,0,1,1,1,1,1,FALSE,5.58451920429907e-17,"c11110",1.51657409172106e-15,"Cu",0.556971199929226,"Cu=1","10111",24,0.942302968309899
"4534",1,1,1,0,1,1,1,1,1,FALSE,5.58451920429907e-17,"c11110",1.51657409172106e-15,"S",0.173613973281621,"S=1","10111",24,0.0203840876393785
"4535",1,1,1,0,1,1,1,1,1,FALSE,5.58451920429907e-17,"c11110",1.51657409172106e-15,"Su",0.156815853301292,"Su=1","10111",24,0.0172320906161449
"4536",1,1,1,0,1,1,1,1,1,FALSE,5.58451920429907e-17,"c11110",1.51657409172106e-15,"br",-0.12717858043847,"br=1","10111",24,0.00100685241267464
"4537",0,0,0,1,1,1,1,1,1,FALSE,3.40849095201876e-24,"c00110",5.45362431742153e-23,"P",0.00363092420809684,"P=0","01111",16,0.00352317464450655
"4538",0,0,0,1,1,1,1,1,1,FALSE,3.40849095201876e-24,"c00110",5.45362431742153e-23,"Pu",-0.00116724408293654,"Pu=0","01111",16,0.00335811830184467
"4539",0,0,0,1,1,1,1,1,1,FALSE,3.40849095201876e-24,"c00110",5.45362431742153e-23,"K",0.0277260172129065,"K=0","01111",16,0.00448309385560188
"4540",0,0,0,1,1,1,1,1,1,FALSE,3.40849095201876e-24,"c00110",5.45362431742153e-23,"Ku",-0.00527480453799638,"Ku=1","01111",16,0.00322297608705112
"4541",0,0,0,1,1,1,1,1,1,FALSE,3.40849095201876e-24,"c00110",5.45362431742153e-23,"C",0,"C=1","01111",16,0.00339754539658896
"4542",0,0,0,1,1,1,1,1,1,FALSE,3.40849095201876e-24,"c00110",5.45362431742153e-23,"Cu",0.563017830460558,"Cu=1","01111",16,0.946936022970097
"4543",0,0,0,1,1,1,1,1,1,FALSE,3.40849095201876e-24,"c00110",5.45362431742153e-23,"S",0.169638762886111,"S=1","01111",16,0.0185309231372014
"4544",0,0,0,1,1,1,1,1,1,FALSE,3.40849095201876e-24,"c00110",5.45362431742153e-23,"Su",0.152679792806446,"Su=1","01111",16,0.0156403037577739
"4545",0,0,0,1,1,1,1,1,1,FALSE,3.40849095201876e-24,"c00110",5.45362431742153e-23,"br",-0.131973831900918,"br=1","01111",16,0.00090784184933471
"4546",1,0,0,1,1,1,1,1,1,FALSE,3.40849095201876e-24,"c10110",5.45362431742153e-23,"P",0.00343165214459771,"P=1","01111",16,0.00355746502071936
"4547",1,0,0,1,1,1,1,1,1,FALSE,3.40849095201876e-24,"c10110",5.45362431742153e-23,"Pu",0.000702975371081534,"Pu=0","01111",16,0.00346170572138572
"4548",1,0,0,1,1,1,1,1,1,FALSE,3.40849095201876e-24,"c10110",5.45362431742153e-23,"K",0.0315702230444712,"K=0","01111",16,0.00471351506216741
"4549",1,0,0,1,1,1,1,1,1,FALSE,3.40849095201876e-24,"c10110",5.45362431742153e-23,"Ku",-0.0048583756861036,"Ku=1","01111",16,0.00327444352978623
"4550",1,0,0,1,1,1,1,1,1,FALSE,3.40849095201876e-24,"c10110",5.45362431742153e-23,"C",0,"C=1","01111",16,0.00343745611698102
"4551",1,0,0,1,1,1,1,1,1,FALSE,3.40849095201876e-24,"c10110",5.45362431742153e-23,"Cu",0.561686363982043,"Cu=1","01111",16,0.945387916355737
"4552",1,0,0,1,1,1,1,1,1,FALSE,3.40849095201876e-24,"c10110",5.45362431742153e-23,"S",0.169726473271557,"S=1","01111",16,0.0187650562401146
"4553",1,0,0,1,1,1,1,1,1,FALSE,3.40849095201876e-24,"c10110",5.45362431742153e-23,"Su",0.156832841853927,"Su=1","01111",16,0.016495046364224
"4554",1,0,0,1,1,1,1,1,1,FALSE,3.40849095201876e-24,"c10110",5.45362431742153e-23,"br",-0.133190846997543,"br=1","01111",16,0.000907395588884247
"4555",0,1,0,1,1,1,1,1,1,FALSE,5.17913451380875e-17,"c00110",8.28667416909989e-16,"P",1.62195097579913e-05,"P=0","11111",32,0.00356508152503727
"4556",0,1,0,1,1,1,1,1,1,FALSE,5.17913451380875e-17,"c00110",8.28667416909989e-16,"Pu",0.00228363412767637,"Pu=1","11111",32,0.00364684010491344
"4557",0,1,0,1,1,1,1,1,1,FALSE,5.17913451380875e-17,"c00110",8.28667416909989e-16,"K",0.0289397193480695,"K=0","11111",32,0.00476082951139823
"4558",0,1,0,1,1,1,1,1,1,FALSE,5.17913451380875e-17,"c00110",8.28667416909989e-16,"Ku",-0.00266310717641132,"Ku=1","11111",32,0.00347082964068583
"4559",0,1,0,1,1,1,1,1,1,FALSE,5.17913451380875e-17,"c00110",8.28667416909989e-16,"C",0,"C=1","11111",32,0.00356450333318265
"4560",0,1,0,1,1,1,1,1,1,FALSE,5.17913451380875e-17,"c00110",8.28667416909989e-16,"Cu",0.557957222540831,"Cu=1","11111",32,0.944444526560563
"4561",0,1,0,1,1,1,1,1,1,FALSE,5.17913451380875e-17,"c00110",8.28667416909989e-16,"S",0.168079678492557,"S=1","11111",32,0.0191407871598087
"4562",0,1,0,1,1,1,1,1,1,FALSE,5.17913451380875e-17,"c00110",8.28667416909989e-16,"Su",0.152936910551639,"Su=1","11111",32,0.0164511244779407
"4563",0,1,0,1,1,1,1,1,1,FALSE,5.17913451380875e-17,"c00110",8.28667416909989e-16,"br",-0.131656859498126,"br=1","11111",32,0.00095547768646991
"4564",1,1,0,1,1,1,1,1,1,FALSE,5.17913451380875e-17,"c10110",8.28667416909989e-16,"P",-0.000268714438193664,"P=1","11111",32,0.00334631152352815
"4565",1,1,0,1,1,1,1,1,1,FALSE,5.17913451380875e-17,"c10110",8.28667416909989e-16,"Pu",0.00102750781066653,"Pu=1","11111",32,0.00338996949892772
"4566",1,1,0,1,1,1,1,1,1,FALSE,5.17913451380875e-17,"c10110",8.28667416909989e-16,"K",0.02597048987728,"K=0","11111",32,0.00435032582524865
"4567",1,1,0,1,1,1,1,1,1,FALSE,5.17913451380875e-17,"c10110",8.28667416909989e-16,"Ku",-0.00651981721346831,"Ku=1","11111",32,0.00314353409113776
"4568",1,1,0,1,1,1,1,1,1,FALSE,5.17913451380875e-17,"c10110",8.28667416909989e-16,"C",0,"C=1","11111",32,0.00335531563799858
"4569",1,1,0,1,1,1,1,1,1,FALSE,5.17913451380875e-17,"c10110",8.28667416909989e-16,"Cu",0.564342916837966,"Cu=1","11111",32,0.947640313631866
"4570",1,1,0,1,1,1,1,1,1,FALSE,5.17913451380875e-17,"c10110",8.28667416909989e-16,"S",0.167139428404356,"S=1","11111",32,0.0178488687331348
"4571",1,1,0,1,1,1,1,1,1,FALSE,5.17913451380875e-17,"c10110",8.28667416909989e-16,"Su",0.156419661679321,"Su=1","11111",32,0.0160344969823531
"4572",1,1,0,1,1,1,1,1,1,FALSE,5.17913451380875e-17,"c10110",8.28667416909989e-16,"br",-0.13261092614346,"br=1","11111",32,0.000890864075805177
"4573",0,0,1,1,1,1,1,1,1,FALSE,3.40849095201876e-24,"c01110",9.2563547202379e-23,"P",-0.00360324325514412,"P=0","01111",16,0.00169724234483132
"4574",0,0,1,1,1,1,1,1,1,FALSE,3.40849095201876e-24,"c01110",9.2563547202379e-23,"Pu",0.000853303474893971,"Pu=0","01111",16,0.0017745914921163
"4575",0,0,1,1,1,1,1,1,1,FALSE,3.40849095201876e-24,"c01110",9.2563547202379e-23,"K",-0.0272039365537016,"K=1","01111",16,0.0013404399096454
"4576",0,0,1,1,1,1,1,1,1,FALSE,3.40849095201876e-24,"c01110",9.2563547202379e-23,"Ku",-0.0239977694050535,"Ku=1","01111",16,0.00138411302919436
"4577",0,0,1,1,1,1,1,1,1,FALSE,3.40849095201876e-24,"c01110",9.2563547202379e-23,"C",0,"C=1","01111",16,0.00175951326426043
"4578",0,0,1,1,1,1,1,1,1,FALSE,3.40849095201876e-24,"c01110",9.2563547202379e-23,"Cu",0.631112418940099,"Cu=1","01111",16,0.968899998463698
"4579",0,0,1,1,1,1,1,1,1,FALSE,3.40849095201876e-24,"c01110",9.2563547202379e-23,"S",0.192766948581495,"S=1","01111",16,0.0120939666250601
"4580",0,0,1,1,1,1,1,1,1,FALSE,3.40849095201876e-24,"c01110",9.2563547202379e-23,"Su",0.171858017754561,"Su=1","01111",16,0.00981211055785999
"4581",0,0,1,1,1,1,1,1,1,FALSE,3.40849095201876e-24,"c01110",9.2563547202379e-23,"br",-0.0351520403131213,"br=1","01111",16,0.00123802431333404
"4582",1,0,1,1,1,1,1,1,1,FALSE,3.40849095201876e-24,"c11110",9.2563547202379e-23,"P",0.00145728142829355,"P=1","01111",16,0.00187955605085411
"4583",1,0,1,1,1,1,1,1,1,FALSE,3.40849095201876e-24,"c11110",9.2563547202379e-23,"Pu",-1.21823075110488e-05,"Pu=0","01111",16,0.00185213859444024
"4584",1,0,1,1,1,1,1,1,1,FALSE,3.40849095201876e-24,"c11110",9.2563547202379e-23,"K",-0.0275614003854163,"K=1","01111",16,0.00140614059896938
"4585",1,0,1,1,1,1,1,1,1,FALSE,3.40849095201876e-24,"c11110",9.2563547202379e-23,"Ku",-0.0232391541040133,"Ku=1","01111",16,0.00146825005146128
"4586",1,0,1,1,1,1,1,1,1,FALSE,3.40849095201876e-24,"c11110",9.2563547202379e-23,"C",0,"C=1","01111",16,0.00185236424140357
"4587",1,0,1,1,1,1,1,1,1,FALSE,3.40849095201876e-24,"c11110",9.2563547202379e-23,"Cu",0.625809173898928,"Cu=1","01111",16,0.967344347185687
"4588",1,0,1,1,1,1,1,1,1,FALSE,3.40849095201876e-24,"c11110",9.2563547202379e-23,"S",0.19046596566684,"S=1","01111",16,0.0124425549515249
"4589",1,0,1,1,1,1,1,1,1,FALSE,3.40849095201876e-24,"c11110",9.2563547202379e-23,"Su",0.173465456681604,"Su=1","01111",16,0.0104972924113642
"4590",1,0,1,1,1,1,1,1,1,FALSE,3.40849095201876e-24,"c11110",9.2563547202379e-23,"br",-0.0387451756160141,"br=1","01111",16,0.00125735591429572
"4591",0,1,1,1,1,1,1,1,1,FALSE,5.17913451380875e-17,"c01110",1.40648477224935e-15,"P",-0.000234064904608725,"P=0","11111",32,0.00174163802926164
"4592",0,1,1,1,1,1,1,1,1,FALSE,5.17913451380875e-17,"c01110",1.40648477224935e-15,"Pu",-0.00469765737836545,"Pu=1","11111",32,0.00166560786648456
"4593",0,1,1,1,1,1,1,1,1,FALSE,5.17913451380875e-17,"c01110",1.40648477224935e-15,"K",-0.0312214746002325,"K=1","11111",32,0.00127755994996746
"4594",0,1,1,1,1,1,1,1,1,FALSE,5.17913451380875e-17,"c01110",1.40648477224935e-15,"Ku",-0.0264506819553417,"Ku=1","11111",32,0.00133998697800791
"4595",0,1,1,1,1,1,1,1,1,FALSE,5.17913451380875e-17,"c01110",1.40648477224935e-15,"C",0,"C=1","11111",32,0.00174571936728008
"4596",0,1,1,1,1,1,1,1,1,FALSE,5.17913451380875e-17,"c01110",1.40648477224935e-15,"Cu",0.631875683330144,"Cu=1","11111",32,0.968669566281482
"4597",0,1,1,1,1,1,1,1,1,FALSE,5.17913451380875e-17,"c01110",1.40648477224935e-15,"S",0.198106332091825,"S=1","11111",32,0.0126572482653435
"4598",0,1,1,1,1,1,1,1,1,FALSE,5.17913451380875e-17,"c01110",1.40648477224935e-15,"Su",0.171148016103611,"Su=1","11111",32,0.00966631224755881
"4599",0,1,1,1,1,1,1,1,1,FALSE,5.17913451380875e-17,"c01110",1.40648477224935e-15,"br",-0.0344994316156241,"br=1","11111",32,0.00123636101461355
"4600",1,1,1,1,1,1,1,1,1,FALSE,5.17913451380875e-17,"c11110",1.40648477224935e-15,"P",-0.00264824073453982,"P=1","11111",32,0.00162648334570202
"4601",1,1,1,1,1,1,1,1,1,FALSE,5.17913451380875e-17,"c11110",1.40648477224935e-15,"Pu",-0.00135835035451505,"Pu=1","11111",32,0.00164759909011687
"4602",1,1,1,1,1,1,1,1,1,FALSE,5.17913451380875e-17,"c11110",1.40648477224935e-15,"K",-0.0282799279188843,"K=1","11111",32,0.00125873010012253
"4603",1,1,1,1,1,1,1,1,1,FALSE,5.17913451380875e-17,"c11110",1.40648477224935e-15,"Ku",-0.0281437308561085,"Ku=1","11111",32,0.00126044562152687
"4604",1,1,1,1,1,1,1,1,1,FALSE,5.17913451380875e-17,"c11110",1.40648477224935e-15,"C",0,"C=1","11111",32,0.00167013194932153
"4605",1,1,1,1,1,1,1,1,1,FALSE,5.17913451380875e-17,"c11110",1.40648477224935e-15,"Cu",0.636452379713102,"Cu=1","11111",32,0.970126457937847
"4606",1,1,1,1,1,1,1,1,1,FALSE,5.17913451380875e-17,"c11110",1.40648477224935e-15,"S",0.196567079360021,"S=1","11111",32,0.0119242414951821
"4607",1,1,1,1,1,1,1,1,1,FALSE,5.17913451380875e-17,"c11110",1.40648477224935e-15,"Su",0.171966398195923,"Su=1","11111",32,0.00932376593009913
"4608",1,1,1,1,1,1,1,1,1,FALSE,5.17913451380875e-17,"c11110",1.40648477224935e-15,"br",-0.0362635603733109,"br=1","11111",32,0.00116214453008171
