"","mindsCode","tag","response","index","digit1","digit2","digit3","digit4","digit5","digit6","node3","annotation_note","condObs","count"
"1","M022949","t110101","They wanted to see if anything else was available.",1,1,1,0,1,0,1,"Ku=0","","1101",1
"2","M022949","t111000","They couldn't see the hot dogs so went for the convenient option.",2,1,1,1,0,0,0,"Su_f=0","","1110",1
"3","M022949","t001001","They wanted a long walk to see what else was available",3,0,0,1,0,0,1,"br_p=1","","0010",1
"4","M022949","t000100","They didn't like hot dogs so went to find something else.",4,0,0,0,1,0,0,"P=0","","0001",9
"5","M022949","t100110","They love hot dogs so went straight there",5,1,0,0,1,1,0,"P=1","","1001",11
"6","M022949","t010011","They wanted to go for a long walk",6,0,1,0,0,1,1,"Cu_p=1","","0100",4
"7","M022949","t011010","They wanted a longer walk and knew there were hot dogs available",7,0,1,1,0,1,0,"Cu_p=1","","0110",3
"8","M022949","t101111","They wanted to see what else was available",8,1,0,1,1,1,1,"Ku=0","","1011",1
"9","M701443","t010110","Charlie can't be bothered walking to the pizza stand and goes to the closest stand which is the hot dog stand.",9,0,1,0,1,1,0,"Cu_p=0","","0101",2
"10","M701443","t001100","He doesn't know that the pizza stand is round the corner.",10,0,0,1,1,0,0,"Ku=0","","0011",5
"11","M701443","t100001","Harper walks past the hot dog stand as he is lazy and he didn't notice it.",11,1,0,0,0,0,1,"Cu_p=0","","1000",1
"12","M701443","t111011","Taylor wants a hotdog.",12,1,1,1,0,1,1,"Pu=1","","1110",2
"13","M701443","t011101","Drew knows where the pizza stand is but takes the longer route for some extra exercise before his pizza.",13,0,1,1,1,0,1,"Cu_p=1","","0111",12
"14","M701443","t101010","His favourite food is hot dogs and went straight there.",14,1,0,1,0,1,0,"P=1","","1010",15
"15","M701443","t000111","Adrian gets lost and ends up taking the longer route to the hot dog stand.",15,0,0,0,1,1,1,"Ku=0","","0001",6
"16","M701443","t110000","Parker is too lazy to walk to the hotdog stand.",16,1,1,0,0,0,0,"C=0","","1100",15
"17","M440728","t001011","He wanted to explore the area before eating.",17,0,0,1,0,1,1,"br_p=1","","0010",3
"18","M440728","t100000","They were too lazy to explore so just got pizza.",18,1,0,0,0,0,0,"Cu_p=0","","1000",6
"19","M440728","t010101","He felt like going for a walk and wanted pizza.",19,0,1,0,1,0,1,"Cu_p=1","","0101",5
"20","M440728","t111010","Hot dogs are their favourite food.",20,1,1,1,0,1,0,"P=1","","1110",9
"21","M440728","t011100","His favourite food might be pizza.",21,0,1,1,1,0,0,"P=0","","0111",6
"22","M440728","t000110","He may not have known pizza was just as close and was too lazy to find out.",22,0,0,0,1,1,0,"Ku=0","","0001",2
"23","M440728","t101001","They wanted to go for a long walk before eating.",23,1,0,1,0,0,1,"Cu_p=1","","1010",7
"24","M440728","t110111","Wanted to check what the pizza van was offering before getting hot dogs as usual.",24,1,1,0,1,1,1,"br_f=1","","1101",1
"25","M481805","t010111","Charlie wanted to get some exercise in because he know he is generally lazy",25,0,1,0,1,1,1,"Cu_p=1","","0101",12
"26","M481805","t001101","Brooklyn wanted pizza and kept walking until he found it.",26,0,0,1,1,0,1,"Pu=0","","0011",4
"27","M481805","t000000","Saw the pizza stand was close and went since Adrian is lazy",27,0,0,0,0,0,0,"C=0","","0000",14
"28","M481805","t111100","Taylor wanted to mix it up and have pizza instead",28,1,1,1,1,0,0,"Pu=0","","1111",11
"29","M481805","t101011","Jesse was looking for hot dogs and kept walking until he found them",29,1,0,1,0,1,1,"Su_f=1","","1010",1
"30","M481805","t011110","Drew wanted hot dogs.",30,0,1,1,1,1,0,"Pu=1","","0111",8
"31","M481805","t100010","Didn't fancy pizza so walked the other way hoping something else would pop up",31,1,0,0,0,1,0,"Pu=0","","1000",1
"32","M481805","t110001","Parker decided he needed some exercise as he is generally lazy and also wanted to mix it up and not eat hot dogs again",32,1,1,0,0,0,1,"C=0","","1100",4
"33","M669519","t011010","He knows the area well",33,0,1,1,0,1,0,"K=1","","0110",3
"34","M669519","t001001","he is sporty and wanted to walk all the way around to see what was there",34,0,0,1,0,0,1,"C=1","","0010",14
"35","M669519","t110101","they did not fancy a hotdog today so carried on walking",36,1,1,0,1,0,1,"Pu=0","","1101",9
"36","M669519","t010011","He decided to have a longer walk for achange",38,0,1,0,0,1,1,"Cu_p=1","","0100",4
"37","M669519","t100110","he is lazy and prefers hotdogs",39,1,0,0,1,1,0,"C=0","","1001",5
"38","M669519","t101111","they are sporty and dont know the area well so kept on walking",40,1,0,1,1,1,1,"C=1","","1011",8
"39","M091317","t000101","Adrian took this path because they dont know the area well",41,0,0,0,1,0,1,"K=0","","0001",8
"40","M091317","t001010","Brooklyn chose this path because they are sporty",42,0,0,1,0,1,0,"C=1","","0010",3
"41","M091317","t011011","Drew chose this path because they are sporty",43,0,1,1,0,1,1,"C=1","","0110",9
"42","M091317","t101000","Jesse took this path because they don't know the area well",44,1,0,1,0,0,0,"K=0","","1010",6
"43","M091317","t111001","Taylor took this path because they are sporty",45,1,1,1,0,0,1,"C=1","","1110",6
"44","M091317","t100111","Harper took this path because their favorite food is hot dogs",46,1,0,0,1,1,1,"P=1","","1001",3
"45","M091317","t110110","Parker took this path because they know the area well",47,1,1,0,1,1,0,"K=1","","1101",3
"46","M091317","t010100","Charlie took this path because they know the area well",48,0,1,0,1,0,0,"K=1","","0101",7
"47","M078144","t000110","he goes to the hot dog stand as he is lazy and doesn't want to walk any further to investigate",49,0,0,0,1,1,0,"Cu_p=0","","0001",3
"48","M078144","t100000","He goes to the pizza stand as he is lazy",50,1,0,0,0,0,0,"C=0","","1000",8
"49","M078144","t101001","Jesse decided that she wan't in the mood for hot dogs today.",51,1,0,1,0,0,1,"Pu=0","","1010",8
"50","M078144","t110111","Parker definitely didn't want pizza but needed the walk",52,1,1,0,1,1,1,"Cu_p=1","","1101",8
"51","M078144","t111010","he wanted hot dogs so took the direct route as he was hungry and had been out running already today.",53,1,1,1,0,1,0,"Pu=1","","1110",5
"52","M078144","t001011","Brooklyn didn't want pizza so continued on her route and decided to have hot dog when she discovered the stand.",54,0,0,1,0,1,1,"Pu=1","","0010",2
"53","M078144","t011100","he know he wanted to buy pizza",55,0,1,1,1,0,0,"Pu=0","","0111",9
"54","M078144","t010101","He thought he wanted hot dogs but when he reached the stand decided he wanted pizza instead.",56,0,1,0,1,0,1,"Pu=0","","0101",5
"55","M043484","t000001","They were looking for pizza and didn't know the area well",57,0,0,0,0,0,1,"Ku=0","","0000",4
"56","M043484","t010000","Charlie wanted pizza and didn't want to walk far",58,0,1,0,0,0,0,"Pu=0","","0100",1
"57","M043484","t111101","Taylor wanted more exercise today",59,1,1,1,1,0,1,"Cu_p=1","","1111",16
"58","M043484","t101100","Jesse didn't know where the hot dog stand was so stopped for pizza",60,1,0,1,1,0,0,"Ku=0","","1011",3
"59","M043484","t110010","Parker want straight for a hot dogs",61,1,1,0,0,1,0,"Pu=1","","1100",5
"60","M043484","t011111","Drew wanted exercise before getting hot dogs",62,0,1,1,1,1,1,"Cu_p=1","","0111",16
"61","M043484","t100011","Harper didn't know the quickest route to take",63,1,0,0,0,1,1,"Ku=0","","1000",4
"62","M043484","t001110","Brookly decided on hot dogs when they saw the stand",64,0,0,1,1,1,0,"Su_f=1","","0011",5
"63","M541462","t111111","Taylor took the long route because he wanted to get some exercise.",65,1,1,1,1,1,1,"Cu_p=1","","1111",17
"64","M541462","t001000","Brooklyn choose to go to the Pizza van as it was the only one they could see and they didn't know the area.",66,0,0,1,0,0,0,"Su_f=0","","0010",11
"65","M541462","t000011","Adrian does not like pizza, and so despite being lazy he continued to walk until he found the other option.",67,0,0,0,0,1,1,"P=1","","0000",5
"66","M541462","t011001","Being sporty, Drew decided to go the long way round to get to the pizza van.",70,0,1,1,0,0,1,"C=1","","0110",6
"67","M541462","t100101","Haper though they should do some exercise that day as they felt guilty about being lazy.",71,1,0,0,1,0,1,"Cu_p=1","","1001",1
"68","M541462","t010010","As Charlie knows the area well he knew the Hot Dog van wouldn't be too far away and decide to walk towards it.",72,0,1,0,0,1,0,"Ku=1","","0100",1
"69","M058012","t101101","The hot dog vendor was no longer selling hot dogs.",74,1,0,1,1,0,1,"br_f=1","","1011",4
"70","M058012","t110011","They were intentionally wasting time.",75,1,1,0,0,1,1,"br_p=1","","1100",7
"71","M058012","t000010","Pizza didn't appeal to them so they looked for alternatives.",76,0,0,0,0,1,0,"Pu=1","","0000",6
"72","M058012","t001111","They looked for alternatives before choosing.",77,0,0,1,1,1,1,"br_f=1","","0011",1
"73","M058012","t010001","They didn't want to go back the same way after trying the hot dog vendor but seeing that they were no longer selling hot dogs.",78,0,1,0,0,0,1,"br_f=1","","0100",3
"74","M058012","t111110","They wanted hot dogs.",79,1,1,1,1,1,0,"Pu=1","","1111",4
"75","M064601","t101110","Jesse loves hot dogs.",82,1,0,1,1,1,0,"P=1","","1011",10
"76","M064601","t011001","Drew is sporty and wants more exercise.",83,0,1,1,0,0,1,"Cu_p=1","","0110",16
"77","M064601","t001000","Brooklyn was hungry and wanted pizza.",84,0,0,1,0,0,0,"Pu=0","","0010",2
"78","M064601","t111111","Taylor is sporty and wants more exercise.",85,1,1,1,1,1,1,"Cu_p=1","","1111",17
"79","M064601","t100101","Harper does not know the area well and got lost.",86,1,0,0,1,0,1,"K=0","","1001",8
"80","M064601","t010010","Charlie knows the area well and wanted hot dogs.",87,0,1,0,0,1,0,"Pu=1","","0100",12
"81","M064601","t000011","Adrian does not know the area well and got lost.",88,0,0,0,0,1,1,"K=0","","0000",9
"82","M548118","t110001","They wanted to go for a walk before eating but were too lazy at the end of the walk to go that bit further to go back to the hot dog stand",90,1,1,0,0,0,1,"Cu_p=0","","1100",1
"83","M548118","t001101","His favourite food is pizza and he stopped when he found it",91,0,0,1,1,0,1,"P=0","","0011",4
"84","M548118","t011110","He had already done his exercise and merely wanted to get some tea so knew where to go to get the food he wanted quickest",92,0,1,1,1,1,0,"Ku=1","","0111",3
"85","M548118","t010111","Charlie changed his mind after seeing the pizza place and decided he would rather have a hot dog",93,0,1,0,1,1,1,"Pu=1","","0101",2
"86","M548118","t111100","Taylor didn't fancy hot dogs tonight",94,1,1,1,1,0,0,"Pu=0","","1111",11
"87","M548118","t000000","Adrian just ate the first thing he found",95,0,0,0,0,0,0,"Cu_f=0","","0000",1
"88","M548118","t101011","Jesse thought they would go for a walk even after seeing the pizza place to see if there were any other options to eat. They didn't mind walking further to see what else there was.",96,1,0,1,0,1,1,"Cu_f=1","","1010",3
"89","M001177","t111011","Taylor wanted to take the long route to the hot dog stall because they are sporty and fancied a run.",97,1,1,1,0,1,1,"Cu_p=1","","1110",14
"90","M001177","t000111","Adrian wanted to see if there were other food stalls, but doesn't like pizza.",98,0,0,0,1,1,1,"br_p=1","","0001",1
"91","M001177","t011101","Drew fancied a longer run to the food truck as he is sporty.",99,0,1,1,1,0,1,"Cu_p=1","","0111",12
"92","M001177","t100001","Harper fancied a change from hot dogs.",100,1,0,0,0,0,1,"Pu=0","","1000",4
"93","M001177","t110000","Parker went for the closest food stall because he is lazy.",101,1,1,0,0,0,0,"C=0","","1100",15
"94","M001177","t101010","Jesse set out looking for the hot dog stall and got lucky by taking the shortest route.",102,1,0,1,0,1,0,"Ku=1","","1010",1
"95","M001177","t001100","Brooklyn set out to explore and found the pizza stall.",103,0,0,1,1,0,0,"Su_f=0","","0011",3
"96","M001177","t010110","Charlie went to the nearest food stall because he is lazy,",104,0,1,0,1,1,0,"C=0","","0101",9
"97","M740010","t111111","that he doesnt like pizza at all",105,1,1,1,1,1,1,"P=1","","1111",1
"98","M740010","t000011","that he was really hungry by the time he got to the hot dog stand,",106,0,0,0,0,1,1,"br_f=1","","0000",5
"99","M740010","t001000","that he sight of the pizza stand piqued his appetite",107,0,0,1,0,0,0,"Su_f=0","","0010",11
"100","M740010","t110100","that he quite likes pizza aswell",108,1,1,0,1,0,0,"P=0","","1101",1
"101","M740010","t010010","that he was hungry at the time and doesnt mind at the least hotdogs",109,0,1,0,0,1,0,"Pu=1","","0100",12
"102","M740010","t101110","that she spottted the hotdog stand",110,1,0,1,1,1,0,"Su_f=1","","1011",8
"103","M740010","t100101","that he wasnt hungry when he passed the hot dog stand",111,1,0,0,1,0,1,"Pu=0","","1001",6
"104","M740010","t011001","that he wanted to explore before eating",112,0,1,1,0,0,1,"br_p=1","","0110",1
"105","M655629","t000101","There was no thought put into it",121,0,0,0,1,0,1,"Cu_f=0","","0001",1
"106","M655629","t110110","saw the hotdog van",123,1,1,0,1,1,0,"Su_f=1","","1101",2
"107","M655629","t111001","went for a run as is sporty and decided on pizza for a change.",125,1,1,1,0,0,1,"C=1","","1110",6
"108","M655629","t011011","is sporty,knows area,took longest route to hotdog stand.",126,0,1,1,0,1,1,"C=1","","0110",9
"109","M655629","t001010","did not fancy pizza",127,0,0,1,0,1,0,"Pu=0","","0010",2
"110","M655629","t010100","wanted pizza and took quickest route as lazy",128,0,1,0,1,0,0,"Cu_p=0","","0101",1
"111","M909198","t010110","They go to the hot dog place since it is closer.",129,0,1,0,1,1,0,"Su_p=1","","0101",5
"112","M909198","t001100","They go just for a walk and did not know the pizza place is around the corner.",130,0,0,1,1,0,0,"Ku=0","","0011",5
"113","M909198","t111011","They went to the hot dogs place as its their favourite.",131,1,1,1,0,1,1,"P=1","","1110",2
"114","M909198","t011101","They wanted pizza and walked to get it.",132,0,1,1,1,0,1,"Pu=0","","0111",5
"115","M909198","t100001","They do not know where they are going and so only found a pizza place.",133,1,0,0,0,0,1,"Ku=0","","1000",4
"116","M909198","t000111","They had no idea where they were going and found the hotdog place.",134,0,0,0,1,1,1,"Ku=0","","0001",6
"117","M909198","t110000","They went to the nearest place to get pizza as they did not want to walk.",135,1,1,0,0,0,0,"Cu_p=0","","1100",7
"118","M909198","t101010","They went for a walk and found their favourite place.",136,1,0,1,0,1,0,"br_p=1","","1010",2
"119","M785342","t100110","As they are lazy so have chosen shortest route",137,1,0,0,1,1,0,"Cu_p=0","","1001",1
"120","M785342","t000100","As he doesnt know the area well",138,0,0,0,1,0,0,"K=0","","0001",3
"121","M785342","t010011","because he likes hot dogs",139,0,1,0,0,1,1,"P=1","","0100",6
"122","M785342","t011010","knows the area well and likely prefers hot dogs",140,0,1,1,0,1,0,"K=1","","0110",3
"123","M785342","t001001","because they are sporty so enjoy extra walking",141,0,0,1,0,0,1,"C=1","","0010",14
"124","M785342","t110101","they know the area well and might not want to queue",142,1,1,0,1,0,1,"Ku=1","","1101",2
"125","M785342","t101111","favourite food is hot dogs",143,1,0,1,1,1,1,"P=1","","1011",2
"126","M785342","t111000","because they know the area well and what else is there",144,1,1,1,0,0,0,"K=1","","1110",1
"127","M020165","t111100","They go to the pizza stand because it's their favourite",145,1,1,1,1,0,0,"P=0","","1111",3
"128","M020165","t000000","Adrian goes to the pizza stand because it's near and he's lazy.",146,0,0,0,0,0,0,"C=0","","0000",14
"129","M020165","t110001","Parker is trying to exercise more and stop being lazy.",147,1,1,0,0,0,1,"Cu_p=1","","1100",4
"130","M020165","t101011","They don't know the area well enough to know there is a shorter route.",148,1,0,1,0,1,1,"Ku=0","","1010",5
"131","M020165","t011110","They go to the hot dog stand because it's their favourite",149,0,1,1,1,1,0,"P=1","","0111",6
"132","M020165","t001101","They go to the pizza stand because it's their favourite and are sporty.",150,0,0,1,1,0,1,"P=0","","0011",4
"133","M020165","t010111","Charlie is trying to stop being lazy.",151,0,1,0,1,1,1,"C=1","","0101",2
"134","M020165","t100010","They go to the hot dog stand because it's their favourite.",152,1,0,0,0,1,0,"P=1","","1000",11
"135","M381415","t011100","Drew likes Pizza best and knows where the Pizza van is",153,0,1,1,1,0,0,"P=0","","0111",6
"136","M381415","t111010","Taylor's favourite is Hot Dogs and they know where the van is",154,1,1,1,0,1,0,"K=1","","1110",6
"137","M381415","t100000","Harper is hungry and decides to have pizza as they van see the Pizza van.",155,1,0,0,0,0,0,"Su_f=0","","1000",3
"138","M381415","t101001","Jesse is getting some exercise, get hungry and decides to get some pizza even though hot dogs are their favourite.",156,1,0,1,0,0,1,"Pu=0","","1010",8
"139","M381415","t110111","Parker takes the long route to the hot dog van even though they are lazy - they have turned over a new leaf and decided to get some extra exercise",157,1,1,0,1,1,1,"Cu_p=1","","1101",8
"140","M381415","t010101","Charlie decides to get a hot dog but changes his mind and goes to the pizza van instead",158,0,1,0,1,0,1,"br_f=0","","0101",2
"141","M381415","t000110","Adrian is hungry and sees a hot dog van so decides to get a hot dog",159,0,0,0,1,1,0,"Su_f=1","","0001",5
"142","M381415","t001011","Brooklyn is taking an extended walk for exercise and sees a hot dog van and decides to get a hot dog",160,0,0,1,0,1,1,"Cu_p=1","","0010",9
"143","M515545","t100011","He doesn't know the hot dog stand is at the corner",161,1,0,0,0,1,1,"Ku=0","","1000",4
"144","M515545","t011111","He wanted to take the long route because he is sporty",162,0,1,1,1,1,1,"C=1","","0111",8
"145","M515545","t111101","He wanted to try pizza and wanted to take a long route because he is sporty",163,1,1,1,1,0,1,"C=1","corrected after 1 retry (original: 'Cu_f=0

Wait, let me reconsider.

Cu_p=1')","1111",5
"146","M515545","t101100","He doesn't know the area well and he suddenly feels hungry when he is walking. So he buy the pizza from pizza stand when is walking along the path",164,1,0,1,1,0,0,"K=0","","1011",7
"147","M515545","t110010","He goes to hot dog stand because it is his favourite.He want to take the short route because he know the hot dog stand is at the corner",166,1,1,0,0,1,0,"P=1","","1100",12
"148","M515545","t000001","Adrian doesn't know the area well. So he walk around the road to  familiar the area and buy the pizza  at the end of the walk",167,0,0,0,0,0,1,"K=0","","0000",6
"149","M515545","t001110","He is hungry and he sees there is a hot dog stand.",168,0,0,1,1,1,0,"Su_f=1","","0011",5
"150","M565067","t011011","he wanted the extra exercise to be relieved of some guilt.",169,0,1,1,0,1,1,"Cu_p=1","","0110",13
"151","M565067","t001010","He took the shortest path and didn't want to get lost.",170,0,0,1,0,1,0,"Ku=0","","0010",2
"152","M565067","t110110","He doesn't want to do any unnecessary steps and to get their asap",172,1,1,0,1,1,0,"Cu_p=0","","1101",1
"153","M565067","t111001","He wants to do some exercise before having his food.",173,1,1,1,0,0,1,"Cu_p=1","","1110",15
"154","M565067","t000101","He didn't know that the other path lead to the destination.",175,0,0,0,1,0,1,"Ku=0","","0001",3
"155","M565067","t101000","He took the shortest path, not knowing if he would find the other path there.",176,1,0,1,0,0,0,"Ku=0","","1010",6
"156","M023413","t000011","He wanted a hot dog today for a change. He is sporty and fancied a long walk.",177,0,0,0,0,1,1,"Pu=1","","0000",2
"157","M023413","t101110","He didn't know the area and was very hungry. He wanted pizza, but would settle for a hot dog.",178,1,0,1,1,1,0,"Pu=0","","1011",1
"158","M023413","t100101","Today he really wanted pizza and decided to walk a long distance to get pizza.",179,1,0,0,1,0,1,"Pu=0","","1001",6
"159","M023413","t011001","He was silly and walked the complete long way round to get pizza. If he knew the area, he could have saved so much time!",180,0,1,1,0,0,1,"K=0","","0110",1
"160","M023413","t111111","He did not know the area and walked straight past the pizza and ended up with a hot dog.",181,1,1,1,1,1,1,"K=0","","1111",1
"161","M023413","t110100","Today he walked just a short didtance for pizza. Perhaps he is learning the area?",182,1,1,0,1,0,0,"Ku=1","","1101",1
"162","M023413","t010010","He just wanted a hot dog today. He was bored with pizza.",184,0,1,0,0,1,0,"Pu=1","","0100",12
"163","M302180","t111100","They wanted to get their exercise in, so took a longer route location and went for pizza.",185,1,1,1,1,0,0,"Cu_p=1","","1111",3
"164","M302180","t010111","Charlie went to the closest location, as he is lazy.",186,0,1,0,1,1,1,"C=0","","0101",1
"165","M302180","t100010","Harper went for a hot dog as it is his favourite.",187,1,0,0,0,1,0,"P=1","","1000",11
"166","M302180","t011110","Drew chose a food truck close to him, to save time.",188,0,1,1,1,1,0,"Su_p=0","","0111",2
"167","M302180","t110001","Parker decided to try something new today and went for pizza. Also even though he is lazy, he tried to challenge himself today.",189,1,1,0,0,0,1,"Pu=0","","1100",3
"168","M302180","t101011","Jesse wanted to try pizza and get her exercise in today.",190,1,0,1,0,1,1,"Cu_f=1","","1010",3
"169","M302180","t000000","Adrian is interested in convenience and does not want to travel far.",191,0,0,0,0,0,0,"C=0","","0000",14
"170","M302180","t001101","He is a sporty person and chose to get to know the area and took a long walk to discover the pizza truck.",192,0,0,1,1,0,1,"C=1","","0011",7
"171","M068961","t001111","He is sporty and wanted to go for a long walk to see what is out there.",193,0,0,1,1,1,1,"C=1","","0011",8
"172","M068961","t110011","He must have been in a good mood and just wanted to have a look around. But he knew he would end up back for a hot dog.",194,1,1,0,0,1,1,"br_p=1","","1100",7
"173","M068961","t010001","He was having a good day and went for a long walk.",195,0,1,0,0,0,1,"Cu_p=1","","0100",4
"174","M068961","t100100","He is lazy and thought another hot dog stand was closer.",196,1,0,0,1,0,0,"C=0","","1001",1
"175","M068961","t011000","He already went for a long run and needed food quickly.",197,0,1,1,0,0,0,"Cu_p=0","","0110",4
"176","M068961","t000010","He thought that another stall would be closer if he went the other way.",198,0,0,0,0,1,0,"Su_p=1","","0000",2
"177","M068961","t111110","He knows what he likes and went straight to the hot dog stand.",199,1,1,1,1,1,0,"P=1","","1111",11
"178","M068961","t101101","He wanted to see what other food stands were around so he walked around the neighbourhood.",200,1,0,1,1,0,1,"br_p=1","","1011",1
"179","M492357","t000101","Adrian couldn't see where the pizza stand was.  He is lazy but as he didn't know the area well probably chose a route at random.  Unfortunately he chose wrongly and went the long way which wouldn't fit in well with his lazyness so route was an unfortunate choice of chance.",201,0,0,0,1,0,1,"Ku=0","","0001",3
"180","M492357","t110110","Parker's favourite food is hot dogs so he would head for the hot dog stand.  He is lazy and can see the stand from his starting location so he chose the direct short route to the stand.",202,1,1,0,1,1,0,"P=1","","1101",9
"181","M492357","t101000","Although Jesse is sporty they probably really like hot dogs or were very hungry so went to the hot dog stand by the shortest route.",203,1,0,1,0,0,0,"Pu=1","","1010",2
"182","M492357","t010100","Charlie is lazy so would want to reach the hot dog stand (favourite) by the shortest route, however it could not be seen from the starting location so it was probably due to Charlie knowing the area well that the shortest route was taken.",204,0,1,0,1,0,0,"K=1","","0101",7
"183","M492357","t011011","Drew is sporty and knows the area well so would know the shortest route to the hot dog stand (favourite) but the longer route was taken so Drew probably wanted a good amount of exercise before having a snack.",205,0,1,1,0,1,1,"Cu_p=1","","0110",13
"184","M492357","t001010","Brooklyn must like hot dogs and doesn't the area well so the route would probably be a guess as Brooklyn can't see the hot dog stand from the starting location.  The route was therefore probably just chance as I would have expected a sporty person to perhaps prefer the longer route for a workout.",206,0,0,1,0,1,0,"br_p=1","","0010",2
"185","M492357","t111001","Taylor's favourite food is hot dogs and Taylor knows the area well.  I'd guess that Taylor headed for the pizza stand by the long route for the workout as they are sporty.  Taylor maybe was tired of having hot dogs or wanted a change so had a pizza instead.",207,1,1,1,0,0,1,"Cu_p=1","","1110",15
"186","M492357","t100111","Harper would be able to see the hot dog stand from the starting location.  They don't know the area well and are lazy.  It would make sense to go by the shortest path but the long route was taken so maybe they wanted to check on other food options before heading for the hot dog stand.",208,1,0,0,1,1,1,"br_p=1","","1001",3
"187","M087770","t011101","better than pizza",209,0,1,1,1,0,1,"br_f=1","","0111",2
"188","M087770","t100001","dont no taken area so taken a walk",214,1,0,0,0,0,1,"K=0","","1000",9
"189","M087770","t111011","hes stretched his legs while getting food",215,1,1,1,0,1,1,"Cu_p=1","","1110",14
"190","M087770","t000111","i think he fancied a walk",216,0,0,0,1,1,1,"Cu_p=1","","0001",4
"191","M230523","t011010","He likes hot dogs more.",217,0,1,1,0,1,0,"P=1","","0110",7
"192","M230523","t000100","They go to the pizza stand because it's their favourite",218,0,0,0,1,0,0,"P=0","","0001",9
"193","M230523","t010011","They wanted to take the long route because they are sporty",219,0,1,0,0,1,1,"Cu_p=1","","0100",4
"194","M230523","t111000","the pizza stand was closer",220,1,1,1,0,0,0,"S=0","","1110",1
"195","M230523","t100110","Hot dogs are his favorite food",221,1,0,0,1,1,0,"P=1","","1001",11
"196","M230523","t101111","They wanted to take the long route because they are sporty",222,1,0,1,1,1,1,"Cu_p=1","","1011",7
"197","M230523","t110101","They go to the pizza stand because it's their favourite",223,1,1,0,1,0,1,"P=0","","1101",2
"198","M230523","t001001","They wanted to take the long route because they are sporty",224,0,0,1,0,0,1,"Cu_p=1","","0010",6
"199","M620650","t001011","He wanted to take the long way to the hot dogs.",225,0,0,1,0,1,1,"Cu_p=1","","0010",9
"200","M620650","t110111","Again, he wanted to take the long way to the hot dogs.",226,1,1,0,1,1,1,"Pu=1","","1101",4
"201","M620650","t011100","I knew the way to the pizzas.",227,0,1,1,1,0,0,"Ku=1","","0111",1
"202","M620650","t100000","He really didn't know he had a hot dog stand nearby.",228,1,0,0,0,0,0,"Ku=0","","1000",2
"203","M620650","t111010","He took a tour and was able to get a hot dog stand.",229,1,1,1,0,1,0,"Ku=1","","1110",3
"204","M620650","t101001","It doesn't look like hot dogs were his favorite food.",230,1,0,1,0,0,1,"P=0","","1010",3
"205","M620650","t000110","He ate the hot dogs because it was the first thing he found.",231,0,0,0,1,1,0,"Su_f=1","","0001",5
"206","M620650","t010101","He likes pizza very much.",232,0,1,0,1,0,1,"P=0","","0101",9
"207","M924977","t111111","They are sporty and wanted to go the long way",234,1,1,1,1,1,1,"C=1","","1111",7
"208","M924977","t101110","They don't know the area so just went straight for hot dogs, which they love",236,1,0,1,1,1,0,"P=1","","1011",10
"209","M924977","t011001","They wanted chinese but also wanted exercise",237,0,1,1,0,0,1,"Cu_f=0","","0110",1
"210","M924977","t100101","They fancied a change from hot dogs",238,1,0,0,1,0,1,"Pu=0","","1001",6
"211","M924977","t000011","They really don't like Chinese food",239,0,0,0,0,1,1,"br_f=0","","0000",1
"212","M924977","t010010","They wANTED HOT DOGS",240,0,1,0,0,1,0,"Pu=1","","0100",12
"213","M281767","t000010","He wanted to take the shortest route, because he's lazy, to the hot dog truck, which Adrian is a fan of.",241,0,0,0,0,1,0,"P=1","","0000",6
"214","M281767","t010001","He wanted to walk around the block before getting a pizza.",242,0,1,0,0,0,1,"Cu_p=1","","0100",4
"215","M281767","t101101","He wanted to get some exercize in and got a pizza when he saw the truck.",243,1,0,1,1,0,1,"Cu_p=1","","1011",8
"216","M281767","t100100","Harper wanted to get around the corner in the quickest manner possible and then he got a pizza when he saw the truck.",244,1,0,0,1,0,0,"Cu_p=0","","1001",1
"217","M281767","t001111","Brooklyn wanted to have a jog around the block and when he was most of the way around he decided to stop and get a hot dog.",245,0,0,1,1,1,1,"Cu_p=1","","0011",12
"218","M281767","t011000","Drewhad had been for a run and after he'd finished he decided to get a pizza at the truck.",246,0,1,1,0,0,0,"Cu_p=1","","0110",1
"219","M281767","t111110","Taylor had just finished his usual jog around the neigbourhood and on his way home he stopped off to get a hot dog.",247,1,1,1,1,1,0,"Cu_f=1","","1111",1
"220","M281767","t110011","Parker was wondering aimlessy around this neigburhood on his day off. \n\nWhen he saw the hot dog truck he had to stop and get one.",248,1,1,0,0,1,1,"Su_f=1","","1100",2
"221","M064846","t110101","Parker decided he wanted pizza instead",249,1,1,0,1,0,1,"Pu=0","","1101",9
"222","M064846","t101111","Jesse took the longer route as theyre sporty",250,1,0,1,1,1,1,"C=1","","1011",8
"223","M064846","t001001","Brooklyn took the long way as theyre sporty",251,0,0,1,0,0,1,"C=1","","0010",14
"224","M064846","t011010","Drew took the quickest route",252,0,1,1,0,1,0,"br_p=0","","0110",1
"225","M064846","t010011","Charlie knows the area well",253,0,1,0,0,1,1,"K=1","","0100",1
"226","M064846","t000100","Adrian took the quickest route",254,0,0,0,1,0,0,"br_p=0","","0001",2
"227","M064846","t111000","Taylor chose pizza instead of hot dogs",255,1,1,1,0,0,0,"Pu=0","","1110",8
"228","M064846","t100110","Harper took the quickest route",256,1,0,0,1,1,0,"br_p=0","","1001",1
"229","M924021","t100011","Hot dogs are his favorite food",257,1,0,0,0,1,1,"P=1","","1000",11
"230","M924021","t011111","They don't know the pizza stand is around the corner""",258,0,1,1,1,1,1,"Ku=0","","0111",1
"231","M924021","t110010","They don't know the pizza stand is around the corner""",259,1,1,0,0,1,0,"Ku=0","","1100",1
"232","M924021","t001110","The hot dog stand is closer",260,0,0,1,1,1,0,"Su_p=1","","0011",1
"233","M924021","t101100","They go to the pizza stand because it's their favourite",261,1,0,1,1,0,0,"P=0","","1011",4
"234","M924021","t111101","They wanted to take the long route because they are sporty",262,1,1,1,1,0,1,"Cu_p=1","","1111",16
"235","M924021","t010000","The hot dog stand is closer",263,0,1,0,0,0,0,"Su_p=1","","0100",1
"236","M924021","t000001","They wanted to take the long route because they are sporty",264,0,0,0,0,0,1,"Cu_p=1","","0000",5
"237","M059061","t110010","They like hotdogs. They also know the area well.",265,1,1,0,0,1,0,"P=1","","1100",12
"238","M059061","t000001","Adrian doesn't know the area well. Therefore he just went around until he found a restaurant he wanted.",266,0,0,0,0,0,1,"K=0","","0000",6
"239","M059061","t011111","Drew is sporty and therefore enjoyed taking the long walk (they also knew the area well).",267,0,1,1,1,1,1,"C=1","","0111",8
"240","M059061","t010000","Charlie is lazy and chose the shortest route to a restaurant.",268,0,1,0,0,0,0,"C=0","","0100",14
"241","M059061","t100011","Harper didn't know the area well so walked much longer to find hotdogs.",269,1,0,0,0,1,1,"K=0","","1000",4
"242","M059061","t111101","Taylor is very sporty and therefore chose to walk longer and get some Pizza instead.",270,1,1,1,1,0,1,"C=1","","1111",5
"243","M059061","t101100","Jesse doesn't know the area well and therefore may not know where the hotdog stand is.",271,1,0,1,1,0,0,"K=0","","1011",7
"244","M059061","t001110","Brooklyn doesn't know the area well and therefore went to the nearest fast food restaurant.",272,0,0,1,1,1,0,"K=0","","0011",5
"245","M036671","t110110","He went for the hotdogs because they are his favorite.",273,1,1,0,1,1,0,"P=1","","1101",9
"246","M036671","t100111","He is not as lazy as he looks.",275,1,0,0,1,1,1,"C=1","","1001",1
"247","M036671","t011011","He prefers to walk before eating.",276,0,1,1,0,1,1,"Cu_p=1","","0110",13
"248","M036671","t001010","He was lucky to meet the hotdogs first.",277,0,0,1,0,1,0,"Su_f=1","","0010",2
"249","M036671","t111001","Taylor doesn't like hotdogs.",278,1,1,1,0,0,1,"P=0","","1110",2
"250","M036671","t101000","He ate pizza because it was the first thing he saw on the road.",279,1,0,1,0,0,0,"Su_f=0","","1010",6
"251","M036671","t000101","He likes pizza much better than hotdogs.",280,0,0,0,1,0,1,"P=0","","0001",10
"252","M007369","t101101","He wanted to try pizza because he was already bored with hotdogs.",281,1,0,1,1,0,1,"Pu=0","","1011",6
"253","M007369","t100100","Hit right into the pizza truck.",282,1,0,0,1,0,0,"Su_p=0","","1001",3
"254","M007369","t010001","Despite being lazy, he does not like hotdogs.",283,0,1,0,0,0,1,"P=0","","0100",3
"255","M007369","t011000","He was lazy to walk a lot.",284,0,1,1,0,0,0,"Cu_p=0","","0110",4
"256","M007369","t110011","He went out of his way to get a hot dog truck.",285,1,1,0,0,1,1,"br_f=1","","1100",3
"257","M007369","t001111","He wanted to exercise before eating a hotdog.",286,0,0,1,1,1,1,"Cu_f=1","","0011",1
"258","M007369","t000010","He did not want to eat pizza.",287,0,0,0,0,1,0,"Pu=0","","0000",3
"259","M007369","t111110","He went right for his hotdog.",288,1,1,1,1,1,0,"Pu=1","","1111",4
"260","M072562","t101010","They are sporty so don't mind a long walk and hope to find a hot dog stand on the way.",289,1,0,1,0,1,0,"C=1","","1010",2
"261","M072562","t011101","Drew wants to take the long way round as it is good exercise",290,0,1,1,1,0,1,"Cu_p=1","","0111",12
"262","M072562","t111011","Taylor knows that the less efficient route will provide good exercise and he will still end up with his favourite food.",291,1,1,1,0,1,1,"Cu_p=1","","1110",14
"263","M072562","t010110","Because he is lazy, Charlie just goes to the closest food stand. He doesn't care if he eats pizza or hot dogs.",292,0,1,0,1,1,0,"Cu_f=0","","0101",2
"264","M072562","t001100","Brooklyn doesn't fancy hot dogs and is willing to take a chance on finding something better further away because he is sporty.",293,0,0,1,1,0,0,"P=0","","0011",8
"265","M072562","t000111","Adrian doesn't want to eat hot dogs, which is why initially he travels away from it. However, he dislikes pizza more, so that when he comes across the hot dog stand, his laziness gets the better of him.",294,0,0,0,1,1,1,"P=0","","0001",1
"266","M072562","t110000","Parker's laziness has a greater impact than his food preference. Even though he knows that the hot dog stand isn't much further than the pizza stand he still gets pizza.",295,1,1,0,0,0,0,"C=0","","1100",15
"267","M072562","t100001","Harper was distracted when he walked past the hot dog stand so he didn't notice it.",296,1,0,0,0,0,1,"Su_f=0","","1000",3
"268","M425001","t111010","Hot dogs are his favorite food",297,1,1,1,0,1,0,"P=1","","1110",9
"269","M425001","t100000","pizza stand was closer",298,1,0,0,0,0,0,"Su_p=0","","1000",3
"270","M425001","t110111","They don't know the pizza stand is around the corner""",299,1,1,0,1,1,1,"Ku=0","","1101",2
"271","M425001","t101001","take the long route because they are sporty",300,1,0,1,0,0,1,"C=1","","1010",5
"272","M425001","t011100","Pizza is his favorite food",301,0,1,1,1,0,0,"P=0","","0111",6
"273","M425001","t000110","They don't know the pizza stand is around the corner""",302,0,0,0,1,1,0,"Ku=0","","0001",2
"274","M425001","t010101","They go to the pizza stand because it's their favourite",303,0,1,0,1,0,1,"P=0","","0101",9
"275","M425001","t001011","Hot dogs are his favorite food",304,0,0,1,0,1,1,"P=1","","0010",2
"276","M465025","t001101","He doesn't know the area and so decided to take the chosen path",305,0,0,1,1,0,1,"K=0","","0011",2
"277","M465025","t111100","He doesn't really like the hot dog. So he first chose to eat pizza",307,1,1,1,1,0,0,"P=0","","1111",3
"278","M465025","t100010","He really likes the hot dog",308,1,0,0,0,1,0,"P=1","","1000",11
"279","M465025","t011110","He really wants the hot dog and knows the area well",309,0,1,1,1,1,0,"Pu=1","","0111",8
"280","M465025","t000000","He loves pizza",310,0,0,0,0,0,0,"P=0","","0000",1
"281","M465025","t101011","He doesn't really know the area well",311,1,0,1,0,1,1,"K=0","","1010",3
"282","M465025","t110001","It shows he doesn't really know the area",312,1,1,0,0,0,1,"K=0","","1100",2
"283","M695393","t000110","Adrian chose to go to the hot dog stand as he is lazy, he just go to the stand he saw.",313,0,0,0,1,1,0,"Su_f=1","","0001",5
"284","M695393","t110111","Parker knows the area well, like hot dog and lazy but he chooses the longer path, there must be something which blocks the shorter path so that he did not choose it.",314,1,1,0,1,1,1,"Su_p=1","","1101",1
"285","M695393","t111010","Taylor knows the area well so he chooses the shorter path.",315,1,1,1,0,1,0,"Ku=1","","1110",3
"286","M695393","t010101","Charlie still goes for the longer path while he knows the area well and lazy, there must be something blocking the shorter path.",316,0,1,0,1,0,1,"Su_p=1","","0101",1
"287","M695393","t100000","Harper is lazy so he chooses to go to pizza stand, and he does not know there is a hot dog stand.",317,1,0,0,0,0,0,"C=0","","1000",8
"288","M695393","t011100","Drew knows the area well and he chooses pizza stand, it looks like he loves pizza",318,0,1,1,1,0,0,"P=0","","0111",6
"289","M695393","t101001","Though Jesse's favorite food is hot dog, he did not choose the hot dog stand because he would like to explore the area he is not familiar with.",319,1,0,1,0,0,1,"K=0","","1010",4
"290","M695393","t001011","Brooklyn went a long way to go to hot dog stand because he is sporty and did not know the way to go to hot dog stand.",320,0,0,1,0,1,1,"K=0","","0010",4
"291","M182341","t000000","Adrian is definitely very lazy.",321,0,0,0,0,0,0,"C=0","","0000",14
"292","M182341","t001101","Brooklyn wanted to live up to her athletic status and ignored the hotdogs.",322,0,0,1,1,0,1,"Cu_f=1","","0011",2
"293","M182341","t110001","Hotdogs are not Parker's favorite food and he is not lazy.",323,1,1,0,0,0,1,"P=0","","1100",2
"294","M182341","t011110","Drew didn't want to do sports today.",324,0,1,1,1,1,0,"Cu_p=0","","0111",4
"295","M182341","t100010","Harper looked for a hotdog truck and didn't want to go for the pizza truck.",325,1,0,0,0,1,0,"Pu=1","","1000",5
"296","M182341","t010111","Charlie really likes hot dogs.",327,0,1,0,1,1,1,"P=1","","0101",2
"297","M182341","t111100","Maybe Taylor wanted to try pizza today.",328,1,1,1,1,0,0,"Pu=0","","1111",11
"298","M104944","t000100","Adrian doesn't like hot dogs and thought something better might be around the corner",329,0,0,0,1,0,0,"P=0","","0001",9
"299","M104944","t110101","Parker has had enough hot dogs for the time being and wants to try pizza instead",330,1,1,0,1,0,1,"Pu=0","","1101",9
"300","M104944","t111000","Taylor has already had a long running session today so decided to take the closest option",331,1,1,1,0,0,0,"Cu_p=0","","1110",4
"301","M104944","t101111","Jesse decided to take the long way round because they hadn't got their steps for the day in.",332,1,0,1,1,1,1,"Cu_p=1","","1011",7
"302","M104944","t011010","Drew prefers hot dogs to pizza and fancied a jog.",333,0,1,1,0,1,0,"Cu_p=1","","0110",3
"303","M104944","t001001","Brooklyn loves pizza so much he decided to take the longest route possible to the pizza truck",334,0,0,1,0,0,1,"P=0","","0010",1
"304","M104944","t100110","Harper loves hot dogs and can see the hot dog truck.",335,1,0,0,1,1,0,"Su_f=1","","1001",3
"305","M104944","t010011","Charlie loves hot dogs and knew that's where he wanted to go.",336,0,1,0,0,1,1,"Pu=1","","0100",4
"306","M009749","t110000","Because they like hot dogs and it is very close",337,1,1,0,0,0,0,"S=1","","1100",1
"307","M009749","t111011","Because they love hot dogs are are happy and enjoy the distance",338,1,1,1,0,1,1,"Cu_f=1","","1110",1
"308","M009749","t001100","Well he does not know the area well so perhaps it is the first stand he came across.",339,0,0,1,1,0,0,"K=0","","0011",5
"309","M009749","t011101","They fancied pizza and are happy to walk the distance",340,0,1,1,1,0,1,"Pu=0","","0111",5
"310","M009749","t000111","Adrian is not familiar with the area so therefore does not know a quicker route / another option",341,0,0,0,1,1,1,"K=0","","0001",10
"311","M009749","t010110","He did not want to walk very far and knows this is close by",342,0,1,0,1,1,0,"Su_p=0","","0101",1
"312","M009749","t100001","They do not know the area so are not aware of the hot dog stand or a quicker route",343,1,0,0,0,0,1,"K=0","","1000",9
"313","M009749","t101010","Because they like hot dogs and are happy to walk the distance",344,1,0,1,0,1,0,"P=1","","1010",15
"314","M781025","t000010","He did not want to eat pizza",345,0,0,0,0,1,0,"Pu=0","","0000",3
"315","M781025","t100100","He did not want to eat pizza",346,1,0,0,1,0,0,"Pu=0","","1001",2
"316","M781025","t011000","He decided to eat pizza",347,0,1,1,0,0,0,"Pu=0","","0110",3
"317","M781025","t010001","He decided to eat pizza",348,0,1,0,0,0,1,"Pu=0","","0100",5
"318","M781025","t101101","He didn't want to eat hot dogs today",350,1,0,1,1,0,1,"Pu=0","","1011",6
"319","M781025","t110011","He was looking for a hot dog truck",351,1,1,0,0,1,1,"Su_f=1","","1100",2
"320","M781025","t001111","He wanted to go much further to get something to eat.",352,0,0,1,1,1,1,"Cu_p=1","","0011",12
"321","M547545","t101100","He chose the shortest route",353,1,0,1,1,0,0,"br_p=0","","1011",1
"322","M547545","t001110","Brooklyn went to the closest one because he does not know the area pretty well",356,0,0,1,1,1,0,"K=0","","0011",5
"323","M547545","t000001","Adrian got lost because he does not know the area well",357,0,0,0,0,0,1,"K=0","","0000",6
"324","M547545","t011111","Drew walked around the corner because he knows the area well",358,0,1,1,1,1,1,"K=1","","0111",4
"325","M547545","t111101","Taylor chaged his mind and went to eat Pizza",359,1,1,1,1,0,1,"Pu=0","","1111",2
"326","M547545","t100011","Harper walked all the way through the largest route because he does not know the area well",360,1,0,0,0,1,1,"K=0","","1000",4
"327","M612359","t101101","He wanted to take a longer route because he's sporty.",362,1,0,1,1,0,1,"Cu_p=1","","1011",8
"328","M612359","t001111","He didn't know the way and got lost, so he took the longest way.",363,0,0,1,1,1,1,"Ku=0","","0011",4
"329","M612359","t000010","He wanted to eat hot dogs",364,0,0,0,0,1,0,"Pu=1","","0000",6
"330","M612359","t011000","He went to the closest shop which was the pizza stand",365,0,1,1,0,0,0,"Su_p=0","","0110",6
"331","M612359","t100100","He wanted to eat pizza because he likes it more.",366,1,0,0,1,0,0,"P=0","","1001",1
"332","M612359","t110011","He wanted to have a walk in the neighbourhood and then he got hungry so he ate at the hot dog stand.",367,1,1,0,0,1,1,"br_p=1","","1100",7
"333","M612359","t010001","He went for a walk and towards the end he stopped at the pizza stand because he got hungry.",368,0,1,0,0,0,1,"br_f=0","","0100",3
"334","M370640","t010100","Charlie likes pizza more than hotdogs",369,0,1,0,1,0,0,"P=0","","0101",7
"335","M370640","t110110","parker took the quickest route because they are lazy",370,1,1,0,1,1,0,"C=0","","1101",3
"336","M370640","t100111","Harper took the long route because they don't know the area well",371,1,0,0,1,1,1,"K=0","","1001",7
"337","M370640","t011011","Drew wanted to keep fit becasue sporty",372,0,1,1,0,1,1,"C=1","","0110",9
"338","M370640","t000101","Adrien prefers pizza to hotdogs",373,0,0,0,1,0,1,"P=0","","0001",10
"339","M370640","t111001","Taylor took a long route because they are sporty",374,1,1,1,0,0,1,"C=1","","1110",6
"340","M370640","t101000","Jesse was too hungry to look for hotdogs",375,1,0,1,0,0,0,"Pu=0","","1010",3
"341","M370640","t001010","Brooklyn prefers hotdogs",376,0,0,1,0,1,0,"P=1","","0010",3
"342","M023138","t100101","the hot dog stand was closed",377,1,0,0,1,0,1,"Su_p=1","","1001",1
"343","M023138","t111111","they are sporty and wanted to take the long route",378,1,1,1,1,1,1,"C=1","","1111",7
"344","M023138","t110100","the hot dog stand was closed",379,1,1,0,1,0,0,"Su_p=1","","1101",1
"345","M023138","t010010","charlie prefers hot dogs to pizza",380,0,1,0,0,1,0,"P=1","","0100",8
"346","M023138","t011001","drew prefers pizza and a long walk",381,0,1,1,0,0,1,"P=0","","0110",3
"347","M023138","t000011","adrian doesnt like pizza",382,0,0,0,0,1,1,"P=1","","0000",5
"348","M023138","t101110","hot dogs are nearest and his favourite",383,1,0,1,1,1,0,"S=1","","1011",3
"349","M023138","t001000","he could see the pizza place",384,0,0,1,0,0,0,"Su_f=0","","0010",11
"350","M031936","t101000","it was the closes food stand and they don't the area",385,1,0,1,0,0,0,"Ku=0","","1010",6
"351","M031936","t011011","he wanted to eat hot dog, so he want for it",386,0,1,1,0,1,1,"Pu=1","","0110",4
"352","M031936","t110110","He looks hot dog and both stands were at the same distance",387,1,1,0,1,1,0,"br_f=1","","1101",1
"353","M031936","t100111","he likes hot dog, but was too lazy to see that it was next to him, so went to look for it",388,1,0,0,1,1,1,"Ku=0","","1001",7
"354","M031936","t000101","he wanted pizza, so went to look for it",390,0,0,0,1,0,1,"Pu=0","","0001",7
"355","M031936","t111001","he went for the pizza, because he decided to exercise for a bit",391,1,1,1,0,0,1,"Cu_p=1","","1110",15
"356","M031936","t001010","he decided he wants a hot dog so he went to look for it",392,0,0,1,0,1,0,"Pu=1","","0010",2
"357","M593309","t101100","They were not aware of the hot dog stand around the corner as they are unfamiliar with the area",393,1,0,1,1,0,0,"K=0","","1011",7
"358","M593309","t010000","he chose this path as its a shorter distance and couldnt be bothered to walk further",394,0,1,0,0,0,0,"Cu_p=0","","0100",2
"359","M593309","t001110","he was unfamiliar with the area and stopped at the nearest food stand due to being hungry",396,0,0,1,1,1,0,"Ku=0","","0011",6
"360","M593309","t000001","he walked a greater distance as he enjoys pizza more than hotdogs",397,0,0,0,0,0,1,"P=0","","0000",5
"361","M593309","t111101","he wnted to take a longer walk today and fancied a pizza for a change",398,1,1,1,1,0,1,"Cu_p=1","","1111",16
"362","M593309","t100011","they were feeling motivated today and decided to walk a greater distance and have pizza for a change",399,1,0,0,0,1,1,"Cu_p=1","","1000",3
"363","M593309","t011111","wanted a long walk",400,0,1,1,1,1,1,"Cu_p=1","","0111",16
"364","M069091","t000010","He doesn't know the area well, so he chose this path randomly.",401,0,0,0,0,1,0,"K=0","","0000",4
"365","M069091","t010001","He wasn't being lazy that day and chose the long route.",402,0,1,0,0,0,1,"Cu_p=1","","0100",4
"366","M069091","t011000","His favourite food is pizza.",403,0,1,1,0,0,0,"P=0","","0110",5
"367","M069091","t111110","His favourite food is hot dogs.",404,1,1,1,1,1,0,"P=1","","1111",11
"368","M069091","t001111","He is sporty and chose the long route.",405,0,0,1,1,1,1,"C=1","","0011",8
"369","M069091","t110011","His favourite food is hot dogs.",406,1,1,0,0,1,1,"P=1","","1100",7
"370","M069091","t101101","He doesn't know the area well.",407,1,0,1,1,0,1,"K=0","","1011",4
"371","M069091","t100100","He doesn't know the area well.",408,1,0,0,1,0,0,"K=0","","1001",9
"372","M066700","t001011","They are feeling energetic and are not hungry yet so bypass the pizza truck to explore further",409,0,0,1,0,1,1,"Cu_p=1","","0010",9
"373","M066700","t011100","They did not want to eat hot dog so explored to see what else is around",410,0,1,1,1,0,0,"Pu=0","","0111",9
"374","M066700","t100000","They see the pizza van and decide to opt for that for lunch as they dont know there are any other options and cant be bothered to look further.",411,1,0,0,0,0,0,"Su_f=0","","1000",3
"375","M066700","t101001","They see the pizza van but do not want to eat yet. They are not ready to eat when they pass the hot dog van so carry on back to the pizza van. Although hot dog is their favourite this does not necessarily mean they want that all the time - sometimes variety is good.",412,1,0,1,0,0,1,"Pu=0","","1010",8
"376","M066700","t000110","They see the hot dog van, they are hungry and dont want to walk further, they like hot dogs so go to eat there.",413,0,0,0,1,1,0,"P=1","","0001",1
"377","M066700","t010101","They know that the pizza truck is round the corner. They dont like or dont want hot dog so they go to the pizza truck",414,0,1,0,1,0,1,"P=0","","0101",9
"378","M066700","t110111","They want hot dog but know they should do some exercise first so they jog round the block to get to the hot dog truck",415,1,1,0,1,1,1,"Cu_p=1","","1101",8
"379","M066700","t111010","They want hot dogs so they go straight to the hot dog van",416,1,1,1,0,1,0,"Pu=1","","1110",5
"380","M788090","t000111","He doesnt know the neighbourhood well and walked the longer route due to this he may not like pizza and only hot dogs also as if he was lazy he would have gone for the first food stand he saw maybe",417,0,0,0,1,1,1,"K=0","","0001",10
"381","M788090","t010110","The hot dog van was closer and he couldnt be bothered to walk to the pizza van",418,0,1,0,1,1,0,"Su_p=1","","0101",5
"382","M788090","t100001","Was possibly a bit lost didnt like hot dogs and kept walking till they found the pizza van",419,1,0,0,0,0,1,"P=0","","1000",2
"383","M788090","t111011","wanted to go the longer route to exercise",420,1,1,1,0,1,1,"Cu_p=1","","1110",14
"384","M788090","t101010","Just wanted to get to the hotdog van faster as they are their favourite food",421,1,0,1,0,1,0,"P=1","","1010",15
"385","M788090","t110000","was too lazy to walk the extra to get hot dogs",422,1,1,0,0,0,0,"Cu_p=0","","1100",7
"386","M788090","t011101","wanted to do more exercise",423,0,1,1,1,0,1,"Cu_p=1","","0111",12
"387","M788090","t001100","was simply looking and found a pizza van",424,0,0,1,1,0,0,"Su_f=0","","0011",3
"388","M920418","t111100","it is the most direct way",425,1,1,1,1,0,0,"Su_p=0","","1111",1
"389","M920418","t110001","it is the longest but most straightforward way",426,1,1,0,0,0,1,"br_p=1","","1100",3
"390","M920418","t101011","he got lost on his way",427,1,0,1,0,1,1,"Ku=0","","1010",5
"391","M920418","t000000","nearest closest way",428,0,0,0,0,0,0,"Su_p=0","","0000",6
"392","M920418","t010111","wanted both foods so went the long way",430,0,1,0,1,1,1,"br_p=1","","0101",1
"393","M920418","t100010","chose the hot dog",431,1,0,0,0,1,0,"Pu=1","","1000",5
"394","M920418","t011110","closest to the hot dog",432,0,1,1,1,1,0,"S=1","","0111",2
"395","M380199","t101001","Jess wanted a change from hot dogs",441,1,0,1,0,0,1,"Pu=0","","1010",8
"396","M380199","t011100","Drew wanted pizza today",442,0,1,1,1,0,0,"Pu=0","","0111",9
"397","M380199","t001011","Brooklyn went for a walk for some exercise.",443,0,0,1,0,1,1,"Cu_p=1","","0010",9
"398","M380199","t100000","Harper didn't want to walk to find an alternative.",444,1,0,0,0,0,0,"Cu_p=0","","1000",6
"399","M380199","t111010","Taylor was hungry for hot dogs.",445,1,1,1,0,1,0,"Pu=1","","1110",5
"400","M380199","t110111","Parker wanted to go for a walk before eating.",447,1,1,0,1,1,1,"Cu_p=1","","1101",8
"401","M380199","t010101","Charlie felt like going for a walk before eating.",448,0,1,0,1,0,1,"Cu_p=1","","0101",5
"402","M060137","t011001","Drew is sporty so wants to take a long walk around the area to reach the pizza stand.",449,0,1,1,0,0,1,"Cu_p=1","","0110",16
"403","M060137","t001000","Brooklyn takes the shorter path because he doesn't know the area well.",450,0,0,1,0,0,0,"K=0","","0010",5
"404","M060137","t101110","Jesse takes this path because he doesn't know the area and can only see the hot dog stand.",451,1,0,1,1,1,0,"Ku=0","","1011",2
"405","M060137","t110100","Parker walks to the pizza stand because even though they can't see it, they know it is there and that it is slightly nearer than the hot dog stand.",452,1,1,0,1,0,0,"K=1","","1101",2
"406","M060137","t010010","Charlie prefers hot dogs to pizza!",453,0,1,0,0,1,0,"P=1","","0100",8
"407","M060137","t000011","Adrian doesn't really like pizza so keeps looking for food; he walks the long way round to the hot dog stand because he can't see it from his starting point and doesn't know the area to realise there is a shorter route.",454,0,0,0,0,1,1,"K=0","","0000",9
"408","M060137","t111111","Taylor takes the long route round to the hot dogs as they are sporty and like exercise.",455,1,1,1,1,1,1,"Cu_p=1","","1111",17
"409","M060137","t100101","Harper doesn't like hot dogs so keeps walking to find food they do like.",456,1,0,0,1,0,1,"P=0","","1001",1
"410","M453983","t000010","he didnt like pizza",457,0,0,0,0,1,0,"P=1","","0000",6
"411","M453983","t101101","they wanted to walk further because they're sporty",458,1,0,1,1,0,1,"Cu_p=1","","1011",8
"412","M453983","t100100","they didnt see the hot dog stand at the end of he street",459,1,0,0,1,0,0,"Su_f=0","","1001",1
"413","M453983","t011000","he knew the pizza stand was close to him",460,0,1,1,0,0,0,"S=0","","0110",2
"414","M453983","t010001","there were roadworks",461,0,1,0,0,0,1,"Su_p=1","","0100",1
"415","M453983","t111110","they knew the hot dog stand was down the street",462,1,1,1,1,1,0,"Ku=1","","1111",1
"416","M453983","t001111","he wanted to explore the area because hes sporty",463,0,0,1,1,1,1,"Cu_p=1","","0011",12
"417","M453983","t110011","he knew there was a hot dog stand of that street",464,1,1,0,0,1,1,"Ku=1","","1100",3
"418","M010509","t110010","Parker's favourite food is hot dogs",465,1,1,0,0,1,0,"P=1","","1100",12
"419","M010509","t111101","Taylor wanted to walk more because he is sporty",466,1,1,1,1,0,1,"C=1","","1111",5
"420","M010509","t101100","Jesse wanted to walk more because he is sporty",467,1,0,1,1,0,0,"C=1","","1011",1
"421","M010509","t001110","Brooklyn doesn't know the area well",468,0,0,1,1,1,0,"K=0","","0011",5
"422","M010509","t000001","Adrian doesn't know the area well",469,0,0,0,0,0,1,"K=0","","0000",6
"423","M010509","t010000","Charlie is lazy",470,0,1,0,0,0,0,"C=0","","0100",14
"424","M010509","t011111","Drew is sporty",471,0,1,1,1,1,1,"C=1","","0111",8
"425","M010509","t100011","Harper doesn't know the area well",472,1,0,0,0,1,1,"K=0","","1000",4
"426","M992533","t101011","They really wanted hot dogs and didn't know there was a shorter route to take",474,1,0,1,0,1,1,"Ku=0","","1010",5
"427","M992533","t110001","They initially wanted hot dogs but changed their mind and kept walking to get pizza",475,1,1,0,0,0,1,"Pu=0","","1100",3
"428","M992533","t000000","Pizza was the closest and easiest option",476,0,0,0,0,0,0,"Su_p=0","","0000",6
"429","M992533","t010111","Initially wanted pizza but changed their mind to hot dog",477,0,1,0,1,1,1,"Pu=1","","0101",2
"430","M992533","t011110","They wanted hot dogs",478,0,1,1,1,1,0,"Pu=1","","0111",8
"431","M992533","t001101","They were happy to walk past hot dogs to get to pizza",479,0,0,1,1,0,1,"P=0","","0011",4
"432","M992533","t100010","They were happy to walk a little further to get their favourite food",480,1,0,0,0,1,0,"Cu_f=1","","1000",2
"433","M008954","t100011","Sporty",481,1,0,0,0,1,1,"C=1","","1000",1
"434","M008954","t010000","Prefers pizza",482,0,1,0,0,0,0,"P=0","","0100",3
"435","M008954","t001110","Prefers hot dogs",483,0,0,1,1,1,0,"P=1","","0011",3
"436","M008954","t110010","Prefers hot dogs",484,1,1,0,0,1,0,"P=1","","1100",12
"437","M008954","t011111","Sporty, prefers the distance",485,0,1,1,1,1,1,"Cu_p=1","","0111",16
"438","M008954","t101100","Prefers pizza",486,1,0,1,1,0,0,"P=0","","1011",4
"439","M008954","t000001","Likes the excercise",487,0,0,0,0,0,1,"Cu_p=1","","0000",5
"440","M008954","t111101","Likes the excercise",488,1,1,1,1,0,1,"Cu_p=1","","1111",16
"441","M006548","t100100","They don't know the area.",489,1,0,0,1,0,0,"K=0","","1001",9
"442","M006548","t101101","They're sporty so they wanted a longer walk.",490,1,0,1,1,0,1,"Cu_p=1","","1011",8
"443","M006548","t001111","They don't know the area so wanted to see all options.",491,0,0,1,1,1,1,"Ku=0","","0011",4
"444","M006548","t010001","He got to the Hot Dogs and changed his mind.",493,0,1,0,0,0,1,"br_f=0","","0100",3
"445","M006548","t110011","Parker is lazy and wants to do more exercise to change his habits",494,1,1,0,0,1,1,"Cu_p=1","","1100",5
"446","M006548","t000010","He doesn't know the area so was just seeing what was around the corner",495,0,0,0,0,1,0,"K=0","","0000",4
"447","M006548","t111110","They know the area well so took the shortest route to food",496,1,1,1,1,1,0,"K=1","","1111",5
"448","M096561","t100110","He is lazy",497,1,0,0,1,1,0,"C=0","","1001",5
"449","M096561","t111000","He wanted pizza",498,1,1,1,0,0,0,"Pu=0","","1110",8
"450","M096561","t010011","He wanted some hot dogs and some exercise",499,0,1,0,0,1,1,"Cu_f=1","","0100",3
"451","M096561","t001001","Doesn't know the area",500,0,0,1,0,0,1,"K=0","","0010",3
"452","M096561","t011010","was hungry",501,0,1,1,0,1,0,"Cu_f=1","","0110",1
"453","M096561","t101111","don't know area",502,1,0,1,1,1,1,"K=0","","1011",6
"454","M096561","t110101","wanted exercise",503,1,1,0,1,0,1,"Cu_p=1","","1101",1
"455","M096561","t000100","wanted quickest route",504,0,0,0,1,0,0,"Cu_p=0","","0001",3
"456","M064038","t011001","He's sporty so he took the longer route, he probably thought there were more food trucks on the road.",505,0,1,1,0,0,1,"Cu_p=1","","0110",16
"457","M064038","t111111","They wanted to get some exercise in and only then go to the hot dog stand because they are sporty.",507,1,1,1,1,1,1,"Cu_p=1","","1111",17
"458","M064038","t010010","He didn't feel like getting a pizza so he opted to go buy a hot dog instead.",508,0,1,0,0,1,0,"Pu=1","","0100",12
"459","M064038","t100101","They didn't like the hot dog stand, so they decided to keep walking.",509,1,0,0,1,0,1,"br_f=0","","1001",5
"460","M064038","t001000","The pizza stand was the closest to them.",510,0,0,1,0,0,0,"Su_p=0","","0010",2
"461","M064038","t000011","He didn't like the menu of the pizza stand so he decided to keep walking.",511,0,0,0,0,1,1,"br_f=1","","0000",5
"462","M064038","t110100","They decided to try something new and walk to the pizza stand instead.",512,1,1,0,1,0,0,"br_f=0","","1101",1
"463","M995268","t110101","Parker got to the hot dog stand using the most direct route but found that they were out of stock, so he continued on to the pizza stand instead.",513,1,1,0,1,0,1,"br_f=1","","1101",3
"464","M995268","t111000","Taylor knew that the hot dog stand was closed, so went directly to the pizza stand instead.",514,1,1,1,0,0,0,"br_f=1","","1110",2
"465","M995268","t001001","Brooklyn decided to explore since he is sporty to see what he could find. Either the hot dog stand was closed or he really doesn't like hot dogs, so ended up back at the pizza stand.",515,0,0,1,0,0,1,"C=1","","0010",14
"466","M995268","t000100","Adrian doesn't like hot dogs, so went exploring to see whether he could find something different.",516,0,0,0,1,0,0,"P=0","","0001",9
"467","M995268","t101111","Jesse decided to explore the area to see what was around before stopping for their favourite food.",517,1,0,1,1,1,1,"br_p=1","","1011",2
"468","M995268","t100110","Harper took the most direct route to the hot dog stand because he like them and is lazy.",518,1,0,0,1,1,0,"P=1","","1001",11
"469","M995268","t010011","Charlie went for pizza but the pizza stand was closed, so he continued on to the hot dog stand.",519,0,1,0,0,1,1,"br_f=0","","0100",1
"470","M995268","t011010","Drew likes hot dogs and was hungry, so took the most direct path.",520,0,1,1,0,1,0,"Pu=1","","0110",9
"471","M295035","t100001","Because he doesn't know the area well",521,1,0,0,0,0,1,"K=0","","1000",9
"472","M295035","t011101","because he likes pizza and would like to take a walk before going to the food truck",522,0,1,1,1,0,1,"Cu_f=1","","0111",2
"473","M295035","t001100","because he doesnt know the area well, so randomly buy some food when walking around the area",523,0,0,1,1,0,0,"K=0","","0011",5
"474","M295035","t010110","because he know where the nearest food shop is",524,0,1,0,1,1,0,"Ku=1","","0101",2
"475","M295035","t101010","just happen to see a hot dog when when trying to familiarise the area",525,1,0,1,0,1,0,"Su_f=1","","1010",1
"476","M295035","t110000","because he's lazy, so go the the nearest shop",528,1,1,0,0,0,0,"C=0","","1100",15
"477","M556836","t101000","He didn't know the hot dog stand was there so he settled for pizza",529,1,0,1,0,0,0,"Ku=0","","1010",6
"478","M556836","t100111","He wanted to learn his way around the neighbourhood so he took the long route",530,1,0,0,1,1,1,"br_p=1","","1001",3
"479","M556836","t011011","He knew the hot dog stand was there and fancied a longer walk",531,0,1,1,0,1,1,"Ku=1","","0110",1
"480","M556836","t110110","He wanted to get to the hot dog stand with minimum effort involved",532,1,1,0,1,1,0,"Su_p=1","","1101",2
"481","M556836","t001010","He wanted to see if there was another food stand around the corner and he didn't mind walking to investigate because he is sporty",533,0,0,1,0,1,0,"C=1","","0010",3
"482","M556836","t000101","He doesn't like hot dogs so he had to walk longer until he found a food stand he didn't mind eating at",534,0,0,0,1,0,1,"P=0","","0001",10
"483","M556836","t111001","He wanted a long walk more than he wanted his favourite food, so he walked longer and had pizza instead",535,1,1,1,0,0,1,"Cu_p=1","","1110",15
"484","M556836","t010100","He likes pizza the best and was already nearby so he went there",536,0,1,0,1,0,0,"P=0","","0101",7
"485","M509029","t100010","it was the quickest route",537,1,0,0,0,1,0,"br_p=0","","1000",1
"486","M509029","t111100","they wanted pizza",538,1,1,1,1,0,0,"Pu=0","","1111",11
"487","M509029","t000000","he went to the closest vendor",539,0,0,0,0,0,0,"Su_p=0","","0000",6
"488","M509029","t001101","he wanted the exercise",540,0,0,1,1,0,1,"Cu_p=1","","0011",7
"489","M509029","t010111","he wanted a walk",541,0,1,0,1,1,1,"Cu_p=1","","0101",12
"490","M509029","t011110","he wanted hot dogs",542,0,1,1,1,1,0,"Pu=1","","0111",8
"491","M509029","t110001","he wanted a walk and pizza",543,1,1,0,0,0,1,"Cu_p=1","","1100",4
"492","M509029","t101011","they wanted exercise before the hot dogs",544,1,0,1,0,1,1,"Cu_p=1","","1010",8
"493","M505993","t011100","The pizza shop is probably healthier as he is sporty so probably healthy",545,0,1,1,1,0,0,"C=1","","0111",2
"494","M505993","t010101","initially because they are lazy they wanted to go to hotdogs because it was in their view. However they probably changed their mind so then went to pizzas",547,0,1,0,1,0,1,"Su_f=1","","0101",2
"495","M505993","t111010","they know the hotdog is there and its his favourite so took the shortest route probably because he was very hungry",548,1,1,1,0,1,0,"Pu=1","","1110",5
"496","M505993","t110111","wanted to try the pizza but changed their mind so went for hotdogs as its their favourite",549,1,1,0,1,1,1,"P=1","","1101",4
"497","M505993","t101001","They saw the pizza shop but probably wanted to go around to see if there is anything else. Probably didnt like the hotdogs that were given in the hotdog shop so they went all the way round back to the pizza as they preffer that",550,1,0,1,0,0,1,"P=0","","1010",3
"498","M505993","t100000","they are just extremely lazy and wanted to go for the first thing they saw",551,1,0,0,0,0,0,"Cu_f=0","","1000",2
"499","M505993","t001011","they preffer hotdog instead of pizza",552,0,0,1,0,1,1,"P=1","","0010",2
"500","M245990","t000111","They wanted to get to know the area and took the long way",553,0,0,0,1,1,1,"Cu_p=1","","0001",4
"501","M245990","t111011","They wanted to go keep fit by going the long route",554,1,1,1,0,1,1,"Cu_p=1","","1110",14
"502","M245990","t001100","They enjoy pizza",555,0,0,1,1,0,0,"P=0","","0011",8
"503","M245990","t101010","They wanted to see more of the area",556,1,0,1,0,1,0,"br_p=1","","1010",2
"504","M245990","t110000","They are too lazy to walk further",557,1,1,0,0,0,0,"Cu_p=0","","1100",7
"505","M245990","t011101","They wanted to keep fit and went the long way",558,0,1,1,1,0,1,"Cu_p=1","","0111",12
"506","M245990","t010110","They were too lazy to go any further",559,0,1,0,1,1,0,"Cu_p=0","","0101",2
"507","M245990","t100001","They decided to get to know the area",560,1,0,0,0,0,1,"Ku=1","","1000",1
"508","M389494","t010111","He has decided to try and be better by getting fit",561,0,1,0,1,1,1,"Cu_p=1","","0101",12
"509","M389494","t101011","They were sporty so didn't mind walking until they found their favourite food",562,1,0,1,0,1,1,"C=1","","1010",4
"510","M389494","t011110","He knew the area and knew exactly what he wanted so went directly to it",564,0,1,1,1,1,0,"Ku=1","","0111",3
"511","M389494","t110001","The hotdog stand was closed",565,1,1,0,0,0,1,"Su_p=1","","1100",1
"512","M389494","t100010","They decided to walk in the opposite direction to the food they could see as they really wanted hotdogs",566,1,0,0,0,1,0,"Pu=1","","1000",5
"513","M389494","t111100","He fancied a change from hotdogs",567,1,1,1,1,0,0,"Pu=0","","1111",11
"514","M389494","t001101","They were prepared to keep walking until they found exactly what they wanted as they were sporty and fit",568,0,0,1,1,0,1,"C=1","","0011",7
"515","M183763","t010100","Charlie does not like hot dogs and he has taken the shortest route to the pizza stand.",569,0,1,0,1,0,0,"P=0","","0101",7
"516","M183763","t110110","It is the quickest route from his starting point and also he can see the stand from there.",570,1,1,0,1,1,0,"Su_p=0","","1101",2
"517","M183763","t011011","Drew is sporty and wanted the execise so took the longest route. Also he couldnt see the hotdog stand from his starting point.",571,0,1,1,0,1,1,"Cu_p=1","","0110",13
"518","M183763","t101000","Jesse does not know the area well so may be afraid of getting lost. He cannot see the hot dog stand from his starting point so has settled for pizza instead.",572,1,0,1,0,0,0,"Su_f=0","","1010",6
"519","M183763","t111001","Taylor is sporty and enjoys the exercise hence him taking the longest route. He has decided to have pizza as an alternative.",573,1,1,1,0,0,1,"Cu_p=1","","1110",15
"520","M183763","t100111","I am not sure because the route selected contradicts one of the stated characteristice. The best explanantion is that he wasn't sure of the area and maybe also thought that there would be a better hot dog van around the corner.",574,1,0,0,1,1,1,"Ku=0","","1001",7
"521","M183763","t001010","Brooklyn is taking the long route round in order to investigate the area and also check out other food outlets in his area (as the hotdog van wasn't in his sight)",575,0,0,1,0,1,0,"br_p=1","","0010",2
"522","M183763","t000101","Adrian is unsure of the area and therefore did not know the quickest route to take. Also I am assuming that he does not like hot dogs and prefers pizza.",576,0,0,0,1,0,1,"K=0","","0001",8
"523","M996266","t101110","They could see the Hot dog stand and could get to it quickly",577,1,0,1,1,1,0,"Su_f=1","","1011",8
"524","M996266","t100101","They got lost or distracted as they passed the hot dog stall or someone told them there was a pizza stall round the corner.",578,1,0,0,1,0,1,"br_f=0","","1001",5
"525","M996266","t000011","He got lost or someone told him there was a hot dog stall around the corner",579,0,0,0,0,1,1,"Ku=1","","0000",1
"526","M996266","t111111","Taylor wanted some exercise and took the long route to the hot dog stall.",580,1,1,1,1,1,1,"Cu_p=1","","1111",17
"527","M996266","t110100","Someone told him there was a pizza stall around the corner and he wanted something different from hot dogs.",581,1,1,0,1,0,0,"Pu=0","","1101",6
"528","M996266","t010010","He might have just wanted a hot dog and knew or was told there was a stall around the corner.",582,0,1,0,0,1,0,"Pu=1","","0100",12
"529","M996266","t001000","He loves Pizza and sees the stall and just goes to that stall.",583,0,0,1,0,0,0,"Su_f=0","","0010",11
"530","M996266","t011001","Drew wants some exercise and goes a long way, finally stopping at the pizza stall.",584,0,1,1,0,0,1,"Cu_p=1","","0110",16
"531","M031292","t100111","He decided to choose hotdogs because they are his favourite food.",585,1,0,0,1,1,1,"P=1","","1001",3
"532","M031292","t001010","Brooklyn prefers hotdogs over pizza.",586,0,0,1,0,1,0,"P=1","","0010",3
"533","M031292","t010100","The pizza stand was the nearest option.",588,0,1,0,1,0,0,"Su_f=0","","0101",1
"534","M031292","t000101","Adrian dislikes hot dogs.",590,0,0,0,1,0,1,"P=0","","0001",10
"535","M031292","t101000","Jesse doesn't realise there is a hot dog stand.",591,1,0,1,0,0,0,"Ku=0","","1010",6
"536","M031292","t011011","He prefers hot-dogs over pizza.",592,0,1,1,0,1,1,"P=1","","0110",1
"537","M014920","t110011","They wanted their favourite food and also to get some exercise beforehand, so took a longer route",593,1,1,0,0,1,1,"Cu_p=1","","1100",5
"538","M014920","t010001","They wanted to do some exercise to feel that they earned the pizza, so took the long way round.",594,0,1,0,0,0,1,"Cu_p=1","","0100",4
"539","M014920","t101101","They didn't like the look of the hot dogs at the hot dog stand, so decided to look for something else.",595,1,0,1,1,0,1,"br_f=1","","1011",4
"540","M014920","t111110","They wanted their favourite food which is hot dogs, and wanted to get it quickly.",596,1,1,1,1,1,0,"P=1","","1111",11
"541","M014920","t011000","Drew was hungry and wanted food quickly.",597,0,1,1,0,0,0,"Cu_p=0","","0110",4
"542","M014920","t001111","They wanted to see what the options were before choosing a food item.",598,0,0,1,1,1,1,"Ku=0","","0011",4
"543","M014920","t000010","Adrian didn't want to eat pizza, so decided to wander around and see if anything else was available.",599,0,0,0,0,1,0,"Pu=1","","0000",6
"544","M014920","t100100","They decided to explore the area before deciding to buy food, and liked the look of the pizza.",600,1,0,0,1,0,0,"br_f=0","","1001",2
"545","M364753","t011111","Drew knows the area and is sporty so he already knows whta he will eat and wants to do the most exercise he can too.",601,0,1,1,1,1,1,"K=1","","0111",4
"546","M364753","t010000","Charlie is lazy so wants the closest food to his current postion.",602,0,1,0,0,0,0,"C=0","","0100",14
"547","M364753","t001110","Brooklyn does not know the area very well so eats at the closest vendor.",603,0,0,1,1,1,0,"Ku=0","","0011",6
"548","M364753","t110010","Parker knows the area so has choosen the shortest route to what he wants to eat.",604,1,1,0,0,1,0,"K=1","","1100",2
"549","M364753","t101100","Jesse is sporty so wants to have some good exercise before eating.",605,1,0,1,1,0,0,"Cu_p=1","","1011",5
"550","M364753","t100011","Harper does not know the area well so wlaks around until she finds hot dogs which are her favourite.",606,1,0,0,0,1,1,"P=1","","1000",11
"551","M364753","t111101","Taylor is sporty so wants to have a good run before eating.",607,1,1,1,1,0,1,"Cu_p=1","","1111",16
"552","M364753","t000001","Adrian doesn't know the area well but does not fancy hot dogs today so walks around slowly until he finds pizza.",608,0,0,0,0,0,1,"Pu=0","","0000",5
"553","M279546","t000110","They went to the closest place due to being lazy",609,0,0,0,1,1,0,"Cu_p=0","","0001",3
"554","M279546","t011100","they went for a run around to see if there was anything else and preferred the pizza place once they saw it",610,0,1,1,1,0,0,"br_f=0","","0111",2
"555","M279546","t100000","they could not be bothered to look around for the hot dog place even though it is their favourite",611,1,0,0,0,0,0,"Cu_f=0","","1000",2
"556","M279546","t001011","They did not know the area so did not know which way to go but were willing to look around for the hot dog place",612,0,0,1,0,1,1,"K=0","","0010",4
"557","M279546","t101001","they wanted to take a long route on purpose, so despite passing their favourite food they wanted to walk/run a bit further",614,1,0,1,0,0,1,"Cu_p=1","","1010",7
"558","M279546","t010101","they decided to stop being lazy for once and took the long route",615,0,1,0,1,0,1,"Cu_p=1","","0101",5
"559","M279546","t110111","they went to the pizza place but decided they wanted hot dogs instead",616,1,1,0,1,1,1,"Pu=1","","1101",4
"560","M657229","t100001","they do not know where they are going",617,1,0,0,0,0,1,"K=0","","1000",9
"561","M657229","t101010","they were very hungry",618,1,0,1,0,1,0,"Cu_f=1","","1010",2
"562","M657229","t001100","brooklyn wanted pizza or was hungry and it was the first thing they found",619,0,0,1,1,0,0,"Su_f=0","","0011",3
"563","M657229","t000111","Adrian got lost",620,0,0,0,1,1,1,"Ku=0","","0001",6
"564","M657229","t111011","Taylor wanted some excersise so took a longer route",621,1,1,1,0,1,1,"Cu_p=1","","1110",14
"565","M657229","t011101","drew wanted excersise so took the long route",622,0,1,1,1,0,1,"Cu_p=1","","0111",12
"566","M657229","t110000","Parker was starving and wanted something to eat now",623,1,1,0,0,0,0,"Cu_p=0","","1100",7
"567","M657229","t010110","charlie did not want to walk far for food",624,0,1,0,1,1,0,"C=0","","0101",9
"568","M313307","t010010","They wanted hot dogs today",625,0,1,0,0,1,0,"Pu=1","","0100",12
"569","M313307","t001000","The pizza was the closest",626,0,0,1,0,0,0,"Su_p=0","","0010",2
"570","M313307","t011001","He hadn't realised the pizza shop was just down the road and walked all the way round to find it",627,0,1,1,0,0,1,"Ku=0","","0110",2
"571","M313307","t111111","He was going for a walk, passed the pizza stand but didn't want that, then came to the hot dog stand and chose to buy",628,1,1,1,1,1,1,"br_f=1","","1111",1
"572","M313307","t101110","He saw the hot dog stand in the distance and chose to get one",629,1,0,1,1,1,0,"Su_f=1","","1011",8
"573","M313307","t100101","He was looking for the pizza stand and walked the long way to get it",631,1,0,0,1,0,1,"Su_f=0","","1001",2
"574","M313307","t110100","He came to the pizza stand first so decided to get one",632,1,1,0,1,0,0,"Su_p=0","","1101",2
"575","M456095","t000011","Adrian went the long way because he does not know the area.",633,0,0,0,0,1,1,"K=0","","0000",9
"576","M456095","t010010","Charlie knows the area well so went the quickest way.",634,0,1,0,0,1,0,"K=1","","0100",5
"577","M456095","t101110","Jesse went the quickest way because his favourite food is hot dogs.",635,1,0,1,1,1,0,"P=1","","1011",10
"578","M456095","t110100","Parker went what he thought was the quickest way because he is lazy.",636,1,1,0,1,0,0,"C=0","","1101",6
"579","M456095","t001000","He saw the pizza stand and knew it was closer.",637,0,0,1,0,0,0,"Su_f=0","","0010",11
"580","M456095","t011001","Drew is sporty so went the longest way to get some exercise.",638,0,1,1,0,0,1,"Cu_p=1","","0110",16
"581","M456095","t111111","Taylor went for his favourite food hot dogs and is sporty so went the longest way.",639,1,1,1,1,1,1,"C=1","","1111",7
"582","M456095","t100101","Harper chose the route because he does not know the area well.",640,1,0,0,1,0,1,"K=0","","1001",8
"583","M001033","t010111","He knows the area well so took a longer route.",641,0,1,0,1,1,1,"Ku=1","","0101",1
"584","M001033","t111100","They know the area well so went to the stand around the corner.",642,1,1,1,1,0,0,"K=1","","1111",1
"585","M001033","t000000","Adrian is lazy so went to the closest stand.",643,0,0,0,0,0,0,"C=0","","0000",14
"586","M001033","t101011","They don't know the area well so went round the estate.",644,1,0,1,0,1,1,"K=0","","1010",3
"587","M001033","t100010","Harper's favourite food is hot dogs, so went looking.",646,1,0,0,0,1,0,"P=1","","1000",11
"588","M001033","t110001","They know the area well so went a longer route.",647,1,1,0,0,0,1,"Ku=1","","1100",1
"589","M001033","t001101","They are sporty so went a longer route.",648,0,0,1,1,0,1,"C=1","","0011",7
"590","M445624","t011010","Drew fancied hot dogs over pizza",649,0,1,1,0,1,0,"Pu=1","","0110",9
"591","M445624","t101111","Jesse took a longer route to the hot dog stand because he is sporty",650,1,0,1,1,1,1,"C=1","","1011",8
"592","M445624","t010011","Charlie took the long route to warrant eating a hot dog",651,0,1,0,0,1,1,"Cu_f=1","","0100",3
"593","M445624","t100110","Harpers favorite food is hot dogs",652,1,0,0,1,1,0,"P=1","","1001",11
"594","M445624","t000100","Adrian doesn't want hot dogs",653,0,0,0,1,0,0,"P=0","","0001",9
"595","M445624","t001001","Brooklyn to a long walk to get to the pizza because he is sporty",654,0,0,1,0,0,1,"C=1","","0010",14
"596","M445624","t111000","Taylor fancied pizza over his favorite food",655,1,1,1,0,0,0,"Pu=0","","1110",8
"597","M445624","t110101","The hot dog place was closed so he carried on to the pizza place",656,1,1,0,1,0,1,"Su_p=1","","1101",4
"598","M096147","t011101","He is sporty and was wanting the most exercise possible, so chose the longest route",657,0,1,1,1,0,1,"Cu_p=1","","0111",12
"599","M096147","t100001","They didn't feel like hot dogs on this day",658,1,0,0,0,0,1,"Pu=0","","1000",4
"600","M096147","t110000","They are lazy",659,1,1,0,0,0,0,"C=0","","1100",15
"601","M096147","t101010","They really wanted a hot dog",660,1,0,1,0,1,0,"Pu=1","","1010",2
"602","M096147","t010110","He knows where the hot dog stand is and wanted a hot dog",661,0,1,0,1,1,0,"Pu=1","","0101",2
"603","M096147","t111011","They are sporty and wanted the most amount of exercise possible",662,1,1,1,0,1,1,"C=1","","1110",9
"604","M096147","t001100","They didnt want a hot dog",663,0,0,1,1,0,0,"Pu=0","","0011",3
"605","M096147","t000111","He doesn't know the area so didnt see anything else he wanted on his walk",664,0,0,0,1,1,1,"Ku=0","","0001",6
"606","M628682","t010000","He is lazy and so he has chosen the path which is the quickest and easiest to get to the pizza truck",665,0,1,0,0,0,0,"C=0","","0100",14
"607","M628682","t001110","He didn't know which direction to go in and could probably see the hotdog stand from where he was, so chose that path",666,0,0,1,1,1,0,"Ku=0","","0011",6
"608","M628682","t000001","Whilst he is lazy, he wanted to explore the area to get to know it a bit better and held out for pizza",667,0,0,0,0,0,1,"br_p=1","","0000",1
"609","M628682","t100011","He didnt know a quicker or faster route to get to the hotdog stand, he must have seen the pizza stand and thought there would be a simular seller with hotdogs close by so kept going",668,1,0,0,0,1,1,"Ku=0","","1000",4
"610","M628682","t111101","He has taken a longer route than normal due to being sporty, and has decided along the way that he doesnt want hotdogs today and therefore continues on to get pizza, whilst getting more exercise",669,1,1,1,1,0,1,"Cu_p=1","","1111",16
"611","M628682","t110010","He is lazy, knows the area well and so has chosen the quickest path to his favourite food-hotdogs",670,1,1,0,0,1,0,"P=1","","1100",12
"612","M628682","t101100","He couldnt see the hotdogs from he was and as he doesnt know the area well, he went in the wrong direction and settled for pizza",671,1,0,1,1,0,0,"K=0","","1011",7
"613","M628682","t011111","Being sporty, he has chosen to take the longest route, as he knows the area well, and has gotten extra exercise, ending with his favourite food",672,0,1,1,1,1,1,"C=1","","0111",8
"614","M252404","t110101","Parker knew that the hot dog stand was nearby but decided to see what was around the corner.",673,1,1,0,1,0,1,"Ku=1","","1101",2
"615","M252404","t000100","Adrian took the quickest route purely by chance as he didn't know the area well.",674,0,0,0,1,0,0,"K=0","","0001",3
"616","M252404","t100110","Harper found the hot dog stand quickly as it was very close by despite the fact that they did not know the area well.",675,1,0,0,1,1,0,"S=1","","1001",1
"617","M252404","t111000","Taylor knew the hot dog stand was nearby and they could reach it quickly by running.",676,1,1,1,0,0,0,"Ku=1","","1110",2
"618","M252404","t101111","Jesse preferred to take a longer route to the food stand because they are sporty.",677,1,0,1,1,1,1,"C=1","","1011",8
"619","M252404","t001001","Brooklyn guessed that the pizza stand could be reached around the block so he decided to run to reach it as he is sporty.",678,0,0,1,0,0,1,"C=1","","0010",14
"620","M252404","t011010","Drew knows the area well and took the quickest route he knows to the hot dog stand from his original location.",679,0,1,1,0,1,0,"K=1","","0110",3
"621","M252404","t010011","The road was blocked so Charlie took the second route he knows to the hot dog stand.",680,0,1,0,0,1,1,"Su_p=1","","0100",2
"622","M851793","t101101","They took the long route to the pizza stand because they are sporty and wanted to take the longer route.",681,1,0,1,1,0,1,"C=1","","1011",4
"623","M851793","t110011","Parker took the longer route because they know the area well. The shorter route may have obstacles they know of.",682,1,1,0,0,1,1,"Ku=1","","1100",3
"624","M851793","t111110","They know the area well.",683,1,1,1,1,1,0,"K=1","","1111",5
"625","M851793","t100100","They don't know the area well.",684,1,0,0,1,0,0,"K=0","","1001",9
"626","M851793","t001111","They are sporty.",685,0,0,1,1,1,1,"C=1","","0011",8
"627","M851793","t000010","They are lazy.",686,0,0,0,0,1,0,"C=0","","0000",1
"628","M851793","t011000","They know the area well.",687,0,1,1,0,0,0,"K=1","","0110",2
"629","M851793","t010001","They know the area well.",688,0,1,0,0,0,1,"K=1","","0100",1
"630","M404490","t110110","they like hot dogs",689,1,1,0,1,1,0,"P=1","","1101",9
"631","M404490","t000101","they dont like hotdogs so had to keep walking",691,0,0,0,1,0,1,"P=0","","0001",10
"632","M404490","t011011","they are sporty so wanted a long walk",692,0,1,1,0,1,1,"C=1","","0110",9
"633","M404490","t001010","they didnt want pizza so went other way",693,0,0,1,0,1,0,"Pu=0","","0010",2
"634","M404490","t111001","they are sporty so went a long way",694,1,1,1,0,0,1,"C=1","","1110",6
"635","M404490","t100111","they wasnt hungry at first then became hungry so went to where the hot dogs were",695,1,0,0,1,1,1,"Su_f=1","","1001",1
"636","M404490","t010100","they knew the pizza was closest",696,0,1,0,1,0,0,"Su_p=0","","0101",1
"637","M374367","t111010","They went to the hot dog stand because their favourite food is hot dogs.",697,1,1,1,0,1,0,"P=1","","1110",9
"638","M374367","t010101","They prefer pizza to hot dogs because, despite being lazy, they walked past the hot dog stand to get to the pizza stand instead.",698,0,1,0,1,0,1,"P=0","","0101",9
"639","M374367","t110111","They do not know the area as well as they think they do because, despite being lazy, they took the longer route to the hot dog stand rather than just simply walking down the street to it.",699,1,1,0,1,1,1,"K=0","","1101",2
"640","M374367","t000110","They chose the most convenient place (i.e. the first place they stumbled across) to get food because they do not know where they are and are too lazy to explore further.",700,0,0,0,1,1,0,"K=0","","0001",3
"641","M374367","t100000","Because they don't know the area well and are also lazy they opted to go to the first food stand they came across, the pizza stand.",701,1,0,0,0,0,0,"C=0","","1000",8
"642","M374367","t101001","Despite being able to see the pizza stand from where they began, their sporty side took over and they decided to go the long way around to work up an appetite before having some pizza.",702,1,0,1,0,0,1,"Cu_p=1","","1010",7
"643","M374367","t011100","As the two food stands are relatively equidistant from where they began, the fact that they are sporty didn't really impact on their chosen route and they simply went to the food stand selling what they wanted most at the time. In this instance, pizza.",703,0,1,1,1,0,0,"Pu=0","","0111",9
"644","M374367","t001011","As they are sporty, they chose to bypass the pizza stand despite not knowing the area well to get some extra exercise in, stopping at the hot dog stand when they were finished.",704,0,0,1,0,1,1,"Cu_p=1","","0010",9
"645","M447275","t110110","They go to the hot dog stand because it's closer.",705,1,1,0,1,1,0,"Su_p=1","","1101",2
"646","M447275","t000101","They don't know the pizza stand is around the corner""",706,0,0,0,1,0,1,"Ku=0","","0001",3
"647","M447275","t111001","They wanted to take the long route because they are sporty",707,1,1,1,0,0,1,"Cu_p=1","","1110",15
"648","M447275","t011011","They wanted to take the long route because they are sporty",708,0,1,1,0,1,1,"Cu_p=1","","0110",13
"649","M447275","t010100","They don't know the pizza stand is around the corner""",709,0,1,0,1,0,0,"Ku=0","","0101",1
"650","M447275","t100111","They don't know the hot dog stand is around the corner""",710,1,0,0,1,1,1,"Ku=0","","1001",7
"651","M447275","t101000","They go to the pizza stand because it's closer.",711,1,0,1,0,0,0,"Su_p=0","","1010",2
"652","M447275","t001010","They go to the hot dog stand because it's their favorite.",712,0,0,1,0,1,0,"P=1","","0010",3
"653","M547145","t011110","Drew didn't want to exercise today.",713,0,1,1,1,1,0,"Cu_p=0","","0111",4
"654","M547145","t111100","Today Taylor did not want to eat hot dogs.",714,1,1,1,1,0,0,"Pu=0","","1111",11
"655","M547145","t110001","Parker is not as lazy as they say.",715,1,1,0,0,0,1,"C=1","","1100",1
"656","M547145","t001101","Brooklyn worked out before having a nice pizza.",716,0,0,1,1,0,1,"Cu_f=1","","0011",2
"657","M547145","t100010","Harper went for his hot dogs no matter what the cost.",717,1,0,0,0,1,0,"Pu=1","","1000",5
"658","M547145","t010111","Charlie is not lazy.",719,0,1,0,1,1,1,"C=1","","0101",2
"659","M547145","t000000","Adrian is quite lazy.",720,0,0,0,0,0,0,"C=0","","0000",14
"660","M013435","t110111","Even though it says they are lazy maybe they wanted to get more exercise or they thought about having pizza as a change but carried on to the hot dog stand as they realized they didn't really fancy a change after all",721,1,1,0,1,1,1,"Pu=1","","1101",4
"661","M013435","t001011","He didn't mind walking, he doesn't know the area so took a gamble and it was the long way round. Also he would have seen the pizza cart and maybe thought another eating cart would be nearby",722,0,0,1,0,1,1,"K=0","","0010",4
"662","M013435","t100000","He couldn't be bothered to walk that far for a hotdog and he was hungry so decided on pizza as it was closer",723,1,0,0,0,0,0,"Su_p=0","","1000",3
"663","M013435","t101001","They didn't fancy the hot dog when they got there so decided to carry on going and go back to the pizza cart not much difference in carrying on going or doubling back",724,1,0,1,0,0,1,"Pu=0","","1010",8
"664","M013435","t111010","They wanted a hotdog and they went by the shortest route",725,1,1,1,0,1,0,"Pu=1","","1110",5
"665","M013435","t000110","He saw the hot dogs and went for the first cart she could see",726,0,0,0,1,1,0,"Su_f=1","","0001",5
"666","M013435","t010101","Changed their mind, they knew the pizza place was further on but went to the hot dogs first and then carried on",727,0,1,0,1,0,1,"br_f=1","","0101",4
"667","M013435","t011100","Knew he wanted pizza and went for the shortest route",728,0,1,1,1,0,0,"Pu=0","","0111",9
"668","M817418","t111011","They wanted to take the long route because they are sporty",729,1,1,1,0,1,1,"Cu_p=1","","1110",14
"669","M817418","t000111","They don't know the pizza stand is around the corner""",730,0,0,0,1,1,1,"Ku=0","","0001",6
"670","M817418","t011101","They wanted to take the long route because they are sporty",731,0,1,1,1,0,1,"Cu_p=1","","0111",12
"671","M817418","t100001","They don't know the hot dog stand is around the corner""",732,1,0,0,0,0,1,"Ku=0","","1000",4
"672","M817418","t001100","They go to the pizza stand because it's their favourite",733,0,0,1,1,0,0,"P=0","","0011",8
"673","M817418","t010110","They go to the hot dog stand because it's closer.",734,0,1,0,1,1,0,"Su_p=1","","0101",5
"674","M817418","t110000","They go to the pizza stand because it's closer.",735,1,1,0,0,0,0,"Su_p=0","","1100",4
"675","M817418","t101010","They go to the hot dog stand because it's their favorite.",736,1,0,1,0,1,0,"P=1","","1010",15
"676","M563538","t010010","he doesn't like pizza",737,0,1,0,0,1,0,"P=1","","0100",8
"677","M563538","t011001","he took the long way round because is active",738,0,1,1,0,0,1,"C=1","","0110",6
"678","M563538","t110100","he's lazy so took the shortest route to food even though he knew there is a hot dog stand",740,1,1,0,1,0,0,"C=0","","1101",6
"679","M563538","t000011","he preferred hot dog over pizza",741,0,0,0,0,1,1,"P=1","","0000",5
"680","M563538","t111111","he took the long route because he prefers hot dogs and may have went for a run before getting food",742,1,1,1,1,1,1,"Cu_p=1","","1111",17
"681","M563538","t101110","Probably went to the first place that sold hot dogs and it happen to be the short route",743,1,0,1,1,1,0,"Su_f=1","","1011",8
"682","M563538","t100101","he may have missed the hot dog stand",744,1,0,0,1,0,1,"Su_f=0","","1001",2
"683","M807700","t011010","Better hot dogs than sports.",745,0,1,1,0,1,0,"P=1","","0110",7
"684","M807700","t000100","His laziness may have made him eat the first thing he found.",747,0,0,0,1,0,0,"Cu_f=0","","0001",2
"685","M807700","t010011","He left his laziness aside and walked a little further to eat hot dogs.",749,0,1,0,0,1,1,"Cu_f=1","","0100",3
"686","M807700","t110101","This guy doesn't like hot dogs.",751,1,1,0,1,0,1,"P=0","","1101",2
"687","M807700","t001001","He is a good sportsman.",752,0,0,1,0,0,1,"C=1","","0010",14
"688","M704323","t000001","They wanted to take the long route because they are sporty",753,0,0,0,0,0,1,"Cu_p=1","","0000",5
"689","M704323","t111101","They wanted to take the long route because they are sporty",754,1,1,1,1,0,1,"Cu_p=1","","1111",16
"690","M704323","t110010","They go to the hot dog stand because it's their favorite.",755,1,1,0,0,1,0,"P=1","","1100",12
"691","M704323","t100011","They go to the hot dog stand because it's their favorite.",756,1,0,0,0,1,1,"P=1","","1000",11
"692","M704323","t001110","They go to the hot dog stand because it's their favorite.",757,0,0,1,1,1,0,"P=1","","0011",3
"693","M704323","t011111","They wanted to take the long route because they are sporty",758,0,1,1,1,1,1,"Cu_p=1","","0111",16
"694","M704323","t101100","They don't know the Hot dogs stand is around the corner""",759,1,0,1,1,0,0,"Ku=0","","1011",3
"695","M704323","t010000","They go to the pizza stand because it's closer.",760,0,1,0,0,0,0,"Su_p=0","","0100",2
"696","M235409","t100001","They don't like pizza much, so despite being able to see the pizza stand they went the other way. They see the hotdog stand but it didn't look clean or it was too expensive, so they carried on abck round to the pizza stand regretably",761,1,0,0,0,0,1,"br_f=1","","1000",5
"697","M235409","t101010","They decided to take the long route being sporty, then saw the hot dog stand so stopped for a bite to eat",762,1,0,1,0,1,0,"Cu_p=1","","1010",2
"698","M235409","t111011","They know the area, so knew where the hotdog stand would be. They went there, taking he long route because theyre sporty",763,1,1,1,0,1,1,"C=1","","1110",9
"699","M235409","t110000","They knew the hot dog stand was there but because they are lazy they just went to he pizza place because it was closer",764,1,1,0,0,0,0,"C=0","","1100",15
"700","M235409","t010110","It;s a similar distance to each stand, they must like hotdogs more than pizza",765,0,1,0,1,1,0,"P=1","","0101",3
"701","M235409","t011101","Drew knew the pizza stand was there and always inteded to go there. They just took the long route as they're sporty",766,0,1,1,1,0,1,"C=1","","0111",7
"702","M235409","t001100","Brooklyn is sporty and saw the hot dog stand, they decided to take the long route to the hotdog stand but on the way they saw the pizza stand. They preferred pizza so stopped to eat",767,0,0,1,1,0,0,"P=0","","0011",8
"703","M235409","t000111","He saw the hot dog stand, didn't want them because he doesn't really like them. On the way around he came across pizza, but hates it more, so carried on to the hot dog stand regretably",768,0,0,0,1,1,1,"P=1","","0001",4
"704","M813935","t000010","He might have asked someone for the direction.",769,0,0,0,0,1,0,"Ku=1","","0000",1
"705","M813935","t011000","He went there himself because he knew the area and moreover he was just a few distance away from the pizza truck.",770,0,1,1,0,0,0,"S=0","","0110",2
"706","M813935","t101101","He muct have have been walking round the blocks searching for food trucks.",771,1,0,1,1,0,1,"Ku=0","","1011",2
"707","M813935","t111110","Because he knew the area well, he walked to the location of the hot dogs truck.",772,1,1,1,1,1,0,"K=1","","1111",5
"708","M813935","t110011","He must have gone visiting or doing something else at the other direction.",773,1,1,0,0,1,1,"br_p=1","","1100",7
"709","M813935","t001111","Brooklyn must have wanted to just go for a walk and on his way, go to the hot dog truck.",774,0,0,1,1,1,1,"Cu_p=1","","0011",12
"710","M813935","t010001","He must have decided not to come through the shorter route.",775,0,1,0,0,0,1,"br_p=1","","0100",5
"711","M813935","t100100","As he did not know where the hot dogs truck was, he must have decided to walk round searching for one.",776,1,0,0,1,0,0,"Ku=0","","1001",5
"712","M451106","t000010","They don't know the pizza stand is around the corner""",777,0,0,0,0,1,0,"Ku=0","","0000",2
"713","M451106","t100100","They don't know the Hot dogs stand is around the corner""",778,1,0,0,1,0,0,"Ku=0","","1001",5
"714","M451106","t111110","They go to the hot dog stand because it's their favorite.",779,1,1,1,1,1,0,"P=1","","1111",11
"715","M451106","t110011","They wanted to take the long route because they are sporty",780,1,1,0,0,1,1,"Cu_p=1","","1100",5
"716","M451106","t010001","They wanted to take the long route because they are sporty",781,0,1,0,0,0,1,"C=1","","0100",1
"717","M451106","t001111","They don't know the pizza stand is around the corner""",782,0,0,1,1,1,1,"Ku=0","","0011",4
"718","M451106","t011000","They go to the pizza stand because it's closer.",783,0,1,1,0,0,0,"Su_p=0","","0110",6
"719","M451106","t101101","They don't know the hot dogs stand is around the corner""",784,1,0,1,1,0,1,"Ku=0","","1011",2
"720","M053855","t111111","They went the long way around to work up an appetite",785,1,1,1,1,1,1,"Cu_p=1","","1111",17
"721","M053855","t100101","Harper hoped there would be something better than this particular hot dog stall but settled for the pizza because he couldn't be bothered to go back.",786,1,0,0,1,0,1,"Cu_p=0","","1001",1
"722","M053855","t110100","Harper settled for the pizza, which isn't his favourite but he was too lazy to go back to the hot dog stall",787,1,1,0,1,0,0,"Cu_p=0","","1101",1
"723","M053855","t010010","Charlie took the quickest root to the hot dog stand to get his favourite food",788,0,1,0,0,1,0,"P=1","","0100",8
"724","M053855","t011001","Drew likes to stretch his legs before going for a pizza",789,0,1,1,0,0,1,"Cu_p=1","","0110",16
"725","M053855","t000011","Adrian didn't know what he would find but after getting to the second option he didn't want to go any further so settled for this",790,0,0,0,0,1,1,"Cu_p=0","","0000",1
"726","M053855","t101110","He saw the hot dogs - it was clear how to get there quickly and was hungrier than they were in need of exercise",791,1,0,1,1,1,0,"Ku=1","","1011",1
"727","M053855","t001000","Brooklyn saw the pizza stand and went straight to it",792,0,0,1,0,0,0,"Su_f=0","","0010",11
"728","M449802","t101000","Really hungry and the pizza stand was in view",793,1,0,1,0,0,0,"Su_f=0","","1010",6
"729","M449802","t001010","Doesn't like pizza or had it recently and doesn't mind walking longer for other options.",794,0,0,1,0,1,0,"P=0","","0010",1
"730","M449802","t111001","Don't know the area and unsure what they want so took a long walk to check out options.",795,1,1,1,0,0,1,"Ku=0","","1110",1
"731","M449802","t011011","Doesn't know the area and doesn't like pizza",796,0,1,1,0,1,1,"K=0","","0110",1
"732","M449802","t010100","Knows the area and location of both options and prefers pizza.",797,0,1,0,1,0,0,"P=0","","0101",7
"733","M449802","t000101","Doesn't know area and is walking around to find options other than Hot Dogs",798,0,0,0,1,0,1,"K=0","","0001",8
"734","M449802","t100111","Out for a long walk and decided to stop for a Hot Dog",799,1,0,0,1,1,1,"Cu_p=1","","1001",1
"735","M449802","t110110","Was at home and wanted a hot dog",800,1,1,0,1,1,0,"S=1","","1101",2
"736","M067582","t011110","They know the area well and can see the hot dog, and it is close",801,0,1,1,1,1,0,"Ku=1","","0111",3
"737","M067582","t110001","They are lazy so they will take the shortest route and go for the pizza, even though they prefer hot dogs.",802,1,1,0,0,0,1,"C=0","","1100",4
"738","M067582","t111100","It would have been quicker to go for the hot dog, but perhaps they were unable to see it.",803,1,1,1,1,0,0,"Su_f=1","","1111",1
"739","M067582","t100010","It is odd they took a longer route when they are lazy, but hot dog is their favourite food.",804,1,0,0,0,1,0,"P=1","","1000",11
"740","M067582","t000000","They only had to take a few steps to reach the pizza.",805,0,0,0,0,0,0,"Su_p=0","","0000",6
"741","M067582","t101011","Jesse is sporty, so they wouldn't have minded going for the hot dog, even though it was further away.",806,1,0,1,0,1,1,"C=1","","1010",4
"742","M067582","t001101","It looks as though they were unable to see the hot dog.",807,0,0,1,1,0,1,"Su_f=1","","0011",1
"743","M067582","t010111","Charlie may not have been able to see the pizza.",808,0,1,0,1,1,1,"Su_f=0","","0101",1
"744","M061655","t010011","Charlie wanted a hot dog but forgot where the stand was.",809,0,1,0,0,1,1,"Ku=0","","0100",2
"745","M061655","t011010","Drew goes to the hot dog stand as it is his favourite.",810,0,1,1,0,1,0,"P=1","","0110",7
"746","M061655","t111000","Taylor goes to the pizza stand as he is very hungry",811,1,1,1,0,0,0,"br_f=0","","1110",2
"747","M061655","t101111","Jesse's favourite food is hot dogs but he didn't know how to get to the stand.",812,1,0,1,1,1,1,"K=0","","1011",6
"748","M061655","t000100","Adrian goes to the pizza stand as he is lazy and eats the first thing available.",813,0,0,0,1,0,0,"Cu_f=0","","0001",2
"749","M061655","t110101","Parker goes to the pizza stand as he becomes hungry after walking pass the hot dog stand.",814,1,1,0,1,0,1,"Su_f=0","","1101",2
"750","M061655","t100110","Harper goes to the hot dog stand as he is lazy.",815,1,0,0,1,1,0,"C=0","","1001",5
"751","M061655","t001001","Brooklyn goes to the piza stand as he is sporty.",816,0,0,1,0,0,1,"C=1","","0010",14
"752","M535285","t011100","I wanted to eat pizza and I walked further until I found the stand.",817,0,1,1,1,0,0,"Cu_f=1","","0111",2
"753","M535285","t010101","He saw the dog cart but it is not his favorite, he kept walking until he found the pizza cart which is his favorite.",818,0,1,0,1,0,1,"P=0","","0101",9
"754","M535285","t000110","He wanted to eat a dog and even more so because he has them nearby.",819,0,0,0,1,1,0,"Pu=1","","0001",1
"755","M535285","t101001","I wanted to see what was around the buildings and I also wanted to eat pizza.",820,1,0,1,0,0,1,"Pu=0","","1010",8
"756","M535285","t100000","Pizza is his favorite and more than one step away",821,1,0,0,0,0,0,"P=0","","1000",2
"757","M535285","t110111","He chose the longest road because he wanted to go around and open his stomach, that's why he went on the longest side.",822,1,1,0,1,1,1,"Cu_p=1","","1101",8
"758","M535285","t001011","He always loves to walk the whole thing and ends up eating some hot dogs.",824,0,0,1,0,1,1,"C=1","","0010",8
"759","M473326","t001001","Brooklyn likes hot dogs",825,0,0,1,0,0,1,"P=1","","0010",1
"760","M473326","t011010","Drew likes hot dogs",826,0,1,1,0,1,0,"P=1","","0110",7
"761","M473326","t100110","Harper likes hot dogs",827,1,0,0,1,1,0,"P=1","","1001",11
"762","M473326","t000100","Adrian likes pizza more than hot dogs",828,0,0,0,1,0,0,"P=0","","0001",9
"763","M473326","t111000","Taylor likes pizza",829,1,1,1,0,0,0,"P=0","","1110",1
"764","M473326","t110101","Parker is not in the mood for hot dogs and tries pizza",830,1,1,0,1,0,1,"Pu=0","","1101",9
"765","M473326","t010011","Charlie likes hot dogs but not pizza",831,0,1,0,0,1,1,"P=1","","0100",6
"766","M473326","t101111","Jesse is sporty and he likes hot dogs but not pizza",832,1,0,1,1,1,1,"C=1","","1011",8
"767","M343569","t100101","He went to the pizza truck because he wanted to eat something new.",833,1,0,0,1,0,1,"br_f=0","","1001",5
"768","M343569","t101110","He went to the hot dog truck because it's his favorite.",834,1,0,1,1,1,0,"P=1","","1011",10
"769","M343569","t010010","I chose that because it was the best path in sight.",835,0,1,0,0,1,0,"Su_p=0","","0100",1
"770","M343569","t011001","I guess he didn't have a clear vision of the road and that's why he made that turn.",836,0,1,1,0,0,1,"Ku=0","","0110",2
"771","M343569","t001000","The food truck was very close.",837,0,0,1,0,0,0,"Su_f=0","","0010",11
"772","M343569","t110100","He didn't see the dog cart from that point where he was",838,1,1,0,1,0,0,"Su_f=0","","1101",3
"773","M637969","t000111","They go to the hot dog stand because it's their favorite.",841,0,0,0,1,1,1,"P=1","","0001",4
"774","M637969","t101010","They go to the hot dog stand because it's their favorite.",842,1,0,1,0,1,0,"P=1","","1010",15
"775","M637969","t110000","They go to the pizza stand because it's closer.",843,1,1,0,0,0,0,"Su_p=0","","1100",4
"776","M637969","t111011","They wanted to take the long route because they are sporty",844,1,1,1,0,1,1,"Cu_p=1","","1110",14
"777","M637969","t010110","They go to the hot dog stand because it's closer.",845,0,1,0,1,1,0,"Su_p=1","","0101",5
"778","M637969","t011101","They go to the pizza stand because it's their favourite",846,0,1,1,1,0,1,"P=0","","0111",2
"779","M637969","t100001","They don't know the hot dogs stand is around the corner""",847,1,0,0,0,0,1,"Ku=0","","1000",4
"780","M637969","t001100","They go to the pizza stand because it's their favourite",848,0,0,1,1,0,0,"P=0","","0011",8
"781","M273009","t010000","It was nearest and they are lazy.",849,0,1,0,0,0,0,"C=0","","0100",14
"782","M273009","t101100","They must've thought that this particular hot dog stand wasn't too good.",851,1,0,1,1,0,0,"br_f=1","","1011",1
"783","M273009","t100011","They really wanted the hotdogs.",852,1,0,0,0,1,1,"Pu=1","","1000",4
"784","M273009","t111101","They wanted to exercise.",853,1,1,1,1,0,1,"Cu_p=1","","1111",16
"785","M273009","t000001","He must've got lost.",854,0,0,0,0,0,1,"Ku=0","","0000",4
"786","M273009","t011111","He wanted to go for a run.",855,0,1,1,1,1,1,"Cu_p=1","","0111",16
"787","M273009","t110010","He really likes the hot dogs.",856,1,1,0,0,1,0,"P=1","","1100",12
"788","M361882","t010101","He didn't pay attention to the road and that's why he jumped the other food cart.",858,0,1,0,1,0,1,"br_f=1","","0101",4
"789","M361882","t110111","I had no idea their food cart was so close.",861,1,1,0,1,1,1,"Ku=1","","1101",1
"790","M361882","t001011","I wanted hot dogs I guess",862,0,0,1,0,1,1,"Pu=1","","0010",2
"791","M361882","t100000","the pizza one was much closer",863,1,0,0,0,0,0,"Su_p=0","","1000",3
"792","M361882","t011100","It was the closest place",864,0,1,1,1,0,0,"Su_p=0","","0111",2
"793","M397093","t011011","They wanted a hot dog but also a walk beforehand",866,0,1,1,0,1,1,"Cu_f=1","","0110",2
"794","M397093","t111001","They wanted pizza but also wanted to go for a walk beforehand",867,1,1,1,0,0,1,"Cu_p=1","","1110",15
"795","M397093","t110110","They wanted a hot dog",868,1,1,0,1,1,0,"Pu=1","","1101",3
"796","M397093","t010100","they felt like having a pizza",869,0,1,0,1,0,0,"Pu=0","","0101",6
"797","M397093","t100111","They really wanted a hot dog",870,1,0,0,1,1,1,"Pu=1","","1001",2
"798","M397093","t000101","They did not feel like eating a hot dog",871,0,0,0,1,0,1,"Pu=0","","0001",7
"799","M397093","t101000","They felt like having a pizza instead",872,1,0,1,0,0,0,"Pu=0","","1010",3
"800","M793754","t011000","Shortest distance to the pizza place.",873,0,1,1,0,0,0,"Su_p=0","","0110",6
"801","M793754","t110011","Wanted to take a more scenic route.",874,1,1,0,0,1,1,"br_p=1","","1100",7
"802","M793754","t000010","Shortest route to the hotdogs place.",875,0,0,0,0,1,0,"Su_p=1","","0000",2
"803","M793754","t001111","Wanted to do bit of running",876,0,0,1,1,1,1,"Cu_p=1","","0011",12
"804","M793754","t100100","Didnt know about the hotdogs but was hungry so had pizza",878,1,0,0,1,0,0,"Ku=0","","1001",5
"805","M793754","t111110","Shorted route to hotdogs place",879,1,1,1,1,1,0,"Su_p=1","","1111",2
"806","M793754","t010001","Wanted hotdogs first and the pizza",880,0,1,0,0,0,1,"Pu=1","","0100",2
"807","M436761","t101100","Even seeing the hot dogs he went for the pizza I don't think he likes hot dogs very much.",881,1,0,1,1,0,0,"P=0","","1011",4
"808","M436761","t011111","He exercised and ate hot dogs.",883,0,1,1,1,1,1,"br_f=1","","0111",1
"809","M436761","t001110","He preferred not to risk not finding anything and ate the hot dogs in plain sight.",884,0,0,1,1,1,0,"Su_f=1","","0011",5
"810","M436761","t111101","Hot dogs are definitely not his favorite food.",885,1,1,1,1,0,1,"P=0","","1111",1
"811","M436761","t010000","His laziness led him straight to a good pizza.",886,0,1,0,0,0,0,"C=0","","0100",14
"812","M436761","t100011","Regardless of his laziness I walk a lot to eat hot dogs.",887,1,0,0,0,1,1,"P=1","","1000",11
"813","M436761","t110010","He has stopped at the hot dog truck and enjoyed his favorite food.",888,1,1,0,0,1,0,"P=1","","1100",12
"814","M795620","t011110","daves favourite food is hotdogs",889,0,1,1,1,1,0,"P=1","","0111",6
"815","M795620","t110001","they are trying to keep fit and be less lazy",890,1,1,0,0,0,1,"Cu_p=1","","1100",4
"816","M795620","t101011","they wanted to be sporty and go the long way while getting their favourite food",891,1,0,1,0,1,1,"Cu_p=1","","1010",8
"817","M795620","t010111","they are trying to be less lazy and do more exercise",892,0,1,0,1,1,1,"Cu_p=1","","0101",12
"818","M795620","t100010","his favourite food is hotdogs not pizza",895,1,0,0,0,1,0,"P=1","","1000",11
"819","M795620","t001101","they wanted to go for a run and didnt want a hotdog so went past it and found the pizza one",896,0,0,1,1,0,1,"Cu_p=1","","0011",7
"820","M973201","t101000","They don't know the area well so visit the first food stand",897,1,0,1,0,0,0,"Ku=0","","1010",6
"821","M973201","t000101","Adrian wants pizza",898,0,0,0,1,0,1,"Pu=0","","0001",7
"822","M973201","t111001","Taylor is sporty so went a long route to the pizza stand",899,1,1,1,0,0,1,"C=1","","1110",6
"823","M973201","t010100","Charlie wanted to eat pizza today",900,0,1,0,1,0,0,"Pu=0","","0101",6
"824","M973201","t100111","Harper was really hoping for a hot dog beacuse it's their favourtie",901,1,0,0,1,1,1,"P=1","","1001",3
"825","M973201","t001010","Brooklyn was exploring the area because they didn't know it well and stopped at the first food cart they came to",902,0,0,1,0,1,0,"Ku=0","","0010",2
"826","M973201","t110110","Parker knew they wanted a hot dog and took the sortest route.",903,1,1,0,1,1,0,"Pu=1","","1101",3
"827","M973201","t011011","Drew wanted a hot dog and took the longest route becuase he is sporty",904,0,1,1,0,1,1,"Cu_p=1","","0110",13
"828","M248419","t110000","He goes to the pizza stand because it's very close.",905,1,1,0,0,0,0,"Su_p=0","","1100",4
"829","M248419","t100001","He went to the pizza stand because he didn't see the hot dog stand.",906,1,0,0,0,0,1,"Su_f=0","","1000",3
"830","M248419","t101010","He went to the hot dog stand because it's his favorite.",907,1,0,1,0,1,0,"P=1","","1010",15
"831","M248419","t111011","He went to the hot dog stand because it's his favorite.",908,1,1,1,0,1,1,"P=1","","1110",2
"832","M248419","t011101","I wanted to go to a pizza place",910,0,1,1,1,0,1,"Pu=0","","0111",5
"833","M950776","t111100","Taylor wants to try something new and goes to the pizza stand.",914,1,1,1,1,0,0,"Pu=0","","1111",11
"834","M950776","t110001","Parker did not like the hot dog stand and walked for the pizza one.",915,1,1,0,0,0,1,"P=0","","1100",2
"835","M950776","t100010","Harper walked to the hot dog stand because it is his favourite and it is not that far away compared to the pizza stand.",916,1,0,0,0,1,0,"P=1","","1000",11
"836","M950776","t000000","Adrian walks to the pizza stand because it is the closest he can find.",917,0,0,0,0,0,0,"Su_f=0","","0000",1
"837","M950776","t011110","Drew walked to the hot dog stand because he saw it first and had no preference.",919,0,1,1,1,1,0,"Su_f=1","","0111",1
"838","M950776","t001101","Brooklyn wanted to consider the food options before walking to the pizza stand.",920,0,0,1,1,0,1,"Su_f=0","","0011",1
"839","M102661","t101111","they wanted to explore the area and hoped to get back to the hot dog stand",921,1,0,1,1,1,1,"Cu_p=1","","1011",7
"840","M102661","t100110","saw hot dog. bought hot dog.",922,1,0,0,1,1,0,"Su_f=1","","1001",3
"841","M102661","t011010","he wanted a hot dog",923,0,1,1,0,1,0,"Pu=1","","0110",9
"842","M102661","t111000","he gave into temptation. it was the beginning of a slow spiral into self loathing",924,1,1,1,0,0,0,"br_f=1","","1110",2
"843","M102661","t001001","they wanted to learn their surroundings and so went on an adventure",925,0,0,1,0,0,1,"Ku=1","","0010",1
"844","M102661","t110101","parker has eaten hot dogs for 6 days straight and his body was screaming for something different",926,1,1,0,1,0,1,"Pu=0","","1101",9
"845","M102661","t010011","charlie was lost in thought and when he looked up he was at a hot dog stand ""huh i thought this was pizza""",927,0,1,0,0,1,1,"br_f=1","","0100",2
"846","M102661","t000100","adrian flipped a coin in his head ""left or right"" and ended up going right to the pizza",928,0,0,0,1,0,0,"br_p=0","","0001",2
"847","M639710","t110010","They wanted to take the long route because they are sporty",929,1,1,0,0,1,0,"Cu_p=1","","1100",1
"848","M639710","t011111","They wanted to take the long route because they are sporty",930,0,1,1,1,1,1,"Cu_p=1","","0111",16
"849","M639710","t000001","They wanted to take the long route because they are sporty",931,0,0,0,0,0,1,"Cu_p=1","","0000",5
"850","M639710","t111101","They wanted to take the long route because they are sporty",932,1,1,1,1,0,1,"Cu_p=1","","1111",16
"851","M639710","t001110","They don't know the pizza stand is around the corner",933,0,0,1,1,1,0,"Ku=0","","0011",6
"852","M639710","t010000","They go to the pizza stand because it's their favourite",934,0,1,0,0,0,0,"P=0","","0100",3
"853","M639710","t101100","They go to the pizza stand because it's their favourite",935,1,0,1,1,0,0,"P=0","","1011",4
"854","M639710","t100011","They wanted to take the long route because they are sporty",936,1,0,0,0,1,1,"Cu_p=1","","1000",3
"855","M923241","t000011","He wanted to walk around the residence and when he saw the hot dog stand he stopped to eat.",937,0,0,0,0,1,1,"br_p=1","","0000",1
"856","M923241","t011001","Before eating pizza I wanted to walk around the block to see what was new.",938,0,1,1,0,0,1,"Cu_p=1","","0110",16
"857","M923241","t001000","He knew what he was going for and he wanted, his favorite food pizza.",939,0,0,1,0,0,0,"P=0","","0010",2
"858","M923241","t111111","before going to eat your hot dog way to clear your mind a little",940,1,1,1,1,1,1,"Cu_p=1","","1111",17
"859","M923241","t010010","He went for a walk and they gave him some hot dogs.",941,0,1,0,0,1,0,"br_f=1","","0100",1
"860","M923241","t100101","Today it provokes him to eat pizza and he stopped to eat it.",942,1,0,0,1,0,1,"br_f=0","","1001",5
"861","M923241","t110100","His favorite food is hot dogs but this time he wanted to give pizzas a try.",944,1,1,0,1,0,0,"Pu=0","","1101",6
"862","M015403","t010010","Charlie must like hotdogs, we can deduce this as he walked a longer distance to get hot dogs from a stand he could not see, while he could initially see and was closer to the pizza cart, that means his preference for hot dogs is even greater than his lazyness.",945,0,1,0,0,1,0,"P=1","","0100",8
"863","M015403","t100101","Even though harpers favourite food is hot dogs and he's lazy he chose to ignore them and walk a much further distance to walk to the pizza stand, it is possible he's trying to offset the calories of the food he will eat by walking further.",946,1,0,0,1,0,1,"br_p=1","","1001",1
"864","M015403","t011001","Drew took the long way around to the pizza stand on the road where he started out, this is because he is sporty and enjoys the exercise from the increased distance travelled.",947,0,1,1,0,0,1,"C=1","","0110",6
"865","M015403","t001000","brooklyn headed straight for the pizza stand because he could see it from his starting location, he was hungry and it was the only food stall he knew existed from his perspective.",948,0,0,1,0,0,0,"Su_f=0","","0010",11
"866","M015403","t101110","Jesse's favourite food is hot dogs so he bee-lined to the hot dog stand to have one.",949,1,0,1,1,1,0,"P=1","","1011",10
"867","M015403","t111111","Taylor could see the hot dog stand from their starting spot, knowing the area wall he decided to take the long route to the stand to get some exercise as being sporty he likes that kind of thing.",950,1,1,1,1,1,1,"C=1","","1111",7
"868","M015403","t110100","Parker knows the area well so knows the location of all the food choices, as he is lazy he went to the nearest food stand rather than his favourite.",951,1,1,0,1,0,0,"C=0","","1101",6
"869","M015403","t000011","Adrian really doesn't like pizza, even though he's lazy he held out hope that there would be other food options and, after walking around the area he doesn't know luckily stumbled upon a hot dog stand, a food which he does tolerate.",952,0,0,0,0,1,1,"P=1","","0000",5
"870","M537842","t000010","Adrian doesn't like pizza.",953,0,0,0,0,1,0,"P=1","","0000",6
"871","M537842","t101101","Jesse took the longer route to the pizza stand as they are sporty, and they didn't fancy hot dogs.",954,1,0,1,1,0,1,"Cu_p=1","","1011",8
"872","M537842","t010001","Charlie prefers pizza to hot dogs, and they took the longer route for pleasure.",955,0,1,0,0,0,1,"P=0","","0100",3
"873","M537842","t001111","Brooklyn prefers hot dogs to pizza, and took the longer route as they are sporty.",956,0,0,1,1,1,1,"P=1","","0011",1
"874","M537842","t111110","Taylor wanted hot dogs.",958,1,1,1,1,1,0,"Pu=1","","1111",4
"875","M537842","t110011","Parker took the longer route to the hot dogs as it is their favourite food and they don't know the area well.",959,1,1,0,0,1,1,"P=1","","1100",7
"876","M537842","t100100","Harper couldn't see the hot dog stand so went the wrong direction to the pizza stand, as they don't know the area well.",960,1,0,0,1,0,0,"K=0","","1001",9
"877","M262279","t110001","He saw that the pizza stand was there but he preferred to go for a walk to see what else he saw, today his favorite food, which is hot dogs, didn't bother him and he turned around to eat the pizzas.",962,1,1,0,0,0,1,"Pu=0","","1100",3
"878","M262279","t000000","He wanted to eat pizza and he stopped to do it.",963,0,0,0,0,0,0,"Pu=0","","0000",1
"879","M262279","t101011","I end up eating his favorite food, which is pizza.",964,1,0,1,0,1,1,"P=0","","1010",1
"880","M262279","t010111","Before eating he wanted to walk around the area and then eat hot dogs.",965,0,1,0,1,1,1,"Cu_p=1","","0101",12
"881","M262279","t001101","I don't give him a hot dog, but I do give him pizza.",966,0,0,1,1,0,1,"br_f=0","","0011",1
"882","M262279","t111100","This time he wanted to give pizza a chance.",968,1,1,1,1,0,0,"Pu=0","","1111",11
"883","M719293","t001111","I wasn't hungry i was going to visit a friend so when i left the hot dog cart was closer.",969,0,0,1,1,1,1,"S=1","","0011",1
"884","M719293","t000010","I wanted better hot dog",970,0,0,0,0,1,0,"Pu=1","","0000",6
"885","M719293","t011000","the pizza cart is closer",971,0,1,1,0,0,0,"Su_p=0","","0110",6
"886","M719293","t100100","I had no idea how to get to the hot dog cart.",972,1,0,0,1,0,0,"Ku=0","","1001",5
"887","M719293","t101101","you may not have seen the corner or the cart",973,1,0,1,1,0,1,"Su_f=1","","1011",1
"888","M719293","t010001","I wanted to eat pizza",974,0,1,0,0,0,1,"Pu=0","","0100",5
"889","M719293","t111110","His favorite food is hot dog and he knows the area well.",975,1,1,1,1,1,0,"P=1","","1111",11
"890","M719293","t110011","His favorite food is hot dog and he knows the area well.",976,1,1,0,0,1,1,"P=1","","1100",7
"891","M019572","t110111","He took the shortest route because he is lazy to walk",977,1,1,0,1,1,1,"C=0","","1101",1
"892","M019572","t111010","He took the shortest route because he couldn't wait having his favourite food",978,1,1,1,0,1,0,"Cu_f=1","","1110",1
"893","M019572","t011100","Drew chose the path because he wanted to taste some pizza",979,0,1,1,1,0,0,"Pu=0","","0111",9
"894","M019572","t000110","He chose the path to the nearest food caravan because he is lazy to walk",980,0,0,0,1,1,0,"C=0","","0001",7
"895","M019572","t001011","Drew took the longest route to the hot dog caravan because he wanted to exercise",981,0,0,1,0,1,1,"Cu_p=1","","0010",9
"896","M019572","t101001","He got lost and missed the hot dog caravan because he is not familiar with the area",982,1,0,1,0,0,1,"K=0","","1010",4
"897","M019572","t010101","He wanted some pizza and realised that he went to the wrong food caravan at the hot dog caravan then he left for the pizza caravan",983,0,1,0,1,0,1,"Pu=0","","0101",5
"898","M019572","t100000","He was lazy to look for the hot dog caravan and decided to go to the nearest",984,1,0,0,0,0,0,"Cu_p=0","","1000",6
"899","M570881","t011011","He is a true sportsman.",985,0,1,1,0,1,1,"C=1","","0110",9
"900","M570881","t101000","He played it safe and pizza was the safest thing to do even though hot dogs are his favorite food.",986,1,0,1,0,0,0,"br_f=0","","1010",1
"901","M570881","t111001","I don't think hot dogs are his favorite food",987,1,1,1,0,0,1,"P=0","","1110",2
"902","M570881","t010100","Being lazy and eating pizza is not bad at all.",988,0,1,0,1,0,0,"C=0","","0101",1
"903","M570881","t000101","I think it's not lazy.",989,0,0,0,1,0,1,"C=1","","0001",1
"904","M570881","t110110","Hot dogs really are his favorite food.",990,1,1,0,1,1,0,"P=1","","1101",9
"905","M570881","t100111","I think this guy was looking for a third option for lunch.",991,1,0,0,1,1,1,"br_f=0","","1001",1
"906","M570881","t001010","A good hot dog makes us happy.",992,0,0,1,0,1,0,"br_f=1","","0010",3
"907","M367910","t100110","He went to eat what he likes most, hot dog.",993,1,0,0,1,1,0,"P=1","","1001",11
"908","M367910","t000100","He walked through the area and saw the pizza stand and it provoked him.",994,0,0,0,1,0,0,"br_f=0","","0001",1
"909","M367910","t001001","He walked all over the area and stopped to eat pizza.",995,0,0,1,0,0,1,"br_f=0","","0010",1
"910","M367910","t011010","He went out to play sports and while walking he saw a hot dog stand and stopped to eat.",996,0,1,1,0,1,0,"br_f=1","","0110",1
"911","M367910","t111000","His favorite food is hot dogs but the pizza stand was next door and he stopped to eat pizza.",997,1,1,1,0,0,0,"br_f=0","","1110",2
"912","M367910","t010011","He went around the entire area and saw a hot dog stand and stopped there to eat.",998,0,1,0,0,1,1,"Su_f=1","","0100",1
"913","M367910","t110101","He went out to exercise and passed by the hot dog stand, which is his favorite food, but he didn't want to stop. Then he continued walking for a long time and was hungry. He saw the pizza stand and ended up eating the pizza.",999,1,1,0,1,0,1,"br_f=0","","1101",2
"914","M367910","t101111","He went out for a jog and after he finished he ate hot dogs, which is his favorite food.",1000,1,0,1,1,1,1,"P=1","","1011",2
"915","M019451","t010000","It's the fastest route and he knows this.",1001,0,1,0,0,0,0,"Ku=1","","0100",2
"916","M019451","t011111","He's gone the long way round so he can get some exercise in.",1002,0,1,1,1,1,1,"Cu_p=1","","0111",16
"917","M019451","t100011","He went the long way round because he didn't know there was a shorter route.",1004,1,0,0,0,1,1,"Ku=0","","1000",4
"918","M019451","t000001","He doesn't like hot dogs so he keeps going.",1006,0,0,0,0,0,1,"P=0","","0000",5
"919","M019451","t111101","They wanted to exercise a bit more before eating.",1007,1,1,1,1,0,1,"Cu_p=1","","1111",16
"920","M019451","t110010","It's the fastest route.",1008,1,1,0,0,1,0,"Su_p=0","","1100",1
"921","M460557","t110000","They are too lazy to walk to the hot dog stand.",1009,1,1,0,0,0,0,"Cu_p=0","","1100",7
"922","M460557","t100001","They fancied pizza and a walk.",1010,1,0,0,0,0,1,"Pu=0","","1000",4
"923","M460557","t001100","They don't know the area well so went walking in a random direction and had pizza when they saw the truck.",1011,0,0,1,1,0,0,"Ku=0","","0011",5
"924","M460557","t010110","They fancied hot dogs rather than pizza.",1012,0,1,0,1,1,0,"Pu=1","","0101",2
"925","M460557","t111011","They went to the hot dog stand because they love hot dogs. They took the long route because they are sporty.",1013,1,1,1,0,1,1,"C=1","corrected after 1 retry (original: 'The explanation contains two reasons. The main reason for the food choice is P=1 (loves')","1110",9
"926","M460557","t011101","They fancied pizza but took the long route as they are sporty.",1014,0,1,1,1,0,1,"C=1","","0111",7
"927","M460557","t000111","They decided to walk round the whole block to get to know the area and then get hot dogs at the end - they knew the stand was there as they could see it at the start.",1015,0,0,0,1,1,1,"Cu_p=1","","0001",4
"928","M460557","t101010","They are sporty so decided to go explore the area and then when they saw the hot dog stand they bought hot dogs as they are their favourite food.",1016,1,0,1,0,1,0,"P=1","","1010",15
"929","M891394","t100000","I was hungry and the closest thing in sight is the pizzeria.",1017,1,0,0,0,0,0,"Su_f=0","","1000",3
"930","M891394","t011100","He walked through the area and saw a pizzeria and it provoked him and he stopped to eat.",1018,0,1,1,1,0,0,"br_f=0","","0111",2
"931","M891394","t110111","Before eating hot dog he wanted to walk around the entire neighborhood to see what was new and ended up eating hot dog afterwards.",1019,1,1,0,1,1,1,"br_p=1","","1101",4
"932","M891394","t111010","He walked to see his favorite food and as soon as he saw it, he didn't doubt it, he ate his hot dog.",1020,1,1,1,0,1,0,"P=1","","1110",9
"933","M891394","t101001","Before eating pizza he jogged for a while because he is sporty, then with the pizza he regained energy, this time he didn't want to eat his favorite food, which is hot dog.",1021,1,0,1,0,0,1,"Cu_p=1","","1010",7
"934","M891394","t000110","He walked for a while and stopped at a hot dog stand because it provoked him.",1022,0,0,0,1,1,0,"br_f=1","","0001",1
"935","M891394","t001011","He wanted to get to know the neighborhood and while walking he saw a hot dog stand and stopped to try them.",1023,0,0,1,0,1,1,"br_p=1","","0010",3
"936","M891394","t010101","He went to walk for a while, see the area and saw a pizza stand and couldn't resist.",1024,0,1,0,1,0,1,"br_f=0","","0101",2
"937","M737769","t100010","That they like hot dogs",1025,1,0,0,0,1,0,"P=1","","1000",11
"938","M737769","t010111","That he likes hot dogs but is unsure of the way to go",1026,0,1,0,1,1,1,"K=0","","0101",3
"939","M737769","t011110","That he wanted a hot dog over pizza, and knew the path he needed to take",1027,0,1,1,1,1,0,"Pu=1","","0111",8
"940","M737769","t111100","that they are sporty",1028,1,1,1,1,0,0,"C=1","","1111",2
"941","M737769","t001101","that brooklyn is sporty",1029,0,0,1,1,0,1,"C=1","","0011",7
"942","M737769","t000000","that he is lazy",1030,0,0,0,0,0,0,"C=0","","0000",14
"943","M737769","t110001","that they are lazy",1031,1,1,0,0,0,1,"C=0","","1100",4
"944","M737769","t101011","that they are sporty",1032,1,0,1,0,1,1,"C=1","","1010",4
"945","M102412","t011101","To eat a delicious pizza.",1033,0,1,1,1,0,1,"Pu=0","","0111",5
"946","M102412","t000111","I think it's not lazy because I walk a long way and ignore the pizza truck.",1034,0,0,0,1,1,1,"C=1","","0001",2
"947","M102412","t110000","Laziness outweighed his desire to eat his favorite food.",1035,1,1,0,0,0,0,"Cu_p=0","","1100",7
"948","M102412","t100001","He saw the pizza truck from the beginning, saw the hot dog truck along the way and still ended up eating pizza, I don't think the hot dog is his favorite food.",1037,1,0,0,0,0,1,"P=0","","1000",2
"949","M102412","t010110","he wanted to eat the first food he could get.",1038,0,1,0,1,1,0,"Cu_f=0","","0101",2
"950","M102412","t001100","He ate the first thing he got.",1040,0,0,1,1,0,0,"Cu_f=0","","0011",1
"951","M125204","t010001","He walked around to get to know the area and ended up eating pizza before getting home.",1041,0,1,0,0,0,1,"br_p=1","","0100",5
"952","M125204","t011000","He went out to see the area and went into the pizzeria to try them.",1042,0,1,1,0,0,0,"Ku=1","","0110",2
"953","M125204","t001111","He went to explore the entire area and before reaching his destination he ate at the hot dog stand.",1043,0,0,1,1,1,1,"br_p=1","","0011",1
"954","M125204","t110011","He went for a walk in the area when he saw his favorite food, he couldn't wait and ate some hot dogs.",1044,1,1,0,0,1,1,"P=1","","1100",7
"955","M125204","t101101","This time he didn't want hot dog, which is his favorite food, but as soon as he saw the pizza stand he stopped to try them.",1045,1,0,1,1,0,1,"Pu=0","","1011",6
"956","M125204","t000010","He went out to see the area and the hot dog stand caught his attention and he ate.",1046,0,0,0,0,1,0,"Su_f=1","","0000",1
"957","M125204","t100100","His favorite food is hot dogs, but this time he went for a walk and when he saw the pizzeria he decided to take advantage and eat something else.",1047,1,0,0,1,0,0,"br_f=0","","1001",2
"958","M125204","t111110","He saw the hot dog stand and couldn't resist seeing his favorite food.",1048,1,1,1,1,1,0,"Su_f=1","","1111",2
"959","M978587","t110010","In my own opinion its because its the quickest route",1049,1,1,0,0,1,0,"br_p=0","","1100",1
"960","M978587","t001110","I think Brooklyn choose this path because he might find someone to show him to the right path",1050,0,0,1,1,1,0,"Ku=1","","0011",2
"961","M978587","t000001","Adrian doesn't know the area too well but paraventure got to his destination",1051,0,0,0,0,0,1,"Ku=0","","0000",4
"962","M978587","t111101","because its the fastest route to the get the sales point",1052,1,1,1,1,0,1,"Su_p=0","","1111",1
"963","M978587","t010000","Charlie is just been lazy but still find a way to get to sales point",1053,0,1,0,0,0,0,"C=0","","0100",14
"964","M978587","t101100","They took the longest route to the pizza shop because they don't know the area but were still able to figure it out.",1054,1,0,1,1,0,0,"K=0","","1011",7
"965","M978587","t011111","Drew took the particular area because he knows the area very well",1055,0,1,1,1,1,1,"K=1","","0111",4
"966","M978587","t100011","Harper took the route because he does not know the area and he's been lazy",1056,1,0,0,0,1,1,"C=0","","1000",3
"967","M065683","t100101","A need to learn the area for the future.",1057,1,0,0,1,0,1,"Ku=1","","1001",1
"968","M065683","t011001","He took the long way round for the exercise before rewarding himself.",1058,0,1,1,0,0,1,"Cu_p=1","","0110",16
"969","M065683","t110100","He wanted to eat something different as he eats hot dogs all the time.",1059,1,1,0,1,0,0,"Pu=0","","1101",6
"970","M065683","t010010","He wanted to eat a hot dog and it was no further than the pizza stand.",1060,0,1,0,0,1,0,"Pu=1","","0100",12
"971","M065683","t101110","They wanted a hot dog and not knowing the area well, didn't want to get lost or lose their way back to the hot dog stand.",1061,1,0,1,1,1,0,"Ku=0","","1011",2
"972","M065683","t111111","They took the long way round for the exercise and then rewarded themselves with their favourite food.",1062,1,1,1,1,1,1,"Cu_p=1","","1111",17
"973","M065683","t000011","He doesn't know the area and also doesn't want pizza so he kept going in search of something more preferable.",1063,0,0,0,0,1,1,"Pu=0","","0000",2
"974","M065683","t001000","He doesn't know where other food options might be so he goes to the first one he sees.",1064,0,0,1,0,0,0,"Ku=0","","0010",1
"975","M876420","t010100","He went straight to the pizza cart as thats what he wanted to eat.",1065,0,1,0,1,0,0,"Pu=0","","0101",6
"976","M876420","t111001","He went for a walk then decided to get pizza instead of his favourite food.",1066,1,1,1,0,0,1,"Pu=0","","1110",2
"977","M876420","t101000","They were hungry and found a pizza cart when they were walking around.",1067,1,0,1,0,0,0,"Su_f=0","","1010",6
"978","M876420","t110110","He loves hotdogs so he went straight to the hotdog cart.",1068,1,1,0,1,1,0,"P=1","","1101",9
"979","M876420","t100111","He didnt know the area so went the long way to get his hotdog.",1069,1,0,0,1,1,1,"K=0","","1001",7
"980","M876420","t000101","He wanted pizza but went the longer way to get it.",1070,0,0,0,1,0,1,"Pu=0","","0001",7
"981","M876420","t001010","He was walking and felt like hotdogs as he walked past the cart.",1071,0,0,1,0,1,0,"Pu=1","","0010",2
"982","M876420","t011011","He was out for a run and seen a hotdog stand at the end so he got them.",1072,0,1,1,0,1,1,"Cu_p=1","","0110",13
"983","M957429","t010011","Charlie really wants hot dogs today",1073,0,1,0,0,1,1,"Pu=1","","0100",4
"984","M957429","t111000","They don't have time for a long route or to get to their favourite food today",1074,1,1,1,0,0,0,"Cu_p=0","","1110",4
"985","M957429","t011010","They want a longer trip to get some exercise",1075,0,1,1,0,1,0,"Cu_p=1","","0110",3
"986","M957429","t110101","They really want pizza today",1076,1,1,0,1,0,1,"Pu=0","","1101",9
"987","M957429","t101111","They remained hopeful there would be a hot dog stand despite going past the pizza stand",1077,1,0,1,1,1,1,"br_f=1","","1011",1
"988","M957429","t001001","They want a long route for exercise",1078,0,0,1,0,0,1,"Cu_p=1","","0010",6
"989","M796127","t110111","I was looking for something different to eat but ended up eating hot dogs...",1081,1,1,0,1,1,1,"Pu=1","","1101",4
"990","M796127","t001011","His desire to do sport made him walk for a long time...",1083,0,0,1,0,1,1,"Cu_p=1","","0010",9
"991","M796127","t101001","Wrong, hot dogs are not his favorite food...",1084,1,0,1,0,0,1,"P=0","","1010",3
"992","M796127","t000110","In order not to walk so much, he went to get the hot dog truck...",1085,0,0,0,1,1,0,"S=1","","0001",2
"993","M796127","t100000","Maybe if he had known the location of the hot dog truck he wouldn't have eaten pizza...",1086,1,0,0,0,0,0,"Ku=0","","1000",2
"994","M796127","t010101","Wrong, this guy is not lazy...",1087,0,1,0,1,0,1,"Cu_p=1","","0101",5
"995","M796127","t111010","That's right, his favorite food is hot dogs...",1088,1,1,1,0,1,0,"P=1","","1110",9
"996","M223026","t011110","The hotdog stand was closer",1089,0,1,1,1,1,0,"S=1","","0111",2
"997","M223026","t001101","they wanted to get pizza",1090,0,0,1,1,0,1,"Pu=0","","0011",4
"998","M223026","t100010","They know the area and wanted to get hotdogs",1092,1,0,0,0,1,0,"Ku=1","","1000",1
"999","M223026","t000000","they saw the stand and they were hungry",1094,0,0,0,0,0,0,"Su_f=1","","0000",1
"1000","M223026","t101011","they don't know the area well and didn't want pizza",1095,1,0,1,0,1,1,"Ku=0","","1010",5
"1001","M223026","t010111","They wanted to go on a walk before getting food",1096,0,1,0,1,1,1,"Cu_p=1","","0101",12
"1002","M313819","t001001","Brooklyn likes pizza more and did not mind walking for a longer period of time (as he is sporty) to find a truck that sold a more suitable food for his liking.",1097,0,0,1,0,0,1,"Cu_f=1","","0010",1
"1003","M313819","t000100","He tried to find a closer place to get some food as he is lazy",1098,0,0,0,1,0,0,"C=0","","0001",5
"1004","M313819","t101111","He was willing to walk a long way in order to find his favourite food and didn't mind doing that because he was sporty",1099,1,0,1,1,1,1,"Cu_f=1","","1011",1
"1005","M313819","t110101","Parker could have eaten  too many hot dogs and decided to eat something else instead of his favourite food",1100,1,1,0,1,0,1,"Pu=0","","1101",9
"1006","M313819","t011010","he didn't mind walking for a long time becuase he is sporty in order to get another type of food than pizza",1102,0,1,1,0,1,0,"C=1","","0110",2
"1007","M313819","t111000","he might have been starving and decided to placate his appetite with hot dogs",1103,1,1,1,0,0,0,"Pu=1","","1110",1
"1008","M313819","t010011","Charlie took the long way to get to the hot dog truck because he knew a drug delear and wanted to purchase some recreational drugs there.",1104,0,1,0,0,1,1,"br_p=1","","0100",2
"1009","M666276","t000111","Adrian is described as being lazy but goes all the way around, walking past the pizza store. This suggests that he does not like pizza and continued until he got to the hot dog store.",1105,0,0,0,1,1,1,"P=1","","0001",4
"1010","M666276","t101010","Jesse enjoys hot dogs and can't see the stand from his starting point. Considering that they are his favourite, he decides to go and look for them.",1106,1,0,1,0,1,0,"P=1","","1010",15
"1011","M666276","t110000","Parker's favourite food is hot dogs but he decides to head to the pizza stand. He is lazy and the pizza store is closer so decides to go there due to being lazy. Also, just because hot dogs are his favourite doesn't mean he also doesn't love pizza.",1107,1,1,0,0,0,0,"C=0","","1100",15
"1012","M666276","t010110","Charlie is lazy and sees the hot dog stand in his vicinity so decides to go there instead of going on the walk to the pizza stand.",1108,0,1,0,1,1,0,"Su_f=1","","0101",2
"1013","M666276","t011101","Drew can't see the pizza stand but knows the area so skips past the hot dog stand. Being sporty, this wouldn't be an issue as he doesn't mind the extra distance. Also, he may simply enjoy pizza more.",1109,0,1,1,1,0,1,"P=0","","0111",2
"1014","M666276","t111011","Taylor wants hot dogs and knows the area well so has no problem travelling for his favourite food.",1110,1,1,1,0,1,1,"Pu=1","","1110",2
"1015","M666276","t001100","Brooklyn is new to the area but can't see the hot dog stand. However, because they are sporty, they continue towards the pizza stand. Taylor may not enjoy hot dogs and also may have no problem in new surroundings.",1111,0,0,1,1,0,0,"Cu_f=1","","0011",1
"1016","M666276","t100001","Harper loves hot dogs but decides to go past the stand and return to the pizza stand. Considering they are unknown to the area and considered lazy this is pretty interesting. The hot dog stand may have been closed, may have been busy or too expensive.",1112,1,0,0,0,0,1,"br_f=1","","1000",5
"1017","M057681","t101000","Jesse happened to see a hot dog stand selling her favourite food and must have been hungry.",1113,1,0,1,0,0,0,"Pu=1","","1010",2
"1018","M057681","t011011","Drew must have known where each food stand was because he knows the area.  He must have set himself the goal of walking or maybe jogging a distance and then rewarding himself.",1114,0,1,1,0,1,1,"Cu_f=1","","0110",2
"1019","M057681","t001010","Maybe Brooklyn didn't like the look of the pizza stand and decided to press on until she found something else.",1115,0,0,1,0,1,0,"br_f=1","","0010",3
"1020","M057681","t000101","Maybe he doesn't like hot dogs or wasn't hungry enough to eat until he found the pizza stand.",1117,0,0,0,1,0,1,"P=0","","0001",10
"1021","M057681","t110110","It makes sense if he knows the area and wanted a hot dog that he would take the shortest route as he is lazy.",1118,1,1,0,1,1,0,"C=0","","1101",3
"1022","M057681","t010100","Maybe the pizza stand was slightly less distance to walk.  He knew where it was so maybe he had this in mind.",1119,0,1,0,1,0,0,"K=1","","0101",7
"1023","M057681","t111001","He wanted to do some exercise and resisted the temptation of having a hot dog.",1120,1,1,1,0,0,1,"Cu_p=1","","1110",15
"1024","M587202","t010010","Charlie went the quickest route to the hot dog stand because he knows where the hot dog stand is situated as he knows the area well.",1121,0,1,0,0,1,0,"K=1","","0100",5
"1025","M587202","t101110","Jesse could see a hot dog stand on the corner and went to investigate.",1122,1,0,1,1,1,0,"Su_f=1","","1011",8
"1026","M587202","t111111","As Taylor knows the area well he decided to take a longer route to the hot dog stand so he could get some exercise.",1123,1,1,1,1,1,1,"Cu_p=1","","1111",17
"1027","M587202","t011001","Drew knows the area well so he went a slightly longer route to the pizza stand to get some exercise before he has something to eat.",1124,0,1,1,0,0,1,"Cu_p=1","","0110",16
"1028","M587202","t000011","As Adrian doesn't know the area well he went a walk looking for a hot dog stand and eventually found one.",1125,0,0,0,0,1,1,"K=0","","0000",9
"1029","M587202","t001000","Brooklyn doesn't know the area well and as he was feeling a wee bit hungry he spotted the pizza stand close by and thought he would give it a try.",1126,0,0,1,0,0,0,"Su_f=0","","0010",11
"1030","M587202","t100101","As Harper does not know the area well he went for a walk to see if he could find a hot dog stand and he eventually did.",1127,1,0,0,1,0,1,"K=0","","1001",8
"1031","M587202","t110100","Parker favourite food is hot dogs so when he fancies a hot dog he goes to a hot dog stand just along the road.",1128,1,1,0,1,0,0,"Pu=1","","1101",1
"1032","M058076","t000110","The hot dog stand was quicker to get to as Adrian is lazy.",1129,0,0,0,1,1,0,"C=0","","0001",7
"1033","M058076","t001011","As Brooklyn is sporty he was happy to walk the extra distance to what I'd guess was his preferred food of hot dogs.",1130,0,0,1,0,1,1,"C=1","","0010",8
"1034","M058076","t010101","I think Charlie despite being lazy likes pizza a lot more than hot dogs so is prepared to walk further knowing where he can find his food of choice.",1131,0,1,0,1,0,1,"P=0","","0101",9
"1035","M058076","t111010","The fact that Taylor likes hot dogs a lot.",1132,1,1,1,0,1,0,"P=1","","1110",9
"1036","M058076","t101001","Jesse wanted to earn his fast food by going on a long walk first as he is sporty.",1134,1,0,1,0,0,1,"Cu_p=1","","1010",7
"1037","M058076","t110111","I think maybe Harper didn't have any money but knowing the area well would know where a cash machine was and then made his way to his favourite food of hot dogs.",1135,1,1,0,1,1,1,"P=1","","1101",4
"1038","M058076","t011100","I think Drew prefers pizza and knows where he can find it.",1136,0,1,1,1,0,0,"P=0","","0111",6
"1039","M053971","t010001","Boredom, he took the longer way because he's bored",1137,0,1,0,0,0,1,"br_p=1","","0100",5
"1040","M053971","t001111","He wanted to challenge himself because he's sporty",1138,0,0,1,1,1,1,"Cu_p=1","","0011",12
"1041","M053971","t100100","They changed their mind and chose pizza",1139,1,0,0,1,0,0,"Pu=0","","1001",2
"1042","M053971","t111110","Their favourite food is hot dogs",1140,1,1,1,1,1,0,"P=1","","1111",11
"1043","M053971","t011000","He didn't feel like doing too much today",1141,0,1,1,0,0,0,"Cu_p=0","","0110",4
"1044","M053971","t110011","They decided not to be lazy",1142,1,1,0,0,1,1,"Cu_p=0","","1100",1
"1045","M053971","t000010","He went that way on a whim",1143,0,0,0,0,1,0,"br_p=1","","0000",1
"1046","M053971","t101101","They wanted a sporty challenge",1144,1,0,1,1,0,1,"Cu_p=1","","1011",8
"1047","M085258","t100011","Harper loves Hotdogs and wanted them at that moment. Harper is not too fond of Pizza so opted to stick with his favourite food.",1145,1,0,0,0,1,1,"Pu=1","","1000",4
"1048","M085258","t011111","Drew doesn't mind trying different foods, however on this occasion he opted for Pizza. As he knows the area well de decided to bypass hotdogs for pizza.",1146,0,1,1,1,1,1,"K=1","","0111",4
"1049","M085258","t000001","Adrian considered hotdogs but when he reached the stand he changed his mind. He knew where the pizza stand was because of where he began his route. So he decided to have pizza instead of hotdogs.",1147,0,0,0,0,0,1,"Pu=0","","0000",5
"1050","M085258","t001110","Brooklyn opted for hotdogs due to have weak understand of the area. Brooklyn must have thought there may not be a food stand nearby and must have been hungry.",1148,0,0,1,1,1,0,"Ku=0","","0011",6
"1051","M085258","t111101","Taylor must've altered his mind when he approached his favourite food. Knowing the area well, Taylor decided to have Pizza instead as it is around the corner.",1149,1,1,1,1,0,1,"Ku=1","","1111",1
"1052","M085258","t010000","Charlie opted for Pizza over Hotdogs. Pizza was more nearby and due to Charlie being lazy it would have been the ideal choice for Charlie.",1150,0,1,0,0,0,0,"C=0","","0100",14
"1053","M085258","t110010","Parker wanted his favourite food, even though he is lazy the difference from Pizza to hotdog would'nt have exerted much of his energy.",1151,1,1,0,0,1,0,"Pu=1","","1100",5
"1054","M085258","t101100","Although favourite food is hotdog, Jesse decided to try something else in the area of unknown. Jess was feeling adventurous and thought let us see where this path leads to. Jesse eventually arrived at Pizza stand and decided to have that instead.",1152,1,0,1,1,0,0,"Pu=0","","1011",3
"1055","M072298","t111100","Taylor is very hungry",1153,1,1,1,1,0,0,"Cu_f=1","","1111",1
"1056","M072298","t001101","Brooklyn wants to take exercise to get his food",1155,0,0,1,1,0,1,"Cu_p=1","","0011",7
"1057","M072298","t010111","Charlie likes hotdogs",1156,0,1,0,1,1,1,"P=1","","0101",2
"1058","M072298","t000000","Charlie is lazy",1157,0,0,0,0,0,0,"C=0","","0000",14
"1059","M072298","t011110","Drew prefers hotdogs",1158,0,1,1,1,1,0,"P=1","","0111",6
"1060","M072298","t100010","Harper prefers hotdogs",1159,1,0,0,0,1,0,"P=1","","1000",11
"1061","M072298","t101011","Jesse wants to exercise to enjoy his hotdogs",1160,1,0,1,0,1,1,"Cu_f=1","","1010",3
"1062","M158702","t101101","Jesse does not know the route well of the area that it why  he passed his favourite spot.",1162,1,0,1,1,0,1,"K=0","","1011",4
"1063","M158702","t001111","Brooklyn is finding his way aound the area",1163,0,0,1,1,1,1,"Ku=1","","0011",1
"1064","M158702","t110011","Parker probably want to see the environment properly",1165,1,1,0,0,1,1,"Ku=1","","1100",3
"1065","M158702","t010001","Charlie walks around the area to site see the environment",1166,0,1,0,0,0,1,"br_p=1","","0100",5
"1066","M158702","t000010","The easiest way to get his favorite spot",1168,0,0,0,0,1,0,"Su_p=0","","0000",2
"1067","M833871","t001001","As Brooklyn don't know the area well, they may have wanted to see what options they had, other than pizza, but then after having walked around the houses and seen the other option, decided to go to the pizza truck.",1169,0,0,1,0,0,1,"K=0","","0010",3
"1068","M833871","t010011","Although Charlie is lazy, he knows the area well and so it's likely he knew where the hot dog truck was and decided to walk around the houses to the hot dog truck to get his preffered meal.",1170,0,1,0,0,1,1,"P=1","","0100",6
"1069","M833871","t000100","Adrian does not know the area well, and couldn't see either option of truck. He started walking in the direction of the pizza truck and when he reaches it, he stops and doesn't consider exploring further as he is lazy.",1171,0,0,0,1,0,0,"C=0","","0001",5
"1070","M833871","t110101","The hot dog truck may have been closed as they are Parker's favourite food and he walked straight passed it.",1172,1,1,0,1,0,1,"br_f=1","","1101",3
"1071","M833871","t111000","Taylor would know there is a hot dog truck round the on the next corner, and does not seem to be lazy. I think it is likely that Taylor just wanted pizza this day.",1173,1,1,1,0,0,0,"Pu=0","","1110",8
"1072","M833871","t011010","Drew knew their was a hot dog van on the next corner, and whilst they were near the pizza van, decided to walk to the hot dog van as this is what he wanted to eat on this occasion.",1174,0,1,1,0,1,0,"Pu=1","","0110",9
"1073","M833871","t100110","Harper started walking in one direction as they don't know the area well and were lucky to find this truck sold hot dogs which are their favourite food.",1175,1,0,0,1,1,0,"br_f=1","","1001",1
"1074","M833871","t101111","Jesse is sporty and so walked around the block of houses to see what options they had. They stopped at the hot dog truck as they sell their favourite food.",1176,1,0,1,1,1,1,"C=1","","1011",8
"1075","M523527","t101000","Jesse was so hungry that he decided to buy food from the first truck he saw. He doesn't know the area enough to know where the hot dog stand is based.",1177,1,0,1,0,0,0,"Ku=0","","1010",6
"1076","M523527","t000101","Adrian dislikes hotdogs to the point that he would rather avoid them, even when he considers himself lazy.",1178,0,0,0,1,0,1,"P=0","","0001",10
"1077","M523527","t110110","Parker loves hotdogs and he knows where the hot dog stand is.",1179,1,1,0,1,1,0,"P=1","","1101",9
"1078","M523527","t100111","Because Harper didn't know where the hot dog stand was, he took the long way around to it. But from their point of view, they continued walking until they found something familiar.",1180,1,0,0,1,1,1,"Ku=0","","1001",7
"1079","M523527","t111001","I believe Taylor wasn't wearing their glasses when they went out for a jog. That would explain why he didn't stop at the hot dog stand even though his favourite food is hot dogs.",1181,1,1,1,0,0,1,"Su_f=0","","1110",1
"1080","M523527","t001010","Brooklyn simply explored the area and discovered a hot dog stand that captured their eye.",1182,0,0,1,0,1,0,"Ku=1","","0010",2
"1081","M523527","t011011","Drew likes walking outside and since he's sporty. He considers it a fun activity. He took a break at the hot dog stand to have a hot dog as a snack before he went on another walk around his neighbourhood.",1183,0,1,1,0,1,1,"C=1","","0110",9
"1082","M523527","t010100","Charlie lives on pizza and knows that the location is around the corner. So he goes there to get his favourite treat.",1184,0,1,0,1,0,0,"P=0","","0101",7
"1083","M007251","t110000","They are lazy",1185,1,1,0,0,0,0,"C=0","","1100",15
"1084","M007251","t000111","They dont know the area",1186,0,0,0,1,1,1,"K=0","","0001",10
"1085","M007251","t111011","They wanted to exercise",1187,1,1,1,0,1,1,"Cu_p=1","","1110",14
"1086","M007251","t101010","Their favourite food is hot dogs",1188,1,0,1,0,1,0,"P=1","","1010",15
"1087","M007251","t100001","They don't know the area well",1189,1,0,0,0,0,1,"K=0","","1000",9
"1088","M007251","t011101","They wanted to exercise",1190,0,1,1,1,0,1,"Cu_p=1","","0111",12
"1089","M007251","t001100","Their favourite food is pizza",1191,0,0,1,1,0,0,"P=0","","0011",8
"1090","M007251","t010110","They are lazy",1192,0,1,0,1,1,0,"C=0","","0101",9
"1091","M780935","t011111","Because Drew knows his way around he is familiar with the food van placement and being a sporty fellow thought he would get some exercise by taking the long way round",1193,0,1,1,1,1,1,"C=1","","0111",8
"1092","M780935","t000001","Adrian, in an attempt to find something to eat, got lost because he doean't know the area and had to take the long way round to the pizza cart. Being a lazy fellow, he would have eaten hot dogs but unfortunately the vendor had sold out.",1194,0,0,0,0,0,1,"K=0","","0000",6
"1093","M780935","t100011","Harper, not knowing the area well spots a pizza pop-up eatery down the street and asks the vendor where the nearest hot dog stand is situated because they are his favourite food. However he is lazy and doean't want to walk far, but the hunger for hot dogs got the better of him and he takes a walk to the stand",1195,1,0,0,0,1,1,"P=1","","1000",11
"1094","M780935","t111101","Taylor takes his daily stroll to the hot dog stand at the end of his street to consume his favourite food. The vendor has promised to take a hot dog to the pizza seller around the corner and knowing Taylor is a sporty individual offers him a half price hot dog if he delivers another hot dog to the pizza seller.",1196,1,1,1,1,0,1,"Cu_p=1","","1111",16
"1095","M780935","t110010","Parker was caught in two minds. Being a lazy fellow his preference is to not expend too much energy and to hit the pizza stall, but his favouirite food are hot dogs and the stand is only a little further than the pizza stall. It was a close call but the hot dogs reign supreme in this case",1197,1,1,0,0,1,0,"P=1","","1100",12
"1096","M780935","t010000","Charlie is particularly hungry today and the smell from the pizza cart has him salivating and with the cart only being two houses away he doesn't have to expend too much energy.",1198,0,1,0,0,0,0,"Su_f=0","","0100",1
"1097","M780935","t001110","Brooklyn is a physical, sporty individual and he has been to the gym already this morning and is now hungry. He doesn't know the area but can see a hot dog stand down the street.",1199,0,0,1,1,1,0,"Su_f=1","","0011",5
"1098","M780935","t101100","Jesse is new to the area and is keen to find his way around, he can see the hot dog stand at the end of the street, but having eaten hot dogs for severalm days decides to take a jog around to see what else is on offer",1200,1,0,1,1,0,0,"Pu=0","","1011",3
"1099","M551967","t011001","Dre knows the area and route to the Pizza building",1201,0,1,1,0,0,1,"K=1","","0110",1
"1100","M551967","t010010","Charlies know the area to the pizza building but due to his laziness, he is not ready to go",1202,0,1,0,0,1,0,"C=0","","0100",2
"1101","M551967","t000011","Adrian is a lazy person although he doe not know the area to the pizza building",1203,0,0,0,0,1,1,"C=0","","0000",1
"1102","M551967","t110100","The favorite food of parkers is hot dog, he knows the area to get it but due to his laziness, he is not ready to go",1204,1,1,0,1,0,0,"C=0","","1101",6
"1103","M551967","t100101","The favorite food of Harpers is hot dog, but he doesnt know the area and due to his laziness he his not ready to find out where the place is",1205,1,0,0,1,0,1,"K=0","","1001",8
"1104","M551967","t101110","The favorite food of jesse is hot dog, he is a sporty and lazy person so he his not ready to go for it",1206,1,0,1,1,1,0,"P=1","","1011",10
"1105","M551967","t001000","Brookly is sporty but does not know the area well so as to go and procure the hot dog",1207,0,0,1,0,0,0,"C=1","","0010",1
"1106","M551967","t111111","The favorite food of Taylor is hot dog, he is sporty and conversant with the area but due to his laziness, he is not ready to go",1208,1,1,1,1,1,1,"Cu_p=0","","1111",1
"1107","M268789","t001001","They wanted to explore their surroundings.",1218,0,0,1,0,0,1,"Cu_p=1","","0010",6
"1108","M268789","t101111","They wanted to explore the area and come back to their favourite food.",1219,1,0,1,1,1,1,"br_p=1","","1011",2
"1109","M268789","t010011","Hotdogs may be their favourite food.",1220,0,1,0,0,1,1,"P=1","","0100",6
"1110","M268789","t000100","They may dislike hot dogs.",1221,0,0,0,1,0,0,"P=0","","0001",9
"1111","M268789","t011010","They like hotdogs",1222,0,1,1,0,1,0,"P=1","","0110",7
"1112","M268789","t100110","They can see hot dogs not too far away.",1223,1,0,0,1,1,0,"Su_f=1","","1001",3
"1113","M085827","t001010","The hot dog stand was further away from them and they wanted to have a walk as well.",1225,0,0,1,0,1,0,"Cu_p=1","","0010",2
"1114","M085827","t110110","They were too lazy to walk to the pizza stand. Hot dog stand was closer.",1226,1,1,0,1,1,0,"S=1","","1101",2
"1115","M085827","t111001","He wanted hot dogs but decided to burn more calories jogging to the pizza stand.",1227,1,1,1,0,0,1,"Cu_p=1","","1110",15
"1116","M085827","t011011","They wanted to walk more.",1228,0,1,1,0,1,1,"Cu_p=1","","0110",13
"1117","M085827","t010100","He chose the shortest distance to satisfy his cravings for pizza.",1229,0,1,0,1,0,0,"Pu=0","","0101",6
"1118","M085827","t000101","Wanted to have hot dogs, but the stand was shut.",1230,0,0,0,1,0,1,"br_f=1","","0001",2
"1119","M085827","t100111","They got confused by the GPS, but still wanted hot dogs.",1231,1,0,0,1,1,1,"br_f=1","","1001",2
"1120","M085827","t101000","It was raining and they didn't feel like walking all the way to the hot dog stand in the rain.",1232,1,0,1,0,0,0,"br_p=0","","1010",1
"1121","M244093","t011101","Wanted to exert more energy before eating",1233,0,1,1,1,0,1,"Cu_p=1","","0111",12
"1122","M244093","t001100","wanted to find alternative to hotdogs",1234,0,0,1,1,0,0,"Pu=0","","0011",3
"1123","M244093","t000111","prefers hotdogs over pizza though neither are his favorite",1235,0,0,0,1,1,1,"P=1","","0001",4
"1124","M244093","t100001","wanted to explore the area",1236,1,0,0,0,0,1,"br_p=1","","1000",1
"1125","M244093","t110000","pizza was a closer distance",1237,1,1,0,0,0,0,"Su_p=0","","1100",4
"1126","M244093","t010110","prefers hotdogs",1238,0,1,0,1,1,0,"P=1","","0101",3
"1127","M244093","t111011","wanted to exert extra energy before eating",1239,1,1,1,0,1,1,"Cu_p=1","","1110",14
"1128","M244093","t101010","perfers hotdogs over pizza",1240,1,0,1,0,1,0,"P=1","","1010",15
"1129","M157738","t011110","they're hungry",1241,0,1,1,1,1,0,"Pu=1","","0111",8
"1130","M157738","t000000","shortest route",1242,0,0,0,0,0,0,"br_p=0","","0000",2
"1131","M157738","t100010","they fancy hot dog",1243,1,0,0,0,1,0,"Pu=1","","1000",5
"1132","M157738","t110001","they want some exercise then pizza",1244,1,1,0,0,0,1,"Cu_p=1","","1100",4
"1133","M157738","t010111","they want exercise then hot dog",1246,0,1,0,1,1,1,"Cu_p=1","","0101",12
"1134","M157738","t101011","they want exercise then hot dog",1247,1,0,1,0,1,1,"Cu_p=1","","1010",8
"1135","M157738","t001101","they want exercise then pizza",1248,0,0,1,1,0,1,"Cu_p=1","","0011",7
"1136","M826328","t101110","His favourite food is hot dogs and he can see the hotdog stand",1257,1,0,1,1,1,0,"P=1","","1011",10
"1137","M826328","t110100","The pizza stand is closer",1258,1,1,0,1,0,0,"Su_p=0","","1101",2
"1138","M826328","t100101","He wants to see if there is anything better to eat and he can't be bothered to walk back to the hot dogs",1259,1,0,0,1,0,1,"Cu_f=0","","1001",1
"1139","M826328","t001000","They don't know the area so just has pizza",1260,0,0,1,0,0,0,"K=0","","0010",5
"1140","M826328","t011001","He doesn't like  hot dogs",1261,0,1,1,0,0,1,"P=0","","0110",3
"1141","M826328","t111111","He wants to get some steps in so goes the long way",1262,1,1,1,1,1,1,"Cu_p=1","","1111",17
"1142","M826328","t000011","He doesn't like pizza and wants to see if there is more choice",1263,0,0,0,0,1,1,"br_f=1","","0000",5
"1143","M826328","t010010","He prefers hot dogs",1264,0,1,0,0,1,0,"P=1","","0100",8
"1144","M519454","t010001","It's possible Charlie wanted to look at the hot dog stand and changed his mind.",1265,0,1,0,0,0,1,"br_f=1","","0100",3
"1145","M519454","t101101","It's possible Jesse didn't like the look of the hot dog stand as it is his favourite food and holds a high standard that wasn't met.",1266,1,0,1,1,0,1,"br_f=1","","1011",4
"1146","M519454","t000010","They were unaware that a pizza place was closer.",1267,0,0,0,0,1,0,"Ku=0","","0000",2
"1147","M519454","t011000","Drew knows that the pizza is better than the hot dogs.",1268,0,1,1,0,0,0,"br_f=0","","0110",1
"1148","M519454","t100100","Harper knows that the hot dogs aren't very good from this stand.",1269,1,0,0,1,0,0,"br_f=1","","1001",1
"1149","M519454","t111110","Taylor thinks the pizza is too fattening.",1270,1,1,1,1,1,0,"br_f=0","","1111",1
"1150","M519454","t110011","Parker wanted to see if there was a queue at the pizza stand but decided to stick with hot dogs",1271,1,1,0,0,1,1,"br_f=1","","1100",3
"1151","M519454","t001111","Brooklyn is happy to get some exercise on the way to the hot dog stand and may have taken the same route regardless.",1272,0,0,1,1,1,1,"Cu_p=1","","0011",12
"1152","M080084","t001110","Brooklyn saw the Hotdog stall and went there as that is all they knew",1273,0,0,1,1,1,0,"Ku=1","","0011",2
"1153","M080084","t101100","Jesse was out for a run and came across a Pizza stall",1274,1,0,1,1,0,0,"Cu_p=1","","1011",5
"1154","M080084","t111101","Taylor was out for a long run in the area he knew and after a while decided to stop for pizza",1275,1,1,1,1,0,1,"Cu_p=1","","1111",16
"1155","M080084","t100011","Harper doesn't like Pizza so walked around until he found something",1278,1,0,0,0,1,1,"P=1","","1000",11
"1156","M080084","t000001","Adrian walk around to find something he liked, he eventually settled on pizza",1279,0,0,0,0,0,1,"br_f=0","","0000",2
"1157","M080084","t011111","Drew went for a run and stopped for his favourite food hot dogs",1280,0,1,1,1,1,1,"P=1","","0111",1
"1158","M089254","t100011","Lost but looking for hotdogs, thier favourite",1281,1,0,0,0,1,1,"P=1","","1000",11
"1159","M089254","t010000","Goes to nearest as convenient and close",1282,0,1,0,0,0,0,"Su_p=0","","0100",2
"1160","M089254","t000001","Wanted pizza, didn;t know how to get there via the shortest route",1283,0,0,0,0,0,1,"Ku=0","","0000",4
"1161","M089254","t111101","Wanted to go the long way as like sports",1286,1,1,1,1,0,1,"Cu_p=1","","1111",16
"1162","M089254","t001110","really wanted hotdogs",1287,0,0,1,1,1,0,"Pu=1","","0011",1
"1163","M089254","t011111","Wanted to take the long route as likes sports",1288,0,1,1,1,1,1,"Cu_p=1","","0111",16
"1164","M807351","t000010","He likes hotdogs and takes shortest route to stall",1289,0,0,0,0,1,0,"P=1","","0000",6
"1165","M807351","t001111","Happy to walk to see whats available at both stalls",1293,0,0,1,1,1,1,"Cu_p=1","","0011",12
"1166","M807351","t011000","Knows shortest path to nearest stall",1294,0,1,1,0,0,0,"Ku=1","","0110",2
"1167","M807351","t110011","Wants hotdogs but wants to see whats available at pizza stall first",1296,1,1,0,0,1,1,"Pu=1","","1100",2
"1168","M018187","t011010","Drew knows the shortest way to the hot dog stand",1297,0,1,1,0,1,0,"Ku=1","","0110",2
"1169","M018187","t101111","Jesse doesn't know the area and took the longest route",1298,1,0,1,1,1,1,"K=0","","1011",6
"1170","M018187","t001001","Brooklyn took the longest route because he was sporty",1299,0,0,1,0,0,1,"C=1","","0010",14
"1171","M018187","t000100","Adrian went the shortest way to save energy",1300,0,0,0,1,0,0,"Cu_p=0","","0001",3
"1172","M018187","t111000","Taylor preferred pizza that day",1301,1,1,1,0,0,0,"Pu=0","","1110",8
"1173","M018187","t100110","Harper sort-of knew where the hot dog stand was",1302,1,0,0,1,1,0,"Ku=1","","1001",1
"1174","M018187","t010011","Charlie preferred hot dogs that day but went the long route for some unknown reason",1303,0,1,0,0,1,1,"br_p=1","","0100",2
"1175","M018187","t110101","Parker went to hot dog stand but changed his mind when he got there",1304,1,1,0,1,0,1,"br_f=0","","1101",2
"1176","M003175","t011011","Drew knew he could have gotten to the hot dog truck faster through another route, but he was feeling like taking a longer and different path this time",1305,0,1,1,0,1,1,"Cu_p=1","","0110",13
"1177","M003175","t101000","Jesse doesn't know the area, so he assumed that the hot dog truck might be located after the pizza truck that he can see. He chooses this path, knowing that he doesn't mind walking for a bit longer anyway",1306,1,0,1,0,0,0,"K=0","","1010",6
"1178","M003175","t010100","Charlie knew that he wanted pizza and didn't particularly want to spend much time getting there, so he took the shortest and most straightforward route to get there",1307,0,1,0,1,0,0,"Pu=0","","0101",6
"1179","M003175","t001010","Brooklyn saw the pizza truck but wanted to go around the block and explore the area, as he was feeling in the mood to walk a bit. He ended up going in the opposite direction to the pizza truck and found hot dogs on the way",1308,0,0,1,0,1,0,"Cu_p=1","","0010",2
"1180","M003175","t100111","Harper must have not been able to see the hotdog truck from where he was, otherwise, he would have gone straight to it",1309,1,0,0,1,1,1,"Su_f=0","","1001",1
"1181","M003175","t111001","Taylor went out for food, and even though his favourite food is hot dogs, tonight he felt like having pizza instead and taking a long walk at the same time",1310,1,1,1,0,0,1,"Pu=0","","1110",2
"1182","M003175","t110110","Parker wanted hot dogs and didn't particularly want to walk a lot to get there, so he took his usual route to the hot dog truck, which is the fastest one",1311,1,1,0,1,1,0,"Pu=1","","1101",3
"1183","M003175","t000101","While Adrian was feeling a bit lazy, he walked past the hot dog truck and didn't feel like eating hot dogs on this occasion, so he kept walking - taking advantage of the opportunity to visit the area - until he found his happiness at the pizza truck",1312,0,0,0,1,0,1,"Pu=0","","0001",7
"1184","M066545","t101010","He didn't feel like having pizza so decided to walk to the hot dog stand instead.",1313,1,0,1,0,1,0,"Pu=1","","1010",2
"1185","M066545","t111011","Because he is sporty he wanted to take a longer walk.",1314,1,1,1,0,1,1,"Cu_p=1","","1110",14
"1186","M066545","t010110","It was the fastest way to the hot dog stand.",1315,0,1,0,1,1,0,"Su_p=1","","0101",5
"1187","M066545","t100001","He wanted to take a longer walk because he is sporty.",1316,1,0,0,0,0,1,"C=1","","1000",1
"1188","M066545","t001100","He likes pizza and this was the shortest way to the pizza stand.",1317,0,0,1,1,0,0,"P=0","","0011",8
"1189","M066545","t000111","He wanted to take a longer walk to the hot dog stand because he is sporty",1318,0,0,0,1,1,1,"C=1","","0001",2
"1190","M066545","t110000","He loves pizza and the pizza stand was the closest to him.",1319,1,1,0,0,0,0,"S=0","","1100",1
"1191","M066545","t011101","He didn't know there was a shorter way to the pizza stand.",1320,0,1,1,1,0,1,"Ku=0","","0111",1
"1192","M844097","t011100","I think Drew wanted to go the shortest way possible for pizza",1321,0,1,1,1,0,0,"Cu_p=0","","0111",1
"1193","M844097","t000110","Visually he could see the hot dog stand so he was guaranteed to be rewarded for his effort",1322,0,0,0,1,1,0,"Su_f=1","","0001",5
"1194","M844097","t101001","When he got to the hot dog stand he didn't really fancy one so he kept walking in the same direction until he found something else",1323,1,0,1,0,0,1,"Pu=0","","1010",8
"1195","M844097","t111010","He knew where the hot dogs were and went the most direct way to them",1324,1,1,1,0,1,0,"Ku=1","","1110",3
"1196","M844097","t100000","He can see hot dogs ahead so he took the shortest available route to them",1325,1,0,0,0,0,0,"Su_f=1","","1000",1
"1197","M844097","t010101","Potentially the hot dog stand was closed/didn't have exactly what he wanted so he decided to get pizza instead",1326,0,1,0,1,0,1,"br_f=1","","0101",4
"1198","M844097","t001011","Brooklyn didn't fancy pizza so walked past it and kept going till he found the next stall",1327,0,0,1,0,1,1,"Pu=0","","0010",1
"1199","M844097","t110111","I have no idea why. Maybe he was on a phone call and needed an extra few minutes on it so had to take the long route to finish up his call",1328,1,1,0,1,1,1,"br_p=1","","1101",4
"1200","M077855","t000000","Adrian is lazy so he visited the closest food cart, which was the pizza stand.",1329,0,0,0,0,0,0,"C=0","","0000",14
"1201","M077855","t011110","Drew went in a straight line to the Hot Dog stand.",1330,0,1,1,1,1,0,"Su_p=1","","0111",1
"1202","M077855","t101011","jesse doesnn't know the area well so travelled far for the Hot Dogs",1331,1,0,1,0,1,1,"K=0","","1010",3
"1203","M077855","t111100","Taylor is sporty and went around to visit the Pizza stand",1332,1,1,1,1,0,0,"C=1","","1111",2
"1204","M077855","t001101","Brooklyn doesn't know the area well so goes around the main road to the Pizza stand",1333,0,0,1,1,0,1,"K=0","","0011",2
"1205","M077855","t110001","Parker is usually lazy but took the long way around to the pizza stand.",1334,1,1,0,0,0,1,"C=0","","1100",4
"1206","M077855","t010111","Charlei is lazy but too tyhe long way around to the hot dog stand.",1336,0,1,0,1,1,1,"Cu_p=1","","0101",12
"1207","M025532","t101111","they went the long way because they are sporty",1337,1,0,1,1,1,1,"C=1","","1011",8
"1208","M025532","t000100","went to the closest kiosk because they are lazy",1338,0,0,0,1,0,0,"C=0","","0001",5
"1209","M025532","t011010","drew went to the further kiosk because he is sporty",1339,0,1,1,0,1,0,"C=1","","0110",2
"1210","M025532","t010011","charlie doesn't like pizza",1340,0,1,0,0,1,1,"P=1","","0100",6
"1211","M025532","t111000","taylor was very hungry",1341,1,1,1,0,0,0,"Cu_f=1","","1110",1
"1212","M025532","t001001","Brooklyn got lost",1342,0,0,1,0,0,1,"Ku=0","","0010",1
"1213","M025532","t100110","harper loves hot dogs",1343,1,0,0,1,1,0,"P=1","","1001",11
"1214","M025532","t110101","the hot dog stand was closed",1344,1,1,0,1,0,1,"Su_p=1","","1101",4
"1215","M122783","t000011","Adrian really likes hotdogs and doesnt know the area well",1345,0,0,0,0,1,1,"P=1","","0000",5
"1216","M122783","t010010","Charlie likes hotdogs and knows the area well",1346,0,1,0,0,1,0,"K=1","","0100",5
"1217","M122783","t011001","Drew likes pizza and wants to walk further before eating pizza",1347,0,1,1,0,0,1,"Cu_f=1","","0110",1
"1218","M122783","t101110","Jesse saw hotdogs stand and went there first",1348,1,0,1,1,1,0,"Su_f=1","","1011",8
"1219","M122783","t100101","Harper did not see the hotdog stand",1349,1,0,0,1,0,1,"Su_f=1","","1001",1
"1220","M122783","t111111","Taylor wanted to walk before eating and likes hotdogs",1351,1,1,1,1,1,1,"Cu_p=1","","1111",17
"1221","M122783","t110100","Parker did not see the hotdogs stand",1352,1,1,0,1,0,0,"Su_f=1","","1101",1
"1222","M401267","t111010","It is the most direct route to their favourite food vendor.",1353,1,1,1,0,1,0,"Su_p=0","","1110",1
"1223","M401267","t100000","It is the closest food place because they are lazy.",1354,1,0,0,0,0,0,"Cu_p=0","","1000",6
"1224","M401267","t001011","They went exploring to find somewhere to eat.",1355,0,0,1,0,1,1,"br_p=1","","0010",3
"1225","M401267","t011100","It is the most direct route to their favourite food vendor.",1356,0,1,1,1,0,0,"Su_p=0","","0111",2
"1226","M401267","t101001","They went out for exercise and stopped for food on the way back.",1357,1,0,1,0,0,1,"Cu_p=1","","1010",7
"1227","M401267","t010101","There was something else he needed to do on that route.",1358,0,1,0,1,0,1,"br_p=1","","0101",1
"1228","M401267","t110111","There was something else they needed to do on their route.",1360,1,1,0,1,1,1,"br_p=1","","1101",4
"1229","M008766","t011000","He can see the pizza stand",1361,0,1,1,0,0,0,"Su_f=0","","0110",1
"1230","M008766","t111110","He can see the hot dog stand and they are his favourite",1362,1,1,1,1,1,0,"P=1","","1111",11
"1231","M008766","t010001","he did not know what he wanted to eat",1363,0,1,0,0,0,1,"Cu_f=0","","0100",1
"1232","M008766","t101101","they don't know the quickest way",1364,1,0,1,1,0,1,"K=0","","1011",4
"1233","M008766","t000010","they wanted to eat hot dogs",1365,0,0,0,0,1,0,"Pu=1","","0000",6
"1234","M008766","t100100","they were going that way anyway",1366,1,0,0,1,0,0,"Su_p=0","","1001",3
"1235","M008766","t110011","they needed to go somewhere else on the way",1367,1,1,0,0,1,1,"br_p=1","","1100",7
"1236","M008766","t001111","they were going for a walk as they are sporty",1368,0,0,1,1,1,1,"C=1","","0011",8
"1237","M577296","t000111","Adrian wanted to eat the food they knew the most, and couldn't be bothered to try the other truck. They wondered along aimlessly until they got to the truck on the other side.",1369,0,0,0,1,1,1,"Pu=0","","0001",1
"1238","M577296","t010110","Since Charlie is lazy, they just walked to the end of the road to the truck there. They could not see the other one as it was obscured by the houses.",1370,0,1,0,1,1,0,"C=0","","0101",9
"1239","M577296","t101010","Despite not being able to see it due to the houses, Jesse is sporty so they jogged until they found the hot dog stand.",1371,1,0,1,0,1,0,"Cu_f=1","","1010",2
"1240","M577296","t100001","Harper did not know the area well, so they might have been lost and pre-occupied with this so they did not notice the hot dog stand as they walked past it.",1372,1,0,0,0,0,1,"Ku=0","","1000",4
"1241","M577296","t111011","Despite Taylor knowing the area well, and knowing the fastest route, they are sporty so they wanted to take the long way round.",1373,1,1,1,0,1,1,"Cu_p=1","","1110",14
"1242","M577296","t110000","Parker could not be bothered to walk longer to the hot dog stand, despite it being their favourite food. The pizza stand was closer so they went there instead.",1374,1,1,0,0,0,0,"P=1","","1100",1
"1243","M577296","t011101","Drew wanted to eat the food from the truck that was the furthest distance away as they are sporty.",1375,0,1,1,1,0,1,"Cu_f=1","","0111",2
"1244","M577296","t001100","Brooklyn probably took a different route to learn the area and did not notice the hot dog stand, but when they went around they saw the pizza truck.",1376,0,0,1,1,0,0,"Ku=0","","0011",5
"1245","M961219","t111101","They walked around the block in a clockwise direction, happy to get the exercise because they decided to have something other than a hot dog today.",1377,1,1,1,1,0,1,"Cu_p=1","","1111",16
"1246","M961219","t101100","They decided to walk anti-clockwise around the block to see what they came across and were happy to discover the pizza stand.",1378,1,0,1,1,0,0,"br_p=1","","1011",1
"1247","M961219","t100011","They really wanted a hot dog and held out until they could find a hot dog stand, even if it meant walking quite some distance.",1379,1,0,0,0,1,1,"Pu=1","","1000",4
"1248","M961219","t110010","They knew exactly where to go for a hot dog and chose the shortest route to get there.",1380,1,1,0,0,1,0,"Ku=1","","1100",1
"1249","M961219","t001110","They set off walking and discovered a hot dog stand en-route and enjoyed a hot dog before walking some more to explore the new area.",1381,0,0,1,1,1,0,"br_f=1","","0011",1
"1250","M961219","t000001","They set off walking to explore the area, discovering a hot dog on the way, but didn't feel like eating a hot dog today and continued on until they discovered the pizza stand.",1382,0,0,0,0,0,1,"Pu=0","","0000",5
"1251","M961219","t010000","They knew exactly where to go quickly to get something to eat.",1383,0,1,0,0,0,0,"Ku=1","","0100",2
"1252","M961219","t011111","They really wanted a hot dog and wanted to make sure they got some good exercise before getting their reward.",1384,0,1,1,1,1,1,"Cu_p=1","","0111",16
"1253","M174263","t011011","Drew first wanted a pizza but when arriving there he changed his mind so he carried on to the hotdogs food truck.",1385,0,1,1,0,1,1,"Pu=1","","0110",4
"1254","M174263","t110110","Parker was hungry so he went straight to the hot dogs food truck which luckily was the closest to him as he is lazy.",1386,1,1,0,1,1,0,"C=0","","1101",3
"1255","M174263","t001010","Brooklyn wanted to explore the area as he doesn't know it well and when discovering the hot dogs food truck he decided to stop there to eat.",1387,0,0,1,0,1,0,"Ku=1","","0010",2
"1256","M174263","t100111","Harper didn't notice the hot dogs food truck or maybe he just wasn't hungry and decided to explore the area but got lost as eventually it took him a long path to get to the hot dogs food truck.",1388,1,0,0,1,1,1,"Ku=0","","1001",7
"1257","M174263","t111001","Taylor wanted to exercise and decided to have a pizza for a change.",1389,1,1,1,0,0,1,"Cu_p=1","","1110",15
"1258","M174263","t010100","Charlie wanted a pizza.",1390,0,1,0,1,0,0,"Pu=0","","0101",6
"1259","M174263","t101000","Jesse thought there are no hot dogs in the area as he doesn't know it well so decided to have a pizza when he found a food truck.",1391,1,0,1,0,0,0,"K=0","","1010",6
"1260","M174263","t000101","Adrian badly wanted a pizza so didn't stop at the hot dogs food truck even if it took him longer to get there.",1392,0,0,0,1,0,1,"Pu=0","","0001",7
"1261","M216624","t111100","To increase thier step count",1393,1,1,1,1,0,0,"Cu_p=1","","1111",3
"1262","M216624","t101011","Didnt realise there was a shorter route.",1394,1,0,1,0,1,1,"Ku=0","","1010",5
"1263","M216624","t100010","Harper took a really short route - cause he was really hungry and wanted to get there with minimal effort",1395,1,0,0,0,1,0,"Cu_p=0","","1000",2
"1264","M216624","t001101","Got lost",1396,0,0,1,1,0,1,"Ku=0","","0011",1
"1265","M216624","t010111","Not being familiar with the area - they didnt know there any easier and short route",1397,0,1,0,1,1,1,"K=0","","0101",3
"1266","M216624","t110001","They were not aware that it was not far away",1398,1,1,0,0,0,1,"Ku=0","","1100",3
"1267","M216624","t011110","Drew was not in the mood for taking a longer path.",1399,0,1,1,1,1,0,"Cu_p=0","","0111",4
"1268","M216624","t000000","Adrian was lucky to source a short route",1400,0,0,0,0,0,0,"br_p=0","","0000",2
"1269","M077141","t111111","THEY ARE STANDING NEXT TO THE HOT DOG STAND",1401,1,1,1,1,1,1,"S=1","","1111",1
"1270","M077141","t011001","drew likes the pizza",1402,0,1,1,0,0,1,"P=0","","0110",3
"1271","M077141","t101110","jesse is stnding next to the hot dog stand",1403,1,0,1,1,1,0,"S=1","","1011",3
"1272","M077141","t110100","Parker is lazy he ended up at the wrong stand of pizza",1405,1,1,0,1,0,0,"C=0","","1101",6
"1273","M887585","t010001","He likes pizza",1409,0,1,0,0,0,1,"P=0","","0100",3
"1274","M887585","t100100","He was lost",1410,1,0,0,1,0,0,"Ku=0","","1001",5
"1275","M887585","t110011","He likes hot dogs",1411,1,1,0,0,1,1,"P=1","","1100",7
"1276","M887585","t011000","He likes pizza, he didn't have time for a long walk",1412,0,1,1,0,0,0,"P=0","","0110",5
"1277","M887585","t000010","He doesn't like pizza",1413,0,0,0,0,1,0,"P=1","","0000",6
"1278","M887585","t101101","Jesse wanted pizza for a change and wanted to get some excersize",1414,1,0,1,1,0,1,"Pu=0","","1011",6
"1279","M887585","t111110","He likes hot dogs, the stall was near by",1415,1,1,1,1,1,0,"S=1","","1111",1
"1280","M887585","t001111","Brooklyn wanted to get some excersize",1416,0,0,1,1,1,1,"Cu_p=1","","0011",12
"1281","M047399","t001110","Brooklyn doesn't realise there might be another food truck so goes to the first one spotted.",1417,0,0,1,1,1,0,"Ku=0","","0011",6
"1282","M047399","t100011","Harper prefers hot dogs to the food on the other truck.",1418,1,0,0,0,1,1,"P=1","","1000",11
"1283","M047399","t011111","Drew wants a long walk first.",1419,0,1,1,1,1,1,"Cu_p=1","","0111",16
"1284","M047399","t111101","Taylor wanted to walk further than the hot dog stand.",1422,1,1,1,1,0,1,"Cu_p=1","","1111",16
"1285","M047399","t000001","Adrian wanted to get to know the area.",1423,0,0,0,0,0,1,"Cu_p=1","","0000",5
"1286","M047399","t110010","Parker really wanted a hot dog so kept walking till he found one.",1424,1,1,0,0,1,0,"Pu=1","","1100",5
"1287","M049366","t110100","Parker wasn't paying attention and didn't see tje hot dog stand at the corner of the road.",1425,1,1,0,1,0,0,"Su_f=0","","1101",3
"1288","M049366","t111111","Taylor saw the hot dog stand which is his favourite but he went the long way round for some extra exercise because he is sporty.",1426,1,1,1,1,1,1,"C=1","","1111",7
"1289","M049366","t010010","Charlie decided to find the other food truck because he doesn't like pizza.",1427,0,1,0,0,1,0,"P=1","","0100",8
"1290","M049366","t101110","Jesse went straight to the hot dog van because he was hungry.",1428,1,0,1,1,1,0,"br_f=1","","1011",2
"1291","M049366","t011001","Drew went the long way round to get to the pizza truck for extra exercise.",1429,0,1,1,0,0,1,"Cu_p=1","","0110",16
"1292","M049366","t100101","Harper went towards the hot dog truck but must have then fancied something different and walked further to find the pizza truck.",1430,1,0,0,1,0,1,"Pu=0","","1001",6
"1293","M049366","t000011","Adrian went to the pizza truck but didn't see anything he liked so kept going to find another food truck until he came across the hot dog truck.",1431,0,0,0,0,1,1,"br_f=1","","0000",5
"1294","M049366","t001000","Brooklyn was hungry so went straight to the pizza truck to get some food.",1432,0,0,1,0,0,0,"Su_f=0","","0010",11
"1295","M410109","t101000","He can see the pizza cart and likes pizza",1433,1,0,1,0,0,0,"Su_f=0","","1010",6
"1296","M410109","t010100","Charlie is lazy but he prefers pizza and so takes the longer route to get it",1434,0,1,0,1,0,0,"P=0","","0101",7
"1297","M410109","t111001","Taylor is more interested in the run, so when he gets to his favourite food he decides to keep running past it and rests instead at the pizza truck",1435,1,1,1,0,0,1,"Cu_p=1","","1110",15
"1298","M410109","t011011","Drew knows he could take a right turn and get to the hot dogs quickly but prefers to walk a bit further to get some exercise",1436,0,1,1,0,1,1,"Cu_p=1","","0110",13
"1299","M410109","t001010","Brooklyn is out for a wander in a new area and comes across a hot dog vendor. They decide to treat themselves and is happy to have discovered a local landmark",1437,0,0,1,0,1,0,"br_f=1","","0010",3
"1300","M410109","t000101","Adrian doesn't like hotdogs but has heard that there may be a pizza truck so kkeps walking because he does like pizza",1438,0,0,0,1,0,1,"P=0","","0001",10
"1301","M410109","t100111","Taylor didn't look to the right and so walked the long route before coming across the hot dog truck",1439,1,0,0,1,1,1,"Ku=0","","1001",7
"1302","M410109","t110110","Parker knows the fastest way to hotdog heaven",1440,1,1,0,1,1,0,"Ku=1","","1101",1
"1303","M682432","t111010","As they cant see the stand, I assume they just set off in the opposite direction of the pizza stand, which they can see.",1441,1,1,1,0,1,0,"Su_f=0","","1110",1
"1304","M682432","t100000","He's lazy so goes for the easy option, ie a pizza",1442,1,0,0,0,0,0,"C=0","","1000",8
"1305","M682432","t001011","They go for a walk and have no preference for food, so walk past the stand that is only a short distance away.",1443,0,0,1,0,1,1,"Cu_f=0","","0010",1
"1306","M682432","t010101","Maybe the hot dogs were not appealing when she got to see them.",1444,0,1,0,1,0,1,"br_f=1","","0101",4
"1307","M682432","t011100","Maybe he had already exercised and was hungry.",1445,0,1,1,1,0,0,"Cu_f=1","","0111",2
"1308","M682432","t110111","Difficult to say, maybe he had a a guilt complex and felt he needed to exercise a bit.",1446,1,1,0,1,1,1,"Cu_p=1","","1101",8
"1309","M682432","t101001","Maybe the hot dog stand had run out of food and they had to go for the next best option",1447,1,0,1,0,0,1,"br_f=0","","1010",2
"1310","M973167","t000111","maybe he knows hes lazy and wants to be healthier so he sees the hotdog stand but wants to get some steps in and goees the long way",1449,0,0,0,1,1,1,"Cu_p=1","","0001",4
"1311","M973167","t010110","he knows where the food stalls are and wants hotdogs so he goes the most efficient way",1450,0,1,0,1,1,0,"Ku=1","","0101",2
"1312","M973167","t100001","he went to hotdog place but wasnt what he expected so he went back to where he saw a pizza stand or kept walking til he found another food option",1451,1,0,0,0,0,1,"br_f=1","","1000",5
"1313","M973167","t011101","he knows that the pizza place is around the corner but fancied a walk?",1452,0,1,1,1,0,1,"Cu_p=1","","0111",12
"1314","M973167","t001100","maybe he walked and got to pizza place and was unsure whether he would find another food place nearby",1454,0,0,1,1,0,0,"Ku=0","","0011",5
"1315","M973167","t101010","they possibly saw pizza stand and knew they didnt want it and so went opposite way and saw a hotdog stand",1455,1,0,1,0,1,0,"Su_f=0","","1010",1
"1316","M298739","t101011","Jesse took this route because he wanted to get some exercise prior to eating the hot dog (even though he could have arrived at the hot dog stand much earlier).",1457,1,0,1,0,1,1,"Cu_p=1","","1010",8
"1317","M298739","t010111","Charlie wanted to have a leisurely stroll to the hot dog stand and could not be bothered to seek out alterative routes",1458,0,1,0,1,1,1,"Cu_p=1","","0101",12
"1318","M298739","t111100","Taylor took the path he took because he wanted some exercise to get to the stand in a quick timeframe.",1459,1,1,1,1,0,0,"Cu_p=1","","1111",3
"1319","M298739","t001101","Brooklyn took a long while to get his food and worked out that this path would take him there, whilst being able to benefit from exercise.",1460,0,0,1,1,0,1,"Cu_p=1","","0011",7
"1320","M298739","t110001","Parker took this path because he couldn't be bothered to look for alternatives, and just chose an area he is familiar with",1461,1,1,0,0,0,1,"Ku=0","","1100",3
"1321","M298739","t000000","Adrian took a straightforward and quick path to get to where he wanted to get to, which he did not have to think about much.",1462,0,0,0,0,0,0,"Ku=1","","0000",1
"1322","M298739","t011110","As drew knows the area well, this path (that he knows well) provided him with some exercise to get to the hotdogs",1463,0,1,1,1,1,0,"Cu_p=1","","0111",1
"1323","M298739","t100010","Harper took this path to the hot dogs because it was no effort to research the route, which was straightfoward.",1464,1,0,0,0,1,0,"Su_p=1","","1000",1
"1324","M047817","t110101","They waited for the food truck to get closer.",1467,1,1,0,1,0,1,"Su_p=1","","1101",4
"1325","M047817","t100110","They didn't know where the food truck was.",1468,1,0,0,1,1,0,"Ku=0","","1001",1
"1326","M047817","t111000","He knew where the food truck was and went there first.",1471,1,1,1,0,0,0,"Ku=1","","1110",2
"1327","M015369","t010111","He could see only the the hot dog truck from his position",1473,0,1,0,1,1,1,"Su_f=1","","0101",1
"1328","M015369","t111100","He has changed his mind for a pizza",1474,1,1,1,1,0,0,"Pu=0","","1111",11
"1329","M015369","t101011","As he does not know the are he did not bother to walk more and the pizza dod not tempt him because he really wanted to eat hot dog",1475,1,0,1,0,1,1,"Pu=1","","1010",1
"1330","M015369","t001101","He wanted to eat pizza and he did not bother to walk much",1476,0,0,1,1,0,1,"Pu=0","","0011",4
"1331","M015369","t110001","There is no expalanation whey he moved like this when he knows the area and loves hot dog",1477,1,1,0,0,0,1,"P=1","","1100",1
"1332","M015369","t011110","He wanted hot dog",1478,0,1,1,1,1,0,"Pu=1","","0111",8
"1333","M015369","t100010","He loved to hot dog enough to walk a bit more to get it",1479,1,0,0,0,1,0,"P=1","","1000",11
"1334","M015369","t000000","He saw the pizza is close and he devided to go for it as he did not want to walk further",1480,0,0,0,0,0,0,"Su_p=0","","0000",6
"1335","M895939","t010100","He knows where is stand is and it's not very far",1481,0,1,0,1,0,0,"Ku=1","","0101",2
"1336","M895939","t101000","he doesn't know the area well so goes to the one he can see",1482,1,0,1,0,0,0,"Su_f=1","","1010",1
"1337","M895939","t111001","He wants to exercise before eating",1484,1,1,1,0,0,1,"Cu_p=1","","1110",15
"1338","M895939","t000101","He walked past the hotdog truck and didn't like the look of it, so kept going until he saw an alternative",1485,0,0,0,1,0,1,"br_f=1","","0001",2
"1339","M895939","t001010","He kept walking in the direction he was already facing",1486,0,0,1,0,1,0,"Su_p=1","","0010",1
"1340","M895939","t100111","He thought about trying pizza for a change but didn't like the look of it so kept going for hotdogs",1487,1,0,0,1,1,1,"br_f=1","","1001",2
"1341","M895939","t011011","He wanted to exercise before eating and knew where the hotdog stall was",1488,0,1,1,0,1,1,"Cu_p=1","","0110",13
"1342","M784724","t111110","He knows the area well and likes hot dogs",1489,1,1,1,1,1,0,"K=1","","1111",5
"1343","M784724","t100100","they do not know the area well so might have gotten lost",1490,1,0,0,1,0,0,"K=0","","1001",9
"1344","M784724","t011000","He likes pizza more than hot dogs",1491,0,1,1,0,0,0,"P=0","","0110",5
"1345","M784724","t110011","he is lazy so might have wanted to exercise more and he likes hot dogs",1492,1,1,0,0,1,1,"P=1","","1100",7
"1346","M784724","t101101","he likes hot dogs but does not mean he wanted to eat hot dogs at that moment so went to pizza instead",1493,1,0,1,1,0,1,"Pu=0","","1011",6
"1347","M784724","t000010","he didnt feel like eating pizza and saw the hot dog stand",1494,0,0,0,0,1,0,"Pu=1","","0000",6
"1348","M784724","t010001","charlie just wanted pizza",1495,0,1,0,0,0,1,"Pu=0","","0100",5
"1349","M784724","t001111","brookyln went for a run",1496,0,0,1,1,1,1,"Cu_p=1","","0011",12
"1350","M849289","t001011","They went to the furthest one because they are sporty and wanted some excercise",1497,0,0,1,0,1,1,"Cu_p=1","","0010",9
"1351","M849289","t110111","they went the long way to get some excercise as they are lazy and usually don't get any",1498,1,1,0,1,1,1,"Cu_p=1","","1101",8
"1352","M849289","t101001","they don't know the area well so ended up going the long way to get their favourite food",1499,1,0,1,0,0,1,"K=0","","1010",4
"1353","M849289","t011100","Drew wanted pizza so went the shortest route to that stall",1500,0,1,1,1,0,0,"Pu=0","","0111",9
"1354","M849289","t000110","they went to the closest food stall because they are lazy",1502,0,0,0,1,1,0,"C=0","","0001",7
"1355","M849289","t010101","they may have got to the hot dog stall and decided they wanted pizza instea",1503,0,1,0,1,0,1,"Pu=0","","0101",5
"1356","M849289","t100000","they went to the closest one because they are lazy",1504,1,0,0,0,0,0,"C=0","","1000",8
"1357","M079551","t010010","Charlie preferred hotdogs, so decided to walk a little bit further",1505,0,1,0,0,1,0,"P=1","","0100",8
"1358","M079551","t011001","Drew is sporty so wanted to get some extra steps in, rather than stopping at the nearest food stall",1506,0,1,1,0,0,1,"Cu_p=1","","0110",16
"1359","M079551","t000011","Adrian doesn't like pizza, so decided to see if there were any other food stalls on his route",1507,0,0,0,0,1,1,"br_f=1","","0000",5
"1360","M079551","t101110","Jesse decided to get hot dogs because they are their favourite food.",1508,1,0,1,1,1,0,"P=1","","1011",10
"1361","M079551","t111111","Taylor took the longest route to the hot dog stand because they wanted to get some extra steps in",1510,1,1,1,1,1,1,"Cu_p=1","","1111",17
"1362","M079551","t100101","Harper went to the hot dog stand but wasn't impressed with their selection so decided to walk on to find something else",1511,1,0,0,1,0,1,"br_f=1","","1001",1
"1363","M037368","t010011","They were not fully aware of where the stands were located",1513,0,1,0,0,1,1,"Ku=0","","0100",2
"1364","M037368","t011010","They knew the quickest way to get where they needed to go",1514,0,1,1,0,1,0,"Ku=1","","0110",2
"1365","M037368","t110101","The Hot Dog stand was closed",1515,1,1,0,1,0,1,"Su_p=1","","1101",4
"1366","M037368","t100110","They wanted the shortest route because they are lazy",1516,1,0,0,1,1,0,"C=0","","1001",5
"1367","M037368","t001001","They wanted to do more exercise because they are sporty.",1517,0,0,1,0,0,1,"C=1","","0010",14
"1368","M037368","t101111","They wanted a longer route for exercise because they are sporty",1518,1,0,1,1,1,1,"C=1","","1011",8
"1369","M037368","t000100","They are lazy so wanted the shortest route",1519,0,0,0,1,0,0,"Cu_p=0","","0001",3
"1370","M037368","t111000","They wanted the easiest and closest choice",1520,1,1,1,0,0,0,"Su_p=0","","1110",1
"1371","M813055","t010110","Charlie is lazy and so is likely to take the shorter route to a food establishment.",1521,0,1,0,1,1,0,"C=0","","0101",9
"1372","M813055","t001100","Brooklyn is sporty and so likes to exercise and explore an area.",1522,0,0,1,1,0,0,"C=1","","0011",1
"1373","M813055","t000111","Adrian took the longer route to get to the hot dog stand, because he doesn't know the area well.",1523,0,0,0,1,1,1,"K=0","","0001",10
"1374","M813055","t011101","Drew is sporty and so likes to take the longer route to the food stand, as he can do more exercise that way.",1524,0,1,1,1,0,1,"C=1","","0111",7
"1375","M813055","t101010","Jesse went straight for the hot dog stand, because hot dogs are her favourite food.",1525,1,0,1,0,1,0,"P=1","","1010",15
"1376","M813055","t111011","Taylor took the longer route to the hot dog stand because they are sporty and like to exercise.",1526,1,1,1,0,1,1,"C=1","","1110",9
"1377","M813055","t110000","Parker is lazy and so went to the pizza stand, in spite of the fact that pizza is not their favourite food, because it required less energy to get there.",1527,1,1,0,0,0,0,"C=0","","1100",15
"1378","M813055","t100001","Harper missed the hot dog stand and so took the longer route to get to an alternative food stand.",1528,1,0,0,0,0,1,"Su_f=0","","1000",3
"1379","M084155","t010000","he is too lazy to walk to the hot dog stand",1529,0,1,0,0,0,0,"C=0","","0100",14
"1380","M084155","t101100","they do know know the area well and are not aware there is a hot dog stand on another corner",1530,1,0,1,1,0,0,"K=0","","1011",7
"1381","M084155","t111101","they did not want to have hot dogs",1531,1,1,1,1,0,1,"Pu=0","","1111",2
"1382","M084155","t110010","they really wanted to have hot dogs",1532,1,1,0,0,1,0,"Pu=1","","1100",5
"1383","M084155","t000001","they really wanted to have pizza",1533,0,0,0,0,0,1,"Pu=0","","0000",5
"1384","M084155","t011111","they felt like exercising and ended up buying hot dogs",1534,0,1,1,1,1,1,"Cu_p=1","","0111",16
"1385","M084155","t001110","he was feeling lazy",1535,0,0,1,1,1,0,"Cu_p=0","","0011",2
"1386","M084155","t100011","they really wanted hot dogs",1536,1,0,0,0,1,1,"Pu=1","","1000",4
"1387","M018984","t100011","They couldn't see the hot dog stand and went the wrong way around",1539,1,0,0,0,1,1,"Su_f=0","","1000",1
"1388","M018984","t101100","They were exploring and simply found the Pizza first",1541,1,0,1,1,0,0,"Su_f=0","","1011",2
"1389","M018984","t011111","They wanted some exercise",1542,0,1,1,1,1,1,"Cu_p=1","","0111",16
"1390","M018984","t000001","They were looking for other stands before ending at the pizza one",1543,0,0,0,0,0,1,"br_f=0","","0000",2
"1391","M292348","t101000","The pizza stand is visible and close",1545,1,0,1,0,0,0,"Su_f=0","","1010",6
"1392","M292348","t010100","They prefer pizza as the hot dog stand is slightly closer",1546,0,1,0,1,0,0,"S=1","","0101",1
"1393","M292348","t100111","They really wanted hot dogs and took the long way as they didn't know the area",1547,1,0,0,1,1,1,"Ku=0","","1001",7
"1394","M292348","t000101","He really wanted pizza",1548,0,0,0,1,0,1,"Pu=0","","0001",7
"1395","M292348","t011011","He initially thought about pizza but changed his mind",1549,0,1,1,0,1,1,"Pu=1","","0110",4
"1396","M292348","t110110","The shortest route was to his favourite food",1550,1,1,0,1,1,0,"Su_p=0","","1101",2
"1397","M292348","t001010","He wanted hot dogs and is fit enough to take the longer path",1551,0,0,1,0,1,0,"Cu_f=1","","0010",1
"1398","M292348","t111001","Being sporty they wanted a longer route",1552,1,1,1,0,0,1,"Cu_p=1","","1110",15
"1399","M124396","t101011","they love hot dogs",1553,1,0,1,0,1,1,"P=1","","1010",2
"1400","M124396","t100010","they took the short route because they don't have a lot of time",1554,1,0,0,0,1,0,"Cu_p=0","","1000",2
"1401","M124396","t001101","they love pizza",1555,0,0,1,1,0,1,"P=0","","0011",4
"1402","M124396","t000000","it's the quickest",1556,0,0,0,0,0,0,"Su_p=0","","0000",6
"1403","M124396","t011110","it's the quickest",1557,0,1,1,1,1,0,"Su_p=0","","0111",2
"1404","M124396","t111100","they love pizza",1558,1,1,1,1,0,0,"P=0","","1111",3
"1405","M124396","t110001","they wanted to browse around",1559,1,1,0,0,0,1,"br_p=1","","1100",3
"1406","M124396","t010111","they wanted to walk around",1560,0,1,0,1,1,1,"Cu_p=1","","0101",12
"1407","M055125","t101111","They wanted to explore the area.",1561,1,0,1,1,1,1,"Cu_p=1","","1011",7
"1408","M055125","t000100","Adrian went to the closest food stall and liked Pizza.",1563,0,0,0,1,0,0,"P=0","","0001",9
"1409","M055125","t110101","Parker missed seeing the hot dog stand on the way.",1564,1,1,0,1,0,1,"Su_f=0","","1101",2
"1410","M055125","t100110","Harper likes hot dogs and didn't want to walk far.",1565,1,0,0,1,1,0,"P=1","","1001",11
"1411","M055125","t001001","Brooklyn wanted to walk around the area.",1566,0,0,1,0,0,1,"Cu_p=1","","0010",6
"1412","M055125","t010011","Charlie didn't want to eat pizza today.",1567,0,1,0,0,1,1,"Pu=1","","0100",4
"1413","M160205","t110111","They went the long way despite being lazy because they had to pick up a pizza for someone else.",1569,1,1,0,1,1,1,"br_f=0","","1101",1
"1414","M160205","t101001","He went to the hotdog stand and then did some extra walking due to being sporty.",1570,1,0,1,0,0,1,"C=1","","1010",5
"1415","M160205","t001011","He took to long route as he did not know where it was.",1571,0,0,1,0,1,1,"K=0","","0010",4
"1416","M160205","t111010","He was in a hurry so he took the shortest route.",1572,1,1,1,0,1,0,"Cu_p=0","","1110",1
"1417","M160205","t100000","He was too lazy to walk to the hotdog stand so settled for a Pizza because it was closer.",1573,1,0,0,0,0,0,"Cu_p=0","","1000",6
"1418","M160205","t011100","He went to the pizza stand as it was slightly further away and he wanted the exercise",1574,0,1,1,1,0,0,"Cu_p=1","","0111",1
"1419","M160205","t010101","He wanted both a hotdog and a pizza so chose the shortest route to get both",1575,0,1,0,1,0,1,"br_p=0","","0101",1
"1420","M160205","t000110","He just went to the nearest food stand because he is lazy",1576,0,0,0,1,1,0,"C=0","","0001",7
"1421","M811719","t010110","they are lazy",1577,0,1,0,1,1,0,"C=0","","0101",9
"1422","M811719","t000111","they do not know the area yet",1578,0,0,0,1,1,1,"K=0","","0001",10
"1423","M811719","t111011","they are sporty",1579,1,1,1,0,1,1,"C=1","","1110",9
"1424","M811719","t101010","they do not know the area",1580,1,0,1,0,1,0,"K=0","","1010",2
"1425","M811719","t011101","they know the area",1581,0,1,1,1,0,1,"K=1","","0111",1
"1426","M811719","t001100","does not know the area",1582,0,0,1,1,0,0,"K=0","","0011",5
"1427","M811719","t110000","he knows the area well",1583,1,1,0,0,0,0,"K=1","","1100",1
"1428","M811719","t100001","they do notknow the area well",1584,1,0,0,0,0,1,"K=0","","1000",9
"1429","M969679","t000010","They have gone for the option they thought was closer",1588,0,0,0,0,1,0,"Su_p=0","","0000",2
"1430","M969679","t011000","They have gone for the closet option",1590,0,1,1,0,0,0,"Su_p=0","","0110",6
"1431","M969679","t010001","No real explanation other than they didn't see the pizza place first",1591,0,1,0,0,0,1,"Su_f=1","","0100",1
"1432","M969679","t101101","They didn't want hot dogs on this occasion",1592,1,0,1,1,0,1,"Pu=0","","1011",6
"1433","M004430","t110100","They want pizza as they had a hot dog yesterday",1593,1,1,0,1,0,0,"Pu=0","","1101",6
"1434","M004430","t100101","They called round a friend who lived in the far right house who wanted pizza.",1594,1,0,0,1,0,1,"br_f=0","","1001",5
"1435","M004430","t001000","They smelt the pizza and it tasted better and was closest in distance",1595,0,0,1,0,0,0,"Su_f=0","","0010",11
"1436","M004430","t011001","Drew wanted to burn some calories so he ran to the pizza cart to 'earn' his meal.",1596,0,1,1,0,0,1,"Cu_p=1","","0110",16
"1437","M004430","t101110","He could see the hot dog cart from his original start point",1597,1,0,1,1,1,0,"Su_f=1","","1011",8
"1438","M004430","t000011","He didn't look round properly",1598,0,0,0,0,1,1,"Ku=0","","0000",1
"1439","M004430","t111111","He wanted to 'earn' his snack so took the long way round",1599,1,1,1,1,1,1,"Cu_p=1","","1111",17
"1440","M004430","t010010","He fancied hot dog that day",1600,0,1,0,0,1,0,"Pu=1","","0100",12
"1441","M093146","t111111","they wanted to look around the area before getting a hot dog",1601,1,1,1,1,1,1,"br_p=1","","1111",1
"1442","M093146","t001000","they saw the pizza truck and went to get some because they were hungry",1602,0,0,1,0,0,0,"Pu=0","","0010",2
"1443","M093146","t100101","even though they favorite fod is hotdog, they were not craving hot dogs and went for a walk expecting to find something else",1603,1,0,0,1,0,1,"Pu=0","","1001",6
"1444","M093146","t010010","charlie was probably not craving pizza and knew the hot dogs were not far",1604,0,1,0,0,1,0,"Pu=1","","0100",12
"1445","M093146","t011001","he wanted to burn some calories before getting pizza so took the long path",1605,0,1,1,0,0,1,"Cu_p=1","","0110",16
"1446","M093146","t101110","jesse loves hot dogs and saw the truck and went to get some",1606,1,0,1,1,1,0,"br_f=1","","1011",2
"1447","M093146","t110100","even though their favorite food is hot dog, at the time parker was craving pizza and knew they were not far",1607,1,1,0,1,0,0,"Pu=0","","1101",6
"1448","M093146","t000011","adrian just was not craving pizza and went to look around the block till found something else",1608,0,0,0,0,1,1,"Pu=1","","0000",2
"1449","M127500","t011000","Easiest route towards the pizza stand",1612,0,1,1,0,0,0,"Su_p=0","","0110",6
"1450","M127500","t111110","Straight and direct towards to the hot dog stand",1613,1,1,1,1,1,0,"Su_p=1","","1111",2
"1451","M127500","t100100","A wrong turn towards the pizza stand",1614,1,0,0,1,0,0,"br_p=1","","1001",2
"1452","M501313","t100000","They went the shortest route as they preferred pizza.",1618,1,0,0,0,0,0,"P=0","","1000",2
"1453","M501313","t111010","They went straight to the hot dog stand as they know the area well and like them.",1619,1,1,1,0,1,0,"K=1","","1110",6
"1454","M501313","t000110","They went to the hot dog stand as it was closest to them.",1620,0,0,0,1,1,0,"S=1","","0001",2
"1455","M501313","t001011","They went for a run to the hot dog stand",1621,0,0,1,0,1,1,"Cu_p=1","","0010",9
"1456","M501313","t010101","They went straight to the hot dog stand",1622,0,1,0,1,0,1,"Su_f=1","","0101",2
"1457","M501313","t101001","they walked round the block to the pizza stand and couldnt find hot dog stand",1623,1,0,1,0,0,1,"Ku=0","","1010",1
"1458","M501313","t110111","struggled to find the hot dog stand",1624,1,1,0,1,1,1,"Ku=0","","1101",2
"1459","M189680","t100110","likes hotdogs went the fastest way",1625,1,0,0,1,1,0,"P=1","","1001",11
"1460","M189680","t111000","didnt fancy hotdogs today",1626,1,1,1,0,0,0,"Pu=0","","1110",8
"1461","M189680","t110101","also not very bright",1628,1,1,0,1,0,1,"br_p=0","","1101",1
"1462","M189680","t101111","wanted to do some exercise",1629,1,0,1,1,1,1,"Cu_p=1","","1011",7
"1463","M189680","t011010","wanted a hotdog",1631,0,1,1,0,1,0,"Pu=1","","0110",9
"1464","M189680","t001001","wanted to do some exercise",1632,0,0,1,0,0,1,"Cu_p=1","","0010",6
"1465","M036833","t001100","He doesn't like hot dogs and he could see the hot dogs but smell the pizza so decided to walk in the direction of the smell in the hope he'd find pizza",1633,0,0,1,1,0,0,"P=0","","0011",8
"1466","M036833","t011101","He thought he'd see what's available at the hot dog stand but when he got there it wasn't available or there wasn't what he wanted, so he went to the pizza place instead",1634,0,1,1,1,0,1,"br_f=1","","0111",2
"1467","M036833","t111011","He wanted the longer walk to get to the hot dogs and he enjoys walking",1635,1,1,1,0,1,1,"Cu_p=1","","1110",14
"1468","M036833","t100001","The hot dog stand was closed and then he got confused about which way to go",1637,1,0,0,0,0,1,"br_f=1","","1000",5
"1469","M036833","t000111","He doesn't know the area well so didn't see the hot dog stand and went the long way around. The pizza place told him about the hot dogs and he decided to go there.",1638,0,0,0,1,1,1,"Ku=0","","0001",6
"1470","M036833","t110000","He's lazy so just wants the nearest possible food truck.",1639,1,1,0,0,0,0,"C=0","","1100",15
"1471","M036833","t101010","Their favourite food is hot dogs so they thought it was worth going further to get them.",1640,1,0,1,0,1,0,"P=1","","1010",15
"1472","M019551","t110110","This is their favourite food and they are lazy - they could see the hot dog stand from where they were stood.",1641,1,1,0,1,1,0,"Su_f=1","","1101",2
"1473","M019551","t001010","He decided to choose to look further than the pizza stand that was closest to him",1642,0,0,1,0,1,0,"Su_f=1","","0010",2
"1474","M019551","t000101","He doesn't like hot dogs so decided to walk further to see if there was another stand with food on it that he likes",1643,0,0,0,1,0,1,"P=0","","0001",10
"1475","M019551","t111001","Maybe they had run out of hot dogs if he'd gone all the way past the hot dog stand and come back towards the pizza.",1644,1,1,1,0,0,1,"br_f=0","","1110",1
"1476","M019551","t011011","He looked at the pizza stand but decided to go past it and go for a hot dog instead.",1645,0,1,1,0,1,1,"Pu=1","","0110",4
"1477","M019551","t010100","He knew the pizza truck wasn't far away so decided to walk to that instead of the hot dog one.",1646,0,1,0,1,0,0,"Ku=1","","0101",2
"1478","M019551","t100111","I'm not sure why they would not go straight to the hot dog stand and walk the long way round.  Maybe they wanted to see what else was about.",1647,1,0,0,1,1,1,"br_p=1","","1001",3
"1479","M188273","t100010","Harper just followed the road and bought hot dogs from the first shop they saw",1649,1,0,0,0,1,0,"Su_f=1","","1000",1
"1480","M188273","t010111","Charlie wanted to stop by the pizza place to see if they liked anything. They did not and decided to go to the hot dog stand",1650,0,1,0,1,1,1,"br_f=1","","0101",1
"1481","M188273","t111100","Taylor usually takes the longer route to buy hot dogs but saw the pizza stall on the way today and decided to have some pizza",1651,1,1,1,1,0,0,"br_f=0","","1111",1
"1482","M188273","t001101","Brooklyn decided to explore the area on foot and see what options there are. They then decided on pizza after almost coming full circle from their starting point",1652,0,0,1,1,0,1,"br_p=1","","0011",1
"1483","M188273","t110001","Parker accidentally took a wrong turn but were too lazy to turn back, so they just kept walking until they came to the pizza stand and decided to just buy pizza instead",1653,1,1,0,0,0,1,"br_p=1","","1100",3
"1484","M188273","t101011","Jesse decided to explore the neighborhood until they came to a hot dog stand that was sufficiently far from their starting point",1654,1,0,1,0,1,1,"br_p=1","","1010",1
"1485","M188273","t011110","Drew was in a rush today so decided against taking the longer route",1656,0,1,1,1,1,0,"Cu_p=0","","0111",4
"1486","M021536","t001110","Brooklyn likes hot dogs.",1657,0,0,1,1,1,0,"P=1","","0011",3
"1487","M021536","t000001","Pizza isn't his favourite food but he doesn't like hot dogs.",1658,0,0,0,0,0,1,"P=0","","0000",5
"1488","M021536","t101100","Jesse wanted some exercise today.",1659,1,0,1,1,0,0,"Cu_p=1","","1011",5
"1489","M021536","t011111","Drew likes hot dogs but wanted to get some exercise.",1660,0,1,1,1,1,1,"Cu_p=1","","0111",16
"1490","M021536","t100011","Harper doesn't like pizza.",1661,1,0,0,0,1,1,"P=1","","1000",11
"1491","M021536","t111101","Taylor wanted extra exercise today.",1662,1,1,1,1,0,1,"Cu_p=1","","1111",16
"1492","M021536","t110010","Parker wanted hot dogs today.",1663,1,1,0,0,1,0,"Pu=1","","1100",5
"1493","M021536","t010000","Pizza is his favourite food.",1664,0,1,0,0,0,0,"P=0","","0100",3
"1494","M452275","t000011","He doesn't know the quicker route because he doesn't know the area well.",1665,0,0,0,0,1,1,"K=0","","0000",9
"1495","M452275","t100101","the didn't know there was a quicker route.",1666,1,0,0,1,0,1,"Ku=0","","1001",1
"1496","M452275","t010010","the knew the quickest route and took it because they are lazy",1667,0,1,0,0,1,0,"C=0","","0100",2
"1497","M452275","t110100","the popcorn was closer so they chose it because they're lazy",1668,1,1,0,1,0,0,"C=0","","1101",6
"1498","M452275","t101110","their favourite food is hot dogs",1669,1,0,1,1,1,0,"P=1","","1011",10
"1499","M452275","t001000","they could see food and didn't know there was other options because they dont know the area well",1670,0,0,1,0,0,0,"K=0","","0010",5
"1500","M452275","t111111","they took the longer route because they are sporty",1671,1,1,1,1,1,1,"C=1","","1111",7
"1501","M452275","t011001","they took the longer route because they are sporty",1672,0,1,1,0,0,1,"C=1","","0110",6
"1502","M928115","t100011","Harper is lazy so she takes the shorter route",1673,1,0,0,0,1,1,"C=0","","1000",3
"1503","M928115","t110010","Parker enjoys taking a walk to the pizza stand",1674,1,1,0,0,1,0,"C=1","","1100",1
"1504","M928115","t111101","Taylor doesn't mind walking as he knows the area well and is sporty",1675,1,1,1,1,0,1,"K=1","","1111",1
"1505","M928115","t101100","I think Jesse took the route because she doesn't know the area well, Jesse thought  that was the shortest route and it turned out to be the longer route",1676,1,0,1,1,0,0,"Ku=0","","1011",3
"1506","M928115","t010000","Since Charlie is lazy and is familiar with the area, he took the shotest possible route",1677,0,1,0,0,0,0,"C=0","","0100",14
"1507","M928115","t000001","Adrian didn't know which way to take as he was not familiar with route",1678,0,0,0,0,0,1,"K=0","","0000",6
"1508","M928115","t011111","Drew is sporty and knows the area that's why she took the longer route",1679,0,1,1,1,1,1,"C=1","","0111",8
"1509","M928115","t001110","Brooklyn took the longer route as he wasn't familiar with the area",1680,0,0,1,1,1,0,"K=0","","0011",5
"1510","M562322","t000010","He wanted to explore a bit, but closer to his place of residence and saw the hot dog stand and decided to stop there.",1681,0,0,0,0,1,0,"br_f=1","","0000",1
"1511","M562322","t011000","Drew likes pizza more than hot dogs.",1682,0,1,1,0,0,0,"P=0","","0110",5
"1512","M562322","t101101","Jesse is sporty and thus decides to walk more to explore the area.",1683,1,0,1,1,0,1,"Cu_p=1","","1011",8
"1513","M562322","t010001","Charlie wanted a hot dog but was maybe too lazy to queue for it, so went to get pizza instead.",1684,0,1,0,0,0,1,"Pu=1","","0100",2
"1514","M562322","t001111","Brooklyn walks a long route because she is sporty and wants to explore more.",1685,0,0,1,1,1,1,"Cu_p=1","","0011",12
"1515","M562322","t110011","Parker took a longer route to exercise a bit, as he knows he will be lazy to exercise otherwise.",1686,1,1,0,0,1,1,"Cu_p=1","","1100",5
"1516","M562322","t111110","Taylor likes hot dogs, hence goes straight to the hot dog stand.",1687,1,1,1,1,1,0,"P=1","","1111",11
"1517","M562322","t100100","Harper wanted to explore a bit on the other side, saw the pizza and deicded to get it instead of going back to the hot dog stand.",1688,1,0,0,1,0,0,"br_p=1","","1001",2
"1518","M123901","t010100","He knows the area well so knows where is everything",1689,0,1,0,1,0,0,"K=1","","0101",7
"1519","M123901","t110110","He  likes hot dogs",1691,1,1,0,1,1,0,"P=1","","1101",9
"1520","M123901","t111001","They wanted to admire the weather",1692,1,1,1,0,0,1,"br_p=1","","1110",1
"1521","M123901","t000101","He doesn't know the area well enough.",1693,0,0,0,1,0,1,"K=0","","0001",8
"1522","M123901","t011011","He is active so doesn't mind walking long",1694,0,1,1,0,1,1,"C=1","","0110",9
"1523","M123901","t001010","He doesn't know the town well enough.",1695,0,0,1,0,1,0,"K=0","","0010",4
"1524","M123901","t100111","They don't know the area well enough",1696,1,0,0,1,1,1,"K=0","","1001",7
"1525","M267759","t111010","He knows the area well and loves hot dogs",1697,1,1,1,0,1,0,"K=1","","1110",6
"1526","M267759","t000110","He is lazy so just goes to the first thing he sees",1698,0,0,0,1,1,0,"Cu_p=0","","0001",3
"1527","M267759","t011100","He is sporty so doesn't mind taking a longer path",1699,0,1,1,1,0,0,"C=1","","0111",2
"1528","M267759","t100000","They're lazy so go to the first thing they see",1700,1,0,0,0,0,0,"Cu_p=0","","1000",6
"1529","M267759","t110111","His favourite food is hot dogs",1701,1,1,0,1,1,1,"P=1","","1101",4
"1530","M267759","t010101","He doesn't want hot dogs",1702,0,1,0,1,0,1,"P=0","","0101",9
"1531","M267759","t101001","They're sporty so don't mind having a long walk",1703,1,0,1,0,0,1,"C=1","","1010",5
"1532","M267759","t001011","He's sporty so doesn't mind taking a longer walk",1704,0,0,1,0,1,1,"C=1","","0010",8
"1533","M024817","t001101","They probably wanted to take the long way round and exercise since they are sporty.",1705,0,0,1,1,0,1,"C=1","","0011",7
"1534","M024817","t010111","I think Charlie wanted to get some fresh air while out.",1706,0,1,0,1,1,1,"Cu_p=1","","0101",12
"1535","M024817","t110001","The hot dog stand was out of hot dogs.",1707,1,1,0,0,0,1,"br_f=1","","1100",1
"1536","M024817","t100010","Harper wanted to reach the hot dog stand quickly as he is lazy.",1708,1,0,0,0,1,0,"C=0","","1000",1
"1537","M024817","t000000","He chose the nearest shop as he is lazy.",1709,0,0,0,0,0,0,"C=0","","0000",14
"1538","M024817","t011110","He was probably tired on the day and also loves hotdogs.",1710,0,1,1,1,1,0,"P=1","","0111",6
"1539","M024817","t101011","Jesse wanted to get some exercise while on his way out to get food.",1711,1,0,1,0,1,1,"Cu_p=1","","1010",8
"1540","M943977","t001100","He didn't fancy the hot dog.",1713,0,0,1,1,0,0,"Pu=0","","0011",3
"1541","M943977","t010110","Although he's self-proclaimed lazy, the hot dog is no closer; he prefers hot dogs.",1714,0,1,0,1,1,0,"P=1","","0101",3
"1542","M943977","t011101","He didn't fancy a hot dog and wanted a walk.",1715,0,1,1,1,0,1,"Pu=0","","0111",5
"1543","M943977","t101010","He didn't want pizza and wanted to go for a longer walk.",1716,1,0,1,0,1,0,"Cu_p=1","","1010",2
"1544","M943977","t100001","This is irrational, given stated laziness and knowledge of area. Perhaps the hot dogs did not seem good value when he moved closer.",1717,1,0,0,0,0,1,"br_f=1","","1000",5
"1545","M943977","t000111","This, too, is irrational.  He was put off my the look of the pizzas.",1718,0,0,0,1,1,1,"br_f=1","","0001",1
"1546","M943977","t110000","Parker's laziness outweighed his preference for hot dogs.",1719,1,1,0,0,0,0,"C=0","","1100",15
"1547","M060188","t111000","He did not have much time",1722,1,1,1,0,0,0,"br_p=0","","1110",1
"1548","M060188","t000100","They thought there might be better other places round the corner.",1723,0,0,0,1,0,0,"br_f=1","","0001",1
"1549","M060188","t010011","They felt like a change and a walk.",1724,0,1,0,0,1,1,"Cu_p=1","","0100",4
"1550","M060188","t001001","They are sporty and wanted exercise.",1725,0,0,1,0,0,1,"C=1","","0010",14
"1551","M060188","t101111","They wanted the exercise.",1726,1,0,1,1,1,1,"Cu_p=1","","1011",7
"1552","M060188","t011010","Today they wanted a hotdog",1727,0,1,1,0,1,0,"Pu=1","","0110",9
"1553","M060188","t100110","ITs the quickest route to the stand",1728,1,0,0,1,1,0,"Su_p=0","","1001",1
"1554","M885625","t000010","he likes hot dogs more than pizza",1729,0,0,0,0,1,0,"P=1","","0000",6
"1555","M885625","t111110","he likes hot dogs",1730,1,1,1,1,1,0,"P=1","","1111",11
"1556","M885625","t110011","he didn't know there was a quicker route",1731,1,1,0,0,1,1,"Ku=0","","1100",1
"1557","M885625","t001111","she wanted to exercise before she ate",1732,0,0,1,1,1,1,"Cu_p=1","","0011",12
"1558","M885625","t011000","he was very hungry",1733,0,1,1,0,0,0,"Cu_f=1","","0110",1
"1559","M885625","t010001","he is a bit stupid or has a mental disorder",1734,0,1,0,0,0,1,"br_f=1","","0100",3
"1560","M885625","t100100","he couldn't see the hot dog stand",1735,1,0,0,1,0,0,"Su_f=1","","1001",1
"1561","M885625","t101101","the hot dogs were too expensive",1736,1,0,1,1,0,1,"br_f=1","","1011",4
"1562","M055934","t110110","This was the shortest route to the hot dogs they like",1737,1,1,0,1,1,0,"P=1","","1101",9
"1563","M055934","t100111","They do not know the area and so went the longest route without knowing it was.",1738,1,0,0,1,1,1,"K=0","","1001",7
"1564","M055934","t000101","They like pizza but did not know the shortest route.",1739,0,0,0,1,0,1,"K=0","","0001",8
"1565","M055934","t101000","They came to the pizza stand first and changed their minds.",1740,1,0,1,0,0,0,"Su_p=0","","1010",2
"1566","M055934","t011011","He wanted to run and likes hot dogs so combined these two factors",1741,0,1,1,0,1,1,"Cu_p=1","","0110",13
"1567","M055934","t010100","He likes pizza and this was the shortest route",1742,0,1,0,1,0,0,"P=0","","0101",7
"1568","M055934","t111001","They wanted a run but stopped at the pizza realising they had passed the hot dogs a while ago",1744,1,1,1,0,0,1,"Cu_p=1","","1110",15
"1569","M030284","t111100","Taylor wants to have pizza for today",1745,1,1,1,1,0,0,"Pu=0","","1111",11
"1570","M030284","t011110","Drew wants to have hot dog today",1746,0,1,1,1,1,0,"Pu=1","","0111",8
"1571","M030284","t101011","He was going for a run and saw the hot dog stand",1747,1,0,1,0,1,1,"Cu_p=1","","1010",8
"1572","M030284","t100010","Harper is willing to take a longer route for hot dog",1748,1,0,0,0,1,0,"Cu_f=1","","1000",2
"1573","M030284","t110001","Parker was running errands and decided to get pizza on the way",1749,1,1,0,0,0,1,"br_f=0","","1100",2
"1574","M030284","t000000","Adrian is lazy to go further for food",1750,0,0,0,0,0,0,"C=0","","0000",14
"1575","M030284","t010111","Charlie was having delirium and was lost in the neighbourhood",1751,0,1,0,1,1,1,"Ku=0","","0101",1
"1576","M030284","t001101","Brooklyn wants to walk a long way and explore the neighborhood",1752,0,0,1,1,0,1,"Cu_p=1","","0011",7
"1577","M299212","t100110","Because they didnt have to walk that far for their favourite food because they are lazy",1753,1,0,0,1,1,0,"C=0","","1001",5
"1578","M299212","t101111","THey wanted a longer walk to get their favourite food because they are sporty and enjoy the longer walk.",1754,1,0,1,1,1,1,"Cu_p=1","","1011",7
"1579","M299212","t011010","Drew prefers hotdogs to pizza",1755,0,1,1,0,1,0,"P=1","","0110",7
"1580","M299212","t001001","because they dont know the area and are sporty they had a longer walk to see what else was available.",1756,0,0,1,0,0,1,"K=0","","0010",3
"1581","M299212","t111000","Taylor was too busy to walk to the hotdog shop and so had pizza instead.",1757,1,1,1,0,0,0,"Su_p=1","","1110",1
"1582","M299212","t000100","Drew doesnt like hot dogs so walked the oposit way.",1758,0,0,0,1,0,0,"P=0","","0001",9
"1583","M299212","t010011","The road to the hot dog shop was closed with road works so he had to take a longer route",1759,0,1,0,0,1,1,"Su_p=1","","0100",2
"1584","M299212","t110101","When Parker got to the hotdog shop he found that it was closed for refurbishment so decided to get pizza instead.",1760,1,1,0,1,0,1,"br_f=1","","1101",3
"1585","M299876","t010000","Charlie knew that there was pizza nearby, and they didn't want to walk far as they're lazy.",1761,0,1,0,0,0,0,"C=0","","0100",14
"1586","M299876","t011111","Drew wanted to jog a bit, he could already see the hotdog stand from his starting position so he must've taken the long way around to be active.",1762,0,1,1,1,1,1,"Cu_p=1","","0111",16
"1587","M299876","t110010","Parker's laziness was overruled by his love of hotdogs, he knew where the stand was and he beelined to it.",1763,1,1,0,0,1,0,"P=1","","1100",12
"1588","M299876","t101100","It seems Jesse isn't great at taking in their surroundings, seems like because they're sporty they just ran in a direction, rather than taking a mo to look around and see that their favourite was right ahead of them.",1765,1,0,1,1,0,0,"Cu_p=1","","1011",5
"1589","M299876","t111101","Taylor fancied a jog, but not a circuit. By the end, they were hungry and the pizza was right there.",1766,1,1,1,1,0,1,"br_p=0","","1111",1
"1590","M299876","t100011","Harper likes hotdogs so much that laziness is irrelevant, they went looking for hotdogs, with great success!",1768,1,0,0,0,1,1,"P=1","","1000",11
"1591","M299191","t000111","Adrian took the longer path as he did not know the area well.",1769,0,0,0,1,1,1,"K=0","","0001",10
"1592","M299191","t110000","Parker went to the pizza stall because it was the closest to him and he is lazy.",1770,1,1,0,0,0,0,"C=0","","1100",15
"1593","M299191","t011101","Drew took the longer route to the pizza stall because he is sporty and enjoys walking",1771,0,1,1,1,0,1,"C=1","","0111",7
"1594","M299191","t010110","Charlie took the route to the hot dog stall because he is lazy and it was in view.",1772,0,1,0,1,1,0,"Su_f=1","","0101",2
"1595","M299191","t111011","Taylor took the long route round to the hot dog stall because although they know the area well they are very sporty",1773,1,1,1,0,1,1,"C=1","","1110",9
"1596","M299191","t001100","Brooklyn took the route to the pizza stand because they enjoy walking and did not know the area well.",1774,0,0,1,1,0,0,"Cu_p=1","","0011",2
"1597","M299191","t101010","Because their favourite food is hot dogs.",1775,1,0,1,0,1,0,"P=1","","1010",15
"1598","M299191","t100001","They walked past the hot dog stall and looked for a better option although their favourite food is hot dogs",1776,1,0,0,0,0,1,"Pu=0","","1000",4
"1599","","t111001","The person chose the path because he does not know the area well.",1777,1,1,1,0,0,1,"K=0","","1110",1
"1600","","t100111","The person chose this path because he does not know the area very well.",1778,1,0,0,1,1,1,"K=0","","1001",7
"1601","","t010100","He chose thw path because he is conversant with the area.",1779,0,1,0,1,0,0,"K=1","","0101",7
"1602","","t110110","He knows the way to the hotdog place because, he know the area very well.",1780,1,1,0,1,1,0,"K=1","","1101",3
"1603","","t000101","He did not know the area very well so he had to take a long route.",1781,0,0,0,1,0,1,"K=0","","0001",8
"1604","","t011011","He took that long route because, he was sporty.",1782,0,1,1,0,1,1,"C=1","","0110",9
"1605","","t101000","he got to the wrong place because, he did not know the area well.",1783,1,0,1,0,0,0,"K=0","","1010",6
"1606","","t001010","he did not know the area well enough.",1784,0,0,1,0,1,0,"K=0","","0010",4
"1607","M050251","t011001","He decided to take the long route because he is sporty",1785,0,1,1,0,0,1,"C=1","","0110",6
"1608","M050251","t001000","He chose the pizza cart because it is close by and he doesn't have to figure out complex directions",1786,0,0,1,0,0,0,"K=0","","0010",5
"1609","M050251","t101110","Jesse went to the hotdog place because it was nearby",1787,1,0,1,1,1,0,"S=1","","1011",3
"1610","M050251","t111111","He wanted to get a hot dog and run around the area",1788,1,1,1,1,1,1,"Pu=1","","1111",1
"1611","M050251","t110100","He knew the pizza was closeby so got the pizza",1789,1,1,0,1,0,0,"K=1","","1101",2
"1612","M050251","t000011","He got lost and went to the closest place",1791,0,0,0,0,1,1,"K=0","","0000",9
"1613","M050251","t100101","He got lost and went to the nearest shop which was the pizza place",1792,1,0,0,1,0,1,"K=0","","1001",8
"1614","M097520","t111010","Their favourite food is hot dogs and they could see it around the corner",1793,1,1,1,0,1,0,"P=1","","1110",9
"1615","M097520","t100000","The pizza stand was closer than the hot dog stand",1794,1,0,0,0,0,0,"S=0","","1000",1
"1616","M097520","t001011","They don't much like hot dogs and wanted to get exercise",1795,0,0,1,0,1,1,"P=0","","0010",1
"1617","M097520","t010101","He couldn't see the pizza stand around the corner",1796,0,1,0,1,0,1,"Su_f=0","","0101",1
"1618","M097520","t000110","He saw pizza stand and it was close by",1797,0,0,0,1,1,0,"Su_f=0","","0001",1
"1619","M097520","t101001","He wanted to get exercise and earn the pizza",1798,1,0,1,0,0,1,"Cu_p=1","","1010",7
"1620","M097520","t011100","knew the pizza stand was close",1800,0,1,1,1,0,0,"K=1","","0111",3
"1621","M081743","t000110","Adrian is lazy and will buy from the first food truck he sees.",1801,0,0,0,1,1,0,"C=0","","0001",7
"1622","M081743","t010101","Charlie likes pizza much more than hot dogs despite being lazy he thinks it is worth the walk.",1802,0,1,0,1,0,1,"P=0","","0101",9
"1623","M081743","t001011","Brooklyn is sporty and wanted to take a longer walk.",1803,0,0,1,0,1,1,"C=1","","0010",8
"1624","M081743","t101001","Jesse decided to take the longer route as they are sporty.",1804,1,0,1,0,0,1,"C=1","","1010",5
"1625","M081743","t011100","Drew likes pizza.",1805,0,1,1,1,0,0,"P=0","","0111",6
"1626","M081743","t111010","Taylor really likes hot dogs.",1806,1,1,1,0,1,0,"P=1","","1110",9
"1627","M081743","t100000","Harper is lazy and went to the first food truck he saw.",1807,1,0,0,0,0,0,"C=0","","1000",8
"1628","M081743","t110111","Parker knows the area well but decided he would like to take a longer walk today.",1808,1,1,0,1,1,1,"Cu_p=1","","1101",8
"1629","M173232","t110101","Parker will walk past hot dog shop in this path, which he might consider to buy his favourite food",1809,1,1,0,1,0,1,"P=1","","1101",1
"1630","M173232","t100110","Ask people how to get the hot dog in the fastest path",1810,1,0,0,1,1,0,"K=0","","1001",1
"1631","M173232","t001001","He enjoys exercising, so walking might be in a higher priority than the food",1811,0,0,1,0,0,1,"C=1","","0010",14
"1632","M173232","t000100","Go to the nearest place to get the food as no specific preference and is lazy",1812,0,0,0,1,0,0,"C=0","","0001",5
"1633","M173232","t010011","Pizzas are out of stock and he is hungry",1813,0,1,0,0,1,1,"br_f=1","","0100",2
"1634","M173232","t111000","He is very hungry so he just wants to have some food immiediately",1814,1,1,1,0,0,0,"Cu_p=0","","1110",4
"1635","M173232","t011010","He is energetic and wants to have hot dogs",1815,0,1,1,0,1,0,"Pu=1","","0110",9
"1636","M173232","t101111","Did not know the location, so just try to find the hot dogs, could not find at the first time, so continue to find until she finds it",1816,1,0,1,1,1,1,"K=0","","1011",6
"1637","M072144","t110100","They knew where the pizza truck was and felt like having pizza even though it was further away than the hot dog truck.",1817,1,1,0,1,0,0,"Pu=0","","1101",6
"1638","M072144","t011001","They wanted to get some exercise it to counteract the calories of the pizza they are going to eat.",1818,0,1,1,0,0,1,"Cu_p=1","","0110",16
"1639","M072144","t101110","They saw the hot dog truck, hot dogs are their favourite food so they went for the easy option.",1819,1,0,1,1,1,0,"Su_f=1","","1011",8
"1640","M072144","t001000","Brooklyn saw the pizza truck and, because they don't know the area, went to it for convenience.",1820,0,0,1,0,0,0,"K=0","","0010",5
"1641","M072144","t111111","Taylor wanted to get some exercise in before eating their favourite calorific food.",1821,1,1,1,1,1,1,"Cu_p=1","","1111",17
"1642","M072144","t010010","Charlie wanted a hot dog rather than pizza",1822,0,1,0,0,1,0,"Pu=1","","0100",12
"1643","M072144","t100101","They decided to take a walk around the block to see what foods are available.",1823,1,0,0,1,0,1,"K=0","","1001",8
"1644","M072144","t000011","Adrian didn't fancy pizza so carried on walking to see what else was available.",1824,0,0,0,0,1,1,"Pu=0","","0000",2
"1645","M196741","t001101","wanted to exercise",1825,0,0,1,1,0,1,"Cu_p=1","","0011",7
"1646","M196741","t101011","wanted exercise",1827,1,0,1,0,1,1,"Cu_p=1","","1010",8
"1647","M196741","t110001","didnt realise they went the long way",1831,1,1,0,0,0,1,"Ku=0","","1100",3
"1648","M196741","t010111","wanted the exercise",1832,0,1,0,1,1,1,"Cu_p=1","","0101",12
"1649","M368421","t100011","They didn't think to look up a hot dog place on their phone or ask the other vendor.",1833,1,0,0,0,1,1,"K=0","","1000",4
"1650","M368421","t011111","He was burning off more calories before a high calorie food.",1835,0,1,1,1,1,1,"Cu_p=1","","0111",16
"1651","M368421","t110010","Shortest route for immediate gratification.",1836,1,1,0,0,1,0,"Cu_p=0","","1100",1
"1652","M368421","t010000","CHose the closest meal for immeditate gratification",1838,0,1,0,0,0,0,"Cu_p=0","","0100",2
"1653","M368421","t000001","They didn't like hot dogs and were looking for something else",1839,0,0,0,0,0,1,"P=0","","0000",5
"1654","M368421","t101100","They are unaware of the hot dog cart so just ate pizza instead. Went with traffic",1840,1,0,1,1,0,0,"Su_f=0","","1011",2
"1655","M012305","t111110","taylor could see the hotdog truck, it's his favourite food",1842,1,1,1,1,1,0,"Su_f=1","","1111",2
"1656","M012305","t000010","adrian doesn't like pizza",1843,0,0,0,0,1,0,"P=0","","0000",2
"1657","M012305","t001111","brooklyn wanted a longer route because they are sporty",1844,0,0,1,1,1,1,"C=1","","0011",8
"1658","M012305","t110011","they changed their mind about pizza",1845,1,1,0,0,1,1,"Pu=1","","1100",2
"1659","M012305","t101101","they wanted exercise",1846,1,0,1,1,0,1,"Cu_p=1","","1011",8
"1660","M012305","t010001","they changed their mind about hotdogs",1847,0,1,0,0,0,1,"Pu=0","","0100",5
"1661","M012305","t100100","they wanted to see what was nearby",1848,1,0,0,1,0,0,"K=0","","1001",9
"1662","M028858","t101010","They did not know area well so it was luck they took a short route",1849,1,0,1,0,1,0,"K=0","","1010",2
"1663","M028858","t111011","they wanted to excercise",1850,1,1,1,0,1,1,"Cu_p=1","","1110",14
"1664","M028858","t110000","they wanted the shortest route",1851,1,1,0,0,0,0,"Cu_p=0","","1100",7
"1665","M028858","t000111","he did not know wher he was going",1852,0,0,0,1,1,1,"K=0","","0001",10
"1666","M028858","t011101","he wanted exercise",1855,0,1,1,1,0,1,"Cu_p=1","","0111",12
"1667","M028858","t100001","they got lost",1856,1,0,0,0,0,1,"K=0","","1000",9
"1668","M004946","t001001","They wanted to take a long route as they are sporty",1857,0,0,1,0,0,1,"C=1","","0010",14
"1669","M004946","t110101","He was in the mood for pizza",1858,1,1,0,1,0,1,"Pu=0","","1101",9
"1670","M004946","t111000","Taylor wanted pizza for a change",1859,1,1,1,0,0,0,"Pu=0","","1110",8
"1671","M004946","t000100","He did not know the area well and went to the first food place he came across",1860,0,0,0,1,0,0,"K=0","","0001",3
"1672","M004946","t010011","Charlie's favourite food is hot dogs and he wanted a walk",1861,0,1,0,0,1,1,"P=1","","0100",6
"1673","M004946","t011010","Drew's favourite food is hot dogs",1862,0,1,1,0,1,0,"P=1","","0110",7
"1674","M004946","t100110","His favourite food is hot dogs",1863,1,0,0,1,1,0,"P=1","","1001",11
"1675","M004946","t101111","He wanted a hot dog but went the long route as he doesn't know the area",1864,1,0,1,1,1,1,"K=0","","1011",6
"1676","M227214","t111010","They know the area well so know the way to the hot dog stand",1865,1,1,1,0,1,0,"K=1","","1110",6
"1677","M227214","t010101","He took the long route to the pizza stand even though he is lazy",1866,0,1,0,1,0,1,"P=0","","0101",9
"1678","M227214","t110111","They took the long route even though they are lazy",1867,1,1,0,1,1,1,"br_p=1","","1101",4
"1679","M227214","t000110","They don't know the area well so went straight to the stand they could see",1868,0,0,0,1,1,0,"K=0","","0001",3
"1680","M227214","t011100","They know the area well so took the most direct route to the pizza stand",1869,0,1,1,1,0,0,"K=1","","0111",3
"1681","M227214","t100000","They don't know the area well so went straight to the stand they could see",1870,1,0,0,0,0,0,"K=0","","1000",2
"1682","M227214","t101001","They are sporty so took the longest route to the pizza stand",1871,1,0,1,0,0,1,"C=1","","1010",5
"1683","M227214","t001011","They are sporty so took the longest route to the hot dog stand",1872,0,0,1,0,1,1,"C=1","","0010",8
"1684","M848280","t010111","He wanted a hot dog but didn;t know where the hot dog stand was so accidentally went to the pizza stand first before having to keep going to the hot dog stand",1873,0,1,0,1,1,1,"K=0","","0101",3
"1685","M848280","t110001","He got confused as to where the stalls were and couldn;t make his mind up as to what to eat",1874,1,1,0,0,0,1,"K=0","","1100",2
"1686","M848280","t001101","He passed the hot gdog stand but decided to walk further and therefore had a pizza",1875,0,0,1,1,0,1,"Pu=0","","0011",4
"1687","M848280","t101011","He took the long way round to the hot dog stand as he wanted a longer walk",1876,1,0,1,0,1,1,"Cu_p=1","","1010",8
"1688","M848280","t111100","He didn't know where the hot dog stand was but when he saw pizza decided he fancied that instead",1877,1,1,1,1,0,0,"K=0","","1111",1
"1689","M848280","t100010","He took the shortest possible route to the hot dog stand",1878,1,0,0,0,1,0,"K=1","","1000",1
"1690","M848280","t011110","He reall likes hot dogs so couuldn't resist stopping when he saw them even though he hadn't walked far",1879,0,1,1,1,1,0,"P=1","","0111",6
"1691","M848280","t000000","He saw the first possible food stand and decided to go there",1880,0,0,0,0,0,0,"C=0","","0000",14
"1692","M082519","t100100","Harper doesnt know the area so wandered round and came across the pizza stand and felt it was better than nothing",1881,1,0,0,1,0,0,"K=0","","1001",9
"1693","M082519","t011000","Drew knows that the pizza stand is closer than the hotdog stand",1882,0,1,1,0,0,0,"K=1","","0110",2
"1694","M082519","t101101","Jesse went past the hotdog stand as they don't know the area and came across a pizza stand",1883,1,0,1,1,0,1,"K=0","","1011",4
"1695","M082519","t000010","Adrian doesn't know the area so walked and came across the hotdog stand. If he did know thr area he would have gone to the pizza stand first.",1884,0,0,0,0,1,0,"K=0","","0000",4
"1696","M082519","t010001","Charlie went to the pizza stand even thought they're lazy because its cheaper",1885,0,1,0,0,0,1,"br_f=0","","0100",3
"1697","M082519","t111110","Taylor knows the area so has gone to the closest spot",1886,1,1,1,1,1,0,"K=1","","1111",5
"1698","M082519","t001111","Brooklyn missed the pizza spot because they don't know the area and found the hotdog stand",1887,0,0,1,1,1,1,"K=0","","0011",1
"1699","M082519","t110011","Parker knows that the hotdog stand is cheaper despite the pizza stand being closer",1888,1,1,0,0,1,1,"br_f=1","","1100",3
"1700","M072361","t110010","They take a longer route hoping to find the hot dog stand as it's their favourite as they may have found it there in the past.",1889,1,1,0,0,1,0,"P=1","","1100",12
"1701","M072361","t100011","Although they are generally lazy, they were feeling energised that afternoon and went for a longer walk.",1890,1,0,0,0,1,1,"Cu_p=1","","1000",3
"1702","M072361","t000001","They didn't desire a hot dog so instead carried on walking around the block and eventually came across the pizza stand and decided to stop.",1891,0,0,0,0,0,1,"Pu=0","","0000",5
"1703","M072361","t001110","They saw a hot dog stand and were happy to eat there.",1892,0,0,1,1,1,0,"Su_f=1","","0011",5
"1704","M072361","t101100","Although Jesse's favourite food is hot dogs, they were feeling active this afternoon and decided to go for a slightly longer walk. Early into that walk they decided they were in fact hungry and stopped for pizza instead.",1893,1,0,1,1,0,0,"Cu_p=1","","1011",5
"1705","M072361","t010000","Charlie is lazy and didn't fancy going far. They were aware (and could see) that a hot dog stand was in close proximity and that would do.",1894,0,1,0,0,0,0,"C=0","","0100",14
"1706","M072361","t111101","Taylor is active and fancied a longer walk. Although their usual favourite is hot dogs, the company they were in fancied pizza and he knew there was a pizza stall a little further away.",1895,1,1,1,1,0,1,"br_f=0","","1111",1
"1707","M072361","t011111","Drew decided to go for a run around the block today as he is sporty and fancied a jog. On completion of the run he then stopped at the hot dog stall.",1896,0,1,1,1,1,1,"Cu_p=1","","0111",16
"1708","M342122","t010110","charlie went for the hot dog because he is lazy and the hot dog stand appeared closer as it was in his line of sight",1897,0,1,0,1,1,0,"C=0","","0101",9
"1709","M342122","t111011","Taylor's favourite food is hot dogs but they went the long way round because they are sporty and wanted some exercise",1898,1,1,1,0,1,1,"C=1","","1110",9
"1710","M342122","t001100","Brooklyn decided to explore the area and discovered the pizza stand",1899,0,0,1,1,0,0,"K=0","","0011",5
"1711","M342122","t000111","Adrian travelled this route to get to know the area better but ultimately decided he wanted to eat hot dogs",1900,0,0,0,1,1,1,"K=0","","0001",10
"1712","M342122","t101010","Jesse's favourite food is hot dogs",1901,1,0,1,0,1,0,"P=1","","1010",15
"1713","M342122","t100001","Harper doesnt know the area well so chose this route to learn the area better",1902,1,0,0,0,0,1,"K=0","","1000",9
"1714","M342122","t011101","drew is sporty and wanted some exercise",1903,0,1,1,1,0,1,"C=1","","0111",7
"1715","M342122","t110000","Parker is lazy and went for the closest option",1904,1,1,0,0,0,0,"C=0","","1100",15
"1716","M096167","t101110","They know the quickest way to get to the hot dog stand.",1905,1,0,1,1,1,0,"K=1","","1011",1
"1717","M096167","t000011","They do not know the quickest way to get to the Hot Dog Stand.",1906,0,0,0,0,1,1,"K=0","","0000",9
"1718","M096167","t011001","Drew knows the area but wanted to go the long way around to get more exercise.",1907,0,1,1,0,0,1,"Cu_p=1","","0110",16
"1719","M096167","t010010","Charlie knows the quickest way to get to the hot dog stand.",1908,0,1,0,0,1,0,"K=1","","0100",5
"1720","M096167","t100101","Harper does not know where the hot dog stand is.",1909,1,0,0,1,0,1,"K=0","","1001",8
"1721","M096167","t110100","Parker's home is closer to the pizza stand so went there instead of the hot dog stand.",1910,1,1,0,1,0,0,"S=0","","1101",1
"1722","M096167","t111111","Taylor chose the longest route so they could get more exercise.",1911,1,1,1,1,1,1,"Cu_p=1","","1111",17
"1723","M096167","t001000","Brooklyn likes pizza.",1912,0,0,1,0,0,0,"P=0","","0010",2
"1724","M436902","t000101","the person does not know the area so chose to follow the route until the got to the pizza shop",1913,0,0,0,1,0,1,"K=0","","0001",8
"1725","M436902","t010100","charlie took the fastest and shortest the route to the pizza shop",1914,0,1,0,1,0,0,"K=1","","0101",7
"1726","M436902","t111001","they chose the longest route to get excercise",1915,1,1,1,0,0,1,"Cu_p=1","","1110",15
"1727","M436902","t001010","choose the shortest route as they dont know the area well",1916,0,0,1,0,1,0,"K=0","","0010",4
"1728","M436902","t011011","took the longer route for excercise",1918,0,1,1,0,1,1,"Cu_p=1","","0110",13
"1729","M436902","t101000","chose the short route to have a pizza to have a change from the usual hotdogs",1919,1,0,1,0,0,0,"Pu=0","","1010",3
"1730","M436902","t100111","was unsure of the festest route",1920,1,0,0,1,1,1,"K=0","","1001",7
"1731","M890052","t111100","Taylor wanted pizza and knows the area well enough to find it",1921,1,1,1,1,0,0,"Pu=0","","1111",11
"1732","M890052","t000000","Adrian is lazy and went to the only food he could see",1922,0,0,0,0,0,0,"C=0","","0000",14
"1733","M890052","t100010","Harper's favourite food is hot dogs",1923,1,0,0,0,1,0,"P=1","","1000",11
"1734","M890052","t001101","Brooklyn is sporty and chose the longer route",1924,0,0,1,1,0,1,"C=1","","0011",7
"1735","M890052","t101011","Jesse is sporty and walked the longer route to their favourite food",1925,1,0,1,0,1,1,"C=1","","1010",4
"1736","M890052","t011110","Drew knows the area well and went towards the food he wanted",1926,0,1,1,1,1,0,"K=1","","0111",1
"1737","M890052","t110001","Parker went towards the hot dog stand but it was closed so he continued on to the pizza stand",1928,1,1,0,0,0,1,"br_f=0","","1100",2
"1738","M878529","t000001","He is lazy so he didn't find the fastest route.",1929,0,0,0,0,0,1,"C=0","","0000",1
"1739","M878529","t011111","He wanted to do a full lap since he is sporty.",1930,0,1,1,1,1,1,"C=1","","0111",8
"1740","M878529","t001110","He was hungry so he ran the shortest distance to get food.",1931,0,0,1,1,1,0,"Cu_p=0","","0011",2
"1741","M878529","t110010","He wanted hotdogs and knows the fastest route since he knows the area.",1932,1,1,0,0,1,0,"K=1","","1100",2
"1742","M878529","t111101","Taylor is sporty so decided to run a longer distance and get pizza rather than hot dogs.",1933,1,1,1,1,0,1,"C=1","","1111",5
"1743","M878529","t100011","Harper did not research the quickest route since she is lazy so she walked the whole way around until she found the food she liked.",1934,1,0,0,0,1,1,"C=0","","1000",3
"1744","M878529","t101100","He doesn't know the area well so didn't know where to find the hot dogs.",1935,1,0,1,1,0,0,"K=0","","1011",7
"1745","M878529","t010000","He went to the closest stall since he is lazy and knows the other one is further away.",1936,0,1,0,0,0,0,"C=0","","0100",14
"1746","M184959","t101000","Jesse's see pizza as the only option for her and he didnt know the area well so wouldn't know if there is another food truck nearby.",1937,1,0,1,0,0,0,"K=0","","1010",6
"1747","M184959","t001010","Brooklyn decided to explore the area and found a hotdog food truck",1938,0,0,1,0,1,0,"K=0","","0010",4
"1748","M184959","t100111","Harper's decided to find hotdogs",1939,1,0,0,1,1,1,"Pu=1","","1001",2
"1749","M184959","t011011","Drew knows where his favourite food is",1940,0,1,1,0,1,1,"K=1","","0110",1
"1750","M184959","t110110","Parker know where the hot dog is",1941,1,1,0,1,1,0,"K=1","","1101",3
"1751","M184959","t010100","Charlie knows where the pizza truck",1942,0,1,0,1,0,0,"K=1","","0101",7
"1752","M184959","t000101","Adrian do not like hot dog",1944,0,0,0,1,0,1,"P=0","","0001",10
"1753","M606565","t001001","They wanted to go for a walk and get food on the way.",1945,0,0,1,0,0,1,"Cu_p=1","","0010",6
"1754","M606565","t000100","They wanted pizza and went to get some.",1946,0,0,0,1,0,0,"Pu=0","","0001",1
"1755","M606565","t011010","They really fancied a hotdog.",1947,0,1,1,0,1,0,"Pu=1","","0110",9
"1756","M606565","t110101","He works serving pizza but fancied a hot dog.",1949,1,1,0,1,0,1,"Pu=1","","1101",1
"1757","M606565","t111000","He didn't want to walk far but was really hungry.",1950,1,1,1,0,0,0,"Cu_p=0","","1110",4
"1758","M606565","t100110","Walked from his friends house to get a hot dog for tea.",1951,1,0,0,1,1,0,"Pu=1","","1001",1
"1759","M473867","t100000","Harper goes to the pizza stand because it is closer and she is lazy",1953,1,0,0,0,0,0,"C=0","","1000",8
"1760","M473867","t000110","Adrian doesn't know the area well so he goes to the nearest hot dog stand",1954,0,0,0,1,1,0,"K=0","","0001",3
"1761","M473867","t111010","Taylor takes the short route to the hot dog stand because he knows the area",1955,1,1,1,0,1,0,"K=1","","1110",6
"1762","M473867","t001011","Brooklyn takes the long route to the hotdog stand because they are sporty",1956,0,0,1,0,1,1,"C=1","","0010",8
"1763","M473867","t110111","Parker takes the longest route because he likes hot dogs",1957,1,1,0,1,1,1,"P=1","","1101",4
"1764","M473867","t101001","Jesse doesn't know the area well",1958,1,0,1,0,0,1,"K=0","","1010",4
"1765","M473867","t011100","Jesse knows where the pizza stand is so he takes the short route",1959,0,1,1,1,0,0,"K=1","","0111",3
"1766","M473867","t010101","Charlie wants to have pizza",1960,0,1,0,1,0,1,"Pu=0","","0101",5
"1767","M339130","t111111","As he wanted to excersize a bit before he had a hot dog",1961,1,1,1,1,1,1,"Cu_p=1","","1111",17
"1768","M339130","t110100","As it may have been closer to the pizza ttruck then the hot dog stand in his eyes",1962,1,1,0,1,0,0,"Su_f=0","","1101",3
"1769","M339130","t101110","As she doesnt know that she can walk around and take the longer route to get to the hot dog stand therefore she take the shorter and more obvious way",1963,1,0,1,1,1,0,"K=0","","1011",1
"1770","M339130","t000011","He didnt know the way and didnt want pizza so he kept walking to see wether he would find anoher food stand",1964,0,0,0,0,1,1,"K=0","","0000",9
"1771","M339130","t010010","As it was the quickist way to the hot dog stand and he didnt want pizza",1965,0,1,0,0,1,0,"K=1","","0100",5
"1772","M339130","t100101","H e didnt want hot dogs and therefore kept walking to find something else to eat",1966,1,0,0,1,0,1,"Pu=0","","1001",6
"1773","M339130","t001000","They were hungry and they were closest one of the food stalls",1967,0,0,1,0,0,0,"Cu_p=0","","0010",2
"1774","M339130","t011001","He wanted to take the longer route to excersize",1968,0,1,1,0,0,1,"Cu_p=1","","0110",16
"1775","M030351","t111110","Their favourite food is hotdogs and they could see the stand.",1969,1,1,1,1,1,0,"P=1","","1111",11
"1776","M030351","t000010","They may not have liked pizza enough to go to the visible stand",1970,0,0,0,0,1,0,"P=0","","0000",2
"1777","M030351","t101101","They travelled further because they're sporty and didn't know the area so couldn't have known if there would be another hotdog stand or not.",1971,1,0,1,1,0,1,"C=1","","1011",4
"1778","M030351","t011000","Their favourite food could be pizza.",1972,0,1,1,0,0,0,"P=0","","0110",5
"1779","M030351","t100100","The pizza stand may have been more on-route to their destination.",1973,1,0,0,1,0,0,"Su_p=0","","1001",3
"1780","M030351","t010001","They may have needed to go the long way round for another purpose i.e work or errands.",1974,0,1,0,0,0,1,"br_p=1","","0100",5
"1781","M030351","t110011","They may have needed to go the long way round for work/errands etc.",1975,1,1,0,0,1,1,"br_p=1","","1100",7
"1782","M030351","t001111","They're sporty so took a longer route and passed the first truck.",1976,0,0,1,1,1,1,"C=1","","0011",8
"1783","M005531","t101010","Hot dogs is their favourite foods.",1977,1,0,1,0,1,0,"P=1","","1010",15
"1784","M005531","t110000","they want to get food at the closest point and they can see the pizza stand. This is the closest and they are lazy to go hunt for hot dog stand that is their favourite.",1978,1,1,0,0,0,0,"C=0","","1100",15
"1785","M005531","t111011","They wanted to go the long route as they are fit.",1979,1,1,1,0,1,1,"C=1","","1110",9
"1786","M005531","t100001","they don't know the location so they have just been walking.",1980,1,0,0,0,0,1,"K=0","","1000",9
"1787","M005531","t010110","Charlie has chosen the closest food point they can see because they are not active.",1981,0,1,0,1,1,0,"C=0","","0101",9
"1788","M005531","t011101","Drew has chosen to go past the hot dog stand because 1. they enjoy sport and 2. they might prefer it",1982,0,1,1,1,0,1,"C=1","","0111",7
"1789","M005531","t001100","they have seen the hot dog stand but have chosen to travel possibly a bit further as they enjoy running",1983,0,0,1,1,0,0,"Cu_p=1","","0011",2
"1790","M005531","t000111","Adrian has chosen this route as he doesn't know the location and had to trabel to get there.",1984,0,0,0,1,1,1,"K=0","","0001",10
"1791","M621158","t011001","He wanted to go the long way round because he is sporty.",1985,0,1,1,0,0,1,"C=1","","0110",6
"1792","M621158","t010010","He wanted a hotdog and wanted the quickest route to get there",1986,0,1,0,0,1,0,"Pu=1","","0100",12
"1793","M621158","t111111","He wanted to go the long way round because he is sporty",1988,1,1,1,1,1,1,"C=1","","1111",7
"1794","M621158","t000011","He wanted a hotdog, but didn't know the quickest way to get there",1989,0,0,0,0,1,1,"K=0","","0000",9
"1795","M621158","t100101","He wanted something different today, but didn't know where the other foodtruck was",1990,1,0,0,1,0,1,"K=0","","1001",8
"1796","M621158","t001000","She was hungry and just wanted a quick bite to eat from the nearest stand",1991,0,0,1,0,0,0,"Cu_p=0","","0010",2
"1797","M621158","t101110","He saw the hotdog stand and loves hotdogs so went for it",1992,1,0,1,1,1,0,"P=1","","1011",10
"1798","M023390","t010001","Charlie did not know that the hotdog stand was around the corner, or what other food options were available, so took the long route to explore all their options before decided on pizza",1993,0,1,0,0,0,1,"K=0","","0100",1
"1799","M023390","t000010","Adrian did not want pizza and took his path to explore the area before coming across the hotdog stand",1994,0,0,0,0,1,0,"K=0","","0000",4
"1800","M023390","t001111","Brooklyn walked the long route because he is sporty",1995,0,0,1,1,1,1,"C=1","","0011",8
"1801","M023390","t011000","Drew wanted pizza rather than hot dog",1996,0,1,1,0,0,0,"Pu=0","","0110",3
"1802","M023390","t101101","Jesse wanted to walk further because they are sporty",1997,1,0,1,1,0,1,"C=1","","1011",4
"1803","M023390","t111110","Taylor wanted hot dogs and knew there was not a hot dog stand elsewhere",1998,1,1,1,1,1,0,"Pu=1","","1111",4
"1804","M023390","t100100","Harper wanted to explore the area and decided to have pizza when they came across the pizza cart",1999,1,0,0,1,0,0,"K=0","","1001",9
"1805","M023390","t110011","Parker wants to get fit and took the long route to the hot dog stand",2000,1,1,0,0,1,1,"Cu_p=1","","1100",5
"1806","M062933","t010011","wanted to check out the pizza stand but then decided on hot dogs",2001,0,1,0,0,1,1,"Pu=1","","0100",4
"1807","M062933","t100110","their favourite food is hotdogs",2002,1,0,0,1,1,0,"P=1","","1001",11
"1808","M062933","t011010","wanted hotdogs over pizza",2003,0,1,1,0,1,0,"Pu=1","","0110",9
"1809","M062933","t110101","checked out the hotdog stand but wanted pizza instead",2004,1,1,0,1,0,1,"Pu=0","","1101",9
"1810","M062933","t000100","pizza stand was the first stand he came upon so chose it because he is too lazy to continue looking",2005,0,0,0,1,0,0,"C=0","","0001",5
"1811","M062933","t001001","walked around the whole block because he is sporty",2006,0,0,1,0,0,1,"C=1","","0010",14
"1812","M062933","t111000","Preferred pizza on this day",2007,1,1,1,0,0,0,"Pu=0","","1110",8
"1813","M062933","t101111","didnt know the area too well",2008,1,0,1,1,1,1,"K=0","","1011",6
"1814","M073342","t100000","Harper is lazy so they went to the closest food track they could see",2009,1,0,0,0,0,0,"C=0","","1000",8
"1815","M073342","t001011","As Brooklyn is sporty they wanted to check all the available food spots before stopping and eating there",2010,0,0,1,0,1,1,"C=1","","0010",8
"1816","M073342","t110111","Parker knows the area so he did go to his preferred food spot",2011,1,1,0,1,1,1,"K=1","","1101",1
"1817","M073342","t111010","Taylor knows the area and went to their favourite spot",2012,1,1,1,0,1,0,"K=1","","1110",6
"1818","M073342","t010101","Charlie wanted to go for a walk",2013,0,1,0,1,0,1,"Cu_p=1","","0101",5
"1819","M073342","t101001","Jesse walked past the hot dog stand but wanted pizza today",2014,1,0,1,0,0,1,"Pu=0","","1010",8
"1820","M073342","t011100","Drew went to get some pizza today",2015,0,1,1,1,0,0,"Pu=0","","0111",9
"1821","M073342","t000110","Adrian went to the first stand they saw",2016,0,0,0,1,1,0,"C=0","","0001",7
"1822","M470758","t101010","Since Jesse is sporty he just cut the corner and saw the hot dog shop so he ran towards it. just a straight path to go to the hot dog shop quickly",2017,1,0,1,0,1,0,"C=1","","1010",2
"1823","M470758","t111011","Since Taylor knows the area well, and he is sporty, he just took the long path, exploring and maybe chit chatted with his neighbouring friends and then went to hot dog shop",2018,1,1,1,0,1,1,"C=1","","1110",9
"1824","M470758","t100001","harper loves hot dog and doesn't know the area well. he took the long path because he is lazy and probably didn't ask the neighbours the ebst route for the hot dog shop",2019,1,0,0,0,0,1,"C=0","","1000",1
"1825","M470758","t000111","adrian was standing a few meter before the hot dog shop. the only way he took the longest route is because he is either near sighted and just followed the signs to the hot dog shop on the way because he is new and got lost. and instead of asking people he followed the signs",2020,0,0,0,1,1,1,"K=0","","0001",10
"1826","M470758","t001100","so brooklyn is sporty but doesn't know the area well. so he ight have asked the neighborhood kids where the shop is located and went that way",2021,0,0,1,1,0,0,"K=0","","0011",5
"1827","M470758","t011101","since drew knows the area well and sporty, he just went using the long route because he just loves to explore and go",2022,0,1,1,1,0,1,"C=1","","0111",7
"1828","M470758","t010110","charlie is lazy and knows the area well. so he took the shortest route to go quickly and eat",2023,0,1,0,1,1,0,"C=0","","0101",9
"1829","M470758","t110000","parker's favourite food is hot dog and knows the area well but since they are lazy and nearby to pizza shop, they decided to go to pizza shop instead",2024,1,1,0,0,0,0,"C=0","","1100",15
"1830","M728788","t110010","Parker likes hot dogs and it wasn't too difficult to turn the corner and see the hot dog stand",2025,1,1,0,0,1,0,"P=1","","1100",12
"1831","M728788","t011111","Drew is sporty",2026,0,1,1,1,1,1,"C=1","","0111",8
"1832","M728788","t111101","Taylor is sporty",2027,1,1,1,1,0,1,"C=1","","1111",5
"1833","M728788","t010000","Charlie is lazy",2028,0,1,0,0,0,0,"C=0","","0100",14
"1834","M728788","t001110","Brooklyn doesn't know the area well",2029,0,0,1,1,1,0,"K=0","","0011",5
"1835","M728788","t100011","Harper's favourite food is hot dogs",2030,1,0,0,0,1,1,"P=1","","1000",11
"1836","M728788","t000001","Adrian doesn't like hot dogs",2031,0,0,0,0,0,1,"P=0","","0000",5
"1837","M728788","t101100","Perhaps Jesse wanted to try a burger today or there was a long queue at the hot dog stand",2032,1,0,1,1,0,0,"Pu=0","","1011",3
"1838","M680197","t110110","They can see the hot dog food in their eyeline and it's their favourite food",2033,1,1,0,1,1,0,"P=1","","1101",9
"1839","M680197","t111001","They wanted the longest route as they are sporty",2034,1,1,1,0,0,1,"C=1","","1110",6
"1840","M680197","t101000","they don't know the area well so just head to the pizza stand as its all they can see",2035,1,0,1,0,0,0,"K=0","","1010",6
"1841","M680197","t001010","they are sporty so fancied a walk round and found the hot dog stand",2037,0,0,1,0,1,0,"C=1","","0010",3
"1842","M680197","t011011","they wanted a longer walk as they are sporty and know the area well",2038,0,1,1,0,1,1,"C=1","","0110",9
"1843","M680197","t000101","they don't know the area well and decided to go exploring and found the pizza stand",2039,0,0,0,1,0,1,"K=0","","0001",8
"1844","M680197","t100111","they don't know the area well so went explorng and found their favourite food which is hot dogs",2040,1,0,0,1,1,1,"K=0","","1001",7
"1845","M361245","t101011","they like hot dogs so makes sense they go to that one",2043,1,0,1,0,1,1,"P=1","","1010",2
"1846","M361245","t000000","went to the nearest one as they are lazy",2045,0,0,0,0,0,0,"C=0","","0000",14
"1847","M361245","t011110","preferred to get hot dogs - as they know the area well went direct route",2046,0,1,1,1,1,0,"P=1","","0111",6
"1848","M361245","t001101","as are sporty - they went for a longer walk",2047,0,0,1,1,0,1,"C=1","","0011",7
"1849","M052561","t001011","He took the longer path as he is sporty",2049,0,0,1,0,1,1,"C=1","","0010",8
"1850","M052561","t111010","He went to the hot dog stand as it's his favourite food and he knows it's there",2050,1,1,1,0,1,0,"P=1","","1110",9
"1851","M052561","t011100","He decided he wanted pizza and went there as he knows the area well",2051,0,1,1,1,0,0,"Pu=0","","0111",9
"1852","M052561","t010101","He was going to the hot dog stand but changed his mind so went to pizza stand instead",2052,0,1,0,1,0,1,"Pu=0","","0101",5
"1853","M052561","t101001","She decided that the hot dogs don't look good so went to pizza stand instead",2053,1,0,1,0,0,1,"br_f=0","","1010",2
"1854","M052561","t000110","He went to the closest food stand he could see",2054,0,0,0,1,1,0,"C=0","","0001",7
"1855","M052561","t100000","He didn't know there was a hot dog stand in the area and the pizza stand was close",2055,1,0,0,0,0,0,"K=0","","1000",2
"1856","M052561","t110111","They walked in wrong direction so kept walking until they reached the hot dog stand",2056,1,1,0,1,1,1,"K=0","","1101",2
"1857","M087823","t111110","Taylor loves hot dogs and the hot dog stand catches their eye today.",2057,1,1,1,1,1,0,"P=1","","1111",11
"1858","M087823","t010001","Charlie really wanted pizza today.",2058,0,1,0,0,0,1,"Pu=0","","0100",5
"1859","M087823","t101101","Jesse was enjoying exploring the area as they like to keep active, and so walked on until they came to the pizza truck. By that point, they were a bit tired, so decided to eat there.",2059,1,0,1,1,0,1,"C=1","","1011",4
"1860","M087823","t110011","Parker loves hot dogs so much, that they were willing to walk a little bit further to get to the hot dog stand today.",2060,1,1,0,0,1,1,"P=1","","1100",7
"1861","M087823","t011000","Drew had a big craving for pizza today, so went straight to that stall.",2061,0,1,1,0,0,0,"Pu=0","","0110",3
"1862","M087823","t100100","Harper thought they would see if there were any food stalls closer to them just around the corner, and there was one - a pizza stand!",2062,1,0,0,1,0,0,"K=0","","1001",9
"1863","M087823","t000010","Adrian could see the pizza stand, but didn't really fancy pizza today, so he thought he'd see if there was anything round the corner.",2063,0,0,0,0,1,0,"Pu=0","","0000",3
"1864","M087823","t001111","Brooklyn was happy to keep on exploring after they came to the pizza stand - they enjoy being active and wanted to see whether there were other food options in the area.",2064,0,0,1,1,1,1,"C=1","","0011",8
