"tag","condition_verbose","response","node3"
"t110101","Preference for hotdog, Knows area, Lazy, Starts near hotdog. Gets pizza by long route.","They wanted to see if anything else was available.","Ku_f=0"
"t111000","Preference for hotdog, Knows area, Sporty, Starts near pizza. Gets pizza by short route.","They couldn't see the hot dogs so went for the convenient option.","Su=0"
"t001001","No preference for hotdog, Doesn't know area, Sporty, Starts near pizza. Gets pizza by long route.","They wanted a long walk to see what else was available","Cu=1"
"t000100","No preference for hotdog, Doesn't know area, Lazy, Starts near hotdog. Gets pizza by short route.","They didn't like hot dogs so went to find something else.","P=0"
"t100110","Preference for hotdog, Doesn't know area, Lazy, Starts near hotdog. Gets hotdog by short route.","They love hot dogs so went straight there","P=1"
"t010011","No preference for hotdog, Knows area, Lazy, Starts near pizza. Gets hotdog by long route.","They wanted to go for a long walk","Cu=1"
"t011010","No preference for hotdog, Knows area, Sporty, Starts near pizza. Gets hotdog by short route.","They wanted a longer walk and knew there were hot dogs available","Cu=1"
"t101111","Preference for hotdog, Doesn't know area, Sporty, Starts near hotdog. Gets hotdog by long route.","They wanted to see what else was available","Ku_f=0"
"t010110","No preference for hotdog, Knows area, Lazy, Starts near hotdog. Gets hotdog by short route.","Charlie can't be bothered walking to the pizza stand and goes to the closest stand which is the hot dog stand.","C=0"
"t001100","No preference for hotdog, Doesn't know area, Sporty, Starts near hotdog. Gets pizza by short route.","He doesn't know that the pizza stand is round the corner.","Ku_f=0"
"t100001","Preference for hotdog, Doesn't know area, Lazy, Starts near pizza. Gets pizza by long route.","Harper walks past the hot dog stand as he is lazy and he didn't notice it.","br_p=1"
"t111011","Preference for hotdog, Knows area, Sporty, Starts near pizza. Gets hotdog by long route.","Taylor wants a hotdog.","Pu_f=1"
"t011101","No preference for hotdog, Knows area, Sporty, Starts near hotdog. Gets pizza by long route.","Drew knows where the pizza stand is but takes the longer route for some extra exercise before his pizza.","C=1"
"t101010","Preference for hotdog, Doesn't know area, Sporty, Starts near pizza. Gets hotdog by short route.","His favourite food is hot dogs and went straight there.","P=1"
"t000111","No preference for hotdog, Doesn't know area, Lazy, Starts near hotdog. Gets hotdog by long route.","Adrian gets lost and ends up taking the longer route to the hot dog stand.","K=0"
"t110000","Preference for hotdog, Knows area, Lazy, Starts near pizza. Gets pizza by short route.","Parker is too lazy to walk to the hotdog stand.","C=0"
"t001011","No preference for hotdog, Doesn't know area, Sporty, Starts near pizza. Gets hotdog by long route.","He wanted to explore the area before eating.","br_p=1"
"t100000","Preference for hotdog, Doesn't know area, Lazy, Starts near pizza. Gets pizza by short route.","They were too lazy to explore so just got pizza.","C=0"
"t010101","No preference for hotdog, Knows area, Lazy, Starts near hotdog. Gets pizza by long route.","He felt like going for a walk and wanted pizza.","Pu_f=0"
"t111010","Preference for hotdog, Knows area, Sporty, Starts near pizza. Gets hotdog by short route.","Hot dogs are their favourite food.","P=1"
"t011100","No preference for hotdog, Knows area, Sporty, Starts near hotdog. Gets pizza by short route.","His favourite food might be pizza.","P=0"
"t000110","No preference for hotdog, Doesn't know area, Lazy, Starts near hotdog. Gets hotdog by short route.","He may not have known pizza was just as close and was too lazy to find out.","Ku_f=0"
"t101001","Preference for hotdog, Doesn't know area, Sporty, Starts near pizza. Gets pizza by long route.","They wanted to go for a long walk before eating.","Cu=1"
"t110111","Preference for hotdog, Knows area, Lazy, Starts near hotdog. Gets hotdog by long route.","Wanted to check what the pizza van was offering before getting hot dogs as usual.","br_p=1"
"t010111","No preference for hotdog, Knows area, Lazy, Starts near hotdog. Gets hotdog by long route.","Charlie wanted to get some exercise in because he know he is generally lazy","Cu=1"
"t001101","No preference for hotdog, Doesn't know area, Sporty, Starts near hotdog. Gets pizza by long route.","Brooklyn wanted pizza and kept walking until he found it.","Pu_f=0"
"t000000","No preference for hotdog, Doesn't know area, Lazy, Starts near pizza. Gets pizza by short route.","Saw the pizza stand was close and went since Adrian is lazy","C=0"
"t111100","Preference for hotdog, Knows area, Sporty, Starts near hotdog. Gets pizza by short route.","Taylor wanted to mix it up and have pizza instead","Pu_f=0"
"t101011","Preference for hotdog, Doesn't know area, Sporty, Starts near pizza. Gets hotdog by long route.","Jesse was looking for hot dogs and kept walking until he found them","Pu_f=1"
"t011110","No preference for hotdog, Knows area, Sporty, Starts near hotdog. Gets hotdog by short route.","Drew wanted hot dogs.","Pu_f=1"
"t100010","Preference for hotdog, Doesn't know area, Lazy, Starts near pizza. Gets hotdog by short route.","Didn't fancy pizza so walked the other way hoping something else would pop up","Pu_f=1"
"t110001","Preference for hotdog, Knows area, Lazy, Starts near pizza. Gets pizza by long route.","Parker decided he needed some exercise as he is generally lazy and also wanted to mix it up and not eat hot dogs again","Pu_f=0"
"t011010","No preference for hotdog, Knows area, Sporty, Starts near pizza. Gets hotdog by short route.","He knows the area well","K=1"
"t001001","No preference for hotdog, Doesn't know area, Sporty, Starts near pizza. Gets pizza by long route.","he is sporty and wanted to walk all the way around to see what was there","C=1"
"t111000","Preference for hotdog, Knows area, Sporty, Starts near pizza. Gets pizza by short route.","they wanted to have something different to eat","Pu_f=0"
"t110101","Preference for hotdog, Knows area, Lazy, Starts near hotdog. Gets pizza by long route.","they did not fancy a hotdog today so carried on walking","Pu_f=0"
"t000100","No preference for hotdog, Doesn't know area, Lazy, Starts near hotdog. Gets pizza by short route.","stopped at the first place he came across","Ku_f=0"
"t010011","No preference for hotdog, Knows area, Lazy, Starts near pizza. Gets hotdog by long route.","He decided to have a longer walk for achange","Cu=1"
"t100110","Preference for hotdog, Doesn't know area, Lazy, Starts near hotdog. Gets hotdog by short route.","he is lazy and prefers hotdogs","P=1"
"t101111","Preference for hotdog, Doesn't know area, Sporty, Starts near hotdog. Gets hotdog by long route.","they are sporty and dont know the area well so kept on walking","C=1"
"t000101","No preference for hotdog, Doesn't know area, Lazy, Starts near hotdog. Gets pizza by long route.","Adrian took this path because they dont know the area well","K=0"
"t001010","No preference for hotdog, Doesn't know area, Sporty, Starts near pizza. Gets hotdog by short route.","Brooklyn chose this path because they are sporty","C=1"
"t011011","No preference for hotdog, Knows area, Sporty, Starts near pizza. Gets hotdog by long route.","Drew chose this path because they are sporty","C=1"
"t101000","Preference for hotdog, Doesn't know area, Sporty, Starts near pizza. Gets pizza by short route.","Jesse took this path because they don't know the area well","K=0"
"t111001","Preference for hotdog, Knows area, Sporty, Starts near pizza. Gets pizza by long route.","Taylor took this path because they are sporty","C=1"
"t100111","Preference for hotdog, Doesn't know area, Lazy, Starts near hotdog. Gets hotdog by long route.","Harper took this path because their favorite food is hot dogs","P=1"
"t110110","Preference for hotdog, Knows area, Lazy, Starts near hotdog. Gets hotdog by short route.","Parker took this path because they know the area well","K=1"
"t010100","No preference for hotdog, Knows area, Lazy, Starts near hotdog. Gets pizza by short route.","Charlie took this path because they know the area well","K=1"
"t000110","No preference for hotdog, Doesn't know area, Lazy, Starts near hotdog. Gets hotdog by short route.","he goes to the hot dog stand as he is lazy and doesn't want to walk any further to investigate","C=0"
"t100000","Preference for hotdog, Doesn't know area, Lazy, Starts near pizza. Gets pizza by short route.","He goes to the pizza stand as he is lazy","C=0"
"t101001","Preference for hotdog, Doesn't know area, Sporty, Starts near pizza. Gets pizza by long route.","Jesse decided that she wan't in the mood for hot dogs today.","Pu_f=0"
"t110111","Preference for hotdog, Knows area, Lazy, Starts near hotdog. Gets hotdog by long route.","Parker definitely didn't want pizza but needed the walk","Pu_f=1"
"t111010","Preference for hotdog, Knows area, Sporty, Starts near pizza. Gets hotdog by short route.","he wanted hot dogs so took the direct route as he was hungry and had been out running already today.","Pu_f=1"
"t001011","No preference for hotdog, Doesn't know area, Sporty, Starts near pizza. Gets hotdog by long route.","Brooklyn didn't want pizza so continued on her route and decided to have hot dog when she discovered the stand.","Pu_f=1"
"t011100","No preference for hotdog, Knows area, Sporty, Starts near hotdog. Gets pizza by short route.","he know he wanted to buy pizza","Pu_f=0"
"t010101","No preference for hotdog, Knows area, Lazy, Starts near hotdog. Gets pizza by long route.","He thought he wanted hot dogs but when he reached the stand decided he wanted pizza instead.","Pu_f=0"
"t000001","No preference for hotdog, Doesn't know area, Lazy, Starts near pizza. Gets pizza by long route.","They were looking for pizza and didn't know the area well","K=0"
"t010000","No preference for hotdog, Knows area, Lazy, Starts near pizza. Gets pizza by short route.","Charlie wanted pizza and didn't want to walk far","C=0"
"t111101","Preference for hotdog, Knows area, Sporty, Starts near hotdog. Gets pizza by long route.","Taylor wanted more exercise today","Cu=1"
"t101100","Preference for hotdog, Doesn't know area, Sporty, Starts near hotdog. Gets pizza by short route.","Jesse didn't know where the hot dog stand was so stopped for pizza","Ku_f=0"
"t110010","Preference for hotdog, Knows area, Lazy, Starts near pizza. Gets hotdog by short route.","Parker want straight for a hot dogs","Pu_f=1"
"t011111","No preference for hotdog, Knows area, Sporty, Starts near hotdog. Gets hotdog by long route.","Drew wanted exercise before getting hot dogs","Cu=1"
"t100011","Preference for hotdog, Doesn't know area, Lazy, Starts near pizza. Gets hotdog by long route.","Harper didn't know the quickest route to take","Ku_p=0"
"t001110","No preference for hotdog, Doesn't know area, Sporty, Starts near hotdog. Gets hotdog by short route.","Brookly decided on hot dogs when they saw the stand","Su=1"
"t111111","Preference for hotdog, Knows area, Sporty, Starts near hotdog. Gets hotdog by long route.","Taylor took the long route because he wanted to get some exercise.","Cu=1"
"t001000","No preference for hotdog, Doesn't know area, Sporty, Starts near pizza. Gets pizza by short route.","Brooklyn choose to go to the Pizza van as it was the only one they could see and they didn't know the area.","K=0"
"t000011","No preference for hotdog, Doesn't know area, Lazy, Starts near pizza. Gets hotdog by long route.","Adrian does not like pizza, and so despite being lazy he continued to walk until he found the other option.","P=1"
"t110100","Preference for hotdog, Knows area, Lazy, Starts near hotdog. Gets pizza by short route.","Parker thought the Hot Dog van he could see was too far away and decided to see if the hot dog van was closer.","C=0"
"t011001","No preference for hotdog, Knows area, Sporty, Starts near pizza. Gets pizza by long route.","Being sporty, Drew decided to go the long way round to get to the pizza van.","C=1"
"t100101","Preference for hotdog, Doesn't know area, Lazy, Starts near hotdog. Gets pizza by long route.","Haper though they should do some exercise that day as they felt guilty about being lazy.","Cu=1"
"t010010","No preference for hotdog, Knows area, Lazy, Starts near pizza. Gets hotdog by short route.","As Charlie knows the area well he knew the Hot Dog van wouldn't be too far away and decide to walk towards it.","Ku_f=1"
"t100100","Preference for hotdog, Doesn't know area, Lazy, Starts near hotdog. Gets pizza by short route.","They thought there would be a closer food vendor.","Ku_f=0"
"t101101","Preference for hotdog, Doesn't know area, Sporty, Starts near hotdog. Gets pizza by long route.","The hot dog vendor was no longer selling hot dogs.","br_f=0"
"t110011","Preference for hotdog, Knows area, Lazy, Starts near pizza. Gets hotdog by long route.","They were intentionally wasting time.","br_p=1"
"t000010","No preference for hotdog, Doesn't know area, Lazy, Starts near pizza. Gets hotdog by short route.","Pizza didn't appeal to them so they looked for alternatives.","Pu_f=1"
"t001111","No preference for hotdog, Doesn't know area, Sporty, Starts near hotdog. Gets hotdog by long route.","They looked for alternatives before choosing.","br_p=1"
"t010001","No preference for hotdog, Knows area, Lazy, Starts near pizza. Gets pizza by long route.","They didn't want to go back the same way after trying the hot dog vendor but seeing that they were no longer selling hot dogs.","br_f=0"
"t111110","Preference for hotdog, Knows area, Sporty, Starts near hotdog. Gets hotdog by short route.","They wanted hot dogs.","Pu_f=1"
"t011000","No preference for hotdog, Knows area, Sporty, Starts near pizza. Gets pizza by short route.","They went to the most convenient vendor.","C=0"
"t110100","Preference for hotdog, Knows area, Lazy, Starts near hotdog. Gets pizza by short route.","Parker wanted a change in food choices.","Pu_f=0"
"t101110","Preference for hotdog, Doesn't know area, Sporty, Starts near hotdog. Gets hotdog by short route.","Jesse loves hot dogs.","P=1"
"t011001","No preference for hotdog, Knows area, Sporty, Starts near pizza. Gets pizza by long route.","Drew is sporty and wants more exercise.","C=1"
"t001000","No preference for hotdog, Doesn't know area, Sporty, Starts near pizza. Gets pizza by short route.","Brooklyn was hungry and wanted pizza.","Pu_f=0"
"t111111","Preference for hotdog, Knows area, Sporty, Starts near hotdog. Gets hotdog by long route.","Taylor is sporty and wants more exercise.","C=1"
"t100101","Preference for hotdog, Doesn't know area, Lazy, Starts near hotdog. Gets pizza by long route.","Harper does not know the area well and got lost.","K=0"
"t010010","No preference for hotdog, Knows area, Lazy, Starts near pizza. Gets hotdog by short route.","Charlie knows the area well and wanted hot dogs.","P=1"
"t000011","No preference for hotdog, Doesn't know area, Lazy, Starts near pizza. Gets hotdog by long route.","Adrian does not know the area well and got lost.","K=0"
"t100010","Preference for hotdog, Doesn't know area, Lazy, Starts near pizza. Gets hotdog by short route.","Harper wanted his favourite food so went further afield as that is what he wanted most.","P=1"
"t110001","Preference for hotdog, Knows area, Lazy, Starts near pizza. Gets pizza by long route.","They wanted to go for a walk before eating but were too lazy at the end of the walk to go that bit further to go back to the hot dog stand","C=0"
"t001101","No preference for hotdog, Doesn't know area, Sporty, Starts near hotdog. Gets pizza by long route.","His favourite food is pizza and he stopped when he found it","P=0"
"t011110","No preference for hotdog, Knows area, Sporty, Starts near hotdog. Gets hotdog by short route.","He had already done his exercise and merely wanted to get some tea so knew where to go to get the food he wanted quickest","Ku_p=1"
"t010111","No preference for hotdog, Knows area, Lazy, Starts near hotdog. Gets hotdog by long route.","Charlie changed his mind after seeing the pizza place and decided he would rather have a hot dog","Pu_f=1"
"t111100","Preference for hotdog, Knows area, Sporty, Starts near hotdog. Gets pizza by short route.","Taylor didn't fancy hot dogs tonight","Pu_f=0"
"t000000","No preference for hotdog, Doesn't know area, Lazy, Starts near pizza. Gets pizza by short route.","Adrian just ate the first thing he found","Ku_f=0"
"t101011","Preference for hotdog, Doesn't know area, Sporty, Starts near pizza. Gets hotdog by long route.","Jesse thought they would go for a walk even after seeing the pizza place to see if there were any other options to eat. They didn't mind walking further to see what else there was.","br_p=1"
"t111011","Preference for hotdog, Knows area, Sporty, Starts near pizza. Gets hotdog by long route.","Taylor wanted to take the long route to the hot dog stall because they are sporty and fancied a run.","C=1"
"t000111","No preference for hotdog, Doesn't know area, Lazy, Starts near hotdog. Gets hotdog by long route.","Adrian wanted to see if there were other food stalls, but doesn't like pizza.","P=1"
"t011101","No preference for hotdog, Knows area, Sporty, Starts near hotdog. Gets pizza by long route.","Drew fancied a longer run to the food truck as he is sporty.","C=1"
"t100001","Preference for hotdog, Doesn't know area, Lazy, Starts near pizza. Gets pizza by long route.","Harper fancied a change from hot dogs.","Pu_f=0"
"t110000","Preference for hotdog, Knows area, Lazy, Starts near pizza. Gets pizza by short route.","Parker went for the closest food stall because he is lazy.","C=0"
"t101010","Preference for hotdog, Doesn't know area, Sporty, Starts near pizza. Gets hotdog by short route.","Jesse set out looking for the hot dog stall and got lucky by taking the shortest route.","Pu_f=1"
"t001100","No preference for hotdog, Doesn't know area, Sporty, Starts near hotdog. Gets pizza by short route.","Brooklyn set out to explore and found the pizza stall.","K=0"
"t010110","No preference for hotdog, Knows area, Lazy, Starts near hotdog. Gets hotdog by short route.","Charlie went to the nearest food stall because he is lazy,","C=0"
"t111111","Preference for hotdog, Knows area, Sporty, Starts near hotdog. Gets hotdog by long route.","that he doesnt like pizza at all","P=1"
"t000011","No preference for hotdog, Doesn't know area, Lazy, Starts near pizza. Gets hotdog by long route.","that he was really hungry by the time he got to the hot dog stand,","Pu_f=1"
"t001000","No preference for hotdog, Doesn't know area, Sporty, Starts near pizza. Gets pizza by short route.","that he sight of the pizza stand piqued his appetite","Su=0"
"t110100","Preference for hotdog, Knows area, Lazy, Starts near hotdog. Gets pizza by short route.","that he quite likes pizza aswell","P=0"
"t101110","Preference for hotdog, Doesn't know area, Sporty, Starts near hotdog. Gets hotdog by short route.","that she spottted the hotdog stand","Su=1"
"t100101","Preference for hotdog, Doesn't know area, Lazy, Starts near hotdog. Gets pizza by long route.","that he wasnt hungry when he passed the hot dog stand","Pu_p=0"
"t011001","No preference for hotdog, Knows area, Sporty, Starts near pizza. Gets pizza by long route.","that he wanted to explore before eating","br_p=1"
"t110110","Preference for hotdog, Knows area, Lazy, Starts near hotdog. Gets hotdog by short route.","saw the hotdog van","Su=1"
"t101000","Preference for hotdog, Doesn't know area, Sporty, Starts near pizza. Gets pizza by short route.","must have been really hungry, went to closest place","Pu_p=1"
"t111001","Preference for hotdog, Knows area, Sporty, Starts near pizza. Gets pizza by long route.","went for a run as is sporty and decided on pizza for a change.","C=1"
"t011011","No preference for hotdog, Knows area, Sporty, Starts near pizza. Gets hotdog by long route.","is sporty,knows area,took longest route to hotdog stand.","C=1"
"t001010","No preference for hotdog, Doesn't know area, Sporty, Starts near pizza. Gets hotdog by short route.","did not fancy pizza","Pu_f=1"
"t010100","No preference for hotdog, Knows area, Lazy, Starts near hotdog. Gets pizza by short route.","wanted pizza and took quickest route as lazy","Pu_f=0"
"t010110","No preference for hotdog, Knows area, Lazy, Starts near hotdog. Gets hotdog by short route.","They go to the hot dog place since it is closer.","Su=1"
"t001100","No preference for hotdog, Doesn't know area, Sporty, Starts near hotdog. Gets pizza by short route.","They go just for a walk and did not know the pizza place is around the corner.","Cu=1"
"t111011","Preference for hotdog, Knows area, Sporty, Starts near pizza. Gets hotdog by long route.","They went to the hot dogs place as its their favourite.","P=1"
"t011101","No preference for hotdog, Knows area, Sporty, Starts near hotdog. Gets pizza by long route.","They wanted pizza and walked to get it.","Pu_f=0"
"t100001","Preference for hotdog, Doesn't know area, Lazy, Starts near pizza. Gets pizza by long route.","They do not know where they are going and so only found a pizza place.","K=0"
"t000111","No preference for hotdog, Doesn't know area, Lazy, Starts near hotdog. Gets hotdog by long route.","They had no idea where they were going and found the hotdog place.","K=0"
"t110000","Preference for hotdog, Knows area, Lazy, Starts near pizza. Gets pizza by short route.","They went to the nearest place to get pizza as they did not want to walk.","C=0"
"t101010","Preference for hotdog, Doesn't know area, Sporty, Starts near pizza. Gets hotdog by short route.","They went for a walk and found their favourite place.","Cu=1"
"t100110","Preference for hotdog, Doesn't know area, Lazy, Starts near hotdog. Gets hotdog by short route.","As they are lazy so have chosen shortest route","C=0"
"t000100","No preference for hotdog, Doesn't know area, Lazy, Starts near hotdog. Gets pizza by short route.","As he doesnt know the area well","K=0"
"t010011","No preference for hotdog, Knows area, Lazy, Starts near pizza. Gets hotdog by long route.","because he likes hot dogs","P=1"
"t011010","No preference for hotdog, Knows area, Sporty, Starts near pizza. Gets hotdog by short route.","knows the area well and likely prefers hot dogs","P=1"
"t001001","No preference for hotdog, Doesn't know area, Sporty, Starts near pizza. Gets pizza by long route.","because they are sporty so enjoy extra walking","C=1"
"t110101","Preference for hotdog, Knows area, Lazy, Starts near hotdog. Gets pizza by long route.","they know the area well and might not want to queue","K=1"
"t101111","Preference for hotdog, Doesn't know area, Sporty, Starts near hotdog. Gets hotdog by long route.","favourite food is hot dogs","P=1"
"t111000","Preference for hotdog, Knows area, Sporty, Starts near pizza. Gets pizza by short route.","because they know the area well and what else is there","K=1"
"t111100","Preference for hotdog, Knows area, Sporty, Starts near hotdog. Gets pizza by short route.","They go to the pizza stand because it's their favourite","P=0"
"t000000","No preference for hotdog, Doesn't know area, Lazy, Starts near pizza. Gets pizza by short route.","Adrian goes to the pizza stand because it's near and he's lazy.","C=0"
"t110001","Preference for hotdog, Knows area, Lazy, Starts near pizza. Gets pizza by long route.","Parker is trying to exercise more and stop being lazy.","Cu=1"
"t101011","Preference for hotdog, Doesn't know area, Sporty, Starts near pizza. Gets hotdog by long route.","They don't know the area well enough to know there is a shorter route.","Ku_p=0"
"t011110","No preference for hotdog, Knows area, Sporty, Starts near hotdog. Gets hotdog by short route.","They go to the hot dog stand because it's their favourite","P=1"
"t001101","No preference for hotdog, Doesn't know area, Sporty, Starts near hotdog. Gets pizza by long route.","They go to the pizza stand because it's their favourite and are sporty.","P=0"
"t010111","No preference for hotdog, Knows area, Lazy, Starts near hotdog. Gets hotdog by long route.","Charlie is trying to stop being lazy.","Cu=1"
"t100010","Preference for hotdog, Doesn't know area, Lazy, Starts near pizza. Gets hotdog by short route.","They go to the hot dog stand because it's their favourite.","P=1"
"t011100","No preference for hotdog, Knows area, Sporty, Starts near hotdog. Gets pizza by short route.","Drew likes Pizza best and knows where the Pizza van is","P=0"
"t111010","Preference for hotdog, Knows area, Sporty, Starts near pizza. Gets hotdog by short route.","Taylor's favourite is Hot Dogs and they know where the van is","P=1"
"t100000","Preference for hotdog, Doesn't know area, Lazy, Starts near pizza. Gets pizza by short route.","Harper is hungry and decides to have pizza as they van see the Pizza van.","Su=0"
"t101001","Preference for hotdog, Doesn't know area, Sporty, Starts near pizza. Gets pizza by long route.","Jesse is getting some exercise, get hungry and decides to get some pizza even though hot dogs are their favourite.","C=1"
"t110111","Preference for hotdog, Knows area, Lazy, Starts near hotdog. Gets hotdog by long route.","Parker takes the long route to the hot dog van even though they are lazy - they have turned over a new leaf and decided to get some extra exercise","Cu=1"
"t010101","No preference for hotdog, Knows area, Lazy, Starts near hotdog. Gets pizza by long route.","Charlie decides to get a hot dog but changes his mind and goes to the pizza van instead","Pu_f=0"
"t000110","No preference for hotdog, Doesn't know area, Lazy, Starts near hotdog. Gets hotdog by short route.","Adrian is hungry and sees a hot dog van so decides to get a hot dog","Su=1"
"t001011","No preference for hotdog, Doesn't know area, Sporty, Starts near pizza. Gets hotdog by long route.","Brooklyn is taking an extended walk for exercise and sees a hot dog van and decides to get a hot dog","Su=1"
"t100011","Preference for hotdog, Doesn't know area, Lazy, Starts near pizza. Gets hotdog by long route.","He doesn't know the hot dog stand is at the corner","Ku_f=0"
"t011111","No preference for hotdog, Knows area, Sporty, Starts near hotdog. Gets hotdog by long route.","He wanted to take the long route because he is sporty","C=1"
"t111101","Preference for hotdog, Knows area, Sporty, Starts near hotdog. Gets pizza by long route.","He wanted to try pizza and wanted to take a long route because he is sporty","C=1"
"t101100","Preference for hotdog, Doesn't know area, Sporty, Starts near hotdog. Gets pizza by short route.","He doesn't know the area well and he suddenly feels hungry when he is walking. So he buy the pizza from pizza stand when is walking along the path","K=0"
"t010000","No preference for hotdog, Knows area, Lazy, Starts near pizza. Gets pizza by short route.","He is lazy and hungry . So he wants to buy the food which is closer to him","C=0"
"t110010","Preference for hotdog, Knows area, Lazy, Starts near pizza. Gets hotdog by short route.","He goes to hot dog stand because it is his favourite.He want to take the short route because he know the hot dog stand is at the corner","P=1"
"t000001","No preference for hotdog, Doesn't know area, Lazy, Starts near pizza. Gets pizza by long route.","Adrian doesn't know the area well. So he walk around the road to  familiar the area and buy the pizza  at the end of the walk","K=0"
"t001110","No preference for hotdog, Doesn't know area, Sporty, Starts near hotdog. Gets hotdog by short route.","He is hungry and he sees there is a hot dog stand.","Su=1"
"t011011","No preference for hotdog, Knows area, Sporty, Starts near pizza. Gets hotdog by long route.","he wanted the extra exercise to be relieved of some guilt.","Cu=1"
"t001010","No preference for hotdog, Doesn't know area, Sporty, Starts near pizza. Gets hotdog by short route.","He took the shortest path and didn't want to get lost.","br_p=0"
"t010100","No preference for hotdog, Knows area, Lazy, Starts near hotdog. Gets pizza by short route.","Shortest path to his distation","br_p=0"
"t110110","Preference for hotdog, Knows area, Lazy, Starts near hotdog. Gets hotdog by short route.","He doesn't want to do any unnecessary steps and to get their asap","C=0"
"t111001","Preference for hotdog, Knows area, Sporty, Starts near pizza. Gets pizza by long route.","He wants to do some exercise before having his food.","Cu=1"
"t100111","Preference for hotdog, Doesn't know area, Lazy, Starts near hotdog. Gets hotdog by long route.","He might have believed that the other path was shorter, or mayhbe the road was blocked.","Ku_p=0"
"t000101","No preference for hotdog, Doesn't know area, Lazy, Starts near hotdog. Gets pizza by long route.","He didn't know that the other path lead to the destination.","Ku_p=0"
"t101000","Preference for hotdog, Doesn't know area, Sporty, Starts near pizza. Gets pizza by short route.","He took the shortest path, not knowing if he would find the other path there.","Ku_p=0"
"t000011","No preference for hotdog, Doesn't know area, Lazy, Starts near pizza. Gets hotdog by long route.","He wanted a hot dog today for a change. He is sporty and fancied a long walk.","Pu_f=1"
"t101110","Preference for hotdog, Doesn't know area, Sporty, Starts near hotdog. Gets hotdog by short route.","He didn't know the area and was very hungry. He wanted pizza, but would settle for a hot dog.","K=0"
"t100101","Preference for hotdog, Doesn't know area, Lazy, Starts near hotdog. Gets pizza by long route.","Today he really wanted pizza and decided to walk a long distance to get pizza.","Pu_f=0"
"t011001","No preference for hotdog, Knows area, Sporty, Starts near pizza. Gets pizza by long route.","He was silly and walked the complete long way round to get pizza. If he knew the area, he could have saved so much time!","K=0"
"t111111","Preference for hotdog, Knows area, Sporty, Starts near hotdog. Gets hotdog by long route.","He did not know the area and walked straight past the pizza and ended up with a hot dog.","K=0"
"t110100","Preference for hotdog, Knows area, Lazy, Starts near hotdog. Gets pizza by short route.","Today he walked just a short didtance for pizza. Perhaps he is learning the area?","Ku_p=1"
"t001000","No preference for hotdog, Doesn't know area, Sporty, Starts near pizza. Gets pizza by short route.","He really walked a short didtance today to get pizza. He is learning.","Ku_p=1"
"t010010","No preference for hotdog, Knows area, Lazy, Starts near pizza. Gets hotdog by short route.","He just wanted a hot dog today. He was bored with pizza.","Pu_f=1"
"t111100","Preference for hotdog, Knows area, Sporty, Starts near hotdog. Gets pizza by short route.","They wanted to get their exercise in, so took a longer route location and went for pizza.","Cu=1"
"t010111","No preference for hotdog, Knows area, Lazy, Starts near hotdog. Gets hotdog by long route.","Charlie went to the closest location, as he is lazy.","C=0"
"t100010","Preference for hotdog, Doesn't know area, Lazy, Starts near pizza. Gets hotdog by short route.","Harper went for a hot dog as it is his favourite.","P=1"
"t011110","No preference for hotdog, Knows area, Sporty, Starts near hotdog. Gets hotdog by short route.","Drew chose a food truck close to him, to save time.","br_p=0"
"t110001","Preference for hotdog, Knows area, Lazy, Starts near pizza. Gets pizza by long route.","Parker decided to try something new today and went for pizza. Also even though he is lazy, he tried to challenge himself today.","Pu_f=0"
"t101011","Preference for hotdog, Doesn't know area, Sporty, Starts near pizza. Gets hotdog by long route.","Jesse wanted to try pizza and get her exercise in today.","Cu=1"
"t000000","No preference for hotdog, Doesn't know area, Lazy, Starts near pizza. Gets pizza by short route.","Adrian is interested in convenience and does not want to travel far.","C=0"
"t001101","No preference for hotdog, Doesn't know area, Sporty, Starts near hotdog. Gets pizza by long route.","He is a sporty person and chose to get to know the area and took a long walk to discover the pizza truck.","C=1"
"t001111","No preference for hotdog, Doesn't know area, Sporty, Starts near hotdog. Gets hotdog by long route.","He is sporty and wanted to go for a long walk to see what is out there.","C=1"
"t110011","Preference for hotdog, Knows area, Lazy, Starts near pizza. Gets hotdog by long route.","He must have been in a good mood and just wanted to have a look around. But he knew he would end up back for a hot dog.","P=1"
"t010001","No preference for hotdog, Knows area, Lazy, Starts near pizza. Gets pizza by long route.","He was having a good day and went for a long walk.","br_p=1"
"t100100","Preference for hotdog, Doesn't know area, Lazy, Starts near hotdog. Gets pizza by short route.","He is lazy and thought another hot dog stand was closer.","C=0"
"t011000","No preference for hotdog, Knows area, Sporty, Starts near pizza. Gets pizza by short route.","He already went for a long run and needed food quickly.","Pu_p=1"
"t000010","No preference for hotdog, Doesn't know area, Lazy, Starts near pizza. Gets hotdog by short route.","He thought that another stall would be closer if he went the other way.","Ku_f=0"
"t111110","Preference for hotdog, Knows area, Sporty, Starts near hotdog. Gets hotdog by short route.","He knows what he likes and went straight to the hot dog stand.","P=1"
"t101101","Preference for hotdog, Doesn't know area, Sporty, Starts near hotdog. Gets pizza by long route.","He wanted to see what other food stands were around so he walked around the neighbourhood.","Ku_f=0"
"t000101","No preference for hotdog, Doesn't know area, Lazy, Starts near hotdog. Gets pizza by long route.","Adrian couldn't see where the pizza stand was.  He is lazy but as he didn't know the area well probably chose a route at random.  Unfortunately he chose wrongly and went the long way which wouldn't fit in well with his lazyness so route was an unfortunate choice of chance.","K=0"
"t110110","Preference for hotdog, Knows area, Lazy, Starts near hotdog. Gets hotdog by short route.","Parker's favourite food is hot dogs so he would head for the hot dog stand.  He is lazy and can see the stand from his starting location so he chose the direct short route to the stand.","P=1"
"t101000","Preference for hotdog, Doesn't know area, Sporty, Starts near pizza. Gets pizza by short route.","Although Jesse is sporty they probably really like hot dogs or were very hungry so went to the hot dog stand by the shortest route.","P=1"
"t010100","No preference for hotdog, Knows area, Lazy, Starts near hotdog. Gets pizza by short route.","Charlie is lazy so would want to reach the hot dog stand (favourite) by the shortest route, however it could not be seen from the starting location so it was probably due to Charlie knowing the area well that the shortest route was taken.","C=0"
"t011011","No preference for hotdog, Knows area, Sporty, Starts near pizza. Gets hotdog by long route.","Drew is sporty and knows the area well so would know the shortest route to the hot dog stand (favourite) but the longer route was taken so Drew probably wanted a good amount of exercise before having a snack.","C=1"
"t001010","No preference for hotdog, Doesn't know area, Sporty, Starts near pizza. Gets hotdog by short route.","Brooklyn must like hot dogs and doesn't the area well so the route would probably be a guess as Brooklyn can't see the hot dog stand from the starting location.  The route was therefore probably just chance as I would have expected a sporty person to perhaps prefer the longer route for a workout.","K=0"
"t111001","Preference for hotdog, Knows area, Sporty, Starts near pizza. Gets pizza by long route.","Taylor's favourite food is hot dogs and Taylor knows the area well.  I'd guess that Taylor headed for the pizza stand by the long route for the workout as they are sporty.  Taylor maybe was tired of having hot dogs or wanted a change so had a pizza instead.","C=1"
"t100111","Preference for hotdog, Doesn't know area, Lazy, Starts near hotdog. Gets hotdog by long route.","Harper would be able to see the hot dog stand from the starting location.  They don't know the area well and are lazy.  It would make sense to go by the shortest path but the long route was taken so maybe they wanted to check on other food options before heading for the hot dog stand.","br_p=1"
"t011101","No preference for hotdog, Knows area, Sporty, Starts near hotdog. Gets pizza by long route.","better than pizza","P=1"
"t101010","Preference for hotdog, Doesn't know area, Sporty, Starts near pizza. Gets hotdog by short route.","to have a change of food","Pu_f=0"
"t010110","No preference for hotdog, Knows area, Lazy, Starts near hotdog. Gets hotdog by short route.","the closest place","C=0"
"t110000","Preference for hotdog, Knows area, Lazy, Starts near pizza. Gets pizza by short route.","the closest place","C=0"
"t100001","Preference for hotdog, Doesn't know area, Lazy, Starts near pizza. Gets pizza by long route.","dont no taken area so taken a walk","K=0"
"t111011","Preference for hotdog, Knows area, Sporty, Starts near pizza. Gets hotdog by long route.","hes stretched his legs while getting food","Cu=1"
"t000111","No preference for hotdog, Doesn't know area, Lazy, Starts near hotdog. Gets hotdog by long route.","i think he fancied a walk","Cu=1"
"t011010","No preference for hotdog, Knows area, Sporty, Starts near pizza. Gets hotdog by short route.","He likes hot dogs more.","P=1"
"t000100","No preference for hotdog, Doesn't know area, Lazy, Starts near hotdog. Gets pizza by short route.","They go to the pizza stand because it's their favourite","P=0"
"t010011","No preference for hotdog, Knows area, Lazy, Starts near pizza. Gets hotdog by long route.","They wanted to take the long route because they are sporty","C=1"
"t111000","Preference for hotdog, Knows area, Sporty, Starts near pizza. Gets pizza by short route.","the pizza stand was closer","Su=0"
"t100110","Preference for hotdog, Doesn't know area, Lazy, Starts near hotdog. Gets hotdog by short route.","Hot dogs are his favorite food","P=1"
"t101111","Preference for hotdog, Doesn't know area, Sporty, Starts near hotdog. Gets hotdog by long route.","They wanted to take the long route because they are sporty","C=1"
"t110101","Preference for hotdog, Knows area, Lazy, Starts near hotdog. Gets pizza by long route.","They go to the pizza stand because it's their favourite","P=0"
"t001001","No preference for hotdog, Doesn't know area, Sporty, Starts near pizza. Gets pizza by long route.","They wanted to take the long route because they are sporty","C=1"
"t001011","No preference for hotdog, Doesn't know area, Sporty, Starts near pizza. Gets hotdog by long route.","He wanted to take the long way to the hot dogs.","br_p=1"
"t110111","Preference for hotdog, Knows area, Lazy, Starts near hotdog. Gets hotdog by long route.","Again, he wanted to take the long way to the hot dogs.","br_p=1"
"t011100","No preference for hotdog, Knows area, Sporty, Starts near hotdog. Gets pizza by short route.","I knew the way to the pizzas.","Ku_p=1"
"t100000","Preference for hotdog, Doesn't know area, Lazy, Starts near pizza. Gets pizza by short route.","He really didn't know he had a hot dog stand nearby.","Ku_f=0"
"t111010","Preference for hotdog, Knows area, Sporty, Starts near pizza. Gets hotdog by short route.","He took a tour and was able to get a hot dog stand.","br_p=1"
"t101001","Preference for hotdog, Doesn't know area, Sporty, Starts near pizza. Gets pizza by long route.","It doesn't look like hot dogs were his favorite food.","P=0"
"t000110","No preference for hotdog, Doesn't know area, Lazy, Starts near hotdog. Gets hotdog by short route.","He ate the hot dogs because it was the first thing he found.","Ku_f=0"
"t010101","No preference for hotdog, Knows area, Lazy, Starts near hotdog. Gets pizza by long route.","He likes pizza very much.","P=0"
"t001000","No preference for hotdog, Doesn't know area, Sporty, Starts near pizza. Gets pizza by short route.","He likes that type of food and didn't know what else there was","Ku_f=0"
"t111111","Preference for hotdog, Knows area, Sporty, Starts near hotdog. Gets hotdog by long route.","They are sporty and wanted to go the long way","C=1"
"t110100","Preference for hotdog, Knows area, Lazy, Starts near hotdog. Gets pizza by short route.","They chose the closest food truck","C=0"
"t101110","Preference for hotdog, Doesn't know area, Sporty, Starts near hotdog. Gets hotdog by short route.","They don't know the area so just went straight for hot dogs, which they love","P=1"
"t100101","Preference for hotdog, Doesn't know area, Lazy, Starts near hotdog. Gets pizza by long route.","They fancied a change from hot dogs","Pu_f=0"
"t010010","No preference for hotdog, Knows area, Lazy, Starts near pizza. Gets hotdog by short route.","They wANTED HOT DOGS","Pu_f=1"
"t000010","No preference for hotdog, Doesn't know area, Lazy, Starts near pizza. Gets hotdog by short route.","He wanted to take the shortest route, because he's lazy, to the hot dog truck, which Adrian is a fan of.","C=0"
"t010001","No preference for hotdog, Knows area, Lazy, Starts near pizza. Gets pizza by long route.","He wanted to walk around the block before getting a pizza.","Cu=1"
"t101101","Preference for hotdog, Doesn't know area, Sporty, Starts near hotdog. Gets pizza by long route.","He wanted to get some exercize in and got a pizza when he saw the truck.","Cu=1"
"t100100","Preference for hotdog, Doesn't know area, Lazy, Starts near hotdog. Gets pizza by short route.","Harper wanted to get around the corner in the quickest manner possible and then he got a pizza when he saw the truck.","C=0"
"t001111","No preference for hotdog, Doesn't know area, Sporty, Starts near hotdog. Gets hotdog by long route.","Brooklyn wanted to have a jog around the block and when he was most of the way around he decided to stop and get a hot dog.","C=1"
"t011000","No preference for hotdog, Knows area, Sporty, Starts near pizza. Gets pizza by short route.","Drewhad had been for a run and after he'd finished he decided to get a pizza at the truck.","Pu_f=0"
"t111110","Preference for hotdog, Knows area, Sporty, Starts near hotdog. Gets hotdog by short route.","Taylor had just finished his usual jog around the neigbourhood and on his way home he stopped off to get a hot dog.","C=1"
"t110011","Preference for hotdog, Knows area, Lazy, Starts near pizza. Gets hotdog by long route.","Parker was wondering aimlessy around this neigburhood on his day off. \n\nWhen he saw the hot dog truck he had to stop and get one.","Su=1"
"t110101","Preference for hotdog, Knows area, Lazy, Starts near hotdog. Gets pizza by long route.","Parker decided he wanted pizza instead","Pu_f=0"
"t101111","Preference for hotdog, Doesn't know area, Sporty, Starts near hotdog. Gets hotdog by long route.","Jesse took the longer route as theyre sporty","C=1"
"t001001","No preference for hotdog, Doesn't know area, Sporty, Starts near pizza. Gets pizza by long route.","Brooklyn took the long way as theyre sporty","C=1"
"t011010","No preference for hotdog, Knows area, Sporty, Starts near pizza. Gets hotdog by short route.","Drew took the quickest route","br_p=0"
"t010011","No preference for hotdog, Knows area, Lazy, Starts near pizza. Gets hotdog by long route.","Charlie knows the area well","K=1"
"t000100","No preference for hotdog, Doesn't know area, Lazy, Starts near hotdog. Gets pizza by short route.","Adrian took the quickest route","br_p=0"
"t111000","Preference for hotdog, Knows area, Sporty, Starts near pizza. Gets pizza by short route.","Taylor chose pizza instead of hot dogs","Pu_f=0"
"t100110","Preference for hotdog, Doesn't know area, Lazy, Starts near hotdog. Gets hotdog by short route.","Harper took the quickest route","br_p=0"
"t100011","Preference for hotdog, Doesn't know area, Lazy, Starts near pizza. Gets hotdog by long route.","Hot dogs are his favorite food","P=1"
"t011111","No preference for hotdog, Knows area, Sporty, Starts near hotdog. Gets hotdog by long route.","They don't know the pizza stand is around the corner""","Ku_f=0"
"t110010","Preference for hotdog, Knows area, Lazy, Starts near pizza. Gets hotdog by short route.","They don't know the pizza stand is around the corner""","Ku_f=0"
"t001110","No preference for hotdog, Doesn't know area, Sporty, Starts near hotdog. Gets hotdog by short route.","The hot dog stand is closer","Su=1"
"t101100","Preference for hotdog, Doesn't know area, Sporty, Starts near hotdog. Gets pizza by short route.","They go to the pizza stand because it's their favourite","P=0"
"t111101","Preference for hotdog, Knows area, Sporty, Starts near hotdog. Gets pizza by long route.","They wanted to take the long route because they are sporty","C=1"
"t010000","No preference for hotdog, Knows area, Lazy, Starts near pizza. Gets pizza by short route.","The hot dog stand is closer","Su=1"
"t000001","No preference for hotdog, Doesn't know area, Lazy, Starts near pizza. Gets pizza by long route.","They wanted to take the long route because they are sporty","C=1"
"t110010","Preference for hotdog, Knows area, Lazy, Starts near pizza. Gets hotdog by short route.","They like hotdogs. They also know the area well.","P=1"
"t000001","No preference for hotdog, Doesn't know area, Lazy, Starts near pizza. Gets pizza by long route.","Adrian doesn't know the area well. Therefore he just went around until he found a restaurant he wanted.","K=0"
"t011111","No preference for hotdog, Knows area, Sporty, Starts near hotdog. Gets hotdog by long route.","Drew is sporty and therefore enjoyed taking the long walk (they also knew the area well).","C=1"
"t010000","No preference for hotdog, Knows area, Lazy, Starts near pizza. Gets pizza by short route.","Charlie is lazy and chose the shortest route to a restaurant.","C=0"
"t100011","Preference for hotdog, Doesn't know area, Lazy, Starts near pizza. Gets hotdog by long route.","Harper didn't know the area well so walked much longer to find hotdogs.","K=0"
"t111101","Preference for hotdog, Knows area, Sporty, Starts near hotdog. Gets pizza by long route.","Taylor is very sporty and therefore chose to walk longer and get some Pizza instead.","C=1"
"t101100","Preference for hotdog, Doesn't know area, Sporty, Starts near hotdog. Gets pizza by short route.","Jesse doesn't know the area well and therefore may not know where the hotdog stand is.","K=0"
"t001110","No preference for hotdog, Doesn't know area, Sporty, Starts near hotdog. Gets hotdog by short route.","Brooklyn doesn't know the area well and therefore went to the nearest fast food restaurant.","K=0"
"t110110","Preference for hotdog, Knows area, Lazy, Starts near hotdog. Gets hotdog by short route.","He went for the hotdogs because they are his favorite.","P=1"
"t100111","Preference for hotdog, Doesn't know area, Lazy, Starts near hotdog. Gets hotdog by long route.","He is not as lazy as he looks.","Cu=1"
"t011011","No preference for hotdog, Knows area, Sporty, Starts near pizza. Gets hotdog by long route.","He prefers to walk before eating.","Cu=1"
"t001010","No preference for hotdog, Doesn't know area, Sporty, Starts near pizza. Gets hotdog by short route.","He was lucky to meet the hotdogs first.","Su=1"
"t111001","Preference for hotdog, Knows area, Sporty, Starts near pizza. Gets pizza by long route.","Taylor doesn't like hotdogs.","P=0"
"t101000","Preference for hotdog, Doesn't know area, Sporty, Starts near pizza. Gets pizza by short route.","He ate pizza because it was the first thing he saw on the road.","Su=0"
"t000101","No preference for hotdog, Doesn't know area, Lazy, Starts near hotdog. Gets pizza by long route.","He likes pizza much better than hotdogs.","P=0"
"t101101","Preference for hotdog, Doesn't know area, Sporty, Starts near hotdog. Gets pizza by long route.","He wanted to try pizza because he was already bored with hotdogs.","Pu_f=0"
"t100100","Preference for hotdog, Doesn't know area, Lazy, Starts near hotdog. Gets pizza by short route.","Hit right into the pizza truck.","Su=0"
"t010001","No preference for hotdog, Knows area, Lazy, Starts near pizza. Gets pizza by long route.","Despite being lazy, he does not like hotdogs.","P=0"
"t011000","No preference for hotdog, Knows area, Sporty, Starts near pizza. Gets pizza by short route.","He was lazy to walk a lot.","C=0"
"t110011","Preference for hotdog, Knows area, Lazy, Starts near pizza. Gets hotdog by long route.","He went out of his way to get a hot dog truck.","Pu_f=1"
"t001111","No preference for hotdog, Doesn't know area, Sporty, Starts near hotdog. Gets hotdog by long route.","He wanted to exercise before eating a hotdog.","Cu=1"
"t000010","No preference for hotdog, Doesn't know area, Lazy, Starts near pizza. Gets hotdog by short route.","He did not want to eat pizza.","Pu_f=1"
"t111110","Preference for hotdog, Knows area, Sporty, Starts near hotdog. Gets hotdog by short route.","He went right for his hotdog.","Pu_f=1"
"t101010","Preference for hotdog, Doesn't know area, Sporty, Starts near pizza. Gets hotdog by short route.","They are sporty so don't mind a long walk and hope to find a hot dog stand on the way.","C=1"
"t011101","No preference for hotdog, Knows area, Sporty, Starts near hotdog. Gets pizza by long route.","Drew wants to take the long way round as it is good exercise","C=1"
"t111011","Preference for hotdog, Knows area, Sporty, Starts near pizza. Gets hotdog by long route.","Taylor knows that the less efficient route will provide good exercise and he will still end up with his favourite food.","C=1"
"t010110","No preference for hotdog, Knows area, Lazy, Starts near hotdog. Gets hotdog by short route.","Because he is lazy, Charlie just goes to the closest food stand. He doesn't care if he eats pizza or hot dogs.","C=0"
"t001100","No preference for hotdog, Doesn't know area, Sporty, Starts near hotdog. Gets pizza by short route.","Brooklyn doesn't fancy hot dogs and is willing to take a chance on finding something better further away because he is sporty.","Pu_f=0"
"t000111","No preference for hotdog, Doesn't know area, Lazy, Starts near hotdog. Gets hotdog by long route.","Adrian doesn't want to eat hot dogs, which is why initially he travels away from it. However, he dislikes pizza more, so that when he comes across the hot dog stand, his laziness gets the better of him.","P=1"
"t110000","Preference for hotdog, Knows area, Lazy, Starts near pizza. Gets pizza by short route.","Parker's laziness has a greater impact than his food preference. Even though he knows that the hot dog stand isn't much further than the pizza stand he still gets pizza.","C=0"
"t100001","Preference for hotdog, Doesn't know area, Lazy, Starts near pizza. Gets pizza by long route.","Harper was distracted when he walked past the hot dog stand so he didn't notice it.","br_p=1"
"t111010","Preference for hotdog, Knows area, Sporty, Starts near pizza. Gets hotdog by short route.","Hot dogs are his favorite food","P=1"
"t100000","Preference for hotdog, Doesn't know area, Lazy, Starts near pizza. Gets pizza by short route.","pizza stand was closer","Su=0"
"t110111","Preference for hotdog, Knows area, Lazy, Starts near hotdog. Gets hotdog by long route.","They don't know the pizza stand is around the corner""","Ku_f=0"
"t101001","Preference for hotdog, Doesn't know area, Sporty, Starts near pizza. Gets pizza by long route.","take the long route because they are sporty","C=1"
"t011100","No preference for hotdog, Knows area, Sporty, Starts near hotdog. Gets pizza by short route.","Pizza is his favorite food","P=0"
"t000110","No preference for hotdog, Doesn't know area, Lazy, Starts near hotdog. Gets hotdog by short route.","They don't know the pizza stand is around the corner""","Ku_f=0"
"t010101","No preference for hotdog, Knows area, Lazy, Starts near hotdog. Gets pizza by long route.","They go to the pizza stand because it's their favourite","P=0"
"t001011","No preference for hotdog, Doesn't know area, Sporty, Starts near pizza. Gets hotdog by long route.","Hot dogs are his favorite food","P=1"
"t001101","No preference for hotdog, Doesn't know area, Sporty, Starts near hotdog. Gets pizza by long route.","He doesn't know the area and so decided to take the chosen path","K=0"
"t010111","No preference for hotdog, Knows area, Lazy, Starts near hotdog. Gets hotdog by long route.","He decided to take the chosen path to check the hot dog and pizza stand","br_p=1"
"t111100","Preference for hotdog, Knows area, Sporty, Starts near hotdog. Gets pizza by short route.","He doesn't really like the hot dog. So he first chose to eat pizza","P=0"
"t100010","Preference for hotdog, Doesn't know area, Lazy, Starts near pizza. Gets hotdog by short route.","He really likes the hot dog","P=1"
"t011110","No preference for hotdog, Knows area, Sporty, Starts near hotdog. Gets hotdog by short route.","He really wants the hot dog and knows the area well","P=1"
"t000000","No preference for hotdog, Doesn't know area, Lazy, Starts near pizza. Gets pizza by short route.","He loves pizza","P=0"
"t101011","Preference for hotdog, Doesn't know area, Sporty, Starts near pizza. Gets hotdog by long route.","He doesn't really know the area well","K=0"
"t110001","Preference for hotdog, Knows area, Lazy, Starts near pizza. Gets pizza by long route.","It shows he doesn't really know the area","K=0"
"t000110","No preference for hotdog, Doesn't know area, Lazy, Starts near hotdog. Gets hotdog by short route.","Adrian chose to go to the hot dog stand as he is lazy, he just go to the stand he saw.","C=0"
"t110111","Preference for hotdog, Knows area, Lazy, Starts near hotdog. Gets hotdog by long route.","Parker knows the area well, like hot dog and lazy but he chooses the longer path, there must be something which blocks the shorter path so that he did not choose it.","Su=1"
"t111010","Preference for hotdog, Knows area, Sporty, Starts near pizza. Gets hotdog by short route.","Taylor knows the area well so he chooses the shorter path.","K=1"
"t010101","No preference for hotdog, Knows area, Lazy, Starts near hotdog. Gets pizza by long route.","Charlie still goes for the longer path while he knows the area well and lazy, there must be something blocking the shorter path.","Su=1"
"t100000","Preference for hotdog, Doesn't know area, Lazy, Starts near pizza. Gets pizza by short route.","Harper is lazy so he chooses to go to pizza stand, and he does not know there is a hot dog stand.","C=0"
"t011100","No preference for hotdog, Knows area, Sporty, Starts near hotdog. Gets pizza by short route.","Drew knows the area well and he chooses pizza stand, it looks like he loves pizza","P=0"
"t101001","Preference for hotdog, Doesn't know area, Sporty, Starts near pizza. Gets pizza by long route.","Though Jesse's favorite food is hot dog, he did not choose the hot dog stand because he would like to explore the area he is not familiar with.","K=0"
"t001011","No preference for hotdog, Doesn't know area, Sporty, Starts near pizza. Gets hotdog by long route.","Brooklyn went a long way to go to hot dog stand because he is sporty and did not know the way to go to hot dog stand.","C=1"
"t000000","No preference for hotdog, Doesn't know area, Lazy, Starts near pizza. Gets pizza by short route.","Adrian is definitely very lazy.","C=0"
"t001101","No preference for hotdog, Doesn't know area, Sporty, Starts near hotdog. Gets pizza by long route.","Brooklyn wanted to live up to her athletic status and ignored the hotdogs.","C=1"
"t110001","Preference for hotdog, Knows area, Lazy, Starts near pizza. Gets pizza by long route.","Hotdogs are not Parker's favorite food and he is not lazy.","P=0"
"t011110","No preference for hotdog, Knows area, Sporty, Starts near hotdog. Gets hotdog by short route.","Drew didn't want to do sports today.","Cu=0"
"t100010","Preference for hotdog, Doesn't know area, Lazy, Starts near pizza. Gets hotdog by short route.","Harper looked for a hotdog truck and didn't want to go for the pizza truck.","Pu_f=1"
"t101011","Preference for hotdog, Doesn't know area, Sporty, Starts near pizza. Gets hotdog by long route.","Jesse looked for a hot dog truck and made sport.","Pu_f=1"
"t010111","No preference for hotdog, Knows area, Lazy, Starts near hotdog. Gets hotdog by long route.","Charlie really likes hot dogs.","P=1"
"t111100","Preference for hotdog, Knows area, Sporty, Starts near hotdog. Gets pizza by short route.","Maybe Taylor wanted to try pizza today.","Pu_f=0"
"t000100","No preference for hotdog, Doesn't know area, Lazy, Starts near hotdog. Gets pizza by short route.","Adrian doesn't like hot dogs and thought something better might be around the corner","P=0"
"t110101","Preference for hotdog, Knows area, Lazy, Starts near hotdog. Gets pizza by long route.","Parker has had enough hot dogs for the time being and wants to try pizza instead","Pu_f=0"
"t111000","Preference for hotdog, Knows area, Sporty, Starts near pizza. Gets pizza by short route.","Taylor has already had a long running session today so decided to take the closest option","br_p=0"
"t101111","Preference for hotdog, Doesn't know area, Sporty, Starts near hotdog. Gets hotdog by long route.","Jesse decided to take the long way round because they hadn't got their steps for the day in.","Cu=1"
"t011010","No preference for hotdog, Knows area, Sporty, Starts near pizza. Gets hotdog by short route.","Drew prefers hot dogs to pizza and fancied a jog.","Cu=1"
"t001001","No preference for hotdog, Doesn't know area, Sporty, Starts near pizza. Gets pizza by long route.","Brooklyn loves pizza so much he decided to take the longest route possible to the pizza truck","P=0"
"t100110","Preference for hotdog, Doesn't know area, Lazy, Starts near hotdog. Gets hotdog by short route.","Harper loves hot dogs and can see the hot dog truck.","P=1"
"t010011","No preference for hotdog, Knows area, Lazy, Starts near pizza. Gets hotdog by long route.","Charlie loves hot dogs and knew that's where he wanted to go.","P=1"
"t110000","Preference for hotdog, Knows area, Lazy, Starts near pizza. Gets pizza by short route.","Because they like hot dogs and it is very close","P=1"
"t111011","Preference for hotdog, Knows area, Sporty, Starts near pizza. Gets hotdog by long route.","Because they love hot dogs are are happy and enjoy the distance","P=1"
"t001100","No preference for hotdog, Doesn't know area, Sporty, Starts near hotdog. Gets pizza by short route.","Well he does not know the area well so perhaps it is the first stand he came across.","K=0"
"t011101","No preference for hotdog, Knows area, Sporty, Starts near hotdog. Gets pizza by long route.","They fancied pizza and are happy to walk the distance","Pu_f=0"
"t000111","No preference for hotdog, Doesn't know area, Lazy, Starts near hotdog. Gets hotdog by long route.","Adrian is not familiar with the area so therefore does not know a quicker route / another option","Ku_p=0"
"t010110","No preference for hotdog, Knows area, Lazy, Starts near hotdog. Gets hotdog by short route.","He did not want to walk very far and knows this is close by","C=0"
"t100001","Preference for hotdog, Doesn't know area, Lazy, Starts near pizza. Gets pizza by long route.","They do not know the area so are not aware of the hot dog stand or a quicker route","K=0"
"t101010","Preference for hotdog, Doesn't know area, Sporty, Starts near pizza. Gets hotdog by short route.","Because they like hot dogs and are happy to walk the distance","P=1"
"t000010","No preference for hotdog, Doesn't know area, Lazy, Starts near pizza. Gets hotdog by short route.","He did not want to eat pizza","Pu_f=1"
"t100100","Preference for hotdog, Doesn't know area, Lazy, Starts near hotdog. Gets pizza by short route.","He did not want to eat pizza","Pu_f=1"
"t011000","No preference for hotdog, Knows area, Sporty, Starts near pizza. Gets pizza by short route.","He decided to eat pizza","Pu_f=0"
"t010001","No preference for hotdog, Knows area, Lazy, Starts near pizza. Gets pizza by long route.","He decided to eat pizza","Pu_f=0"
"t101101","Preference for hotdog, Doesn't know area, Sporty, Starts near hotdog. Gets pizza by long route.","He didn't want to eat hot dogs today","Pu_f=0"
"t110011","Preference for hotdog, Knows area, Lazy, Starts near pizza. Gets hotdog by long route.","He was looking for a hot dog truck","Pu_f=1"
"t001111","No preference for hotdog, Doesn't know area, Sporty, Starts near hotdog. Gets hotdog by long route.","He wanted to go much further to get something to eat.","Cu=1"
"t101100","Preference for hotdog, Doesn't know area, Sporty, Starts near hotdog. Gets pizza by short route.","He chose the shortest route","br_p=0"
"t010000","No preference for hotdog, Knows area, Lazy, Starts near pizza. Gets pizza by short route.","Charlie chose the closest one","C=0"
"t110010","Preference for hotdog, Knows area, Lazy, Starts near pizza. Gets hotdog by short route.","Parker went to eat his favourite food","P=1"
"t001110","No preference for hotdog, Doesn't know area, Sporty, Starts near hotdog. Gets hotdog by short route.","Brooklyn went to the closest one because he does not know the area pretty well","K=0"
"t000001","No preference for hotdog, Doesn't know area, Lazy, Starts near pizza. Gets pizza by long route.","Adrian got lost because he does not know the area well","K=0"
"t011111","No preference for hotdog, Knows area, Sporty, Starts near hotdog. Gets hotdog by long route.","Drew walked around the corner because he knows the area well","K=1"
"t111101","Preference for hotdog, Knows area, Sporty, Starts near hotdog. Gets pizza by long route.","Taylor chaged his mind and went to eat Pizza","Pu_f=0"
"t100011","Preference for hotdog, Doesn't know area, Lazy, Starts near pizza. Gets hotdog by long route.","Harper walked all the way through the largest route because he does not know the area well","K=0"
"t111110","Preference for hotdog, Knows area, Sporty, Starts near hotdog. Gets hotdog by short route.","They were hungry so they went to the closest food stall.","Pu_p=1"
"t101101","Preference for hotdog, Doesn't know area, Sporty, Starts near hotdog. Gets pizza by long route.","He wanted to take a longer route because he's sporty.","C=1"
"t001111","No preference for hotdog, Doesn't know area, Sporty, Starts near hotdog. Gets hotdog by long route.","He didn't know the way and got lost, so he took the longest way.","K=0"
"t000010","No preference for hotdog, Doesn't know area, Lazy, Starts near pizza. Gets hotdog by short route.","He wanted to eat hot dogs","Pu_f=1"
"t011000","No preference for hotdog, Knows area, Sporty, Starts near pizza. Gets pizza by short route.","He went to the closest shop which was the pizza stand","C=0"
"t100100","Preference for hotdog, Doesn't know area, Lazy, Starts near hotdog. Gets pizza by short route.","He wanted to eat pizza because he likes it more.","P=0"
"t110011","Preference for hotdog, Knows area, Lazy, Starts near pizza. Gets hotdog by long route.","He wanted to have a walk in the neighbourhood and then he got hungry so he ate at the hot dog stand.","Cu=1"
"t010001","No preference for hotdog, Knows area, Lazy, Starts near pizza. Gets pizza by long route.","He went for a walk and towards the end he stopped at the pizza stand because he got hungry.","Cu=1"
"t010100","No preference for hotdog, Knows area, Lazy, Starts near hotdog. Gets pizza by short route.","Charlie likes pizza more than hotdogs","P=0"
"t110110","Preference for hotdog, Knows area, Lazy, Starts near hotdog. Gets hotdog by short route.","parker took the quickest route because they are lazy","C=0"
"t100111","Preference for hotdog, Doesn't know area, Lazy, Starts near hotdog. Gets hotdog by long route.","Harper took the long route because they don't know the area well","K=0"
"t011011","No preference for hotdog, Knows area, Sporty, Starts near pizza. Gets hotdog by long route.","Drew wanted to keep fit becasue sporty","C=1"
"t000101","No preference for hotdog, Doesn't know area, Lazy, Starts near hotdog. Gets pizza by long route.","Adrien prefers pizza to hotdogs","P=0"
"t111001","Preference for hotdog, Knows area, Sporty, Starts near pizza. Gets pizza by long route.","Taylor took a long route because they are sporty","C=1"
"t101000","Preference for hotdog, Doesn't know area, Sporty, Starts near pizza. Gets pizza by short route.","Jesse was too hungry to look for hotdogs","Pu_p=1"
"t001010","No preference for hotdog, Doesn't know area, Sporty, Starts near pizza. Gets hotdog by short route.","Brooklyn prefers hotdogs","P=1"
"t100101","Preference for hotdog, Doesn't know area, Lazy, Starts near hotdog. Gets pizza by long route.","the hot dog stand was closed","br_f=0"
"t111111","Preference for hotdog, Knows area, Sporty, Starts near hotdog. Gets hotdog by long route.","they are sporty and wanted to take the long route","C=1"
"t110100","Preference for hotdog, Knows area, Lazy, Starts near hotdog. Gets pizza by short route.","the hot dog stand was closed","br_f=0"
"t010010","No preference for hotdog, Knows area, Lazy, Starts near pizza. Gets hotdog by short route.","charlie prefers hot dogs to pizza","P=1"
"t011001","No preference for hotdog, Knows area, Sporty, Starts near pizza. Gets pizza by long route.","drew prefers pizza and a long walk","P=0"
"t000011","No preference for hotdog, Doesn't know area, Lazy, Starts near pizza. Gets hotdog by long route.","adrian doesnt like pizza","P=1"
"t101110","Preference for hotdog, Doesn't know area, Sporty, Starts near hotdog. Gets hotdog by short route.","hot dogs are nearest and his favourite","P=1"
"t001000","No preference for hotdog, Doesn't know area, Sporty, Starts near pizza. Gets pizza by short route.","he could see the pizza place","Su=0"
"t101000","Preference for hotdog, Doesn't know area, Sporty, Starts near pizza. Gets pizza by short route.","it was the closes food stand and they don't the area","K=0"
"t011011","No preference for hotdog, Knows area, Sporty, Starts near pizza. Gets hotdog by long route.","he wanted to eat hot dog, so he want for it","Pu_f=1"
"t110110","Preference for hotdog, Knows area, Lazy, Starts near hotdog. Gets hotdog by short route.","He looks hot dog and both stands were at the same distance","P=1"
"t100111","Preference for hotdog, Doesn't know area, Lazy, Starts near hotdog. Gets hotdog by long route.","he likes hot dog, but was too lazy to see that it was next to him, so went to look for it","Ku_f=0"
"t010100","No preference for hotdog, Knows area, Lazy, Starts near hotdog. Gets pizza by short route.","He choose the closest food card","C=0"
"t000101","No preference for hotdog, Doesn't know area, Lazy, Starts near hotdog. Gets pizza by long route.","he wanted pizza, so went to look for it","Pu_f=0"
"t111001","Preference for hotdog, Knows area, Sporty, Starts near pizza. Gets pizza by long route.","he went for the pizza, because he decided to exercise for a bit","Cu=1"
"t001010","No preference for hotdog, Doesn't know area, Sporty, Starts near pizza. Gets hotdog by short route.","he decided he wants a hot dog so he went to look for it","Pu_f=1"
"t101100","Preference for hotdog, Doesn't know area, Sporty, Starts near hotdog. Gets pizza by short route.","They were not aware of the hot dog stand around the corner as they are unfamiliar with the area","K=0"
"t010000","No preference for hotdog, Knows area, Lazy, Starts near pizza. Gets pizza by short route.","he chose this path as its a shorter distance and couldnt be bothered to walk further","C=0"
"t110010","Preference for hotdog, Knows area, Lazy, Starts near pizza. Gets hotdog by short route.","Although he couldnt be bothered to walk the distance it was worth it for his favorite food","P=1"
"t001110","No preference for hotdog, Doesn't know area, Sporty, Starts near hotdog. Gets hotdog by short route.","he was unfamiliar with the area and stopped at the nearest food stand due to being hungry","K=0"
"t000001","No preference for hotdog, Doesn't know area, Lazy, Starts near pizza. Gets pizza by long route.","he walked a greater distance as he enjoys pizza more than hotdogs","P=0"
"t111101","Preference for hotdog, Knows area, Sporty, Starts near hotdog. Gets pizza by long route.","he wnted to take a longer walk today and fancied a pizza for a change","Pu_f=0"
"t100011","Preference for hotdog, Doesn't know area, Lazy, Starts near pizza. Gets hotdog by long route.","they were feeling motivated today and decided to walk a greater distance and have pizza for a change","Cu=1"
"t011111","No preference for hotdog, Knows area, Sporty, Starts near hotdog. Gets hotdog by long route.","wanted a long walk","Cu=1"
"t000010","No preference for hotdog, Doesn't know area, Lazy, Starts near pizza. Gets hotdog by short route.","He doesn't know the area well, so he chose this path randomly.","K=0"
"t010001","No preference for hotdog, Knows area, Lazy, Starts near pizza. Gets pizza by long route.","He wasn't being lazy that day and chose the long route.","Cu=1"
"t011000","No preference for hotdog, Knows area, Sporty, Starts near pizza. Gets pizza by short route.","His favourite food is pizza.","P=0"
"t111110","Preference for hotdog, Knows area, Sporty, Starts near hotdog. Gets hotdog by short route.","His favourite food is hot dogs.","P=1"
"t001111","No preference for hotdog, Doesn't know area, Sporty, Starts near hotdog. Gets hotdog by long route.","He is sporty and chose the long route.","C=1"
"t110011","Preference for hotdog, Knows area, Lazy, Starts near pizza. Gets hotdog by long route.","His favourite food is hot dogs.","P=1"
"t101101","Preference for hotdog, Doesn't know area, Sporty, Starts near hotdog. Gets pizza by long route.","He doesn't know the area well.","K=0"
"t100100","Preference for hotdog, Doesn't know area, Lazy, Starts near hotdog. Gets pizza by short route.","He doesn't know the area well.","K=0"
"t001011","No preference for hotdog, Doesn't know area, Sporty, Starts near pizza. Gets hotdog by long route.","They are feeling energetic and are not hungry yet so bypass the pizza truck to explore further","Cu=1"
"t011100","No preference for hotdog, Knows area, Sporty, Starts near hotdog. Gets pizza by short route.","They did not want to eat hot dog so explored to see what else is around","Pu_f=0"
"t100000","Preference for hotdog, Doesn't know area, Lazy, Starts near pizza. Gets pizza by short route.","They see the pizza van and decide to opt for that for lunch as they dont know there are any other options and cant be bothered to look further.","C=0"
"t101001","Preference for hotdog, Doesn't know area, Sporty, Starts near pizza. Gets pizza by long route.","They see the pizza van but do not want to eat yet. They are not ready to eat when they pass the hot dog van so carry on back to the pizza van. Although hot dog is their favourite this does not necessarily mean they want that all the time - sometimes variety is good.","Pu_f=0"
"t000110","No preference for hotdog, Doesn't know area, Lazy, Starts near hotdog. Gets hotdog by short route.","They see the hot dog van, they are hungry and dont want to walk further, they like hot dogs so go to eat there.","P=1"
"t010101","No preference for hotdog, Knows area, Lazy, Starts near hotdog. Gets pizza by long route.","They know that the pizza truck is round the corner. They dont like or dont want hot dog so they go to the pizza truck","P=0"
"t110111","Preference for hotdog, Knows area, Lazy, Starts near hotdog. Gets hotdog by long route.","They want hot dog but know they should do some exercise first so they jog round the block to get to the hot dog truck","Cu=1"
"t111010","Preference for hotdog, Knows area, Sporty, Starts near pizza. Gets hotdog by short route.","They want hot dogs so they go straight to the hot dog van","Pu_f=1"
"t000111","No preference for hotdog, Doesn't know area, Lazy, Starts near hotdog. Gets hotdog by long route.","He doesnt know the neighbourhood well and walked the longer route due to this he may not like pizza and only hot dogs also as if he was lazy he would have gone for the first food stand he saw maybe","K=0"
"t010110","No preference for hotdog, Knows area, Lazy, Starts near hotdog. Gets hotdog by short route.","The hot dog van was closer and he couldnt be bothered to walk to the pizza van","C=0"
"t100001","Preference for hotdog, Doesn't know area, Lazy, Starts near pizza. Gets pizza by long route.","Was possibly a bit lost didnt like hot dogs and kept walking till they found the pizza van","P=0"
"t111011","Preference for hotdog, Knows area, Sporty, Starts near pizza. Gets hotdog by long route.","wanted to go the longer route to exercise","Cu=1"
"t101010","Preference for hotdog, Doesn't know area, Sporty, Starts near pizza. Gets hotdog by short route.","Just wanted to get to the hotdog van faster as they are their favourite food","P=1"
"t110000","Preference for hotdog, Knows area, Lazy, Starts near pizza. Gets pizza by short route.","was too lazy to walk the extra to get hot dogs","C=0"
"t011101","No preference for hotdog, Knows area, Sporty, Starts near hotdog. Gets pizza by long route.","wanted to do more exercise","Cu=1"
"t001100","No preference for hotdog, Doesn't know area, Sporty, Starts near hotdog. Gets pizza by short route.","was simply looking and found a pizza van","br_p=1"
"t111100","Preference for hotdog, Knows area, Sporty, Starts near hotdog. Gets pizza by short route.","it is the most direct way","br_p=0"
"t110001","Preference for hotdog, Knows area, Lazy, Starts near pizza. Gets pizza by long route.","it is the longest but most straightforward way","br_p=1"
"t101011","Preference for hotdog, Doesn't know area, Sporty, Starts near pizza. Gets hotdog by long route.","he got lost on his way","K=0"
"t000000","No preference for hotdog, Doesn't know area, Lazy, Starts near pizza. Gets pizza by short route.","nearest closest way","C=0"
"t001101","No preference for hotdog, Doesn't know area, Sporty, Starts near hotdog. Gets pizza by long route.","longer way round but direct","br_p=1"
"t010111","No preference for hotdog, Knows area, Lazy, Starts near hotdog. Gets hotdog by long route.","wanted both foods so went the long way","br_p=1"
"t100010","Preference for hotdog, Doesn't know area, Lazy, Starts near pizza. Gets hotdog by short route.","chose the hot dog","Pu_f=1"
"t011110","No preference for hotdog, Knows area, Sporty, Starts near hotdog. Gets hotdog by short route.","closest to the hot dog","Su=1"
"t101001","Preference for hotdog, Doesn't know area, Sporty, Starts near pizza. Gets pizza by long route.","Jess wanted a change from hot dogs","Pu_f=0"
"t011100","No preference for hotdog, Knows area, Sporty, Starts near hotdog. Gets pizza by short route.","Drew wanted pizza today","Pu_f=0"
"t001011","No preference for hotdog, Doesn't know area, Sporty, Starts near pizza. Gets hotdog by long route.","Brooklyn went for a walk for some exercise.","Cu=1"
"t100000","Preference for hotdog, Doesn't know area, Lazy, Starts near pizza. Gets pizza by short route.","Harper didn't want to walk to find an alternative.","C=0"
"t111010","Preference for hotdog, Knows area, Sporty, Starts near pizza. Gets hotdog by short route.","Taylor was hungry for hot dogs.","Pu_f=1"
"t110111","Preference for hotdog, Knows area, Lazy, Starts near hotdog. Gets hotdog by long route.","Parker wanted to go for a walk before eating.","Cu=1"
"t010101","No preference for hotdog, Knows area, Lazy, Starts near hotdog. Gets pizza by long route.","Charlie felt like going for a walk before eating.","Cu=1"
"t011001","No preference for hotdog, Knows area, Sporty, Starts near pizza. Gets pizza by long route.","Drew is sporty so wants to take a long walk around the area to reach the pizza stand.","C=1"
"t001000","No preference for hotdog, Doesn't know area, Sporty, Starts near pizza. Gets pizza by short route.","Brooklyn takes the shorter path because he doesn't know the area well.","K=0"
"t101110","Preference for hotdog, Doesn't know area, Sporty, Starts near hotdog. Gets hotdog by short route.","Jesse takes this path because he doesn't know the area and can only see the hot dog stand.","K=0"
"t110100","Preference for hotdog, Knows area, Lazy, Starts near hotdog. Gets pizza by short route.","Parker walks to the pizza stand because even though they can't see it, they know it is there and that it is slightly nearer than the hot dog stand.","Ku_f=1"
"t010010","No preference for hotdog, Knows area, Lazy, Starts near pizza. Gets hotdog by short route.","Charlie prefers hot dogs to pizza!","P=1"
"t000011","No preference for hotdog, Doesn't know area, Lazy, Starts near pizza. Gets hotdog by long route.","Adrian doesn't really like pizza so keeps looking for food; he walks the long way round to the hot dog stand because he can't see it from his starting point and doesn't know the area to realise there is a shorter route.","K=0"
"t111111","Preference for hotdog, Knows area, Sporty, Starts near hotdog. Gets hotdog by long route.","Taylor takes the long route round to the hot dogs as they are sporty and like exercise.","C=1"
"t100101","Preference for hotdog, Doesn't know area, Lazy, Starts near hotdog. Gets pizza by long route.","Harper doesn't like hot dogs so keeps walking to find food they do like.","P=0"
"t000010","No preference for hotdog, Doesn't know area, Lazy, Starts near pizza. Gets hotdog by short route.","he didnt like pizza","P=1"
"t101101","Preference for hotdog, Doesn't know area, Sporty, Starts near hotdog. Gets pizza by long route.","they wanted to walk further because they're sporty","C=1"
"t100100","Preference for hotdog, Doesn't know area, Lazy, Starts near hotdog. Gets pizza by short route.","they didnt see the hot dog stand at the end of he street","Ku_f=0"
"t011000","No preference for hotdog, Knows area, Sporty, Starts near pizza. Gets pizza by short route.","he knew the pizza stand was close to him","Ku_f=1"
"t010001","No preference for hotdog, Knows area, Lazy, Starts near pizza. Gets pizza by long route.","there were roadworks","Su=1"
"t111110","Preference for hotdog, Knows area, Sporty, Starts near hotdog. Gets hotdog by short route.","they knew the hot dog stand was down the street","Ku_f=1"
"t001111","No preference for hotdog, Doesn't know area, Sporty, Starts near hotdog. Gets hotdog by long route.","he wanted to explore the area because hes sporty","C=1"
"t110011","Preference for hotdog, Knows area, Lazy, Starts near pizza. Gets hotdog by long route.","he knew there was a hot dog stand of that street","Ku_f=1"
"t110010","Preference for hotdog, Knows area, Lazy, Starts near pizza. Gets hotdog by short route.","Parker's favourite food is hot dogs","P=1"
"t111101","Preference for hotdog, Knows area, Sporty, Starts near hotdog. Gets pizza by long route.","Taylor wanted to walk more because he is sporty","C=1"
"t101100","Preference for hotdog, Doesn't know area, Sporty, Starts near hotdog. Gets pizza by short route.","Jesse wanted to walk more because he is sporty","C=1"
"t001110","No preference for hotdog, Doesn't know area, Sporty, Starts near hotdog. Gets hotdog by short route.","Brooklyn doesn't know the area well","K=0"
"t000001","No preference for hotdog, Doesn't know area, Lazy, Starts near pizza. Gets pizza by long route.","Adrian doesn't know the area well","K=0"
"t010000","No preference for hotdog, Knows area, Lazy, Starts near pizza. Gets pizza by short route.","Charlie is lazy","C=0"
"t011111","No preference for hotdog, Knows area, Sporty, Starts near hotdog. Gets hotdog by long route.","Drew is sporty","C=1"
"t100011","Preference for hotdog, Doesn't know area, Lazy, Starts near pizza. Gets hotdog by long route.","Harper doesn't know the area well","K=0"
"t111100","Preference for hotdog, Knows area, Sporty, Starts near hotdog. Gets pizza by short route.","They fancied something different to eat","Pu_f=0"
"t101011","Preference for hotdog, Doesn't know area, Sporty, Starts near pizza. Gets hotdog by long route.","They really wanted hot dogs and didn't know there was a shorter route to take","Ku_p=0"
"t110001","Preference for hotdog, Knows area, Lazy, Starts near pizza. Gets pizza by long route.","They initially wanted hot dogs but changed their mind and kept walking to get pizza","Pu_f=0"
"t000000","No preference for hotdog, Doesn't know area, Lazy, Starts near pizza. Gets pizza by short route.","Pizza was the closest and easiest option","C=0"
"t010111","No preference for hotdog, Knows area, Lazy, Starts near hotdog. Gets hotdog by long route.","Initially wanted pizza but changed their mind to hot dog","Pu_f=1"
"t011110","No preference for hotdog, Knows area, Sporty, Starts near hotdog. Gets hotdog by short route.","They wanted hot dogs","Pu_f=1"
"t001101","No preference for hotdog, Doesn't know area, Sporty, Starts near hotdog. Gets pizza by long route.","They were happy to walk past hot dogs to get to pizza","Pu_f=0"
"t100011","Preference for hotdog, Doesn't know area, Lazy, Starts near pizza. Gets hotdog by long route.","Sporty","C=1"
"t010000","No preference for hotdog, Knows area, Lazy, Starts near pizza. Gets pizza by short route.","Prefers pizza","P=0"
"t001110","No preference for hotdog, Doesn't know area, Sporty, Starts near hotdog. Gets hotdog by short route.","Prefers hot dogs","P=1"
"t110010","Preference for hotdog, Knows area, Lazy, Starts near pizza. Gets hotdog by short route.","Prefers hot dogs","P=1"
"t011111","No preference for hotdog, Knows area, Sporty, Starts near hotdog. Gets hotdog by long route.","Sporty, prefers the distance","C=1"
"t101100","Preference for hotdog, Doesn't know area, Sporty, Starts near hotdog. Gets pizza by short route.","Prefers pizza","P=0"
"t000001","No preference for hotdog, Doesn't know area, Lazy, Starts near pizza. Gets pizza by long route.","Likes the excercise","C=1"
"t111101","Preference for hotdog, Knows area, Sporty, Starts near hotdog. Gets pizza by long route.","Likes the excercise","C=1"
"t100100","Preference for hotdog, Doesn't know area, Lazy, Starts near hotdog. Gets pizza by short route.","They don't know the area.","K=0"
"t101101","Preference for hotdog, Doesn't know area, Sporty, Starts near hotdog. Gets pizza by long route.","They're sporty so they wanted a longer walk.","C=1"
"t001111","No preference for hotdog, Doesn't know area, Sporty, Starts near hotdog. Gets hotdog by long route.","They don't know the area so wanted to see all options.","K=0"
"t011000","No preference for hotdog, Knows area, Sporty, Starts near pizza. Gets pizza by short route.","Drew knows it's the closest food","Ku_f=1"
"t010001","No preference for hotdog, Knows area, Lazy, Starts near pizza. Gets pizza by long route.","He got to the Hot Dogs and changed his mind.","Pu_f=0"
"t110011","Preference for hotdog, Knows area, Lazy, Starts near pizza. Gets hotdog by long route.","Parker is lazy and wants to do more exercise to change his habits","Cu=1"
"t000010","No preference for hotdog, Doesn't know area, Lazy, Starts near pizza. Gets hotdog by short route.","He doesn't know the area so was just seeing what was around the corner","K=0"
"t111110","Preference for hotdog, Knows area, Sporty, Starts near hotdog. Gets hotdog by short route.","They know the area well so took the shortest route to food","K=1"
"t100110","Preference for hotdog, Doesn't know area, Lazy, Starts near hotdog. Gets hotdog by short route.","He is lazy","C=0"
"t111000","Preference for hotdog, Knows area, Sporty, Starts near pizza. Gets pizza by short route.","He wanted pizza","Pu_f=0"
"t010011","No preference for hotdog, Knows area, Lazy, Starts near pizza. Gets hotdog by long route.","He wanted some hot dogs and some exercise","Pu_f=1"
"t001001","No preference for hotdog, Doesn't know area, Sporty, Starts near pizza. Gets pizza by long route.","Doesn't know the area","K=0"
"t101111","Preference for hotdog, Doesn't know area, Sporty, Starts near hotdog. Gets hotdog by long route.","don't know area","K=0"
"t110101","Preference for hotdog, Knows area, Lazy, Starts near hotdog. Gets pizza by long route.","wanted exercise","Cu=1"
"t000100","No preference for hotdog, Doesn't know area, Lazy, Starts near hotdog. Gets pizza by short route.","wanted quickest route","br_p=0"
"t011001","No preference for hotdog, Knows area, Sporty, Starts near pizza. Gets pizza by long route.","He's sporty so he took the longer route, he probably thought there were more food trucks on the road.","C=1"
"t111111","Preference for hotdog, Knows area, Sporty, Starts near hotdog. Gets hotdog by long route.","They wanted to get some exercise in and only then go to the hot dog stand because they are sporty.","C=1"
"t010010","No preference for hotdog, Knows area, Lazy, Starts near pizza. Gets hotdog by short route.","He didn't feel like getting a pizza so he opted to go buy a hot dog instead.","Pu_f=1"
"t100101","Preference for hotdog, Doesn't know area, Lazy, Starts near hotdog. Gets pizza by long route.","They didn't like the hot dog stand, so they decided to keep walking.","br_f=0"
"t001000","No preference for hotdog, Doesn't know area, Sporty, Starts near pizza. Gets pizza by short route.","The pizza stand was the closest to them.","Su=0"
"t000011","No preference for hotdog, Doesn't know area, Lazy, Starts near pizza. Gets hotdog by long route.","He didn't like the menu of the pizza stand so he decided to keep walking.","br_f=1"
"t110100","Preference for hotdog, Knows area, Lazy, Starts near hotdog. Gets pizza by short route.","They decided to try something new and walk to the pizza stand instead.","Pu_f=0"
"t110101","Preference for hotdog, Knows area, Lazy, Starts near hotdog. Gets pizza by long route.","Parker got to the hot dog stand using the most direct route but found that they were out of stock, so he continued on to the pizza stand instead.","br_f=0"
"t111000","Preference for hotdog, Knows area, Sporty, Starts near pizza. Gets pizza by short route.","Taylor knew that the hot dog stand was closed, so went directly to the pizza stand instead.","br_f=0"
"t001001","No preference for hotdog, Doesn't know area, Sporty, Starts near pizza. Gets pizza by long route.","Brooklyn decided to explore since he is sporty to see what he could find. Either the hot dog stand was closed or he really doesn't like hot dogs, so ended up back at the pizza stand.","C=1"
"t000100","No preference for hotdog, Doesn't know area, Lazy, Starts near hotdog. Gets pizza by short route.","Adrian doesn't like hot dogs, so went exploring to see whether he could find something different.","P=0"
"t101111","Preference for hotdog, Doesn't know area, Sporty, Starts near hotdog. Gets hotdog by long route.","Jesse decided to explore the area to see what was around before stopping for their favourite food.","br_p=1"
"t100110","Preference for hotdog, Doesn't know area, Lazy, Starts near hotdog. Gets hotdog by short route.","Harper took the most direct route to the hot dog stand because he like them and is lazy.","C=0"
"t010011","No preference for hotdog, Knows area, Lazy, Starts near pizza. Gets hotdog by long route.","Charlie went for pizza but the pizza stand was closed, so he continued on to the hot dog stand.","br_f=1"
"t011010","No preference for hotdog, Knows area, Sporty, Starts near pizza. Gets hotdog by short route.","Drew likes hot dogs and was hungry, so took the most direct path.","P=1"
"t100001","Preference for hotdog, Doesn't know area, Lazy, Starts near pizza. Gets pizza by long route.","Because he doesn't know the area well","K=0"
"t011101","No preference for hotdog, Knows area, Sporty, Starts near hotdog. Gets pizza by long route.","because he likes pizza and would like to take a walk before going to the food truck","P=0"
"t001100","No preference for hotdog, Doesn't know area, Sporty, Starts near hotdog. Gets pizza by short route.","because he doesnt know the area well, so randomly buy some food when walking around the area","K=0"
"t010110","No preference for hotdog, Knows area, Lazy, Starts near hotdog. Gets hotdog by short route.","because he know where the nearest food shop is","Ku_f=1"
"t101010","Preference for hotdog, Doesn't know area, Sporty, Starts near pizza. Gets hotdog by short route.","just happen to see a hot dog when when trying to familiarise the area","Su=1"
"t000111","No preference for hotdog, Doesn't know area, Lazy, Starts near hotdog. Gets hotdog by long route.","he just want around the area and ramdomly bought some food before going back","br_p=1"
"t110000","Preference for hotdog, Knows area, Lazy, Starts near pizza. Gets pizza by short route.","because he's lazy, so go the the nearest shop","C=0"
"t101000","Preference for hotdog, Doesn't know area, Sporty, Starts near pizza. Gets pizza by short route.","He didn't know the hot dog stand was there so he settled for pizza","Ku_f=0"
"t100111","Preference for hotdog, Doesn't know area, Lazy, Starts near hotdog. Gets hotdog by long route.","He wanted to learn his way around the neighbourhood so he took the long route","K=0"
"t011011","No preference for hotdog, Knows area, Sporty, Starts near pizza. Gets hotdog by long route.","He knew the hot dog stand was there and fancied a longer walk","Cu=1"
"t110110","Preference for hotdog, Knows area, Lazy, Starts near hotdog. Gets hotdog by short route.","He wanted to get to the hot dog stand with minimum effort involved","C=0"
"t001010","No preference for hotdog, Doesn't know area, Sporty, Starts near pizza. Gets hotdog by short route.","He wanted to see if there was another food stand around the corner and he didn't mind walking to investigate because he is sporty","C=1"
"t000101","No preference for hotdog, Doesn't know area, Lazy, Starts near hotdog. Gets pizza by long route.","He doesn't like hot dogs so he had to walk longer until he found a food stand he didn't mind eating at","P=0"
"t111001","Preference for hotdog, Knows area, Sporty, Starts near pizza. Gets pizza by long route.","He wanted a long walk more than he wanted his favourite food, so he walked longer and had pizza instead","Cu=1"
"t010100","No preference for hotdog, Knows area, Lazy, Starts near hotdog. Gets pizza by short route.","He likes pizza the best and was already nearby so he went there","P=0"
"t100010","Preference for hotdog, Doesn't know area, Lazy, Starts near pizza. Gets hotdog by short route.","it was the quickest route","br_p=0"
"t111100","Preference for hotdog, Knows area, Sporty, Starts near hotdog. Gets pizza by short route.","they wanted pizza","Pu_f=0"
"t000000","No preference for hotdog, Doesn't know area, Lazy, Starts near pizza. Gets pizza by short route.","he went to the closest vendor","C=0"
"t001101","No preference for hotdog, Doesn't know area, Sporty, Starts near hotdog. Gets pizza by long route.","he wanted the exercise","Cu=1"
"t010111","No preference for hotdog, Knows area, Lazy, Starts near hotdog. Gets hotdog by long route.","he wanted a walk","Cu=1"
"t011110","No preference for hotdog, Knows area, Sporty, Starts near hotdog. Gets hotdog by short route.","he wanted hot dogs","Pu_f=1"
"t110001","Preference for hotdog, Knows area, Lazy, Starts near pizza. Gets pizza by long route.","he wanted a walk and pizza","Pu_f=0"
"t101011","Preference for hotdog, Doesn't know area, Sporty, Starts near pizza. Gets hotdog by long route.","they wanted exercise before the hot dogs","Cu=1"
"t011100","No preference for hotdog, Knows area, Sporty, Starts near hotdog. Gets pizza by short route.","The pizza shop is probably healthier as he is sporty so probably healthy","br_f=0"
"t000110","No preference for hotdog, Doesn't know area, Lazy, Starts near hotdog. Gets hotdog by short route.","it was in his view and because he is lazy he will go for the first thing he finds","C=0"
"t010101","No preference for hotdog, Knows area, Lazy, Starts near hotdog. Gets pizza by long route.","initially because they are lazy they wanted to go to hotdogs because it was in their view. However they probably changed their mind so then went to pizzas","Pu_f=0"
"t111010","Preference for hotdog, Knows area, Sporty, Starts near pizza. Gets hotdog by short route.","they know the hotdog is there and its his favourite so took the shortest route probably because he was very hungry","Pu_p=1"
"t110111","Preference for hotdog, Knows area, Lazy, Starts near hotdog. Gets hotdog by long route.","wanted to try the pizza but changed their mind so went for hotdogs as its their favourite","Pu_f=1"
"t101001","Preference for hotdog, Doesn't know area, Sporty, Starts near pizza. Gets pizza by long route.","They saw the pizza shop but probably wanted to go around to see if there is anything else. Probably didnt like the hotdogs that were given in the hotdog shop so they went all the way round back to the pizza as they preffer that","P=0"
"t100000","Preference for hotdog, Doesn't know area, Lazy, Starts near pizza. Gets pizza by short route.","they are just extremely lazy and wanted to go for the first thing they saw","C=0"
"t001011","No preference for hotdog, Doesn't know area, Sporty, Starts near pizza. Gets hotdog by long route.","they preffer hotdog instead of pizza","P=1"
"t000111","No preference for hotdog, Doesn't know area, Lazy, Starts near hotdog. Gets hotdog by long route.","They wanted to get to know the area and took the long way","K=0"
"t111011","Preference for hotdog, Knows area, Sporty, Starts near pizza. Gets hotdog by long route.","They wanted to go keep fit by going the long route","Cu=1"
"t001100","No preference for hotdog, Doesn't know area, Sporty, Starts near hotdog. Gets pizza by short route.","They enjoy pizza","P=0"
"t101010","Preference for hotdog, Doesn't know area, Sporty, Starts near pizza. Gets hotdog by short route.","They wanted to see more of the area","br_p=1"
"t110000","Preference for hotdog, Knows area, Lazy, Starts near pizza. Gets pizza by short route.","They are too lazy to walk further","C=0"
"t011101","No preference for hotdog, Knows area, Sporty, Starts near hotdog. Gets pizza by long route.","They wanted to keep fit and went the long way","Cu=1"
"t010110","No preference for hotdog, Knows area, Lazy, Starts near hotdog. Gets hotdog by short route.","They were too lazy to go any further","C=0"
"t100001","Preference for hotdog, Doesn't know area, Lazy, Starts near pizza. Gets pizza by long route.","They decided to get to know the area","K=0"
"t010111","No preference for hotdog, Knows area, Lazy, Starts near hotdog. Gets hotdog by long route.","He has decided to try and be better by getting fit","Cu=1"
"t101011","Preference for hotdog, Doesn't know area, Sporty, Starts near pizza. Gets hotdog by long route.","They were sporty so didn't mind walking until they found their favourite food","C=1"
"t000000","No preference for hotdog, Doesn't know area, Lazy, Starts near pizza. Gets pizza by short route.","They could see the food stand so just went to that as it would be easiest","C=0"
"t011110","No preference for hotdog, Knows area, Sporty, Starts near hotdog. Gets hotdog by short route.","He knew the area and knew exactly what he wanted so went directly to it","K=1"
"t110001","Preference for hotdog, Knows area, Lazy, Starts near pizza. Gets pizza by long route.","The hotdog stand was closed","br_f=0"
"t100010","Preference for hotdog, Doesn't know area, Lazy, Starts near pizza. Gets hotdog by short route.","They decided to walk in the opposite direction to the food they could see as they really wanted hotdogs","Pu_f=1"
"t111100","Preference for hotdog, Knows area, Sporty, Starts near hotdog. Gets pizza by short route.","He fancied a change from hotdogs","Pu_f=0"
"t001101","No preference for hotdog, Doesn't know area, Sporty, Starts near hotdog. Gets pizza by long route.","They were prepared to keep walking until they found exactly what they wanted as they were sporty and fit","C=1"
"t010100","No preference for hotdog, Knows area, Lazy, Starts near hotdog. Gets pizza by short route.","Charlie does not like hot dogs and he has taken the shortest route to the pizza stand.","P=0"
"t110110","Preference for hotdog, Knows area, Lazy, Starts near hotdog. Gets hotdog by short route.","It is the quickest route from his starting point and also he can see the stand from there.","br_p=0"
"t011011","No preference for hotdog, Knows area, Sporty, Starts near pizza. Gets hotdog by long route.","Drew is sporty and wanted the execise so took the longest route. Also he couldnt see the hotdog stand from his starting point.","C=1"
"t101000","Preference for hotdog, Doesn't know area, Sporty, Starts near pizza. Gets pizza by short route.","Jesse does not know the area well so may be afraid of getting lost. He cannot see the hot dog stand from his starting point so has settled for pizza instead.","K=0"
"t111001","Preference for hotdog, Knows area, Sporty, Starts near pizza. Gets pizza by long route.","Taylor is sporty and enjoys the exercise hence him taking the longest route. He has decided to have pizza as an alternative.","C=1"
"t100111","Preference for hotdog, Doesn't know area, Lazy, Starts near hotdog. Gets hotdog by long route.","I am not sure because the route selected contradicts one of the stated characteristice. The best explanantion is that he wasn't sure of the area and maybe also thought that there would be a better hot dog van around the corner.","K=0"
"t001010","No preference for hotdog, Doesn't know area, Sporty, Starts near pizza. Gets hotdog by short route.","Brooklyn is taking the long route round in order to investigate the area and also check out other food outlets in his area (as the hotdog van wasn't in his sight)","K=0"
"t000101","No preference for hotdog, Doesn't know area, Lazy, Starts near hotdog. Gets pizza by long route.","Adrian is unsure of the area and therefore did not know the quickest route to take. Also I am assuming that he does not like hot dogs and prefers pizza.","K=0"
"t101110","Preference for hotdog, Doesn't know area, Sporty, Starts near hotdog. Gets hotdog by short route.","They could see the Hot dog stand and could get to it quickly","Su=1"
"t100101","Preference for hotdog, Doesn't know area, Lazy, Starts near hotdog. Gets pizza by long route.","They got lost or distracted as they passed the hot dog stall or someone told them there was a pizza stall round the corner.","K=0"
"t000011","No preference for hotdog, Doesn't know area, Lazy, Starts near pizza. Gets hotdog by long route.","He got lost or someone told him there was a hot dog stall around the corner","K=0"
"t111111","Preference for hotdog, Knows area, Sporty, Starts near hotdog. Gets hotdog by long route.","Taylor wanted some exercise and took the long route to the hot dog stall.","Cu=1"
"t110100","Preference for hotdog, Knows area, Lazy, Starts near hotdog. Gets pizza by short route.","Someone told him there was a pizza stall around the corner and he wanted something different from hot dogs.","Pu_f=0"
"t010010","No preference for hotdog, Knows area, Lazy, Starts near pizza. Gets hotdog by short route.","He might have just wanted a hot dog and knew or was told there was a stall around the corner.","Pu_f=1"
"t001000","No preference for hotdog, Doesn't know area, Sporty, Starts near pizza. Gets pizza by short route.","He loves Pizza and sees the stall and just goes to that stall.","P=0"
"t011001","No preference for hotdog, Knows area, Sporty, Starts near pizza. Gets pizza by long route.","Drew wants some exercise and goes a long way, finally stopping at the pizza stall.","Cu=1"
"t100111","Preference for hotdog, Doesn't know area, Lazy, Starts near hotdog. Gets hotdog by long route.","He decided to choose hotdogs because they are his favourite food.","P=1"
"t001010","No preference for hotdog, Doesn't know area, Sporty, Starts near pizza. Gets hotdog by short route.","Brooklyn prefers hotdogs over pizza.","P=1"
"t111001","Preference for hotdog, Knows area, Sporty, Starts near pizza. Gets pizza by long route.","Taylor wnated to try something different to eat.","Pu_f=0"
"t010100","No preference for hotdog, Knows area, Lazy, Starts near hotdog. Gets pizza by short route.","The pizza stand was the nearest option.","Su=0"
"t110110","Preference for hotdog, Knows area, Lazy, Starts near hotdog. Gets hotdog by short route.","It was the nearest option and Parkers favourite.","P=1"
"t000101","No preference for hotdog, Doesn't know area, Lazy, Starts near hotdog. Gets pizza by long route.","Adrian dislikes hot dogs.","P=0"
"t101000","Preference for hotdog, Doesn't know area, Sporty, Starts near pizza. Gets pizza by short route.","Jesse doesn't realise there is a hot dog stand.","Ku_f=0"
"t011011","No preference for hotdog, Knows area, Sporty, Starts near pizza. Gets hotdog by long route.","He prefers hot-dogs over pizza.","P=1"
"t110011","Preference for hotdog, Knows area, Lazy, Starts near pizza. Gets hotdog by long route.","They wanted their favourite food and also to get some exercise beforehand, so took a longer route","Cu=1"
"t010001","No preference for hotdog, Knows area, Lazy, Starts near pizza. Gets pizza by long route.","They wanted to do some exercise to feel that they earned the pizza, so took the long way round.","Cu=1"
"t101101","Preference for hotdog, Doesn't know area, Sporty, Starts near hotdog. Gets pizza by long route.","They didn't like the look of the hot dogs at the hot dog stand, so decided to look for something else.","br_f=0"
"t111110","Preference for hotdog, Knows area, Sporty, Starts near hotdog. Gets hotdog by short route.","They wanted their favourite food which is hot dogs, and wanted to get it quickly.","P=1"
"t011000","No preference for hotdog, Knows area, Sporty, Starts near pizza. Gets pizza by short route.","Drew was hungry and wanted food quickly.","Pu_p=1"
"t001111","No preference for hotdog, Doesn't know area, Sporty, Starts near hotdog. Gets hotdog by long route.","They wanted to see what the options were before choosing a food item.","Ku_f=0"
"t000010","No preference for hotdog, Doesn't know area, Lazy, Starts near pizza. Gets hotdog by short route.","Adrian didn't want to eat pizza, so decided to wander around and see if anything else was available.","Pu_f=1"
"t100100","Preference for hotdog, Doesn't know area, Lazy, Starts near hotdog. Gets pizza by short route.","They decided to explore the area before deciding to buy food, and liked the look of the pizza.","br_p=1"
"t011111","No preference for hotdog, Knows area, Sporty, Starts near hotdog. Gets hotdog by long route.","Drew knows the area and is sporty so he already knows whta he will eat and wants to do the most exercise he can too.","C=1"
"t010000","No preference for hotdog, Knows area, Lazy, Starts near pizza. Gets pizza by short route.","Charlie is lazy so wants the closest food to his current postion.","C=0"
"t001110","No preference for hotdog, Doesn't know area, Sporty, Starts near hotdog. Gets hotdog by short route.","Brooklyn does not know the area very well so eats at the closest vendor.","K=0"
"t110010","Preference for hotdog, Knows area, Lazy, Starts near pizza. Gets hotdog by short route.","Parker knows the area so has choosen the shortest route to what he wants to eat.","K=1"
"t101100","Preference for hotdog, Doesn't know area, Sporty, Starts near hotdog. Gets pizza by short route.","Jesse is sporty so wants to have some good exercise before eating.","C=1"
"t100011","Preference for hotdog, Doesn't know area, Lazy, Starts near pizza. Gets hotdog by long route.","Harper does not know the area well so wlaks around until she finds hot dogs which are her favourite.","K=0"
"t111101","Preference for hotdog, Knows area, Sporty, Starts near hotdog. Gets pizza by long route.","Taylor is sporty so wants to have a good run before eating.","C=1"
"t000001","No preference for hotdog, Doesn't know area, Lazy, Starts near pizza. Gets pizza by long route.","Adrian doesn't know the area well but does not fancy hot dogs today so walks around slowly until he finds pizza.","K=0"
"t000110","No preference for hotdog, Doesn't know area, Lazy, Starts near hotdog. Gets hotdog by short route.","They went to the closest place due to being lazy","C=0"
"t011100","No preference for hotdog, Knows area, Sporty, Starts near hotdog. Gets pizza by short route.","they went for a run around to see if there was anything else and preferred the pizza place once they saw it","C=1"
"t100000","Preference for hotdog, Doesn't know area, Lazy, Starts near pizza. Gets pizza by short route.","they could not be bothered to look around for the hot dog place even though it is their favourite","C=0"
"t001011","No preference for hotdog, Doesn't know area, Sporty, Starts near pizza. Gets hotdog by long route.","They did not know the area so did not know which way to go but were willing to look around for the hot dog place","K=0"
"t111010","Preference for hotdog, Knows area, Sporty, Starts near pizza. Gets hotdog by short route.","they knew this was the shortest path to their favourite food","Ku_p=1"
"t101001","Preference for hotdog, Doesn't know area, Sporty, Starts near pizza. Gets pizza by long route.","they wanted to take a long route on purpose, so despite passing their favourite food they wanted to walk/run a bit further","Cu=1"
"t010101","No preference for hotdog, Knows area, Lazy, Starts near hotdog. Gets pizza by long route.","they decided to stop being lazy for once and took the long route","Cu=1"
"t110111","Preference for hotdog, Knows area, Lazy, Starts near hotdog. Gets hotdog by long route.","they went to the pizza place but decided they wanted hot dogs instead","Pu_f=1"
"t100001","Preference for hotdog, Doesn't know area, Lazy, Starts near pizza. Gets pizza by long route.","they do not know where they are going","K=0"
"t001100","No preference for hotdog, Doesn't know area, Sporty, Starts near hotdog. Gets pizza by short route.","brooklyn wanted pizza or was hungry and it was the first thing they found","Pu_f=0"
"t000111","No preference for hotdog, Doesn't know area, Lazy, Starts near hotdog. Gets hotdog by long route.","Adrian got lost","K=0"
"t111011","Preference for hotdog, Knows area, Sporty, Starts near pizza. Gets hotdog by long route.","Taylor wanted some excersise so took a longer route","Cu=1"
"t011101","No preference for hotdog, Knows area, Sporty, Starts near hotdog. Gets pizza by long route.","drew wanted excersise so took the long route","Cu=1"
"t110000","Preference for hotdog, Knows area, Lazy, Starts near pizza. Gets pizza by short route.","Parker was starving and wanted something to eat now","Pu_p=1"
"t010110","No preference for hotdog, Knows area, Lazy, Starts near hotdog. Gets hotdog by short route.","charlie did not want to walk far for food","C=0"
"t010010","No preference for hotdog, Knows area, Lazy, Starts near pizza. Gets hotdog by short route.","They wanted hot dogs today","Pu_f=1"
"t001000","No preference for hotdog, Doesn't know area, Sporty, Starts near pizza. Gets pizza by short route.","The pizza was the closest","Su=0"
"t011001","No preference for hotdog, Knows area, Sporty, Starts near pizza. Gets pizza by long route.","He hadn't realised the pizza shop was just down the road and walked all the way round to find it","Ku_f=0"
"t111111","Preference for hotdog, Knows area, Sporty, Starts near hotdog. Gets hotdog by long route.","He was going for a walk, passed the pizza stand but didn't want that, then came to the hot dog stand and chose to buy","Pu_f=1"
"t101110","Preference for hotdog, Doesn't know area, Sporty, Starts near hotdog. Gets hotdog by short route.","He saw the hot dog stand in the distance and chose to get one","Su=1"
"t000011","No preference for hotdog, Doesn't know area, Lazy, Starts near pizza. Gets hotdog by long route.","He was looking for the hot dog stand and walked the long way to get it","Pu_f=1"
"t100101","Preference for hotdog, Doesn't know area, Lazy, Starts near hotdog. Gets pizza by long route.","He was looking for the pizza stand and walked the long way to get it","Pu_f=0"
"t110100","Preference for hotdog, Knows area, Lazy, Starts near hotdog. Gets pizza by short route.","He came to the pizza stand first so decided to get one","Su=0"
"t000011","No preference for hotdog, Doesn't know area, Lazy, Starts near pizza. Gets hotdog by long route.","Adrian went the long way because he does not know the area.","K=0"
"t010010","No preference for hotdog, Knows area, Lazy, Starts near pizza. Gets hotdog by short route.","Charlie knows the area well so went the quickest way.","K=1"
"t101110","Preference for hotdog, Doesn't know area, Sporty, Starts near hotdog. Gets hotdog by short route.","Jesse went the quickest way because his favourite food is hot dogs.","P=1"
"t110100","Preference for hotdog, Knows area, Lazy, Starts near hotdog. Gets pizza by short route.","Parker went what he thought was the quickest way because he is lazy.","C=0"
"t001000","No preference for hotdog, Doesn't know area, Sporty, Starts near pizza. Gets pizza by short route.","He saw the pizza stand and knew it was closer.","Ku_f=1"
"t011001","No preference for hotdog, Knows area, Sporty, Starts near pizza. Gets pizza by long route.","Drew is sporty so went the longest way to get some exercise.","C=1"
"t111111","Preference for hotdog, Knows area, Sporty, Starts near hotdog. Gets hotdog by long route.","Taylor went for his favourite food hot dogs and is sporty so went the longest way.","C=1"
"t100101","Preference for hotdog, Doesn't know area, Lazy, Starts near hotdog. Gets pizza by long route.","Harper chose the route because he does not know the area well.","K=0"
"t010111","No preference for hotdog, Knows area, Lazy, Starts near hotdog. Gets hotdog by long route.","He knows the area well so took a longer route.","K=1"
"t111100","Preference for hotdog, Knows area, Sporty, Starts near hotdog. Gets pizza by short route.","They know the area well so went to the stand around the corner.","K=1"
"t000000","No preference for hotdog, Doesn't know area, Lazy, Starts near pizza. Gets pizza by short route.","Adrian is lazy so went to the closest stand.","C=0"
"t101011","Preference for hotdog, Doesn't know area, Sporty, Starts near pizza. Gets hotdog by long route.","They don't know the area well so went round the estate.","K=0"
"t100010","Preference for hotdog, Doesn't know area, Lazy, Starts near pizza. Gets hotdog by short route.","Harper's favourite food is hot dogs, so went looking.","P=1"
"t110001","Preference for hotdog, Knows area, Lazy, Starts near pizza. Gets pizza by long route.","They know the area well so went a longer route.","K=1"
"t001101","No preference for hotdog, Doesn't know area, Sporty, Starts near hotdog. Gets pizza by long route.","They are sporty so went a longer route.","C=1"
"t011010","No preference for hotdog, Knows area, Sporty, Starts near pizza. Gets hotdog by short route.","Drew fancied hot dogs over pizza","Pu_f=1"
"t101111","Preference for hotdog, Doesn't know area, Sporty, Starts near hotdog. Gets hotdog by long route.","Jesse took a longer route to the hot dog stand because he is sporty","C=1"
"t010011","No preference for hotdog, Knows area, Lazy, Starts near pizza. Gets hotdog by long route.","Charlie took the long route to warrant eating a hot dog","Cu=1"
"t100110","Preference for hotdog, Doesn't know area, Lazy, Starts near hotdog. Gets hotdog by short route.","Harpers favorite food is hot dogs","P=1"
"t000100","No preference for hotdog, Doesn't know area, Lazy, Starts near hotdog. Gets pizza by short route.","Adrian doesn't want hot dogs","P=0"
"t001001","No preference for hotdog, Doesn't know area, Sporty, Starts near pizza. Gets pizza by long route.","Brooklyn to a long walk to get to the pizza because he is sporty","C=1"
"t111000","Preference for hotdog, Knows area, Sporty, Starts near pizza. Gets pizza by short route.","Taylor fancied pizza over his favorite food","Pu_f=0"
"t110101","Preference for hotdog, Knows area, Lazy, Starts near hotdog. Gets pizza by long route.","The hot dog place was closed so he carried on to the pizza place","br_f=0"
"t011101","No preference for hotdog, Knows area, Sporty, Starts near hotdog. Gets pizza by long route.","He is sporty and was wanting the most exercise possible, so chose the longest route","C=1"
"t100001","Preference for hotdog, Doesn't know area, Lazy, Starts near pizza. Gets pizza by long route.","They didn't feel like hot dogs on this day","Pu_f=0"
"t110000","Preference for hotdog, Knows area, Lazy, Starts near pizza. Gets pizza by short route.","They are lazy","C=0"
"t101010","Preference for hotdog, Doesn't know area, Sporty, Starts near pizza. Gets hotdog by short route.","They really wanted a hot dog","Pu_f=1"
"t010110","No preference for hotdog, Knows area, Lazy, Starts near hotdog. Gets hotdog by short route.","He knows where the hot dog stand is and wanted a hot dog","Pu_f=1"
"t111011","Preference for hotdog, Knows area, Sporty, Starts near pizza. Gets hotdog by long route.","They are sporty and wanted the most amount of exercise possible","C=1"
"t001100","No preference for hotdog, Doesn't know area, Sporty, Starts near hotdog. Gets pizza by short route.","They didnt want a hot dog","Pu_f=0"
"t000111","No preference for hotdog, Doesn't know area, Lazy, Starts near hotdog. Gets hotdog by long route.","He doesn't know the area so didnt see anything else he wanted on his walk","K=0"
"t010000","No preference for hotdog, Knows area, Lazy, Starts near pizza. Gets pizza by short route.","He is lazy and so he has chosen the path which is the quickest and easiest to get to the pizza truck","C=0"
"t001110","No preference for hotdog, Doesn't know area, Sporty, Starts near hotdog. Gets hotdog by short route.","He didn't know which direction to go in and could probably see the hotdog stand from where he was, so chose that path","Su=1"
"t000001","No preference for hotdog, Doesn't know area, Lazy, Starts near pizza. Gets pizza by long route.","Whilst he is lazy, he wanted to explore the area to get to know it a bit better and held out for pizza","K=0"
"t100011","Preference for hotdog, Doesn't know area, Lazy, Starts near pizza. Gets hotdog by long route.","He didnt know a quicker or faster route to get to the hotdog stand, he must have seen the pizza stand and thought there would be a simular seller with hotdogs close by so kept going","Ku_p=0"
"t111101","Preference for hotdog, Knows area, Sporty, Starts near hotdog. Gets pizza by long route.","He has taken a longer route than normal due to being sporty, and has decided along the way that he doesnt want hotdogs today and therefore continues on to get pizza, whilst getting more exercise","C=1"
"t110010","Preference for hotdog, Knows area, Lazy, Starts near pizza. Gets hotdog by short route.","He is lazy, knows the area well and so has chosen the quickest path to his favourite food-hotdogs","C=0"
"t101100","Preference for hotdog, Doesn't know area, Sporty, Starts near hotdog. Gets pizza by short route.","He couldnt see the hotdogs from he was and as he doesnt know the area well, he went in the wrong direction and settled for pizza","K=0"
"t011111","No preference for hotdog, Knows area, Sporty, Starts near hotdog. Gets hotdog by long route.","Being sporty, he has chosen to take the longest route, as he knows the area well, and has gotten extra exercise, ending with his favourite food","C=1"
"t110101","Preference for hotdog, Knows area, Lazy, Starts near hotdog. Gets pizza by long route.","Parker knew that the hot dog stand was nearby but decided to see what was around the corner.","br_p=1"
"t000100","No preference for hotdog, Doesn't know area, Lazy, Starts near hotdog. Gets pizza by short route.","Adrian took the quickest route purely by chance as he didn't know the area well.","K=0"
"t100110","Preference for hotdog, Doesn't know area, Lazy, Starts near hotdog. Gets hotdog by short route.","Harper found the hot dog stand quickly as it was very close by despite the fact that they did not know the area well.","Su=1"
"t111000","Preference for hotdog, Knows area, Sporty, Starts near pizza. Gets pizza by short route.","Taylor knew the hot dog stand was nearby and they could reach it quickly by running.","Ku_f=1"
"t101111","Preference for hotdog, Doesn't know area, Sporty, Starts near hotdog. Gets hotdog by long route.","Jesse preferred to take a longer route to the food stand because they are sporty.","C=1"
"t001001","No preference for hotdog, Doesn't know area, Sporty, Starts near pizza. Gets pizza by long route.","Brooklyn guessed that the pizza stand could be reached around the block so he decided to run to reach it as he is sporty.","C=1"
"t011010","No preference for hotdog, Knows area, Sporty, Starts near pizza. Gets hotdog by short route.","Drew knows the area well and took the quickest route he knows to the hot dog stand from his original location.","K=1"
"t010011","No preference for hotdog, Knows area, Lazy, Starts near pizza. Gets hotdog by long route.","The road was blocked so Charlie took the second route he knows to the hot dog stand.","Su=1"
"t101101","Preference for hotdog, Doesn't know area, Sporty, Starts near hotdog. Gets pizza by long route.","They took the long route to the pizza stand because they are sporty and wanted to take the longer route.","C=1"
"t110011","Preference for hotdog, Knows area, Lazy, Starts near pizza. Gets hotdog by long route.","Parker took the longer route because they know the area well. The shorter route may have obstacles they know of.","K=1"
"t111110","Preference for hotdog, Knows area, Sporty, Starts near hotdog. Gets hotdog by short route.","They know the area well.","K=1"
"t100100","Preference for hotdog, Doesn't know area, Lazy, Starts near hotdog. Gets pizza by short route.","They don't know the area well.","K=0"
"t001111","No preference for hotdog, Doesn't know area, Sporty, Starts near hotdog. Gets hotdog by long route.","They are sporty.","C=1"
"t000010","No preference for hotdog, Doesn't know area, Lazy, Starts near pizza. Gets hotdog by short route.","They are lazy.","C=0"
"t011000","No preference for hotdog, Knows area, Sporty, Starts near pizza. Gets pizza by short route.","They know the area well.","K=1"
"t010001","No preference for hotdog, Knows area, Lazy, Starts near pizza. Gets pizza by long route.","They know the area well.","K=1"
"t110110","Preference for hotdog, Knows area, Lazy, Starts near hotdog. Gets hotdog by short route.","they like hot dogs","P=1"
"t101000","Preference for hotdog, Doesn't know area, Sporty, Starts near pizza. Gets pizza by short route.","they were hungry and grabbed what was nearest","Pu_p=1"
"t000101","No preference for hotdog, Doesn't know area, Lazy, Starts near hotdog. Gets pizza by long route.","they dont like hotdogs so had to keep walking","P=0"
"t011011","No preference for hotdog, Knows area, Sporty, Starts near pizza. Gets hotdog by long route.","they are sporty so wanted a long walk","C=1"
"t001010","No preference for hotdog, Doesn't know area, Sporty, Starts near pizza. Gets hotdog by short route.","they didnt want pizza so went other way","Pu_f=1"
"t111001","Preference for hotdog, Knows area, Sporty, Starts near pizza. Gets pizza by long route.","they are sporty so went a long way","C=1"
"t100111","Preference for hotdog, Doesn't know area, Lazy, Starts near hotdog. Gets hotdog by long route.","they wasnt hungry at first then became hungry so went to where the hot dogs were","Pu_f=1"
"t010100","No preference for hotdog, Knows area, Lazy, Starts near hotdog. Gets pizza by short route.","they knew the pizza was closest","Ku_f=1"
"t111010","Preference for hotdog, Knows area, Sporty, Starts near pizza. Gets hotdog by short route.","They went to the hot dog stand because their favourite food is hot dogs.","P=1"
"t010101","No preference for hotdog, Knows area, Lazy, Starts near hotdog. Gets pizza by long route.","They prefer pizza to hot dogs because, despite being lazy, they walked past the hot dog stand to get to the pizza stand instead.","P=0"
"t110111","Preference for hotdog, Knows area, Lazy, Starts near hotdog. Gets hotdog by long route.","They do not know the area as well as they think they do because, despite being lazy, they took the longer route to the hot dog stand rather than just simply walking down the street to it.","K=0"
"t000110","No preference for hotdog, Doesn't know area, Lazy, Starts near hotdog. Gets hotdog by short route.","They chose the most convenient place (i.e. the first place they stumbled across) to get food because they do not know where they are and are too lazy to explore further.","C=0"
"t100000","Preference for hotdog, Doesn't know area, Lazy, Starts near pizza. Gets pizza by short route.","Because they don't know the area well and are also lazy they opted to go to the first food stand they came across, the pizza stand.","C=0"
"t101001","Preference for hotdog, Doesn't know area, Sporty, Starts near pizza. Gets pizza by long route.","Despite being able to see the pizza stand from where they began, their sporty side took over and they decided to go the long way around to work up an appetite before having some pizza.","C=1"
"t011100","No preference for hotdog, Knows area, Sporty, Starts near hotdog. Gets pizza by short route.","As the two food stands are relatively equidistant from where they began, the fact that they are sporty didn't really impact on their chosen route and they simply went to the food stand selling what they wanted most at the time. In this instance, pizza.","Pu_f=0"
"t001011","No preference for hotdog, Doesn't know area, Sporty, Starts near pizza. Gets hotdog by long route.","As they are sporty, they chose to bypass the pizza stand despite not knowing the area well to get some extra exercise in, stopping at the hot dog stand when they were finished.","C=1"
"t110110","Preference for hotdog, Knows area, Lazy, Starts near hotdog. Gets hotdog by short route.","They go to the hot dog stand because it's closer.","Su=1"
"t000101","No preference for hotdog, Doesn't know area, Lazy, Starts near hotdog. Gets pizza by long route.","They don't know the pizza stand is around the corner""","Ku_f=0"
"t111001","Preference for hotdog, Knows area, Sporty, Starts near pizza. Gets pizza by long route.","They wanted to take the long route because they are sporty","C=1"
"t011011","No preference for hotdog, Knows area, Sporty, Starts near pizza. Gets hotdog by long route.","They wanted to take the long route because they are sporty","C=1"
"t010100","No preference for hotdog, Knows area, Lazy, Starts near hotdog. Gets pizza by short route.","They don't know the pizza stand is around the corner""","Ku_f=0"
"t100111","Preference for hotdog, Doesn't know area, Lazy, Starts near hotdog. Gets hotdog by long route.","They don't know the hot dog stand is around the corner""","Ku_f=0"
"t101000","Preference for hotdog, Doesn't know area, Sporty, Starts near pizza. Gets pizza by short route.","They go to the pizza stand because it's closer.","Su=0"
"t001010","No preference for hotdog, Doesn't know area, Sporty, Starts near pizza. Gets hotdog by short route.","They go to the hot dog stand because it's their favorite.","P=1"
"t011110","No preference for hotdog, Knows area, Sporty, Starts near hotdog. Gets hotdog by short route.","Drew didn't want to exercise today.","Cu=0"
"t111100","Preference for hotdog, Knows area, Sporty, Starts near hotdog. Gets pizza by short route.","Today Taylor did not want to eat hot dogs.","Pu_f=0"
"t110001","Preference for hotdog, Knows area, Lazy, Starts near pizza. Gets pizza by long route.","Parker is not as lazy as they say.","Cu=1"
"t001101","No preference for hotdog, Doesn't know area, Sporty, Starts near hotdog. Gets pizza by long route.","Brooklyn worked out before having a nice pizza.","C=1"
"t100010","Preference for hotdog, Doesn't know area, Lazy, Starts near pizza. Gets hotdog by short route.","Harper went for his hot dogs no matter what the cost.","P=1"
"t101011","Preference for hotdog, Doesn't know area, Sporty, Starts near pizza. Gets hotdog by long route.","Jesse walked long enough to eat his favorite food.","C=1"
"t010111","No preference for hotdog, Knows area, Lazy, Starts near hotdog. Gets hotdog by long route.","Charlie is not lazy.","Cu=1"
"t000000","No preference for hotdog, Doesn't know area, Lazy, Starts near pizza. Gets pizza by short route.","Adrian is quite lazy.","C=0"
"t110111","Preference for hotdog, Knows area, Lazy, Starts near hotdog. Gets hotdog by long route.","Even though it says they are lazy maybe they wanted to get more exercise or they thought about having pizza as a change but carried on to the hot dog stand as they realized they didn't really fancy a change after all","Pu_f=1"
"t001011","No preference for hotdog, Doesn't know area, Sporty, Starts near pizza. Gets hotdog by long route.","He didn't mind walking, he doesn't know the area so took a gamble and it was the long way round. Also he would have seen the pizza cart and maybe thought another eating cart would be nearby","K=0"
"t100000","Preference for hotdog, Doesn't know area, Lazy, Starts near pizza. Gets pizza by short route.","He couldn't be bothered to walk that far for a hotdog and he was hungry so decided on pizza as it was closer","C=0"
"t101001","Preference for hotdog, Doesn't know area, Sporty, Starts near pizza. Gets pizza by long route.","They didn't fancy the hot dog when they got there so decided to carry on going and go back to the pizza cart not much difference in carrying on going or doubling back","Pu_f=0"
"t111010","Preference for hotdog, Knows area, Sporty, Starts near pizza. Gets hotdog by short route.","They wanted a hotdog and they went by the shortest route","Pu_f=1"
"t000110","No preference for hotdog, Doesn't know area, Lazy, Starts near hotdog. Gets hotdog by short route.","He saw the hot dogs and went for the first cart she could see","Su=1"
"t010101","No preference for hotdog, Knows area, Lazy, Starts near hotdog. Gets pizza by long route.","Changed their mind, they knew the pizza place was further on but went to the hot dogs first and then carried on","Pu_f=0"
"t011100","No preference for hotdog, Knows area, Sporty, Starts near hotdog. Gets pizza by short route.","Knew he wanted pizza and went for the shortest route","Pu_f=0"
"t111011","Preference for hotdog, Knows area, Sporty, Starts near pizza. Gets hotdog by long route.","They wanted to take the long route because they are sporty","C=1"
"t000111","No preference for hotdog, Doesn't know area, Lazy, Starts near hotdog. Gets hotdog by long route.","They don't know the pizza stand is around the corner""","Ku_f=0"
"t011101","No preference for hotdog, Knows area, Sporty, Starts near hotdog. Gets pizza by long route.","They wanted to take the long route because they are sporty","C=1"
"t100001","Preference for hotdog, Doesn't know area, Lazy, Starts near pizza. Gets pizza by long route.","They don't know the hot dog stand is around the corner""","Ku_f=0"
"t001100","No preference for hotdog, Doesn't know area, Sporty, Starts near hotdog. Gets pizza by short route.","They go to the pizza stand because it's their favourite","P=0"
"t010110","No preference for hotdog, Knows area, Lazy, Starts near hotdog. Gets hotdog by short route.","They go to the hot dog stand because it's closer.","Su=1"
"t110000","Preference for hotdog, Knows area, Lazy, Starts near pizza. Gets pizza by short route.","They go to the pizza stand because it's closer.","Su=0"
"t101010","Preference for hotdog, Doesn't know area, Sporty, Starts near pizza. Gets hotdog by short route.","They go to the hot dog stand because it's their favorite.","P=1"
"t010010","No preference for hotdog, Knows area, Lazy, Starts near pizza. Gets hotdog by short route.","he doesn't like pizza","P=1"
"t011001","No preference for hotdog, Knows area, Sporty, Starts near pizza. Gets pizza by long route.","he took the long way round because is active","C=1"
"t001000","No preference for hotdog, Doesn't know area, Sporty, Starts near pizza. Gets pizza by short route.","too hungry from exercise and went to the first place with food","Pu_p=1"
"t110100","Preference for hotdog, Knows area, Lazy, Starts near hotdog. Gets pizza by short route.","he's lazy so took the shortest route to food even though he knew there is a hot dog stand","C=0"
"t000011","No preference for hotdog, Doesn't know area, Lazy, Starts near pizza. Gets hotdog by long route.","he preferred hot dog over pizza","P=1"
"t111111","Preference for hotdog, Knows area, Sporty, Starts near hotdog. Gets hotdog by long route.","he took the long route because he prefers hot dogs and may have went for a run before getting food","P=1"
"t101110","Preference for hotdog, Doesn't know area, Sporty, Starts near hotdog. Gets hotdog by short route.","Probably went to the first place that sold hot dogs and it happen to be the short route","Ku_f=0"
"t100101","Preference for hotdog, Doesn't know area, Lazy, Starts near hotdog. Gets pizza by long route.","he may have missed the hot dog stand","br_p=1"
"t011010","No preference for hotdog, Knows area, Sporty, Starts near pizza. Gets hotdog by short route.","Better hot dogs than sports.","P=1"
"t000100","No preference for hotdog, Doesn't know area, Lazy, Starts near hotdog. Gets pizza by short route.","His laziness may have made him eat the first thing he found.","C=0"
"t010011","No preference for hotdog, Knows area, Lazy, Starts near pizza. Gets hotdog by long route.","He left his laziness aside and walked a little further to eat hot dogs.","Cu=1"
"t110101","Preference for hotdog, Knows area, Lazy, Starts near hotdog. Gets pizza by long route.","This guy doesn't like hot dogs.","P=0"
"t001001","No preference for hotdog, Doesn't know area, Sporty, Starts near pizza. Gets pizza by long route.","He is a good sportsman.","C=1"
"t000001","No preference for hotdog, Doesn't know area, Lazy, Starts near pizza. Gets pizza by long route.","They wanted to take the long route because they are sporty","C=1"
"t111101","Preference for hotdog, Knows area, Sporty, Starts near hotdog. Gets pizza by long route.","They wanted to take the long route because they are sporty","C=1"
"t110010","Preference for hotdog, Knows area, Lazy, Starts near pizza. Gets hotdog by short route.","They go to the hot dog stand because it's their favorite.","P=1"
"t100011","Preference for hotdog, Doesn't know area, Lazy, Starts near pizza. Gets hotdog by long route.","They go to the hot dog stand because it's their favorite.","P=1"
"t001110","No preference for hotdog, Doesn't know area, Sporty, Starts near hotdog. Gets hotdog by short route.","They go to the hot dog stand because it's their favorite.","P=1"
"t011111","No preference for hotdog, Knows area, Sporty, Starts near hotdog. Gets hotdog by long route.","They wanted to take the long route because they are sporty","C=1"
"t101100","Preference for hotdog, Doesn't know area, Sporty, Starts near hotdog. Gets pizza by short route.","They don't know the Hot dogs stand is around the corner""","Ku_f=0"
"t010000","No preference for hotdog, Knows area, Lazy, Starts near pizza. Gets pizza by short route.","They go to the pizza stand because it's closer.","Su=0"
"t100001","Preference for hotdog, Doesn't know area, Lazy, Starts near pizza. Gets pizza by long route.","They don't like pizza much, so despite being able to see the pizza stand they went the other way. They see the hotdog stand but it didn't look clean or it was too expensive, so they carried on abck round to the pizza stand regretably","br_f=0"
"t101010","Preference for hotdog, Doesn't know area, Sporty, Starts near pizza. Gets hotdog by short route.","They decided to take the long route being sporty, then saw the hot dog stand so stopped for a bite to eat","C=1"
"t111011","Preference for hotdog, Knows area, Sporty, Starts near pizza. Gets hotdog by long route.","They know the area, so knew where the hotdog stand would be. They went there, taking he long route because theyre sporty","C=1"
"t110000","Preference for hotdog, Knows area, Lazy, Starts near pizza. Gets pizza by short route.","They knew the hot dog stand was there but because they are lazy they just went to he pizza place because it was closer","C=0"
"t010110","No preference for hotdog, Knows area, Lazy, Starts near hotdog. Gets hotdog by short route.","It;s a similar distance to each stand, they must like hotdogs more than pizza","P=1"
"t011101","No preference for hotdog, Knows area, Sporty, Starts near hotdog. Gets pizza by long route.","Drew knew the pizza stand was there and always inteded to go there. They just took the long route as they're sporty","C=1"
"t001100","No preference for hotdog, Doesn't know area, Sporty, Starts near hotdog. Gets pizza by short route.","Brooklyn is sporty and saw the hot dog stand, they decided to take the long route to the hotdog stand but on the way they saw the pizza stand. They preferred pizza so stopped to eat","Pu_f=0"
"t000111","No preference for hotdog, Doesn't know area, Lazy, Starts near hotdog. Gets hotdog by long route.","He saw the hot dog stand, didn't want them because he doesn't really like them. On the way around he came across pizza, but hates it more, so carried on to the hot dog stand regretably","P=1"
"t000010","No preference for hotdog, Doesn't know area, Lazy, Starts near pizza. Gets hotdog by short route.","He might have asked someone for the direction.","Ku_p=1"
"t011000","No preference for hotdog, Knows area, Sporty, Starts near pizza. Gets pizza by short route.","He went there himself because he knew the area and moreover he was just a few distance away from the pizza truck.","K=1"
"t101101","Preference for hotdog, Doesn't know area, Sporty, Starts near hotdog. Gets pizza by long route.","He muct have have been walking round the blocks searching for food trucks.","K=0"
"t111110","Preference for hotdog, Knows area, Sporty, Starts near hotdog. Gets hotdog by short route.","Because he knew the area well, he walked to the location of the hot dogs truck.","K=1"
"t110011","Preference for hotdog, Knows area, Lazy, Starts near pizza. Gets hotdog by long route.","He must have gone visiting or doing something else at the other direction.","br_p=1"
"t001111","No preference for hotdog, Doesn't know area, Sporty, Starts near hotdog. Gets hotdog by long route.","Brooklyn must have wanted to just go for a walk and on his way, go to the hot dog truck.","Cu=1"
"t010001","No preference for hotdog, Knows area, Lazy, Starts near pizza. Gets pizza by long route.","He must have decided not to come through the shorter route.","br_p=1"
"t100100","Preference for hotdog, Doesn't know area, Lazy, Starts near hotdog. Gets pizza by short route.","As he did not know where the hot dogs truck was, he must have decided to walk round searching for one.","K=0"
"t000010","No preference for hotdog, Doesn't know area, Lazy, Starts near pizza. Gets hotdog by short route.","They don't know the pizza stand is around the corner""","Ku_f=0"
"t100100","Preference for hotdog, Doesn't know area, Lazy, Starts near hotdog. Gets pizza by short route.","They don't know the Hot dogs stand is around the corner""","Ku_f=0"
"t111110","Preference for hotdog, Knows area, Sporty, Starts near hotdog. Gets hotdog by short route.","They go to the hot dog stand because it's their favorite.","P=1"
"t110011","Preference for hotdog, Knows area, Lazy, Starts near pizza. Gets hotdog by long route.","They wanted to take the long route because they are sporty","C=1"
"t010001","No preference for hotdog, Knows area, Lazy, Starts near pizza. Gets pizza by long route.","They wanted to take the long route because they are sporty","C=1"
"t001111","No preference for hotdog, Doesn't know area, Sporty, Starts near hotdog. Gets hotdog by long route.","They don't know the pizza stand is around the corner""","Ku_f=0"
"t011000","No preference for hotdog, Knows area, Sporty, Starts near pizza. Gets pizza by short route.","They go to the pizza stand because it's closer.","Su=0"
"t101101","Preference for hotdog, Doesn't know area, Sporty, Starts near hotdog. Gets pizza by long route.","They don't know the hot dogs stand is around the corner""","Ku_f=0"
"t111111","Preference for hotdog, Knows area, Sporty, Starts near hotdog. Gets hotdog by long route.","They went the long way around to work up an appetite","Cu=1"
"t100101","Preference for hotdog, Doesn't know area, Lazy, Starts near hotdog. Gets pizza by long route.","Harper hoped there would be something better than this particular hot dog stall but settled for the pizza because he couldn't be bothered to go back.","C=0"
"t110100","Preference for hotdog, Knows area, Lazy, Starts near hotdog. Gets pizza by short route.","Harper settled for the pizza, which isn't his favourite but he was too lazy to go back to the hot dog stall","C=0"
"t010010","No preference for hotdog, Knows area, Lazy, Starts near pizza. Gets hotdog by short route.","Charlie took the quickest root to the hot dog stand to get his favourite food","P=1"
"t011001","No preference for hotdog, Knows area, Sporty, Starts near pizza. Gets pizza by long route.","Drew likes to stretch his legs before going for a pizza","Cu=1"
"t000011","No preference for hotdog, Doesn't know area, Lazy, Starts near pizza. Gets hotdog by long route.","Adrian didn't know what he would find but after getting to the second option he didn't want to go any further so settled for this","C=0"
"t101110","Preference for hotdog, Doesn't know area, Sporty, Starts near hotdog. Gets hotdog by short route.","He saw the hot dogs - it was clear how to get there quickly and was hungrier than they were in need of exercise","Pu_p=1"
"t001000","No preference for hotdog, Doesn't know area, Sporty, Starts near pizza. Gets pizza by short route.","Brooklyn saw the pizza stand and went straight to it","Su=0"
"t101000","Preference for hotdog, Doesn't know area, Sporty, Starts near pizza. Gets pizza by short route.","Really hungry and the pizza stand was in view","Pu_p=1"
"t001010","No preference for hotdog, Doesn't know area, Sporty, Starts near pizza. Gets hotdog by short route.","Doesn't like pizza or had it recently and doesn't mind walking longer for other options.","P=1"
"t111001","Preference for hotdog, Knows area, Sporty, Starts near pizza. Gets pizza by long route.","Don't know the area and unsure what they want so took a long walk to check out options.","K=0"
"t011011","No preference for hotdog, Knows area, Sporty, Starts near pizza. Gets hotdog by long route.","Doesn't know the area and doesn't like pizza","K=0"
"t010100","No preference for hotdog, Knows area, Lazy, Starts near hotdog. Gets pizza by short route.","Knows the area and location of both options and prefers pizza.","P=0"
"t000101","No preference for hotdog, Doesn't know area, Lazy, Starts near hotdog. Gets pizza by long route.","Doesn't know area and is walking around to find options other than Hot Dogs","K=0"
"t100111","Preference for hotdog, Doesn't know area, Lazy, Starts near hotdog. Gets hotdog by long route.","Out for a long walk and decided to stop for a Hot Dog","Cu=1"
"t110110","Preference for hotdog, Knows area, Lazy, Starts near hotdog. Gets hotdog by short route.","Was at home and wanted a hot dog","Pu_f=1"
"t011110","No preference for hotdog, Knows area, Sporty, Starts near hotdog. Gets hotdog by short route.","They know the area well and can see the hot dog, and it is close","Su=1"
"t110001","Preference for hotdog, Knows area, Lazy, Starts near pizza. Gets pizza by long route.","They are lazy so they will take the shortest route and go for the pizza, even though they prefer hot dogs.","C=0"
"t111100","Preference for hotdog, Knows area, Sporty, Starts near hotdog. Gets pizza by short route.","It would have been quicker to go for the hot dog, but perhaps they were unable to see it.","Su=0"
"t100010","Preference for hotdog, Doesn't know area, Lazy, Starts near pizza. Gets hotdog by short route.","It is odd they took a longer route when they are lazy, but hot dog is their favourite food.","P=1"
"t000000","No preference for hotdog, Doesn't know area, Lazy, Starts near pizza. Gets pizza by short route.","They only had to take a few steps to reach the pizza.","Su=0"
"t101011","Preference for hotdog, Doesn't know area, Sporty, Starts near pizza. Gets hotdog by long route.","Jesse is sporty, so they wouldn't have minded going for the hot dog, even though it was further away.","C=1"
"t001101","No preference for hotdog, Doesn't know area, Sporty, Starts near hotdog. Gets pizza by long route.","It looks as though they were unable to see the hot dog.","Su=0"
"t010111","No preference for hotdog, Knows area, Lazy, Starts near hotdog. Gets hotdog by long route.","Charlie may not have been able to see the pizza.","Ku_f=0"
"t010011","No preference for hotdog, Knows area, Lazy, Starts near pizza. Gets hotdog by long route.","Charlie wanted a hot dog but forgot where the stand was.","Ku_f=0"
"t011010","No preference for hotdog, Knows area, Sporty, Starts near pizza. Gets hotdog by short route.","Drew goes to the hot dog stand as it is his favourite.","P=1"
"t111000","Preference for hotdog, Knows area, Sporty, Starts near pizza. Gets pizza by short route.","Taylor goes to the pizza stand as he is very hungry","Pu_p=1"
"t101111","Preference for hotdog, Doesn't know area, Sporty, Starts near hotdog. Gets hotdog by long route.","Jesse's favourite food is hot dogs but he didn't know how to get to the stand.","Ku_p=0"
"t000100","No preference for hotdog, Doesn't know area, Lazy, Starts near hotdog. Gets pizza by short route.","Adrian goes to the pizza stand as he is lazy and eats the first thing available.","C=0"
"t110101","Preference for hotdog, Knows area, Lazy, Starts near hotdog. Gets pizza by long route.","Parker goes to the pizza stand as he becomes hungry after walking pass the hot dog stand.","Pu_f=0"
"t100110","Preference for hotdog, Doesn't know area, Lazy, Starts near hotdog. Gets hotdog by short route.","Harper goes to the hot dog stand as he is lazy.","C=0"
"t001001","No preference for hotdog, Doesn't know area, Sporty, Starts near pizza. Gets pizza by long route.","Brooklyn goes to the piza stand as he is sporty.","C=1"
"t011100","No preference for hotdog, Knows area, Sporty, Starts near hotdog. Gets pizza by short route.","I wanted to eat pizza and I walked further until I found the stand.","Pu_f=0"
"t010101","No preference for hotdog, Knows area, Lazy, Starts near hotdog. Gets pizza by long route.","He saw the dog cart but it is not his favorite, he kept walking until he found the pizza cart which is his favorite.","P=0"
"t000110","No preference for hotdog, Doesn't know area, Lazy, Starts near hotdog. Gets hotdog by short route.","He wanted to eat a dog and even more so because he has them nearby.","Pu_f=1"
"t101001","Preference for hotdog, Doesn't know area, Sporty, Starts near pizza. Gets pizza by long route.","I wanted to see what was around the buildings and I also wanted to eat pizza.","Pu_f=0"
"t100000","Preference for hotdog, Doesn't know area, Lazy, Starts near pizza. Gets pizza by short route.","Pizza is his favorite and more than one step away","P=0"
"t110111","Preference for hotdog, Knows area, Lazy, Starts near hotdog. Gets hotdog by long route.","He chose the longest road because he wanted to go around and open his stomach, that's why he went on the longest side.","Cu=1"
"t111010","Preference for hotdog, Knows area, Sporty, Starts near pizza. Gets hotdog by short route.","He went out for a walk and saw the dog stand and provoked him and ate 2","Su=1"
"t001011","No preference for hotdog, Doesn't know area, Sporty, Starts near pizza. Gets hotdog by long route.","He always loves to walk the whole thing and ends up eating some hot dogs.","C=1"
"t001001","No preference for hotdog, Doesn't know area, Sporty, Starts near pizza. Gets pizza by long route.","Brooklyn likes hot dogs","P=1"
"t011010","No preference for hotdog, Knows area, Sporty, Starts near pizza. Gets hotdog by short route.","Drew likes hot dogs","P=1"
"t100110","Preference for hotdog, Doesn't know area, Lazy, Starts near hotdog. Gets hotdog by short route.","Harper likes hot dogs","P=1"
"t000100","No preference for hotdog, Doesn't know area, Lazy, Starts near hotdog. Gets pizza by short route.","Adrian likes pizza more than hot dogs","P=0"
"t111000","Preference for hotdog, Knows area, Sporty, Starts near pizza. Gets pizza by short route.","Taylor likes pizza","P=0"
"t110101","Preference for hotdog, Knows area, Lazy, Starts near hotdog. Gets pizza by long route.","Parker is not in the mood for hot dogs and tries pizza","Pu_f=0"
"t010011","No preference for hotdog, Knows area, Lazy, Starts near pizza. Gets hotdog by long route.","Charlie likes hot dogs but not pizza","P=1"
"t101111","Preference for hotdog, Doesn't know area, Sporty, Starts near hotdog. Gets hotdog by long route.","Jesse is sporty and he likes hot dogs but not pizza","C=1"
"t100101","Preference for hotdog, Doesn't know area, Lazy, Starts near hotdog. Gets pizza by long route.","He went to the pizza truck because he wanted to eat something new.","Pu_f=0"
"t101110","Preference for hotdog, Doesn't know area, Sporty, Starts near hotdog. Gets hotdog by short route.","He went to the hot dog truck because it's his favorite.","P=1"
"t010010","No preference for hotdog, Knows area, Lazy, Starts near pizza. Gets hotdog by short route.","I chose that because it was the best path in sight.","br_p=0"
"t011001","No preference for hotdog, Knows area, Sporty, Starts near pizza. Gets pizza by long route.","I guess he didn't have a clear vision of the road and that's why he made that turn.","br_p=1"
"t110100","Preference for hotdog, Knows area, Lazy, Starts near hotdog. Gets pizza by short route.","He didn't see the dog cart from that point where he was","Su=0"
"t000111","No preference for hotdog, Doesn't know area, Lazy, Starts near hotdog. Gets hotdog by long route.","They go to the hot dog stand because it's their favorite.","P=1"
"t101010","Preference for hotdog, Doesn't know area, Sporty, Starts near pizza. Gets hotdog by short route.","They go to the hot dog stand because it's their favorite.","P=1"
"t110000","Preference for hotdog, Knows area, Lazy, Starts near pizza. Gets pizza by short route.","They go to the pizza stand because it's closer.","Su=0"
"t111011","Preference for hotdog, Knows area, Sporty, Starts near pizza. Gets hotdog by long route.","They wanted to take the long route because they are sporty","C=1"
"t010110","No preference for hotdog, Knows area, Lazy, Starts near hotdog. Gets hotdog by short route.","They go to the hot dog stand because it's closer.","Su=1"
"t011101","No preference for hotdog, Knows area, Sporty, Starts near hotdog. Gets pizza by long route.","They go to the pizza stand because it's their favourite","P=0"
"t100001","Preference for hotdog, Doesn't know area, Lazy, Starts near pizza. Gets pizza by long route.","They don't know the hot dogs stand is around the corner""","Ku_f=0"
"t001100","No preference for hotdog, Doesn't know area, Sporty, Starts near hotdog. Gets pizza by short route.","They go to the pizza stand because it's their favourite","P=0"
"t010000","No preference for hotdog, Knows area, Lazy, Starts near pizza. Gets pizza by short route.","It was nearest and they are lazy.","C=0"
"t101100","Preference for hotdog, Doesn't know area, Sporty, Starts near hotdog. Gets pizza by short route.","They must've thought that this particular hot dog stand wasn't too good.","br_f=0"
"t100011","Preference for hotdog, Doesn't know area, Lazy, Starts near pizza. Gets hotdog by long route.","They really wanted the hotdogs.","Pu_f=1"
"t111101","Preference for hotdog, Knows area, Sporty, Starts near hotdog. Gets pizza by long route.","They wanted to exercise.","Cu=1"
"t000001","No preference for hotdog, Doesn't know area, Lazy, Starts near pizza. Gets pizza by long route.","He must've got lost.","K=0"
"t011111","No preference for hotdog, Knows area, Sporty, Starts near hotdog. Gets hotdog by long route.","He wanted to go for a run.","Cu=1"
"t110010","Preference for hotdog, Knows area, Lazy, Starts near pizza. Gets hotdog by short route.","He really likes the hot dogs.","P=1"
"t010101","No preference for hotdog, Knows area, Lazy, Starts near hotdog. Gets pizza by long route.","He didn't pay attention to the road and that's why he jumped the other food cart.","br_p=1"
"t000110","No preference for hotdog, Doesn't know area, Lazy, Starts near hotdog. Gets hotdog by short route.","It was the closest food cart.","C=0"
"t110111","Preference for hotdog, Knows area, Lazy, Starts near hotdog. Gets hotdog by long route.","I had no idea their food cart was so close.","Ku_f=0"
"t001011","No preference for hotdog, Doesn't know area, Sporty, Starts near pizza. Gets hotdog by long route.","I wanted hot dogs I guess","Pu_f=1"
"t100000","Preference for hotdog, Doesn't know area, Lazy, Starts near pizza. Gets pizza by short route.","the pizza one was much closer","Su=0"
"t011100","No preference for hotdog, Knows area, Sporty, Starts near hotdog. Gets pizza by short route.","It was the closest place","C=0"
"t001010","No preference for hotdog, Doesn't know area, Sporty, Starts near pizza. Gets hotdog by short route.","Went for a walk and gotten to the first food stand he found","Cu=1"
"t011011","No preference for hotdog, Knows area, Sporty, Starts near pizza. Gets hotdog by long route.","They wanted a hot dog but also a walk beforehand","Cu=1"
"t111001","Preference for hotdog, Knows area, Sporty, Starts near pizza. Gets pizza by long route.","They wanted pizza but also wanted to go for a walk beforehand","Cu=1"
"t110110","Preference for hotdog, Knows area, Lazy, Starts near hotdog. Gets hotdog by short route.","They wanted a hot dog","Pu_f=1"
"t010100","No preference for hotdog, Knows area, Lazy, Starts near hotdog. Gets pizza by short route.","they felt like having a pizza","Pu_f=0"
"t100111","Preference for hotdog, Doesn't know area, Lazy, Starts near hotdog. Gets hotdog by long route.","They really wanted a hot dog","Pu_f=1"
"t000101","No preference for hotdog, Doesn't know area, Lazy, Starts near hotdog. Gets pizza by long route.","They did not feel like eating a hot dog","Pu_f=0"
"t101000","Preference for hotdog, Doesn't know area, Sporty, Starts near pizza. Gets pizza by short route.","They felt like having a pizza instead","Pu_f=0"
"t011000","No preference for hotdog, Knows area, Sporty, Starts near pizza. Gets pizza by short route.","Shortest distance to the pizza place.","br_p=0"
"t110011","Preference for hotdog, Knows area, Lazy, Starts near pizza. Gets hotdog by long route.","Wanted to take a more scenic route.","br_p=1"
"t000010","No preference for hotdog, Doesn't know area, Lazy, Starts near pizza. Gets hotdog by short route.","Shortest route to the hotdogs place.","br_p=0"
"t001111","No preference for hotdog, Doesn't know area, Sporty, Starts near hotdog. Gets hotdog by long route.","Wanted to do bit of running","Cu=1"
"t100100","Preference for hotdog, Doesn't know area, Lazy, Starts near hotdog. Gets pizza by short route.","Didnt know about the hotdogs but was hungry so had pizza","Ku_f=0"
"t111110","Preference for hotdog, Knows area, Sporty, Starts near hotdog. Gets hotdog by short route.","Shorted route to hotdogs place","br_p=0"
"t010001","No preference for hotdog, Knows area, Lazy, Starts near pizza. Gets pizza by long route.","Wanted hotdogs first and the pizza","Pu_f=1"
"t101100","Preference for hotdog, Doesn't know area, Sporty, Starts near hotdog. Gets pizza by short route.","Even seeing the hot dogs he went for the pizza I don't think he likes hot dogs very much.","P=0"
"t000001","No preference for hotdog, Doesn't know area, Lazy, Starts near pizza. Gets pizza by long route.","Despite being very lazy, I walked a long way to eat the pizza that was just a few meters away.","Ku_f=0"
"t011111","No preference for hotdog, Knows area, Sporty, Starts near hotdog. Gets hotdog by long route.","He exercised and ate hot dogs.","C=1"
"t001110","No preference for hotdog, Doesn't know area, Sporty, Starts near hotdog. Gets hotdog by short route.","He preferred not to risk not finding anything and ate the hot dogs in plain sight.","Su=1"
"t111101","Preference for hotdog, Knows area, Sporty, Starts near hotdog. Gets pizza by long route.","Hot dogs are definitely not his favorite food.","P=0"
"t010000","No preference for hotdog, Knows area, Lazy, Starts near pizza. Gets pizza by short route.","His laziness led him straight to a good pizza.","C=0"
"t100011","Preference for hotdog, Doesn't know area, Lazy, Starts near pizza. Gets hotdog by long route.","Regardless of his laziness I walk a lot to eat hot dogs.","Cu=1"
"t110010","Preference for hotdog, Knows area, Lazy, Starts near pizza. Gets hotdog by short route.","He has stopped at the hot dog truck and enjoyed his favorite food.","P=1"
"t011110","No preference for hotdog, Knows area, Sporty, Starts near hotdog. Gets hotdog by short route.","daves favourite food is hotdogs","P=1"
"t110001","Preference for hotdog, Knows area, Lazy, Starts near pizza. Gets pizza by long route.","they are trying to keep fit and be less lazy","Cu=1"
"t101011","Preference for hotdog, Doesn't know area, Sporty, Starts near pizza. Gets hotdog by long route.","they wanted to be sporty and go the long way while getting their favourite food","C=1"
"t010111","No preference for hotdog, Knows area, Lazy, Starts near hotdog. Gets hotdog by long route.","they are trying to be less lazy and do more exercise","Cu=1"
"t111100","Preference for hotdog, Knows area, Sporty, Starts near hotdog. Gets pizza by short route.","they wanted to try something new for once.","Pu_f=0"
"t100010","Preference for hotdog, Doesn't know area, Lazy, Starts near pizza. Gets hotdog by short route.","his favourite food is hotdogs not pizza","P=1"
"t001101","No preference for hotdog, Doesn't know area, Sporty, Starts near hotdog. Gets pizza by long route.","they wanted to go for a run and didnt want a hotdog so went past it and found the pizza one","Pu_f=0"
"t101000","Preference for hotdog, Doesn't know area, Sporty, Starts near pizza. Gets pizza by short route.","They don't know the area well so visit the first food stand","K=0"
"t000101","No preference for hotdog, Doesn't know area, Lazy, Starts near hotdog. Gets pizza by long route.","Adrian wants pizza","Pu_f=0"
"t111001","Preference for hotdog, Knows area, Sporty, Starts near pizza. Gets pizza by long route.","Taylor is sporty so went a long route to the pizza stand","C=1"
"t010100","No preference for hotdog, Knows area, Lazy, Starts near hotdog. Gets pizza by short route.","Charlie wanted to eat pizza today","Pu_f=0"
"t100111","Preference for hotdog, Doesn't know area, Lazy, Starts near hotdog. Gets hotdog by long route.","Harper was really hoping for a hot dog beacuse it's their favourtie","P=1"
"t001010","No preference for hotdog, Doesn't know area, Sporty, Starts near pizza. Gets hotdog by short route.","Brooklyn was exploring the area because they didn't know it well and stopped at the first food cart they came to","K=0"
"t110110","Preference for hotdog, Knows area, Lazy, Starts near hotdog. Gets hotdog by short route.","Parker knew they wanted a hot dog and took the sortest route.","Pu_f=1"
"t011011","No preference for hotdog, Knows area, Sporty, Starts near pizza. Gets hotdog by long route.","Drew wanted a hot dog and took the longest route becuase he is sporty","C=1"
"t110000","Preference for hotdog, Knows area, Lazy, Starts near pizza. Gets pizza by short route.","He goes to the pizza stand because it's very close.","Su=0"
"t100001","Preference for hotdog, Doesn't know area, Lazy, Starts near pizza. Gets pizza by long route.","He went to the pizza stand because he didn't see the hot dog stand.","Ku_f=0"
"t101010","Preference for hotdog, Doesn't know area, Sporty, Starts near pizza. Gets hotdog by short route.","He went to the hot dog stand because it's his favorite.","P=1"
"t111011","Preference for hotdog, Knows area, Sporty, Starts near pizza. Gets hotdog by long route.","He went to the hot dog stand because it's his favorite.","P=1"
"t011101","No preference for hotdog, Knows area, Sporty, Starts near hotdog. Gets pizza by long route.","I wanted to go to a pizza place","Pu_f=0"
"t001100","No preference for hotdog, Doesn't know area, Sporty, Starts near hotdog. Gets pizza by short route.","This was the closest food place.","C=0"
"t010110","No preference for hotdog, Knows area, Lazy, Starts near hotdog. Gets hotdog by short route.","This was the closest food place.","C=0"
"t111100","Preference for hotdog, Knows area, Sporty, Starts near hotdog. Gets pizza by short route.","Taylor wants to try something new and goes to the pizza stand.","Pu_f=0"
"t110001","Preference for hotdog, Knows area, Lazy, Starts near pizza. Gets pizza by long route.","Parker did not like the hot dog stand and walked for the pizza one.","br_f=0"
"t100010","Preference for hotdog, Doesn't know area, Lazy, Starts near pizza. Gets hotdog by short route.","Harper walked to the hot dog stand because it is his favourite and it is not that far away compared to the pizza stand.","P=1"
"t000000","No preference for hotdog, Doesn't know area, Lazy, Starts near pizza. Gets pizza by short route.","Adrian walks to the pizza stand because it is the closest he can find.","C=0"
"t101011","Preference for hotdog, Doesn't know area, Sporty, Starts near pizza. Gets hotdog by long route.","Jesse walked around until finding a hot dog stand.","K=0"
"t011110","No preference for hotdog, Knows area, Sporty, Starts near hotdog. Gets hotdog by short route.","Drew walked to the hot dog stand because he saw it first and had no preference.","Su=1"
"t001101","No preference for hotdog, Doesn't know area, Sporty, Starts near hotdog. Gets pizza by long route.","Brooklyn wanted to consider the food options before walking to the pizza stand.","br_p=1"
"t101111","Preference for hotdog, Doesn't know area, Sporty, Starts near hotdog. Gets hotdog by long route.","they wanted to explore the area and hoped to get back to the hot dog stand","br_p=1"
"t100110","Preference for hotdog, Doesn't know area, Lazy, Starts near hotdog. Gets hotdog by short route.","saw hot dog. bought hot dog.","Su=1"
"t011010","No preference for hotdog, Knows area, Sporty, Starts near pizza. Gets hotdog by short route.","he wanted a hot dog","Pu_f=1"
"t111000","Preference for hotdog, Knows area, Sporty, Starts near pizza. Gets pizza by short route.","he gave into temptation. it was the beginning of a slow spiral into self loathing","Pu_f=1"
"t001001","No preference for hotdog, Doesn't know area, Sporty, Starts near pizza. Gets pizza by long route.","they wanted to learn their surroundings and so went on an adventure","K=0"
"t110101","Preference for hotdog, Knows area, Lazy, Starts near hotdog. Gets pizza by long route.","parker has eaten hot dogs for 6 days straight and his body was screaming for something different","Pu_f=0"
"t010011","No preference for hotdog, Knows area, Lazy, Starts near pizza. Gets hotdog by long route.","charlie was lost in thought and when he looked up he was at a hot dog stand ""huh i thought this was pizza""","br_p=1"
"t000100","No preference for hotdog, Doesn't know area, Lazy, Starts near hotdog. Gets pizza by short route.","adrian flipped a coin in his head ""left or right"" and ended up going right to the pizza","br_p=1"
"t110010","Preference for hotdog, Knows area, Lazy, Starts near pizza. Gets hotdog by short route.","They wanted to take the long route because they are sporty","C=1"
"t011111","No preference for hotdog, Knows area, Sporty, Starts near hotdog. Gets hotdog by long route.","They wanted to take the long route because they are sporty","C=1"
"t000001","No preference for hotdog, Doesn't know area, Lazy, Starts near pizza. Gets pizza by long route.","They wanted to take the long route because they are sporty","C=1"
"t111101","Preference for hotdog, Knows area, Sporty, Starts near hotdog. Gets pizza by long route.","They wanted to take the long route because they are sporty","C=1"
"t001110","No preference for hotdog, Doesn't know area, Sporty, Starts near hotdog. Gets hotdog by short route.","They don't know the pizza stand is around the corner","Ku_f=0"
"t010000","No preference for hotdog, Knows area, Lazy, Starts near pizza. Gets pizza by short route.","They go to the pizza stand because it's their favourite","P=0"
"t101100","Preference for hotdog, Doesn't know area, Sporty, Starts near hotdog. Gets pizza by short route.","They go to the pizza stand because it's their favourite","P=0"
"t100011","Preference for hotdog, Doesn't know area, Lazy, Starts near pizza. Gets hotdog by long route.","They wanted to take the long route because they are sporty","C=1"
"t000011","No preference for hotdog, Doesn't know area, Lazy, Starts near pizza. Gets hotdog by long route.","He wanted to walk around the residence and when he saw the hot dog stand he stopped to eat.","Su=1"
"t011001","No preference for hotdog, Knows area, Sporty, Starts near pizza. Gets pizza by long route.","Before eating pizza I wanted to walk around the block to see what was new.","br_p=1"
"t001000","No preference for hotdog, Doesn't know area, Sporty, Starts near pizza. Gets pizza by short route.","He knew what he was going for and he wanted, his favorite food pizza.","P=0"
"t111111","Preference for hotdog, Knows area, Sporty, Starts near hotdog. Gets hotdog by long route.","before going to eat your hot dog way to clear your mind a little","br_p=1"
"t100101","Preference for hotdog, Doesn't know area, Lazy, Starts near hotdog. Gets pizza by long route.","Today it provokes him to eat pizza and he stopped to eat it.","Pu_f=0"
"t110100","Preference for hotdog, Knows area, Lazy, Starts near hotdog. Gets pizza by short route.","His favorite food is hot dogs but this time he wanted to give pizzas a try.","Pu_f=0"
"t010010","No preference for hotdog, Knows area, Lazy, Starts near pizza. Gets hotdog by short route.","Charlie must like hotdogs, we can deduce this as he walked a longer distance to get hot dogs from a stand he could not see, while he could initially see and was closer to the pizza cart, that means his preference for hot dogs is even greater than his lazyness.","P=1"
"t100101","Preference for hotdog, Doesn't know area, Lazy, Starts near hotdog. Gets pizza by long route.","Even though harpers favourite food is hot dogs and he's lazy he chose to ignore them and walk a much further distance to walk to the pizza stand, it is possible he's trying to offset the calories of the food he will eat by walking further.","Cu=1"
"t011001","No preference for hotdog, Knows area, Sporty, Starts near pizza. Gets pizza by long route.","Drew took the long way around to the pizza stand on the road where he started out, this is because he is sporty and enjoys the exercise from the increased distance travelled.","C=1"
"t001000","No preference for hotdog, Doesn't know area, Sporty, Starts near pizza. Gets pizza by short route.","brooklyn headed straight for the pizza stand because he could see it from his starting location, he was hungry and it was the only food stall he knew existed from his perspective.","Ku_f=0"
"t101110","Preference for hotdog, Doesn't know area, Sporty, Starts near hotdog. Gets hotdog by short route.","Jesse's favourite food is hot dogs so he bee-lined to the hot dog stand to have one.","P=1"
"t111111","Preference for hotdog, Knows area, Sporty, Starts near hotdog. Gets hotdog by long route.","Taylor could see the hot dog stand from their starting spot, knowing the area wall he decided to take the long route to the stand to get some exercise as being sporty he likes that kind of thing.","C=1"
"t110100","Preference for hotdog, Knows area, Lazy, Starts near hotdog. Gets pizza by short route.","Parker knows the area well so knows the location of all the food choices, as he is lazy he went to the nearest food stand rather than his favourite.","C=0"
"t000011","No preference for hotdog, Doesn't know area, Lazy, Starts near pizza. Gets hotdog by long route.","Adrian really doesn't like pizza, even though he's lazy he held out hope that there would be other food options and, after walking around the area he doesn't know luckily stumbled upon a hot dog stand, a food which he does tolerate.","P=1"
"t000010","No preference for hotdog, Doesn't know area, Lazy, Starts near pizza. Gets hotdog by short route.","Adrian doesn't like pizza.","P=1"
"t101101","Preference for hotdog, Doesn't know area, Sporty, Starts near hotdog. Gets pizza by long route.","Jesse took the longer route to the pizza stand as they are sporty, and they didn't fancy hot dogs.","C=1"
"t010001","No preference for hotdog, Knows area, Lazy, Starts near pizza. Gets pizza by long route.","Charlie prefers pizza to hot dogs, and they took the longer route for pleasure.","P=0"
"t001111","No preference for hotdog, Doesn't know area, Sporty, Starts near hotdog. Gets hotdog by long route.","Brooklyn prefers hot dogs to pizza, and took the longer route as they are sporty.","C=1"
"t011000","No preference for hotdog, Knows area, Sporty, Starts near pizza. Gets pizza by short route.","Drew was hungry after physical activity, so went to the closest stand.","Pu_p=1"
"t111110","Preference for hotdog, Knows area, Sporty, Starts near hotdog. Gets hotdog by short route.","Taylor wanted hot dogs.","Pu_f=1"
"t110011","Preference for hotdog, Knows area, Lazy, Starts near pizza. Gets hotdog by long route.","Parker took the longer route to the hot dogs as it is their favourite food and they don't know the area well.","K=0"
"t100100","Preference for hotdog, Doesn't know area, Lazy, Starts near hotdog. Gets pizza by short route.","Harper couldn't see the hot dog stand so went the wrong direction to the pizza stand, as they don't know the area well.","K=0"
"t110001","Preference for hotdog, Knows area, Lazy, Starts near pizza. Gets pizza by long route.","He saw that the pizza stand was there but he preferred to go for a walk to see what else he saw, today his favorite food, which is hot dogs, didn't bother him and he turned around to eat the pizzas.","Pu_f=0"
"t000000","No preference for hotdog, Doesn't know area, Lazy, Starts near pizza. Gets pizza by short route.","He wanted to eat pizza and he stopped to do it.","Pu_f=0"
"t101011","Preference for hotdog, Doesn't know area, Sporty, Starts near pizza. Gets hotdog by long route.","I end up eating his favorite food, which is pizza.","P=0"
"t010111","No preference for hotdog, Knows area, Lazy, Starts near hotdog. Gets hotdog by long route.","Before eating he wanted to walk around the area and then eat hot dogs.","Pu_f=1"
"t111100","Preference for hotdog, Knows area, Sporty, Starts near hotdog. Gets pizza by short route.","This time he wanted to give pizza a chance.","Pu_f=0"
"t001111","No preference for hotdog, Doesn't know area, Sporty, Starts near hotdog. Gets hotdog by long route.","I wasn't hungry i was going to visit a friend so when i left the hot dog cart was closer.","br_p=1"
"t000010","No preference for hotdog, Doesn't know area, Lazy, Starts near pizza. Gets hotdog by short route.","I wanted better hot dog","Pu_f=1"
"t011000","No preference for hotdog, Knows area, Sporty, Starts near pizza. Gets pizza by short route.","the pizza cart is closer","Su=0"
"t100100","Preference for hotdog, Doesn't know area, Lazy, Starts near hotdog. Gets pizza by short route.","I had no idea how to get to the hot dog cart.","Ku_p=0"
"t101101","Preference for hotdog, Doesn't know area, Sporty, Starts near hotdog. Gets pizza by long route.","you may not have seen the corner or the cart","Ku_f=0"
"t010001","No preference for hotdog, Knows area, Lazy, Starts near pizza. Gets pizza by long route.","I wanted to eat pizza","Pu_f=0"
"t111110","Preference for hotdog, Knows area, Sporty, Starts near hotdog. Gets hotdog by short route.","His favorite food is hot dog and he knows the area well.","P=1"
"t110011","Preference for hotdog, Knows area, Lazy, Starts near pizza. Gets hotdog by long route.","His favorite food is hot dog and he knows the area well.","P=1"
"t110111","Preference for hotdog, Knows area, Lazy, Starts near hotdog. Gets hotdog by long route.","He took the shortest route because he is lazy to walk","C=0"
"t111010","Preference for hotdog, Knows area, Sporty, Starts near pizza. Gets hotdog by short route.","He took the shortest route because he couldn't wait having his favourite food","Pu_p=1"
"t011100","No preference for hotdog, Knows area, Sporty, Starts near hotdog. Gets pizza by short route.","Drew chose the path because he wanted to taste some pizza","Pu_f=0"
"t000110","No preference for hotdog, Doesn't know area, Lazy, Starts near hotdog. Gets hotdog by short route.","He chose the path to the nearest food caravan because he is lazy to walk","C=0"
"t001011","No preference for hotdog, Doesn't know area, Sporty, Starts near pizza. Gets hotdog by long route.","Drew took the longest route to the hot dog caravan because he wanted to exercise","Cu=1"
"t101001","Preference for hotdog, Doesn't know area, Sporty, Starts near pizza. Gets pizza by long route.","He got lost and missed the hot dog caravan because he is not familiar with the area","K=0"
"t010101","No preference for hotdog, Knows area, Lazy, Starts near hotdog. Gets pizza by long route.","He wanted some pizza and realised that he went to the wrong food caravan at the hot dog caravan then he left for the pizza caravan","Pu_f=0"
"t100000","Preference for hotdog, Doesn't know area, Lazy, Starts near pizza. Gets pizza by short route.","He was lazy to look for the hot dog caravan and decided to go to the nearest","C=0"
"t011011","No preference for hotdog, Knows area, Sporty, Starts near pizza. Gets hotdog by long route.","He is a true sportsman.","C=1"
"t101000","Preference for hotdog, Doesn't know area, Sporty, Starts near pizza. Gets pizza by short route.","He played it safe and pizza was the safest thing to do even though hot dogs are his favorite food.","br_f=0"
"t111001","Preference for hotdog, Knows area, Sporty, Starts near pizza. Gets pizza by long route.","I don't think hot dogs are his favorite food","P=0"
"t010100","No preference for hotdog, Knows area, Lazy, Starts near hotdog. Gets pizza by short route.","Being lazy and eating pizza is not bad at all.","C=0"
"t000101","No preference for hotdog, Doesn't know area, Lazy, Starts near hotdog. Gets pizza by long route.","I think it's not lazy.","Cu=1"
"t110110","Preference for hotdog, Knows area, Lazy, Starts near hotdog. Gets hotdog by short route.","Hot dogs really are his favorite food.","P=1"
"t100111","Preference for hotdog, Doesn't know area, Lazy, Starts near hotdog. Gets hotdog by long route.","I think this guy was looking for a third option for lunch.","br_p=1"
"t001010","No preference for hotdog, Doesn't know area, Sporty, Starts near pizza. Gets hotdog by short route.","A good hot dog makes us happy.","P=1"
"t100110","Preference for hotdog, Doesn't know area, Lazy, Starts near hotdog. Gets hotdog by short route.","He went to eat what he likes most, hot dog.","P=1"
"t000100","No preference for hotdog, Doesn't know area, Lazy, Starts near hotdog. Gets pizza by short route.","He walked through the area and saw the pizza stand and it provoked him.","Su=0"
"t001001","No preference for hotdog, Doesn't know area, Sporty, Starts near pizza. Gets pizza by long route.","He walked all over the area and stopped to eat pizza.","br_p=1"
"t011010","No preference for hotdog, Knows area, Sporty, Starts near pizza. Gets hotdog by short route.","He went out to play sports and while walking he saw a hot dog stand and stopped to eat.","Su=1"
"t111000","Preference for hotdog, Knows area, Sporty, Starts near pizza. Gets pizza by short route.","His favorite food is hot dogs but the pizza stand was next door and he stopped to eat pizza.","Su=0"
"t010011","No preference for hotdog, Knows area, Lazy, Starts near pizza. Gets hotdog by long route.","He went around the entire area and saw a hot dog stand and stopped there to eat.","Su=1"
"t110101","Preference for hotdog, Knows area, Lazy, Starts near hotdog. Gets pizza by long route.","He went out to exercise and passed by the hot dog stand, which is his favorite food, but he didn't want to stop. Then he continued walking for a long time and was hungry. He saw the pizza stand and ended up eating the pizza.","C=1"
"t101111","Preference for hotdog, Doesn't know area, Sporty, Starts near hotdog. Gets hotdog by long route.","He went out for a jog and after he finished he ate hot dogs, which is his favorite food.","C=1"
"t010000","No preference for hotdog, Knows area, Lazy, Starts near pizza. Gets pizza by short route.","It's the fastest route and he knows this.","Ku_p=1"
"t011111","No preference for hotdog, Knows area, Sporty, Starts near hotdog. Gets hotdog by long route.","He's gone the long way round so he can get some exercise in.","Cu=1"
"t100011","Preference for hotdog, Doesn't know area, Lazy, Starts near pizza. Gets hotdog by long route.","He went the long way round because he didn't know there was a shorter route.","Ku_p=0"
"t101100","Preference for hotdog, Doesn't know area, Sporty, Starts near hotdog. Gets pizza by short route.","They're exploring and stop at the first place they see.","br_p=1"
"t000001","No preference for hotdog, Doesn't know area, Lazy, Starts near pizza. Gets pizza by long route.","He doesn't like hot dogs so he keeps going.","P=0"
"t111101","Preference for hotdog, Knows area, Sporty, Starts near hotdog. Gets pizza by long route.","They wanted to exercise a bit more before eating.","Cu=1"
"t110010","Preference for hotdog, Knows area, Lazy, Starts near pizza. Gets hotdog by short route.","It's the fastest route.","br_p=0"
"t110000","Preference for hotdog, Knows area, Lazy, Starts near pizza. Gets pizza by short route.","They are too lazy to walk to the hot dog stand.","C=0"
"t100001","Preference for hotdog, Doesn't know area, Lazy, Starts near pizza. Gets pizza by long route.","They fancied pizza and a walk.","Pu_f=0"
"t001100","No preference for hotdog, Doesn't know area, Sporty, Starts near hotdog. Gets pizza by short route.","They don't know the area well so went walking in a random direction and had pizza when they saw the truck.","K=0"
"t010110","No preference for hotdog, Knows area, Lazy, Starts near hotdog. Gets hotdog by short route.","They fancied hot dogs rather than pizza.","Pu_f=1"
"t111011","Preference for hotdog, Knows area, Sporty, Starts near pizza. Gets hotdog by long route.","They went to the hot dog stand because they love hot dogs. They took the long route because they are sporty.","C=1"
"t011101","No preference for hotdog, Knows area, Sporty, Starts near hotdog. Gets pizza by long route.","They fancied pizza but took the long route as they are sporty.","C=1"
"t000111","No preference for hotdog, Doesn't know area, Lazy, Starts near hotdog. Gets hotdog by long route.","They decided to walk round the whole block to get to know the area and then get hot dogs at the end - they knew the stand was there as they could see it at the start.","K=0"
"t101010","Preference for hotdog, Doesn't know area, Sporty, Starts near pizza. Gets hotdog by short route.","They are sporty so decided to go explore the area and then when they saw the hot dog stand they bought hot dogs as they are their favourite food.","C=1"
"t100000","Preference for hotdog, Doesn't know area, Lazy, Starts near pizza. Gets pizza by short route.","I was hungry and the closest thing in sight is the pizzeria.","Su=0"
"t011100","No preference for hotdog, Knows area, Sporty, Starts near hotdog. Gets pizza by short route.","He walked through the area and saw a pizzeria and it provoked him and he stopped to eat.","Su=0"
"t110111","Preference for hotdog, Knows area, Lazy, Starts near hotdog. Gets hotdog by long route.","Before eating hot dog he wanted to walk around the entire neighborhood to see what was new and ended up eating hot dog afterwards.","br_p=1"
"t111010","Preference for hotdog, Knows area, Sporty, Starts near pizza. Gets hotdog by short route.","He walked to see his favorite food and as soon as he saw it, he didn't doubt it, he ate his hot dog.","P=1"
"t101001","Preference for hotdog, Doesn't know area, Sporty, Starts near pizza. Gets pizza by long route.","Before eating pizza he jogged for a while because he is sporty, then with the pizza he regained energy, this time he didn't want to eat his favorite food, which is hot dog.","C=1"
"t000110","No preference for hotdog, Doesn't know area, Lazy, Starts near hotdog. Gets hotdog by short route.","He walked for a while and stopped at a hot dog stand because it provoked him.","Su=1"
"t001011","No preference for hotdog, Doesn't know area, Sporty, Starts near pizza. Gets hotdog by long route.","He wanted to get to know the neighborhood and while walking he saw a hot dog stand and stopped to try them.","K=0"
"t010101","No preference for hotdog, Knows area, Lazy, Starts near hotdog. Gets pizza by long route.","He went to walk for a while, see the area and saw a pizza stand and couldn't resist.","Su=0"
"t100010","Preference for hotdog, Doesn't know area, Lazy, Starts near pizza. Gets hotdog by short route.","That they like hot dogs","P=1"
"t010111","No preference for hotdog, Knows area, Lazy, Starts near hotdog. Gets hotdog by long route.","That he likes hot dogs but is unsure of the way to go","K=0"
"t011110","No preference for hotdog, Knows area, Sporty, Starts near hotdog. Gets hotdog by short route.","That he wanted a hot dog over pizza, and knew the path he needed to take","Pu_f=1"
"t111100","Preference for hotdog, Knows area, Sporty, Starts near hotdog. Gets pizza by short route.","that they are sporty","C=1"
"t001101","No preference for hotdog, Doesn't know area, Sporty, Starts near hotdog. Gets pizza by long route.","that brooklyn is sporty","C=1"
"t000000","No preference for hotdog, Doesn't know area, Lazy, Starts near pizza. Gets pizza by short route.","that he is lazy","C=0"
"t110001","Preference for hotdog, Knows area, Lazy, Starts near pizza. Gets pizza by long route.","that they are lazy","C=0"
"t101011","Preference for hotdog, Doesn't know area, Sporty, Starts near pizza. Gets hotdog by long route.","that they are sporty","C=1"
"t011101","No preference for hotdog, Knows area, Sporty, Starts near hotdog. Gets pizza by long route.","To eat a delicious pizza.","Pu_f=0"
"t000111","No preference for hotdog, Doesn't know area, Lazy, Starts near hotdog. Gets hotdog by long route.","I think it's not lazy because I walk a long way and ignore the pizza truck.","Cu=1"
"t110000","Preference for hotdog, Knows area, Lazy, Starts near pizza. Gets pizza by short route.","Laziness outweighed his desire to eat his favorite food.","C=0"
"t100001","Preference for hotdog, Doesn't know area, Lazy, Starts near pizza. Gets pizza by long route.","He saw the pizza truck from the beginning, saw the hot dog truck along the way and still ended up eating pizza, I don't think the hot dog is his favorite food.","P=0"
"t010110","No preference for hotdog, Knows area, Lazy, Starts near hotdog. Gets hotdog by short route.","he wanted to eat the first food he could get.","Pu_p=1"
"t101010","Preference for hotdog, Doesn't know area, Sporty, Starts near pizza. Gets hotdog by short route.","Hurrah, Jesse went to eat his favorite food.","P=1"
"t001100","No preference for hotdog, Doesn't know area, Sporty, Starts near hotdog. Gets pizza by short route.","He ate the first thing he got.","Ku_f=0"
"t010001","No preference for hotdog, Knows area, Lazy, Starts near pizza. Gets pizza by long route.","He walked around to get to know the area and ended up eating pizza before getting home.","K=0"
"t011000","No preference for hotdog, Knows area, Sporty, Starts near pizza. Gets pizza by short route.","He went out to see the area and went into the pizzeria to try them.","Pu_f=0"
"t001111","No preference for hotdog, Doesn't know area, Sporty, Starts near hotdog. Gets hotdog by long route.","He went to explore the entire area and before reaching his destination he ate at the hot dog stand.","br_p=1"
"t110011","Preference for hotdog, Knows area, Lazy, Starts near pizza. Gets hotdog by long route.","He went for a walk in the area when he saw his favorite food, he couldn't wait and ate some hot dogs.","Su=1"
"t101101","Preference for hotdog, Doesn't know area, Sporty, Starts near hotdog. Gets pizza by long route.","This time he didn't want hot dog, which is his favorite food, but as soon as he saw the pizza stand he stopped to try them.","Su=0"
"t000010","No preference for hotdog, Doesn't know area, Lazy, Starts near pizza. Gets hotdog by short route.","He went out to see the area and the hot dog stand caught his attention and he ate.","Su=1"
"t100100","Preference for hotdog, Doesn't know area, Lazy, Starts near hotdog. Gets pizza by short route.","His favorite food is hot dogs, but this time he went for a walk and when he saw the pizzeria he decided to take advantage and eat something else.","Su=0"
"t111110","Preference for hotdog, Knows area, Sporty, Starts near hotdog. Gets hotdog by short route.","He saw the hot dog stand and couldn't resist seeing his favorite food.","P=1"
"t110010","Preference for hotdog, Knows area, Lazy, Starts near pizza. Gets hotdog by short route.","In my own opinion its because its the quickest route","br_p=0"
"t001110","No preference for hotdog, Doesn't know area, Sporty, Starts near hotdog. Gets hotdog by short route.","I think Brooklyn choose this path because he might find someone to show him to the right path","K=0"
"t000001","No preference for hotdog, Doesn't know area, Lazy, Starts near pizza. Gets pizza by long route.","Adrian doesn't know the area too well but paraventure got to his destination","K=0"
"t111101","Preference for hotdog, Knows area, Sporty, Starts near hotdog. Gets pizza by long route.","because its the fastest route to the get the sales point","br_p=0"
"t010000","No preference for hotdog, Knows area, Lazy, Starts near pizza. Gets pizza by short route.","Charlie is just been lazy but still find a way to get to sales point","C=0"
"t101100","Preference for hotdog, Doesn't know area, Sporty, Starts near hotdog. Gets pizza by short route.","They took the longest route to the pizza shop because they don't know the area but were still able to figure it out.","K=0"
"t011111","No preference for hotdog, Knows area, Sporty, Starts near hotdog. Gets hotdog by long route.","Drew took the particular area because he knows the area very well","K=1"
"t100011","Preference for hotdog, Doesn't know area, Lazy, Starts near pizza. Gets hotdog by long route.","Harper took the route because he does not know the area and he's been lazy","K=0"
"t100101","Preference for hotdog, Doesn't know area, Lazy, Starts near hotdog. Gets pizza by long route.","A need to learn the area for the future.","K=0"
"t011001","No preference for hotdog, Knows area, Sporty, Starts near pizza. Gets pizza by long route.","He took the long way round for the exercise before rewarding himself.","Cu=1"
"t110100","Preference for hotdog, Knows area, Lazy, Starts near hotdog. Gets pizza by short route.","He wanted to eat something different as he eats hot dogs all the time.","Pu_f=0"
"t010010","No preference for hotdog, Knows area, Lazy, Starts near pizza. Gets hotdog by short route.","He wanted to eat a hot dog and it was no further than the pizza stand.","Pu_f=1"
"t101110","Preference for hotdog, Doesn't know area, Sporty, Starts near hotdog. Gets hotdog by short route.","They wanted a hot dog and not knowing the area well, didn't want to get lost or lose their way back to the hot dog stand.","Pu_f=1"
"t111111","Preference for hotdog, Knows area, Sporty, Starts near hotdog. Gets hotdog by long route.","They took the long way round for the exercise and then rewarded themselves with their favourite food.","Cu=1"
"t000011","No preference for hotdog, Doesn't know area, Lazy, Starts near pizza. Gets hotdog by long route.","He doesn't know the area and also doesn't want pizza so he kept going in search of something more preferable.","P=1"
"t001000","No preference for hotdog, Doesn't know area, Sporty, Starts near pizza. Gets pizza by short route.","He doesn't know where other food options might be so he goes to the first one he sees.","Ku_f=0"
"t010100","No preference for hotdog, Knows area, Lazy, Starts near hotdog. Gets pizza by short route.","He went straight to the pizza cart as thats what he wanted to eat.","Pu_f=0"
"t111001","Preference for hotdog, Knows area, Sporty, Starts near pizza. Gets pizza by long route.","He went for a walk then decided to get pizza instead of his favourite food.","Pu_f=0"
"t101000","Preference for hotdog, Doesn't know area, Sporty, Starts near pizza. Gets pizza by short route.","They were hungry and found a pizza cart when they were walking around.","Su=0"
"t110110","Preference for hotdog, Knows area, Lazy, Starts near hotdog. Gets hotdog by short route.","He loves hotdogs so he went straight to the hotdog cart.","P=1"
"t100111","Preference for hotdog, Doesn't know area, Lazy, Starts near hotdog. Gets hotdog by long route.","He didnt know the area so went the long way to get his hotdog.","K=0"
"t000101","No preference for hotdog, Doesn't know area, Lazy, Starts near hotdog. Gets pizza by long route.","He wanted pizza but went the longer way to get it.","Pu_f=0"
"t001010","No preference for hotdog, Doesn't know area, Sporty, Starts near pizza. Gets hotdog by short route.","He was walking and felt like hotdogs as he walked past the cart.","Pu_f=1"
"t011011","No preference for hotdog, Knows area, Sporty, Starts near pizza. Gets hotdog by long route.","He was out for a run and seen a hotdog stand at the end so he got them.","C=1"
"t010011","No preference for hotdog, Knows area, Lazy, Starts near pizza. Gets hotdog by long route.","Charlie really wants hot dogs today","Pu_f=1"
"t111000","Preference for hotdog, Knows area, Sporty, Starts near pizza. Gets pizza by short route.","They don't have time for a long route or to get to their favourite food today","br_p=0"
"t011010","No preference for hotdog, Knows area, Sporty, Starts near pizza. Gets hotdog by short route.","They want a longer trip to get some exercise","Cu=1"
"t110101","Preference for hotdog, Knows area, Lazy, Starts near hotdog. Gets pizza by long route.","They really want pizza today","Pu_f=0"
"t101111","Preference for hotdog, Doesn't know area, Sporty, Starts near hotdog. Gets hotdog by long route.","They remained hopeful there would be a hot dog stand despite going past the pizza stand","Pu_f=1"
"t001001","No preference for hotdog, Doesn't know area, Sporty, Starts near pizza. Gets pizza by long route.","They want a long route for exercise","Cu=1"
"t000100","No preference for hotdog, Doesn't know area, Lazy, Starts near hotdog. Gets pizza by short route.","They stop at the first food stand they reach","Ku_f=0"
"t110111","Preference for hotdog, Knows area, Lazy, Starts near hotdog. Gets hotdog by long route.","I was looking for something different to eat but ended up eating hot dogs...","Pu_f=0"
"t011100","No preference for hotdog, Knows area, Sporty, Starts near hotdog. Gets pizza by short route.","He did not complicate and ate in the piz truck...","C=0"
"t001011","No preference for hotdog, Doesn't know area, Sporty, Starts near pizza. Gets hotdog by long route.","His desire to do sport made him walk for a long time...","C=1"
"t101001","Preference for hotdog, Doesn't know area, Sporty, Starts near pizza. Gets pizza by long route.","Wrong, hot dogs are not his favorite food...","P=0"
"t000110","No preference for hotdog, Doesn't know area, Lazy, Starts near hotdog. Gets hotdog by short route.","In order not to walk so much, he went to get the hot dog truck...","C=0"
"t100000","Preference for hotdog, Doesn't know area, Lazy, Starts near pizza. Gets pizza by short route.","Maybe if he had known the location of the hot dog truck he wouldn't have eaten pizza...","Ku_f=0"
"t010101","No preference for hotdog, Knows area, Lazy, Starts near hotdog. Gets pizza by long route.","Wrong, this guy is not lazy...","Cu=1"
"t111010","Preference for hotdog, Knows area, Sporty, Starts near pizza. Gets hotdog by short route.","That's right, his favorite food is hot dogs...","P=1"
"t011110","No preference for hotdog, Knows area, Sporty, Starts near hotdog. Gets hotdog by short route.","The hotdog stand was closer","Su=1"
"t001101","No preference for hotdog, Doesn't know area, Sporty, Starts near hotdog. Gets pizza by long route.","they wanted to get pizza","Pu_f=0"
"t110001","Preference for hotdog, Knows area, Lazy, Starts near pizza. Gets pizza by long route.","they don't know the area very well and didn't want hotdogs","K=0"
"t100010","Preference for hotdog, Doesn't know area, Lazy, Starts near pizza. Gets hotdog by short route.","They know the area and wanted to get hotdogs","Pu_f=1"
"t111100","Preference for hotdog, Knows area, Sporty, Starts near hotdog. Gets pizza by short route.","they were hungry and stopped at the first food stand","Pu_p=1"
"t101011","Preference for hotdog, Doesn't know area, Sporty, Starts near pizza. Gets hotdog by long route.","they don't know the area well and didn't want pizza","Pu_f=1"
"t010111","No preference for hotdog, Knows area, Lazy, Starts near hotdog. Gets hotdog by long route.","They wanted to go on a walk before getting food","Cu=1"
"t001001","No preference for hotdog, Doesn't know area, Sporty, Starts near pizza. Gets pizza by long route.","Brooklyn likes pizza more and did not mind walking for a longer period of time (as he is sporty) to find a truck that sold a more suitable food for his liking.","P=0"
"t000100","No preference for hotdog, Doesn't know area, Lazy, Starts near hotdog. Gets pizza by short route.","He tried to find a closer place to get some food as he is lazy","C=0"
"t110101","Preference for hotdog, Knows area, Lazy, Starts near hotdog. Gets pizza by long route.","Parker could have eaten  too many hot dogs and decided to eat something else instead of his favourite food","Pu_f=0"
"t011010","No preference for hotdog, Knows area, Sporty, Starts near pizza. Gets hotdog by short route.","he didn't mind walking for a long time becuase he is sporty in order to get another type of food than pizza","C=1"
"t111000","Preference for hotdog, Knows area, Sporty, Starts near pizza. Gets pizza by short route.","he might have been starving and decided to placate his appetite with hot dogs","Pu_f=1"
"t010011","No preference for hotdog, Knows area, Lazy, Starts near pizza. Gets hotdog by long route.","Charlie took the long way to get to the hot dog truck because he knew a drug delear and wanted to purchase some recreational drugs there.","br_p=1"
"t000111","No preference for hotdog, Doesn't know area, Lazy, Starts near hotdog. Gets hotdog by long route.","Adrian is described as being lazy but goes all the way around, walking past the pizza store. This suggests that he does not like pizza and continued until he got to the hot dog store.","P=1"
"t101010","Preference for hotdog, Doesn't know area, Sporty, Starts near pizza. Gets hotdog by short route.","Jesse enjoys hot dogs and can't see the stand from his starting point. Considering that they are his favourite, he decides to go and look for them.","P=1"
"t110000","Preference for hotdog, Knows area, Lazy, Starts near pizza. Gets pizza by short route.","Parker's favourite food is hot dogs but he decides to head to the pizza stand. He is lazy and the pizza store is closer so decides to go there due to being lazy. Also, just because hot dogs are his favourite doesn't mean he also doesn't love pizza.","C=0"
"t010110","No preference for hotdog, Knows area, Lazy, Starts near hotdog. Gets hotdog by short route.","Charlie is lazy and sees the hot dog stand in his vicinity so decides to go there instead of going on the walk to the pizza stand.","C=0"
"t011101","No preference for hotdog, Knows area, Sporty, Starts near hotdog. Gets pizza by long route.","Drew can't see the pizza stand but knows the area so skips past the hot dog stand. Being sporty, this wouldn't be an issue as he doesn't mind the extra distance. Also, he may simply enjoy pizza more.","P=0"
"t111011","Preference for hotdog, Knows area, Sporty, Starts near pizza. Gets hotdog by long route.","Taylor wants hot dogs and knows the area well so has no problem travelling for his favourite food.","P=1"
"t001100","No preference for hotdog, Doesn't know area, Sporty, Starts near hotdog. Gets pizza by short route.","Brooklyn is new to the area but can't see the hot dog stand. However, because they are sporty, they continue towards the pizza stand. Taylor may not enjoy hot dogs and also may have no problem in new surroundings.","C=1"
"t100001","Preference for hotdog, Doesn't know area, Lazy, Starts near pizza. Gets pizza by long route.","Harper loves hot dogs but decides to go past the stand and return to the pizza stand. Considering they are unknown to the area and considered lazy this is pretty interesting. The hot dog stand may have been closed, may have been busy or too expensive.","br_f=0"
"t101000","Preference for hotdog, Doesn't know area, Sporty, Starts near pizza. Gets pizza by short route.","Jesse happened to see a hot dog stand selling her favourite food and must have been hungry.","Su=1"
"t011011","No preference for hotdog, Knows area, Sporty, Starts near pizza. Gets hotdog by long route.","Drew must have known where each food stand was because he knows the area.  He must have set himself the goal of walking or maybe jogging a distance and then rewarding himself.","C=1"
"t001010","No preference for hotdog, Doesn't know area, Sporty, Starts near pizza. Gets hotdog by short route.","Maybe Brooklyn didn't like the look of the pizza stand and decided to press on until she found something else.","br_f=1"
"t100111","Preference for hotdog, Doesn't know area, Lazy, Starts near hotdog. Gets hotdog by long route.","Harper is lazy but still managed to take the longest route until he found his favourite.  Maybe he just decided to walk anit clockwise until he found something he wanted.","br_p=1"
"t000101","No preference for hotdog, Doesn't know area, Lazy, Starts near hotdog. Gets pizza by long route.","Maybe he doesn't like hot dogs or wasn't hungry enough to eat until he found the pizza stand.","P=0"
"t110110","Preference for hotdog, Knows area, Lazy, Starts near hotdog. Gets hotdog by short route.","It makes sense if he knows the area and wanted a hot dog that he would take the shortest route as he is lazy.","C=0"
"t010100","No preference for hotdog, Knows area, Lazy, Starts near hotdog. Gets pizza by short route.","Maybe the pizza stand was slightly less distance to walk.  He knew where it was so maybe he had this in mind.","Ku_f=1"
"t111001","Preference for hotdog, Knows area, Sporty, Starts near pizza. Gets pizza by long route.","He wanted to do some exercise and resisted the temptation of having a hot dog.","Cu=1"
"t010010","No preference for hotdog, Knows area, Lazy, Starts near pizza. Gets hotdog by short route.","Charlie went the quickest route to the hot dog stand because he knows where the hot dog stand is situated as he knows the area well.","Ku_p=1"
"t101110","Preference for hotdog, Doesn't know area, Sporty, Starts near hotdog. Gets hotdog by short route.","Jesse could see a hot dog stand on the corner and went to investigate.","Su=1"
"t111111","Preference for hotdog, Knows area, Sporty, Starts near hotdog. Gets hotdog by long route.","As Taylor knows the area well he decided to take a longer route to the hot dog stand so he could get some exercise.","C=1"
"t011001","No preference for hotdog, Knows area, Sporty, Starts near pizza. Gets pizza by long route.","Drew knows the area well so he went a slightly longer route to the pizza stand to get some exercise before he has something to eat.","C=1"
"t000011","No preference for hotdog, Doesn't know area, Lazy, Starts near pizza. Gets hotdog by long route.","As Adrian doesn't know the area well he went a walk looking for a hot dog stand and eventually found one.","K=0"
"t001000","No preference for hotdog, Doesn't know area, Sporty, Starts near pizza. Gets pizza by short route.","Brooklyn doesn't know the area well and as he was feeling a wee bit hungry he spotted the pizza stand close by and thought he would give it a try.","Su=0"
"t100101","Preference for hotdog, Doesn't know area, Lazy, Starts near hotdog. Gets pizza by long route.","As Harper does not know the area well he went for a walk to see if he could find a hot dog stand and he eventually did.","K=0"
"t110100","Preference for hotdog, Knows area, Lazy, Starts near hotdog. Gets pizza by short route.","Parker favourite food is hot dogs so when he fancies a hot dog he goes to a hot dog stand just along the road.","Pu_f=1"
"t000110","No preference for hotdog, Doesn't know area, Lazy, Starts near hotdog. Gets hotdog by short route.","The hot dog stand was quicker to get to as Adrian is lazy.","C=0"
"t001011","No preference for hotdog, Doesn't know area, Sporty, Starts near pizza. Gets hotdog by long route.","As Brooklyn is sporty he was happy to walk the extra distance to what I'd guess was his preferred food of hot dogs.","C=1"
"t010101","No preference for hotdog, Knows area, Lazy, Starts near hotdog. Gets pizza by long route.","I think Charlie despite being lazy likes pizza a lot more than hot dogs so is prepared to walk further knowing where he can find his food of choice.","P=0"
"t111010","Preference for hotdog, Knows area, Sporty, Starts near pizza. Gets hotdog by short route.","The fact that Taylor likes hot dogs a lot.","P=1"
"t100000","Preference for hotdog, Doesn't know area, Lazy, Starts near pizza. Gets pizza by short route.","Not knowing the area well, Harper went for food at the only place he could see it.","Ku_f=0"
"t101001","Preference for hotdog, Doesn't know area, Sporty, Starts near pizza. Gets pizza by long route.","Jesse wanted to earn his fast food by going on a long walk first as he is sporty.","C=1"
"t110111","Preference for hotdog, Knows area, Lazy, Starts near hotdog. Gets hotdog by long route.","I think maybe Harper didn't have any money but knowing the area well would know where a cash machine was and then made his way to his favourite food of hot dogs.","br_p=1"
"t011100","No preference for hotdog, Knows area, Sporty, Starts near hotdog. Gets pizza by short route.","I think Drew prefers pizza and knows where he can find it.","P=0"
"t010001","No preference for hotdog, Knows area, Lazy, Starts near pizza. Gets pizza by long route.","Boredom, he took the longer way because he's bored","br_p=1"
"t001111","No preference for hotdog, Doesn't know area, Sporty, Starts near hotdog. Gets hotdog by long route.","He wanted to challenge himself because he's sporty","C=1"
"t100100","Preference for hotdog, Doesn't know area, Lazy, Starts near hotdog. Gets pizza by short route.","They changed their mind and chose pizza","Pu_f=0"
"t111110","Preference for hotdog, Knows area, Sporty, Starts near hotdog. Gets hotdog by short route.","Their favourite food is hot dogs","P=1"
"t011000","No preference for hotdog, Knows area, Sporty, Starts near pizza. Gets pizza by short route.","He didn't feel like doing too much today","Cu=0"
"t110011","Preference for hotdog, Knows area, Lazy, Starts near pizza. Gets hotdog by long route.","They decided not to be lazy","Cu=1"
"t000010","No preference for hotdog, Doesn't know area, Lazy, Starts near pizza. Gets hotdog by short route.","He went that way on a whim","br_p=1"
"t101101","Preference for hotdog, Doesn't know area, Sporty, Starts near hotdog. Gets pizza by long route.","They wanted a sporty challenge","Cu=1"
"t100011","Preference for hotdog, Doesn't know area, Lazy, Starts near pizza. Gets hotdog by long route.","Harper loves Hotdogs and wanted them at that moment. Harper is not too fond of Pizza so opted to stick with his favourite food.","Pu_f=1"
"t011111","No preference for hotdog, Knows area, Sporty, Starts near hotdog. Gets hotdog by long route.","Drew doesn't mind trying different foods, however on this occasion he opted for Pizza. As he knows the area well de decided to bypass hotdogs for pizza.","Pu_f=0"
"t000001","No preference for hotdog, Doesn't know area, Lazy, Starts near pizza. Gets pizza by long route.","Adrian considered hotdogs but when he reached the stand he changed his mind. He knew where the pizza stand was because of where he began his route. So he decided to have pizza instead of hotdogs.","Pu_f=0"
"t001110","No preference for hotdog, Doesn't know area, Sporty, Starts near hotdog. Gets hotdog by short route.","Brooklyn opted for hotdogs due to have weak understand of the area. Brooklyn must have thought there may not be a food stand nearby and must have been hungry.","Ku_f=0"
"t111101","Preference for hotdog, Knows area, Sporty, Starts near hotdog. Gets pizza by long route.","Taylor must've altered his mind when he approached his favourite food. Knowing the area well, Taylor decided to have Pizza instead as it is around the corner.","Pu_f=0"
"t010000","No preference for hotdog, Knows area, Lazy, Starts near pizza. Gets pizza by short route.","Charlie opted for Pizza over Hotdogs. Pizza was more nearby and due to Charlie being lazy it would have been the ideal choice for Charlie.","C=0"
"t110010","Preference for hotdog, Knows area, Lazy, Starts near pizza. Gets hotdog by short route.","Parker wanted his favourite food, even though he is lazy the difference from Pizza to hotdog would'nt have exerted much of his energy.","P=1"
"t101100","Preference for hotdog, Doesn't know area, Sporty, Starts near hotdog. Gets pizza by short route.","Although favourite food is hotdog, Jesse decided to try something else in the area of unknown. Jess was feeling adventurous and thought let us see where this path leads to. Jesse eventually arrived at Pizza stand and decided to have that instead.","Pu_f=0"
"t001101","No preference for hotdog, Doesn't know area, Sporty, Starts near hotdog. Gets pizza by long route.","Brooklyn wants to take exercise to get his food","Cu=1"
"t010111","No preference for hotdog, Knows area, Lazy, Starts near hotdog. Gets hotdog by long route.","Charlie likes hotdogs","P=1"
"t000000","No preference for hotdog, Doesn't know area, Lazy, Starts near pizza. Gets pizza by short route.","Charlie is lazy","C=0"
"t011110","No preference for hotdog, Knows area, Sporty, Starts near hotdog. Gets hotdog by short route.","Drew prefers hotdogs","P=1"
"t100010","Preference for hotdog, Doesn't know area, Lazy, Starts near pizza. Gets hotdog by short route.","Harper prefers hotdogs","P=1"
"t101011","Preference for hotdog, Doesn't know area, Sporty, Starts near pizza. Gets hotdog by long route.","Jesse wants to exercise to enjoy his hotdogs","Cu=1"
"t101101","Preference for hotdog, Doesn't know area, Sporty, Starts near hotdog. Gets pizza by long route.","Jesse does not know the route well of the area that it why  he passed his favourite spot.","K=0"
"t001111","No preference for hotdog, Doesn't know area, Sporty, Starts near hotdog. Gets hotdog by long route.","Brooklyn is finding his way aound the area","K=0"
"t110011","Preference for hotdog, Knows area, Lazy, Starts near pizza. Gets hotdog by long route.","Parker probably want to see the environment properly","br_p=1"
"t010001","No preference for hotdog, Knows area, Lazy, Starts near pizza. Gets pizza by long route.","Charlie walks around the area to site see the environment","br_p=1"
"t011000","No preference for hotdog, Knows area, Sporty, Starts near pizza. Gets pizza by short route.","Drew is trying to know his favourite spot","K=0"
"t000010","No preference for hotdog, Doesn't know area, Lazy, Starts near pizza. Gets hotdog by short route.","The easiest way to get his favorite spot","C=0"
"t001001","No preference for hotdog, Doesn't know area, Sporty, Starts near pizza. Gets pizza by long route.","As Brooklyn don't know the area well, they may have wanted to see what options they had, other than pizza, but then after having walked around the houses and seen the other option, decided to go to the pizza truck.","K=0"
"t010011","No preference for hotdog, Knows area, Lazy, Starts near pizza. Gets hotdog by long route.","Although Charlie is lazy, he knows the area well and so it's likely he knew where the hot dog truck was and decided to walk around the houses to the hot dog truck to get his preffered meal.","P=1"
"t000100","No preference for hotdog, Doesn't know area, Lazy, Starts near hotdog. Gets pizza by short route.","Adrian does not know the area well, and couldn't see either option of truck. He started walking in the direction of the pizza truck and when he reaches it, he stops and doesn't consider exploring further as he is lazy.","C=0"
"t110101","Preference for hotdog, Knows area, Lazy, Starts near hotdog. Gets pizza by long route.","The hot dog truck may have been closed as they are Parker's favourite food and he walked straight passed it.","br_f=0"
"t111000","Preference for hotdog, Knows area, Sporty, Starts near pizza. Gets pizza by short route.","Taylor would know there is a hot dog truck round the on the next corner, and does not seem to be lazy. I think it is likely that Taylor just wanted pizza this day.","Pu_f=0"
"t011010","No preference for hotdog, Knows area, Sporty, Starts near pizza. Gets hotdog by short route.","Drew knew their was a hot dog van on the next corner, and whilst they were near the pizza van, decided to walk to the hot dog van as this is what he wanted to eat on this occasion.","Pu_f=1"
"t100110","Preference for hotdog, Doesn't know area, Lazy, Starts near hotdog. Gets hotdog by short route.","Harper started walking in one direction as they don't know the area well and were lucky to find this truck sold hot dogs which are their favourite food.","K=0"
"t101111","Preference for hotdog, Doesn't know area, Sporty, Starts near hotdog. Gets hotdog by long route.","Jesse is sporty and so walked around the block of houses to see what options they had. They stopped at the hot dog truck as they sell their favourite food.","C=1"
"t101000","Preference for hotdog, Doesn't know area, Sporty, Starts near pizza. Gets pizza by short route.","Jesse was so hungry that he decided to buy food from the first truck he saw. He doesn't know the area enough to know where the hot dog stand is based.","Ku_f=0"
"t000101","No preference for hotdog, Doesn't know area, Lazy, Starts near hotdog. Gets pizza by long route.","Adrian dislikes hotdogs to the point that he would rather avoid them, even when he considers himself lazy.","P=0"
"t110110","Preference for hotdog, Knows area, Lazy, Starts near hotdog. Gets hotdog by short route.","Parker loves hotdogs and he knows where the hot dog stand is.","P=1"
"t100111","Preference for hotdog, Doesn't know area, Lazy, Starts near hotdog. Gets hotdog by long route.","Because Harper didn't know where the hot dog stand was, he took the long way around to it. But from their point of view, they continued walking until they found something familiar.","K=0"
"t111001","Preference for hotdog, Knows area, Sporty, Starts near pizza. Gets pizza by long route.","I believe Taylor wasn't wearing their glasses when they went out for a jog. That would explain why he didn't stop at the hot dog stand even though his favourite food is hot dogs.","br_p=1"
"t001010","No preference for hotdog, Doesn't know area, Sporty, Starts near pizza. Gets hotdog by short route.","Brooklyn simply explored the area and discovered a hot dog stand that captured their eye.","Su=1"
"t011011","No preference for hotdog, Knows area, Sporty, Starts near pizza. Gets hotdog by long route.","Drew likes walking outside and since he's sporty. He considers it a fun activity. He took a break at the hot dog stand to have a hot dog as a snack before he went on another walk around his neighbourhood.","C=1"
"t010100","No preference for hotdog, Knows area, Lazy, Starts near hotdog. Gets pizza by short route.","Charlie lives on pizza and knows that the location is around the corner. So he goes there to get his favourite treat.","P=0"
"t110000","Preference for hotdog, Knows area, Lazy, Starts near pizza. Gets pizza by short route.","They are lazy","C=0"
"t000111","No preference for hotdog, Doesn't know area, Lazy, Starts near hotdog. Gets hotdog by long route.","They dont know the area","K=0"
"t111011","Preference for hotdog, Knows area, Sporty, Starts near pizza. Gets hotdog by long route.","They wanted to exercise","Cu=1"
"t101010","Preference for hotdog, Doesn't know area, Sporty, Starts near pizza. Gets hotdog by short route.","Their favourite food is hot dogs","P=1"
"t100001","Preference for hotdog, Doesn't know area, Lazy, Starts near pizza. Gets pizza by long route.","They don't know the area well","K=0"
"t011101","No preference for hotdog, Knows area, Sporty, Starts near hotdog. Gets pizza by long route.","They wanted to exercise","Cu=1"
"t001100","No preference for hotdog, Doesn't know area, Sporty, Starts near hotdog. Gets pizza by short route.","Their favourite food is pizza","P=0"
"t010110","No preference for hotdog, Knows area, Lazy, Starts near hotdog. Gets hotdog by short route.","They are lazy","C=0"
"t011111","No preference for hotdog, Knows area, Sporty, Starts near hotdog. Gets hotdog by long route.","Because Drew knows his way around he is familiar with the food van placement and being a sporty fellow thought he would get some exercise by taking the long way round","C=1"
"t000001","No preference for hotdog, Doesn't know area, Lazy, Starts near pizza. Gets pizza by long route.","Adrian, in an attempt to find something to eat, got lost because he doean't know the area and had to take the long way round to the pizza cart. Being a lazy fellow, he would have eaten hot dogs but unfortunately the vendor had sold out.","br_f=0"
"t100011","Preference for hotdog, Doesn't know area, Lazy, Starts near pizza. Gets hotdog by long route.","Harper, not knowing the area well spots a pizza pop-up eatery down the street and asks the vendor where the nearest hot dog stand is situated because they are his favourite food. However he is lazy and doean't want to walk far, but the hunger for hot dogs got the better of him and he takes a walk to the stand","Pu_f=1"
"t111101","Preference for hotdog, Knows area, Sporty, Starts near hotdog. Gets pizza by long route.","Taylor takes his daily stroll to the hot dog stand at the end of his street to consume his favourite food. The vendor has promised to take a hot dog to the pizza seller around the corner and knowing Taylor is a sporty individual offers him a half price hot dog if he delivers another hot dog to the pizza seller.","br_p=1"
"t110010","Preference for hotdog, Knows area, Lazy, Starts near pizza. Gets hotdog by short route.","Parker was caught in two minds. Being a lazy fellow his preference is to not expend too much energy and to hit the pizza stall, but his favouirite food are hot dogs and the stand is only a little further than the pizza stall. It was a close call but the hot dogs reign supreme in this case","P=1"
"t010000","No preference for hotdog, Knows area, Lazy, Starts near pizza. Gets pizza by short route.","Charlie is particularly hungry today and the smell from the pizza cart has him salivating and with the cart only being two houses away he doesn't have to expend too much energy.","Su=0"
"t001110","No preference for hotdog, Doesn't know area, Sporty, Starts near hotdog. Gets hotdog by short route.","Brooklyn is a physical, sporty individual and he has been to the gym already this morning and is now hungry. He doesn't know the area but can see a hot dog stand down the street.","Su=1"
"t101100","Preference for hotdog, Doesn't know area, Sporty, Starts near hotdog. Gets pizza by short route.","Jesse is new to the area and is keen to find his way around, he can see the hot dog stand at the end of the street, but having eaten hot dogs for severalm days decides to take a jog around to see what else is on offer","Pu_f=0"
"t011001","No preference for hotdog, Knows area, Sporty, Starts near pizza. Gets pizza by long route.","Dre knows the area and route to the Pizza building","K=1"
"t010010","No preference for hotdog, Knows area, Lazy, Starts near pizza. Gets hotdog by short route.","Charlies know the area to the pizza building but due to his laziness, he is not ready to go","C=0"
"t000011","No preference for hotdog, Doesn't know area, Lazy, Starts near pizza. Gets hotdog by long route.","Adrian is a lazy person although he doe not know the area to the pizza building","C=0"
"t110100","Preference for hotdog, Knows area, Lazy, Starts near hotdog. Gets pizza by short route.","The favorite food of parkers is hot dog, he knows the area to get it but due to his laziness, he is not ready to go","P=1"
"t100101","Preference for hotdog, Doesn't know area, Lazy, Starts near hotdog. Gets pizza by long route.","The favorite food of Harpers is hot dog, but he doesnt know the area and due to his laziness he his not ready to find out where the place is","C=0"
"t001000","No preference for hotdog, Doesn't know area, Sporty, Starts near pizza. Gets pizza by short route.","Brookly is sporty but does not know the area well so as to go and procure the hot dog","C=1"
"t111111","Preference for hotdog, Knows area, Sporty, Starts near hotdog. Gets hotdog by long route.","The favorite food of Taylor is hot dog, he is sporty and conversant with the area but due to his laziness, he is not ready to go","C=0"
"t111000","Preference for hotdog, Knows area, Sporty, Starts near pizza. Gets pizza by short route.","They decided to try something new today.","Pu_f=0"
"t001001","No preference for hotdog, Doesn't know area, Sporty, Starts near pizza. Gets pizza by long route.","They wanted to explore their surroundings.","br_p=1"
"t010011","No preference for hotdog, Knows area, Lazy, Starts near pizza. Gets hotdog by long route.","Hotdogs may be their favourite food.","P=1"
"t000100","No preference for hotdog, Doesn't know area, Lazy, Starts near hotdog. Gets pizza by short route.","They may dislike hot dogs.","P=0"
"t011010","No preference for hotdog, Knows area, Sporty, Starts near pizza. Gets hotdog by short route.","They like hotdogs","P=1"
"t100110","Preference for hotdog, Doesn't know area, Lazy, Starts near hotdog. Gets hotdog by short route.","They can see hot dogs not too far away.","Su=1"
"t110101","Preference for hotdog, Knows area, Lazy, Starts near hotdog. Gets pizza by long route.","They wanted a change","Pu_f=0"
"t001010","No preference for hotdog, Doesn't know area, Sporty, Starts near pizza. Gets hotdog by short route.","The hot dog stand was further away from them and they wanted to have a walk as well.","C=1"
"t110110","Preference for hotdog, Knows area, Lazy, Starts near hotdog. Gets hotdog by short route.","They were too lazy to walk to the pizza stand. Hot dog stand was closer.","C=0"
"t111001","Preference for hotdog, Knows area, Sporty, Starts near pizza. Gets pizza by long route.","He wanted hot dogs but decided to burn more calories jogging to the pizza stand.","Cu=1"
"t011011","No preference for hotdog, Knows area, Sporty, Starts near pizza. Gets hotdog by long route.","They wanted to walk more.","Cu=1"
"t010100","No preference for hotdog, Knows area, Lazy, Starts near hotdog. Gets pizza by short route.","He chose the shortest distance to satisfy his cravings for pizza.","Pu_f=0"
"t000101","No preference for hotdog, Doesn't know area, Lazy, Starts near hotdog. Gets pizza by long route.","Wanted to have hot dogs, but the stand was shut.","br_f=0"
"t100111","Preference for hotdog, Doesn't know area, Lazy, Starts near hotdog. Gets hotdog by long route.","They got confused by the GPS, but still wanted hot dogs.","Ku_p=0"
"t101000","Preference for hotdog, Doesn't know area, Sporty, Starts near pizza. Gets pizza by short route.","It was raining and they didn't feel like walking all the way to the hot dog stand in the rain.","Su=0"
"t011101","No preference for hotdog, Knows area, Sporty, Starts near hotdog. Gets pizza by long route.","Wanted to exert more energy before eating","Cu=1"
"t001100","No preference for hotdog, Doesn't know area, Sporty, Starts near hotdog. Gets pizza by short route.","wanted to find alternative to hotdogs","Pu_f=0"
"t000111","No preference for hotdog, Doesn't know area, Lazy, Starts near hotdog. Gets hotdog by long route.","prefers hotdogs over pizza though neither are his favorite","P=1"
"t100001","Preference for hotdog, Doesn't know area, Lazy, Starts near pizza. Gets pizza by long route.","wanted to explore the area","br_p=1"
"t110000","Preference for hotdog, Knows area, Lazy, Starts near pizza. Gets pizza by short route.","pizza was a closer distance","Su=0"
"t010110","No preference for hotdog, Knows area, Lazy, Starts near hotdog. Gets hotdog by short route.","prefers hotdogs","P=1"
"t111011","Preference for hotdog, Knows area, Sporty, Starts near pizza. Gets hotdog by long route.","wanted to exert extra energy before eating","Cu=1"
"t101010","Preference for hotdog, Doesn't know area, Sporty, Starts near pizza. Gets hotdog by short route.","perfers hotdogs over pizza","P=1"
"t000000","No preference for hotdog, Doesn't know area, Lazy, Starts near pizza. Gets pizza by short route.","shortest route","br_p=0"
"t100010","Preference for hotdog, Doesn't know area, Lazy, Starts near pizza. Gets hotdog by short route.","they fancy hot dog","Pu_f=1"
"t110001","Preference for hotdog, Knows area, Lazy, Starts near pizza. Gets pizza by long route.","they want some exercise then pizza","Cu=1"
"t111100","Preference for hotdog, Knows area, Sporty, Starts near hotdog. Gets pizza by short route.","they want nearest food","C=0"
"t010111","No preference for hotdog, Knows area, Lazy, Starts near hotdog. Gets hotdog by long route.","they want exercise then hot dog","Cu=1"
"t101011","Preference for hotdog, Doesn't know area, Sporty, Starts near pizza. Gets hotdog by long route.","they want exercise then hot dog","Cu=1"
"t001101","No preference for hotdog, Doesn't know area, Sporty, Starts near hotdog. Gets pizza by long route.","they want exercise then pizza","Cu=1"
"t101110","Preference for hotdog, Doesn't know area, Sporty, Starts near hotdog. Gets hotdog by short route.","His favourite food is hot dogs and he can see the hotdog stand","P=1"
"t110100","Preference for hotdog, Knows area, Lazy, Starts near hotdog. Gets pizza by short route.","The pizza stand is closer","Su=0"
"t100101","Preference for hotdog, Doesn't know area, Lazy, Starts near hotdog. Gets pizza by long route.","He wants to see if there is anything better to eat and he can't be bothered to walk back to the hot dogs","C=0"
"t001000","No preference for hotdog, Doesn't know area, Sporty, Starts near pizza. Gets pizza by short route.","They don't know the area so just has pizza","K=0"
"t011001","No preference for hotdog, Knows area, Sporty, Starts near pizza. Gets pizza by long route.","He doesn't like  hot dogs","P=0"
"t111111","Preference for hotdog, Knows area, Sporty, Starts near hotdog. Gets hotdog by long route.","He wants to get some steps in so goes the long way","Cu=1"
"t000011","No preference for hotdog, Doesn't know area, Lazy, Starts near pizza. Gets hotdog by long route.","He doesn't like pizza and wants to see if there is more choice","P=1"
"t010010","No preference for hotdog, Knows area, Lazy, Starts near pizza. Gets hotdog by short route.","He prefers hot dogs","P=1"
"t010001","No preference for hotdog, Knows area, Lazy, Starts near pizza. Gets pizza by long route.","It's possible Charlie wanted to look at the hot dog stand and changed his mind.","br_f=0"
"t101101","Preference for hotdog, Doesn't know area, Sporty, Starts near hotdog. Gets pizza by long route.","It's possible Jesse didn't like the look of the hot dog stand as it is his favourite food and holds a high standard that wasn't met.","br_f=0"
"t000010","No preference for hotdog, Doesn't know area, Lazy, Starts near pizza. Gets hotdog by short route.","They were unaware that a pizza place was closer.","Ku_f=0"
"t011000","No preference for hotdog, Knows area, Sporty, Starts near pizza. Gets pizza by short route.","Drew knows that the pizza is better than the hot dogs.","P=0"
"t100100","Preference for hotdog, Doesn't know area, Lazy, Starts near hotdog. Gets pizza by short route.","Harper knows that the hot dogs aren't very good from this stand.","br_f=0"
"t111110","Preference for hotdog, Knows area, Sporty, Starts near hotdog. Gets hotdog by short route.","Taylor thinks the pizza is too fattening.","br_f=1"
"t110011","Preference for hotdog, Knows area, Lazy, Starts near pizza. Gets hotdog by long route.","Parker wanted to see if there was a queue at the pizza stand but decided to stick with hot dogs","P=1"
"t001111","No preference for hotdog, Doesn't know area, Sporty, Starts near hotdog. Gets hotdog by long route.","Brooklyn is happy to get some exercise on the way to the hot dog stand and may have taken the same route regardless.","C=1"
"t001110","No preference for hotdog, Doesn't know area, Sporty, Starts near hotdog. Gets hotdog by short route.","Brooklyn saw the Hotdog stall and went there as that is all they knew","Ku_f=0"
"t101100","Preference for hotdog, Doesn't know area, Sporty, Starts near hotdog. Gets pizza by short route.","Jesse was out for a run and came across a Pizza stall","C=1"
"t111101","Preference for hotdog, Knows area, Sporty, Starts near hotdog. Gets pizza by long route.","Taylor was out for a long run in the area he knew and after a while decided to stop for pizza","C=1"
"t010000","No preference for hotdog, Knows area, Lazy, Starts near pizza. Gets pizza by short route.","Charlie went to the closest food truck","C=0"
"t110010","Preference for hotdog, Knows area, Lazy, Starts near pizza. Gets hotdog by short route.","Parker went to his favourite food stall","P=1"
"t100011","Preference for hotdog, Doesn't know area, Lazy, Starts near pizza. Gets hotdog by long route.","Harper doesn't like Pizza so walked around until he found something","P=1"
"t000001","No preference for hotdog, Doesn't know area, Lazy, Starts near pizza. Gets pizza by long route.","Adrian walk around to find something he liked, he eventually settled on pizza","K=0"
"t011111","No preference for hotdog, Knows area, Sporty, Starts near hotdog. Gets hotdog by long route.","Drew went for a run and stopped for his favourite food hot dogs","C=1"
"t100011","Preference for hotdog, Doesn't know area, Lazy, Starts near pizza. Gets hotdog by long route.","Lost but looking for hotdogs, thier favourite","K=0"
"t010000","No preference for hotdog, Knows area, Lazy, Starts near pizza. Gets pizza by short route.","Goes to nearest as convenient and close","C=0"
"t000001","No preference for hotdog, Doesn't know area, Lazy, Starts near pizza. Gets pizza by long route.","Wanted pizza, didn;t know how to get there via the shortest route","Ku_p=0"
"t101100","Preference for hotdog, Doesn't know area, Sporty, Starts near hotdog. Gets pizza by short route.","Fancied something different this time","Pu_f=0"
"t111101","Preference for hotdog, Knows area, Sporty, Starts near hotdog. Gets pizza by long route.","Wanted to go the long way as like sports","C=1"
"t001110","No preference for hotdog, Doesn't know area, Sporty, Starts near hotdog. Gets hotdog by short route.","really wanted hotdogs","Pu_f=1"
"t011111","No preference for hotdog, Knows area, Sporty, Starts near hotdog. Gets hotdog by long route.","Wanted to take the long route as likes sports","C=1"
"t000010","No preference for hotdog, Doesn't know area, Lazy, Starts near pizza. Gets hotdog by short route.","He likes hotdogs and takes shortest route to stall","P=1"
"t100100","Preference for hotdog, Doesn't know area, Lazy, Starts near hotdog. Gets pizza by short route.","He took shortest route to a stall","br_p=0"
"t111110","Preference for hotdog, Knows area, Sporty, Starts near hotdog. Gets hotdog by short route.","Takes shortest route to hotdog stall","br_p=0"
"t010001","No preference for hotdog, Knows area, Lazy, Starts near pizza. Gets pizza by long route.","Wanted to see stall options before deciding what to eat","Ku_f=0"
"t001111","No preference for hotdog, Doesn't know area, Sporty, Starts near hotdog. Gets hotdog by long route.","Happy to walk to see whats available at both stalls","Ku_f=0"
"t011000","No preference for hotdog, Knows area, Sporty, Starts near pizza. Gets pizza by short route.","Knows shortest path to nearest stall","Ku_p=1"
"t101101","Preference for hotdog, Doesn't know area, Sporty, Starts near hotdog. Gets pizza by long route.","Wants to walk to see whats available","Ku_f=0"
"t110011","Preference for hotdog, Knows area, Lazy, Starts near pizza. Gets hotdog by long route.","Wants hotdogs but wants to see whats available at pizza stall first","Pu_f=1"
"t011010","No preference for hotdog, Knows area, Sporty, Starts near pizza. Gets hotdog by short route.","Drew knows the shortest way to the hot dog stand","Ku_p=1"
"t101111","Preference for hotdog, Doesn't know area, Sporty, Starts near hotdog. Gets hotdog by long route.","Jesse doesn't know the area and took the longest route","K=0"
"t001001","No preference for hotdog, Doesn't know area, Sporty, Starts near pizza. Gets pizza by long route.","Brooklyn took the longest route because he was sporty","C=1"
"t000100","No preference for hotdog, Doesn't know area, Lazy, Starts near hotdog. Gets pizza by short route.","Adrian went the shortest way to save energy","C=0"
"t111000","Preference for hotdog, Knows area, Sporty, Starts near pizza. Gets pizza by short route.","Taylor preferred pizza that day","Pu_f=0"
"t100110","Preference for hotdog, Doesn't know area, Lazy, Starts near hotdog. Gets hotdog by short route.","Harper sort-of knew where the hot dog stand was","Ku_f=1"
"t010011","No preference for hotdog, Knows area, Lazy, Starts near pizza. Gets hotdog by long route.","Charlie preferred hot dogs that day but went the long route for some unknown reason","br_p=1"
"t110101","Preference for hotdog, Knows area, Lazy, Starts near hotdog. Gets pizza by long route.","Parker went to hot dog stand but changed his mind when he got there","Pu_f=0"
"t011011","No preference for hotdog, Knows area, Sporty, Starts near pizza. Gets hotdog by long route.","Drew knew he could have gotten to the hot dog truck faster through another route, but he was feeling like taking a longer and different path this time","Cu=1"
"t101000","Preference for hotdog, Doesn't know area, Sporty, Starts near pizza. Gets pizza by short route.","Jesse doesn't know the area, so he assumed that the hot dog truck might be located after the pizza truck that he can see. He chooses this path, knowing that he doesn't mind walking for a bit longer anyway","Ku_f=0"
"t010100","No preference for hotdog, Knows area, Lazy, Starts near hotdog. Gets pizza by short route.","Charlie knew that he wanted pizza and didn't particularly want to spend much time getting there, so he took the shortest and most straightforward route to get there","Pu_f=0"
"t001010","No preference for hotdog, Doesn't know area, Sporty, Starts near pizza. Gets hotdog by short route.","Brooklyn saw the pizza truck but wanted to go around the block and explore the area, as he was feeling in the mood to walk a bit. He ended up going in the opposite direction to the pizza truck and found hot dogs on the way","Cu=1"
"t100111","Preference for hotdog, Doesn't know area, Lazy, Starts near hotdog. Gets hotdog by long route.","Harper must have not been able to see the hotdog truck from where he was, otherwise, he would have gone straight to it","Ku_p=0"
"t111001","Preference for hotdog, Knows area, Sporty, Starts near pizza. Gets pizza by long route.","Taylor went out for food, and even though his favourite food is hot dogs, tonight he felt like having pizza instead and taking a long walk at the same time","Pu_f=0"
"t110110","Preference for hotdog, Knows area, Lazy, Starts near hotdog. Gets hotdog by short route.","Parker wanted hot dogs and didn't particularly want to walk a lot to get there, so he took his usual route to the hot dog truck, which is the fastest one","Pu_f=1"
"t000101","No preference for hotdog, Doesn't know area, Lazy, Starts near hotdog. Gets pizza by long route.","While Adrian was feeling a bit lazy, he walked past the hot dog truck and didn't feel like eating hot dogs on this occasion, so he kept walking - taking advantage of the opportunity to visit the area - until he found his happiness at the pizza truck","Pu_f=0"
"t101010","Preference for hotdog, Doesn't know area, Sporty, Starts near pizza. Gets hotdog by short route.","He didn't feel like having pizza so decided to walk to the hot dog stand instead.","Pu_f=1"
"t111011","Preference for hotdog, Knows area, Sporty, Starts near pizza. Gets hotdog by long route.","Because he is sporty he wanted to take a longer walk.","C=1"
"t010110","No preference for hotdog, Knows area, Lazy, Starts near hotdog. Gets hotdog by short route.","It was the fastest way to the hot dog stand.","Ku_p=1"
"t100001","Preference for hotdog, Doesn't know area, Lazy, Starts near pizza. Gets pizza by long route.","He wanted to take a longer walk because he is sporty.","C=1"
"t001100","No preference for hotdog, Doesn't know area, Sporty, Starts near hotdog. Gets pizza by short route.","He likes pizza and this was the shortest way to the pizza stand.","P=0"
"t000111","No preference for hotdog, Doesn't know area, Lazy, Starts near hotdog. Gets hotdog by long route.","He wanted to take a longer walk to the hot dog stand because he is sporty","C=1"
"t110000","Preference for hotdog, Knows area, Lazy, Starts near pizza. Gets pizza by short route.","He loves pizza and the pizza stand was the closest to him.","P=0"
"t011101","No preference for hotdog, Knows area, Sporty, Starts near hotdog. Gets pizza by long route.","He didn't know there was a shorter way to the pizza stand.","Ku_p=0"
"t011100","No preference for hotdog, Knows area, Sporty, Starts near hotdog. Gets pizza by short route.","I think Drew wanted to go the shortest way possible for pizza","C=0"
"t000110","No preference for hotdog, Doesn't know area, Lazy, Starts near hotdog. Gets hotdog by short route.","Visually he could see the hot dog stand so he was guaranteed to be rewarded for his effort","Su=1"
"t101001","Preference for hotdog, Doesn't know area, Sporty, Starts near pizza. Gets pizza by long route.","When he got to the hot dog stand he didn't really fancy one so he kept walking in the same direction until he found something else","Pu_f=0"
"t111010","Preference for hotdog, Knows area, Sporty, Starts near pizza. Gets hotdog by short route.","He knew where the hot dogs were and went the most direct way to them","Ku_p=1"
"t100000","Preference for hotdog, Doesn't know area, Lazy, Starts near pizza. Gets pizza by short route.","He can see hot dogs ahead so he took the shortest available route to them","Su=1"
"t010101","No preference for hotdog, Knows area, Lazy, Starts near hotdog. Gets pizza by long route.","Potentially the hot dog stand was closed/didn't have exactly what he wanted so he decided to get pizza instead","br_f=0"
"t001011","No preference for hotdog, Doesn't know area, Sporty, Starts near pizza. Gets hotdog by long route.","Brooklyn didn't fancy pizza so walked past it and kept going till he found the next stall","Pu_f=1"
"t110111","Preference for hotdog, Knows area, Lazy, Starts near hotdog. Gets hotdog by long route.","I have no idea why. Maybe he was on a phone call and needed an extra few minutes on it so had to take the long route to finish up his call","br_p=1"
"t000000","No preference for hotdog, Doesn't know area, Lazy, Starts near pizza. Gets pizza by short route.","Adrian is lazy so he visited the closest food cart, which was the pizza stand.","C=0"
"t011110","No preference for hotdog, Knows area, Sporty, Starts near hotdog. Gets hotdog by short route.","Drew went in a straight line to the Hot Dog stand.","Ku_p=1"
"t101011","Preference for hotdog, Doesn't know area, Sporty, Starts near pizza. Gets hotdog by long route.","jesse doesnn't know the area well so travelled far for the Hot Dogs","K=0"
"t111100","Preference for hotdog, Knows area, Sporty, Starts near hotdog. Gets pizza by short route.","Taylor is sporty and went around to visit the Pizza stand","C=1"
"t001101","No preference for hotdog, Doesn't know area, Sporty, Starts near hotdog. Gets pizza by long route.","Brooklyn doesn't know the area well so goes around the main road to the Pizza stand","K=0"
"t110001","Preference for hotdog, Knows area, Lazy, Starts near pizza. Gets pizza by long route.","Parker is usually lazy but took the long way around to the pizza stand.","br_p=1"
"t100010","Preference for hotdog, Doesn't know area, Lazy, Starts near pizza. Gets hotdog by short route.","Harper went in a straight line to the Hot Dog stand.","Ku_p=1"
"t010111","No preference for hotdog, Knows area, Lazy, Starts near hotdog. Gets hotdog by long route.","Charlei is lazy but too tyhe long way around to the hot dog stand.","br_p=1"
"t101111","Preference for hotdog, Doesn't know area, Sporty, Starts near hotdog. Gets hotdog by long route.","they went the long way because they are sporty","C=1"
"t000100","No preference for hotdog, Doesn't know area, Lazy, Starts near hotdog. Gets pizza by short route.","went to the closest kiosk because they are lazy","C=0"
"t011010","No preference for hotdog, Knows area, Sporty, Starts near pizza. Gets hotdog by short route.","drew went to the further kiosk because he is sporty","C=1"
"t010011","No preference for hotdog, Knows area, Lazy, Starts near pizza. Gets hotdog by long route.","charlie doesn't like pizza","P=1"
"t001001","No preference for hotdog, Doesn't know area, Sporty, Starts near pizza. Gets pizza by long route.","Brooklyn got lost","K=0"
"t100110","Preference for hotdog, Doesn't know area, Lazy, Starts near hotdog. Gets hotdog by short route.","harper loves hot dogs","P=1"
"t110101","Preference for hotdog, Knows area, Lazy, Starts near hotdog. Gets pizza by long route.","the hot dog stand was closed","br_f=0"
"t000011","No preference for hotdog, Doesn't know area, Lazy, Starts near pizza. Gets hotdog by long route.","Adrian really likes hotdogs and doesnt know the area well","P=1"
"t010010","No preference for hotdog, Knows area, Lazy, Starts near pizza. Gets hotdog by short route.","Charlie likes hotdogs and knows the area well","P=1"
"t011001","No preference for hotdog, Knows area, Sporty, Starts near pizza. Gets pizza by long route.","Drew likes pizza and wants to walk further before eating pizza","C=1"
"t101110","Preference for hotdog, Doesn't know area, Sporty, Starts near hotdog. Gets hotdog by short route.","Jesse saw hotdogs stand and went there first","Su=1"
"t100101","Preference for hotdog, Doesn't know area, Lazy, Starts near hotdog. Gets pizza by long route.","Harper did not see the hotdog stand","Su=0"
"t001000","No preference for hotdog, Doesn't know area, Sporty, Starts near pizza. Gets pizza by short route.","Brooklyn did not know the area well and went to the first stand they saw","Ku_f=0"
"t111111","Preference for hotdog, Knows area, Sporty, Starts near hotdog. Gets hotdog by long route.","Taylor wanted to walk before eating and likes hotdogs","C=1"
"t110100","Preference for hotdog, Knows area, Lazy, Starts near hotdog. Gets pizza by short route.","Parker did not see the hotdogs stand","Su=0"
"t111010","Preference for hotdog, Knows area, Sporty, Starts near pizza. Gets hotdog by short route.","It is the most direct route to their favourite food vendor.","Ku_p=1"
"t100000","Preference for hotdog, Doesn't know area, Lazy, Starts near pizza. Gets pizza by short route.","It is the closest food place because they are lazy.","C=0"
"t001011","No preference for hotdog, Doesn't know area, Sporty, Starts near pizza. Gets hotdog by long route.","They went exploring to find somewhere to eat.","br_p=1"
"t011100","No preference for hotdog, Knows area, Sporty, Starts near hotdog. Gets pizza by short route.","It is the most direct route to their favourite food vendor.","Ku_p=1"
"t101001","Preference for hotdog, Doesn't know area, Sporty, Starts near pizza. Gets pizza by long route.","They went out for exercise and stopped for food on the way back.","C=1"
"t010101","No preference for hotdog, Knows area, Lazy, Starts near hotdog. Gets pizza by long route.","There was something else he needed to do on that route.","br_p=1"
"t110111","Preference for hotdog, Knows area, Lazy, Starts near hotdog. Gets hotdog by long route.","There was something else they needed to do on their route.","br_p=1"
"t011000","No preference for hotdog, Knows area, Sporty, Starts near pizza. Gets pizza by short route.","He can see the pizza stand","Su=0"
"t111110","Preference for hotdog, Knows area, Sporty, Starts near hotdog. Gets hotdog by short route.","He can see the hot dog stand and they are his favourite","Su=1"
"t010001","No preference for hotdog, Knows area, Lazy, Starts near pizza. Gets pizza by long route.","he did not know what he wanted to eat","Cu=0"
"t101101","Preference for hotdog, Doesn't know area, Sporty, Starts near hotdog. Gets pizza by long route.","they don't know the quickest way","Ku_p=0"
"t000010","No preference for hotdog, Doesn't know area, Lazy, Starts near pizza. Gets hotdog by short route.","they wanted to eat hot dogs","Pu_f=1"
"t100100","Preference for hotdog, Doesn't know area, Lazy, Starts near hotdog. Gets pizza by short route.","they were going that way anyway","br_p=1"
"t110011","Preference for hotdog, Knows area, Lazy, Starts near pizza. Gets hotdog by long route.","they needed to go somewhere else on the way","br_p=1"
"t001111","No preference for hotdog, Doesn't know area, Sporty, Starts near hotdog. Gets hotdog by long route.","they were going for a walk as they are sporty","C=1"
"t000111","No preference for hotdog, Doesn't know area, Lazy, Starts near hotdog. Gets hotdog by long route.","Adrian wanted to eat the food they knew the most, and couldn't be bothered to try the other truck. They wondered along aimlessly until they got to the truck on the other side.","C=0"
"t010110","No preference for hotdog, Knows area, Lazy, Starts near hotdog. Gets hotdog by short route.","Since Charlie is lazy, they just walked to the end of the road to the truck there. They could not see the other one as it was obscured by the houses.","C=0"
"t101010","Preference for hotdog, Doesn't know area, Sporty, Starts near pizza. Gets hotdog by short route.","Despite not being able to see it due to the houses, Jesse is sporty so they jogged until they found the hot dog stand.","C=1"
"t100001","Preference for hotdog, Doesn't know area, Lazy, Starts near pizza. Gets pizza by long route.","Harper did not know the area well, so they might have been lost and pre-occupied with this so they did not notice the hot dog stand as they walked past it.","K=0"
"t111011","Preference for hotdog, Knows area, Sporty, Starts near pizza. Gets hotdog by long route.","Despite Taylor knowing the area well, and knowing the fastest route, they are sporty so they wanted to take the long way round.","C=1"
"t110000","Preference for hotdog, Knows area, Lazy, Starts near pizza. Gets pizza by short route.","Parker could not be bothered to walk longer to the hot dog stand, despite it being their favourite food. The pizza stand was closer so they went there instead.","C=0"
"t011101","No preference for hotdog, Knows area, Sporty, Starts near hotdog. Gets pizza by long route.","Drew wanted to eat the food from the truck that was the furthest distance away as they are sporty.","C=1"
"t001100","No preference for hotdog, Doesn't know area, Sporty, Starts near hotdog. Gets pizza by short route.","Brooklyn probably took a different route to learn the area and did not notice the hot dog stand, but when they went around they saw the pizza truck.","K=0"
"t111101","Preference for hotdog, Knows area, Sporty, Starts near hotdog. Gets pizza by long route.","They walked around the block in a clockwise direction, happy to get the exercise because they decided to have something other than a hot dog today.","Pu_f=0"
"t101100","Preference for hotdog, Doesn't know area, Sporty, Starts near hotdog. Gets pizza by short route.","They decided to walk anti-clockwise around the block to see what they came across and were happy to discover the pizza stand.","br_p=1"
"t100011","Preference for hotdog, Doesn't know area, Lazy, Starts near pizza. Gets hotdog by long route.","They really wanted a hot dog and held out until they could find a hot dog stand, even if it meant walking quite some distance.","Pu_f=1"
"t110010","Preference for hotdog, Knows area, Lazy, Starts near pizza. Gets hotdog by short route.","They knew exactly where to go for a hot dog and chose the shortest route to get there.","Ku_p=1"
"t001110","No preference for hotdog, Doesn't know area, Sporty, Starts near hotdog. Gets hotdog by short route.","They set off walking and discovered a hot dog stand en-route and enjoyed a hot dog before walking some more to explore the new area.","Su=1"
"t000001","No preference for hotdog, Doesn't know area, Lazy, Starts near pizza. Gets pizza by long route.","They set off walking to explore the area, discovering a hot dog on the way, but didn't feel like eating a hot dog today and continued on until they discovered the pizza stand.","Pu_f=0"
"t010000","No preference for hotdog, Knows area, Lazy, Starts near pizza. Gets pizza by short route.","They knew exactly where to go quickly to get something to eat.","Ku_p=1"
"t011111","No preference for hotdog, Knows area, Sporty, Starts near hotdog. Gets hotdog by long route.","They really wanted a hot dog and wanted to make sure they got some good exercise before getting their reward.","C=1"
"t011011","No preference for hotdog, Knows area, Sporty, Starts near pizza. Gets hotdog by long route.","Drew first wanted a pizza but when arriving there he changed his mind so he carried on to the hotdogs food truck.","Pu_f=1"
"t110110","Preference for hotdog, Knows area, Lazy, Starts near hotdog. Gets hotdog by short route.","Parker was hungry so he went straight to the hot dogs food truck which luckily was the closest to him as he is lazy.","C=0"
"t001010","No preference for hotdog, Doesn't know area, Sporty, Starts near pizza. Gets hotdog by short route.","Brooklyn wanted to explore the area as he doesn't know it well and when discovering the hot dogs food truck he decided to stop there to eat.","K=0"
"t100111","Preference for hotdog, Doesn't know area, Lazy, Starts near hotdog. Gets hotdog by long route.","Harper didn't notice the hot dogs food truck or maybe he just wasn't hungry and decided to explore the area but got lost as eventually it took him a long path to get to the hot dogs food truck.","K=0"
"t111001","Preference for hotdog, Knows area, Sporty, Starts near pizza. Gets pizza by long route.","Taylor wanted to exercise and decided to have a pizza for a change.","Pu_f=0"
"t010100","No preference for hotdog, Knows area, Lazy, Starts near hotdog. Gets pizza by short route.","Charlie wanted a pizza.","Pu_f=0"
"t101000","Preference for hotdog, Doesn't know area, Sporty, Starts near pizza. Gets pizza by short route.","Jesse thought there are no hot dogs in the area as he doesn't know it well so decided to have a pizza when he found a food truck.","Ku_f=0"
"t000101","No preference for hotdog, Doesn't know area, Lazy, Starts near hotdog. Gets pizza by long route.","Adrian badly wanted a pizza so didn't stop at the hot dogs food truck even if it took him longer to get there.","Pu_f=0"
"t111100","Preference for hotdog, Knows area, Sporty, Starts near hotdog. Gets pizza by short route.","To increase thier step count","Cu=1"
"t101011","Preference for hotdog, Doesn't know area, Sporty, Starts near pizza. Gets hotdog by long route.","Didnt realise there was a shorter route.","Ku_p=0"
"t100010","Preference for hotdog, Doesn't know area, Lazy, Starts near pizza. Gets hotdog by short route.","Harper took a really short route - cause he was really hungry and wanted to get there with minimal effort","Pu_p=1"
"t001101","No preference for hotdog, Doesn't know area, Sporty, Starts near hotdog. Gets pizza by long route.","Got lost","K=0"
"t010111","No preference for hotdog, Knows area, Lazy, Starts near hotdog. Gets hotdog by long route.","Not being familiar with the area - they didnt know there any easier and short route","Ku_p=0"
"t110001","Preference for hotdog, Knows area, Lazy, Starts near pizza. Gets pizza by long route.","They were not aware that it was not far away","Ku_f=0"
"t011110","No preference for hotdog, Knows area, Sporty, Starts near hotdog. Gets hotdog by short route.","Drew was not in the mood for taking a longer path.","Cu=0"
"t000000","No preference for hotdog, Doesn't know area, Lazy, Starts near pizza. Gets pizza by short route.","Adrian was lucky to source a short route","Ku_p=1"
"t111111","Preference for hotdog, Knows area, Sporty, Starts near hotdog. Gets hotdog by long route.","THEY ARE STANDING NEXT TO THE HOT DOG STAND","S=1"
"t011001","No preference for hotdog, Knows area, Sporty, Starts near pizza. Gets pizza by long route.","drew likes the pizza","P=0"
"t101110","Preference for hotdog, Doesn't know area, Sporty, Starts near hotdog. Gets hotdog by short route.","jesse is stnding next to the hot dog stand","S=1"
"t110100","Preference for hotdog, Knows area, Lazy, Starts near hotdog. Gets pizza by short route.","Parker is lazy he ended up at the wrong stand of pizza","C=0"
"t010001","No preference for hotdog, Knows area, Lazy, Starts near pizza. Gets pizza by long route.","He likes pizza","P=0"
"t100100","Preference for hotdog, Doesn't know area, Lazy, Starts near hotdog. Gets pizza by short route.","He was lost","K=0"
"t110011","Preference for hotdog, Knows area, Lazy, Starts near pizza. Gets hotdog by long route.","He likes hot dogs","P=1"
"t011000","No preference for hotdog, Knows area, Sporty, Starts near pizza. Gets pizza by short route.","He likes pizza, he didn't have time for a long walk","P=0"
"t000010","No preference for hotdog, Doesn't know area, Lazy, Starts near pizza. Gets hotdog by short route.","He doesn't like pizza","P=1"
"t101101","Preference for hotdog, Doesn't know area, Sporty, Starts near hotdog. Gets pizza by long route.","Jesse wanted pizza for a change and wanted to get some excersize","Pu_f=0"
"t111110","Preference for hotdog, Knows area, Sporty, Starts near hotdog. Gets hotdog by short route.","He likes hot dogs, the stall was near by","P=1"
"t001111","No preference for hotdog, Doesn't know area, Sporty, Starts near hotdog. Gets hotdog by long route.","Brooklyn wanted to get some excersize","Cu=1"
"t001110","No preference for hotdog, Doesn't know area, Sporty, Starts near hotdog. Gets hotdog by short route.","Brooklyn doesn't realise there might be another food truck so goes to the first one spotted.","Ku_f=0"
"t100011","Preference for hotdog, Doesn't know area, Lazy, Starts near pizza. Gets hotdog by long route.","Harper prefers hot dogs to the food on the other truck.","P=1"
"t011111","No preference for hotdog, Knows area, Sporty, Starts near hotdog. Gets hotdog by long route.","Drew wants a long walk first.","Cu=1"
"t101100","Preference for hotdog, Doesn't know area, Sporty, Starts near hotdog. Gets pizza by short route.","Jesse fancied a change from their usual favourite food.","Pu_f=0"
"t111101","Preference for hotdog, Knows area, Sporty, Starts near hotdog. Gets pizza by long route.","Taylor wanted to walk further than the hot dog stand.","Cu=1"
"t000001","No preference for hotdog, Doesn't know area, Lazy, Starts near pizza. Gets pizza by long route.","Adrian wanted to get to know the area.","K=0"
"t110010","Preference for hotdog, Knows area, Lazy, Starts near pizza. Gets hotdog by short route.","Parker really wanted a hot dog so kept walking till he found one.","Pu_f=1"
"t110100","Preference for hotdog, Knows area, Lazy, Starts near hotdog. Gets pizza by short route.","Parker wasn't paying attention and didn't see tje hot dog stand at the corner of the road.","br_p=1"
"t111111","Preference for hotdog, Knows area, Sporty, Starts near hotdog. Gets hotdog by long route.","Taylor saw the hot dog stand which is his favourite but he went the long way round for some extra exercise because he is sporty.","C=1"
"t010010","No preference for hotdog, Knows area, Lazy, Starts near pizza. Gets hotdog by short route.","Charlie decided to find the other food truck because he doesn't like pizza.","P=1"
"t101110","Preference for hotdog, Doesn't know area, Sporty, Starts near hotdog. Gets hotdog by short route.","Jesse went straight to the hot dog van because he was hungry.","Pu_f=1"
"t011001","No preference for hotdog, Knows area, Sporty, Starts near pizza. Gets pizza by long route.","Drew went the long way round to get to the pizza truck for extra exercise.","Cu=1"
"t100101","Preference for hotdog, Doesn't know area, Lazy, Starts near hotdog. Gets pizza by long route.","Harper went towards the hot dog truck but must have then fancied something different and walked further to find the pizza truck.","Pu_f=0"
"t000011","No preference for hotdog, Doesn't know area, Lazy, Starts near pizza. Gets hotdog by long route.","Adrian went to the pizza truck but didn't see anything he liked so kept going to find another food truck until he came across the hot dog truck.","br_f=1"
"t001000","No preference for hotdog, Doesn't know area, Sporty, Starts near pizza. Gets pizza by short route.","Brooklyn was hungry so went straight to the pizza truck to get some food.","Pu_f=0"
"t101000","Preference for hotdog, Doesn't know area, Sporty, Starts near pizza. Gets pizza by short route.","He can see the pizza cart and likes pizza","Su=0"
"t010100","No preference for hotdog, Knows area, Lazy, Starts near hotdog. Gets pizza by short route.","Charlie is lazy but he prefers pizza and so takes the longer route to get it","P=0"
"t111001","Preference for hotdog, Knows area, Sporty, Starts near pizza. Gets pizza by long route.","Taylor is more interested in the run, so when he gets to his favourite food he decides to keep running past it and rests instead at the pizza truck","C=1"
"t011011","No preference for hotdog, Knows area, Sporty, Starts near pizza. Gets hotdog by long route.","Drew knows he could take a right turn and get to the hot dogs quickly but prefers to walk a bit further to get some exercise","C=1"
"t001010","No preference for hotdog, Doesn't know area, Sporty, Starts near pizza. Gets hotdog by short route.","Brooklyn is out for a wander in a new area and comes across a hot dog vendor. They decide to treat themselves and is happy to have discovered a local landmark","Su=1"
"t000101","No preference for hotdog, Doesn't know area, Lazy, Starts near hotdog. Gets pizza by long route.","Adrian doesn't like hotdogs but has heard that there may be a pizza truck so kkeps walking because he does like pizza","P=0"
"t100111","Preference for hotdog, Doesn't know area, Lazy, Starts near hotdog. Gets hotdog by long route.","Taylor didn't look to the right and so walked the long route before coming across the hot dog truck","br_p=1"
"t110110","Preference for hotdog, Knows area, Lazy, Starts near hotdog. Gets hotdog by short route.","Parker knows the fastest way to hotdog heaven","Ku_p=1"
"t111010","Preference for hotdog, Knows area, Sporty, Starts near pizza. Gets hotdog by short route.","As they cant see the stand, I assume they just set off in the opposite direction of the pizza stand, which they can see.","Ku_p=0"
"t100000","Preference for hotdog, Doesn't know area, Lazy, Starts near pizza. Gets pizza by short route.","He's lazy so goes for the easy option, ie a pizza","C=0"
"t001011","No preference for hotdog, Doesn't know area, Sporty, Starts near pizza. Gets hotdog by long route.","They go for a walk and have no preference for food, so walk past the stand that is only a short distance away.","C=1"
"t010101","No preference for hotdog, Knows area, Lazy, Starts near hotdog. Gets pizza by long route.","Maybe the hot dogs were not appealing when she got to see them.","br_f=0"
"t110111","Preference for hotdog, Knows area, Lazy, Starts near hotdog. Gets hotdog by long route.","Difficult to say, maybe he had a a guilt complex and felt he needed to exercise a bit.","br_p=1"
"t101001","Preference for hotdog, Doesn't know area, Sporty, Starts near pizza. Gets pizza by long route.","Maybe the hot dog stand had run out of food and they had to go for the next best option","br_f=0"
"t000111","No preference for hotdog, Doesn't know area, Lazy, Starts near hotdog. Gets hotdog by long route.","maybe he knows hes lazy and wants to be healthier so he sees the hotdog stand but wants to get some steps in and goees the long way","Cu=1"
"t010110","No preference for hotdog, Knows area, Lazy, Starts near hotdog. Gets hotdog by short route.","he knows where the food stalls are and wants hotdogs so he goes the most efficient way","Ku_p=1"
"t100001","Preference for hotdog, Doesn't know area, Lazy, Starts near pizza. Gets pizza by long route.","he went to hotdog place but wasnt what he expected so he went back to where he saw a pizza stand or kept walking til he found another food option","br_f=0"
"t011101","No preference for hotdog, Knows area, Sporty, Starts near hotdog. Gets pizza by long route.","he knows that the pizza place is around the corner but fancied a walk?","Cu=1"
"t111011","Preference for hotdog, Knows area, Sporty, Starts near pizza. Gets hotdog by long route.","fancied pizza instead of hot dogs or fancied a walk","Pu_f=0"
"t001100","No preference for hotdog, Doesn't know area, Sporty, Starts near hotdog. Gets pizza by short route.","maybe he walked and got to pizza place and was unsure whether he would find another food place nearby","Ku_f=0"
"t101010","Preference for hotdog, Doesn't know area, Sporty, Starts near pizza. Gets hotdog by short route.","they possibly saw pizza stand and knew they didnt want it and so went opposite way and saw a hotdog stand","Pu_f=1"
"t110000","Preference for hotdog, Knows area, Lazy, Starts near pizza. Gets pizza by short route.","they saw a food place closer by andwere too lazy to find another","C=0"
"t101011","Preference for hotdog, Doesn't know area, Sporty, Starts near pizza. Gets hotdog by long route.","Jesse took this route because he wanted to get some exercise prior to eating the hot dog (even though he could have arrived at the hot dog stand much earlier).","Cu=1"
"t010111","No preference for hotdog, Knows area, Lazy, Starts near hotdog. Gets hotdog by long route.","Charlie wanted to have a leisurely stroll to the hot dog stand and could not be bothered to seek out alterative routes","C=0"
"t111100","Preference for hotdog, Knows area, Sporty, Starts near hotdog. Gets pizza by short route.","Taylor took the path he took because he wanted some exercise to get to the stand in a quick timeframe.","Cu=1"
"t001101","No preference for hotdog, Doesn't know area, Sporty, Starts near hotdog. Gets pizza by long route.","Brooklyn took a long while to get his food and worked out that this path would take him there, whilst being able to benefit from exercise.","Cu=1"
"t110001","Preference for hotdog, Knows area, Lazy, Starts near pizza. Gets pizza by long route.","Parker took this path because he couldn't be bothered to look for alternatives, and just chose an area he is familiar with","C=0"
"t000000","No preference for hotdog, Doesn't know area, Lazy, Starts near pizza. Gets pizza by short route.","Adrian took a straightforward and quick path to get to where he wanted to get to, which he did not have to think about much.","C=0"
"t011110","No preference for hotdog, Knows area, Sporty, Starts near hotdog. Gets hotdog by short route.","As drew knows the area well, this path (that he knows well) provided him with some exercise to get to the hotdogs","C=1"
"t100010","Preference for hotdog, Doesn't know area, Lazy, Starts near pizza. Gets hotdog by short route.","Harper took this path to the hot dogs because it was no effort to research the route, which was straightfoward.","Ku_p=1"
"t011010","No preference for hotdog, Knows area, Sporty, Starts near pizza. Gets hotdog by short route.","He went straight to his destination.","Ku_p=1"
"t100110","Preference for hotdog, Doesn't know area, Lazy, Starts near hotdog. Gets hotdog by short route.","They didn't know where the food truck was.","Ku_f=0"
"t001001","No preference for hotdog, Doesn't know area, Sporty, Starts near pizza. Gets pizza by long route.","They went straight to the venue and then decided to go to the food truck.","br_p=1"
"t111000","Preference for hotdog, Knows area, Sporty, Starts near pizza. Gets pizza by short route.","He knew where the food truck was and went there first.","Ku_f=1"
"t010011","No preference for hotdog, Knows area, Lazy, Starts near pizza. Gets hotdog by long route.","He went for food first and then procastinated en route to the venue.","br_p=1"
"t010111","No preference for hotdog, Knows area, Lazy, Starts near hotdog. Gets hotdog by long route.","He could see only the the hot dog truck from his position","Su=1"
"t111100","Preference for hotdog, Knows area, Sporty, Starts near hotdog. Gets pizza by short route.","He has changed his mind for a pizza","Pu_f=0"
"t101011","Preference for hotdog, Doesn't know area, Sporty, Starts near pizza. Gets hotdog by long route.","As he does not know the are he did not bother to walk more and the pizza dod not tempt him because he really wanted to eat hot dog","Pu_f=1"
"t001101","No preference for hotdog, Doesn't know area, Sporty, Starts near hotdog. Gets pizza by long route.","He wanted to eat pizza and he did not bother to walk much","Pu_f=0"
"t011110","No preference for hotdog, Knows area, Sporty, Starts near hotdog. Gets hotdog by short route.","He wanted hot dog","Pu_f=1"
"t100010","Preference for hotdog, Doesn't know area, Lazy, Starts near pizza. Gets hotdog by short route.","He loved to hot dog enough to walk a bit more to get it","P=1"
"t000000","No preference for hotdog, Doesn't know area, Lazy, Starts near pizza. Gets pizza by short route.","He saw the pizza is close and he devided to go for it as he did not want to walk further","C=0"
"t010100","No preference for hotdog, Knows area, Lazy, Starts near hotdog. Gets pizza by short route.","He knows where is stand is and it's not very far","Ku_f=1"
"t101000","Preference for hotdog, Doesn't know area, Sporty, Starts near pizza. Gets pizza by short route.","he doesn't know the area well so goes to the one he can see","Ku_f=0"
"t111001","Preference for hotdog, Knows area, Sporty, Starts near pizza. Gets pizza by long route.","He wants to exercise before eating","Cu=1"
"t000101","No preference for hotdog, Doesn't know area, Lazy, Starts near hotdog. Gets pizza by long route.","He walked past the hotdog truck and didn't like the look of it, so kept going until he saw an alternative","br_f=0"
"t001010","No preference for hotdog, Doesn't know area, Sporty, Starts near pizza. Gets hotdog by short route.","He kept walking in the direction he was already facing","br_p=1"
"t100111","Preference for hotdog, Doesn't know area, Lazy, Starts near hotdog. Gets hotdog by long route.","He thought about trying pizza for a change but didn't like the look of it so kept going for hotdogs","br_f=1"
"t011011","No preference for hotdog, Knows area, Sporty, Starts near pizza. Gets hotdog by long route.","He wanted to exercise before eating and knew where the hotdog stall was","Cu=1"
"t111110","Preference for hotdog, Knows area, Sporty, Starts near hotdog. Gets hotdog by short route.","He knows the area well and likes hot dogs","P=1"
"t100100","Preference for hotdog, Doesn't know area, Lazy, Starts near hotdog. Gets pizza by short route.","they do not know the area well so might have gotten lost","K=0"
"t011000","No preference for hotdog, Knows area, Sporty, Starts near pizza. Gets pizza by short route.","He likes pizza more than hot dogs","P=0"
"t110011","Preference for hotdog, Knows area, Lazy, Starts near pizza. Gets hotdog by long route.","he is lazy so might have wanted to exercise more and he likes hot dogs","P=1"
"t101101","Preference for hotdog, Doesn't know area, Sporty, Starts near hotdog. Gets pizza by long route.","he likes hot dogs but does not mean he wanted to eat hot dogs at that moment so went to pizza instead","Pu_f=0"
"t000010","No preference for hotdog, Doesn't know area, Lazy, Starts near pizza. Gets hotdog by short route.","he didnt feel like eating pizza and saw the hot dog stand","Pu_f=1"
"t010001","No preference for hotdog, Knows area, Lazy, Starts near pizza. Gets pizza by long route.","charlie just wanted pizza","Pu_f=0"
"t001111","No preference for hotdog, Doesn't know area, Sporty, Starts near hotdog. Gets hotdog by long route.","brookyln went for a run","C=1"
"t001011","No preference for hotdog, Doesn't know area, Sporty, Starts near pizza. Gets hotdog by long route.","They went to the furthest one because they are sporty and wanted some excercise","C=1"
"t110111","Preference for hotdog, Knows area, Lazy, Starts near hotdog. Gets hotdog by long route.","they went the long way to get some excercise as they are lazy and usually don't get any","Cu=1"
"t101001","Preference for hotdog, Doesn't know area, Sporty, Starts near pizza. Gets pizza by long route.","they don't know the area well so ended up going the long way to get their favourite food","K=0"
"t011100","No preference for hotdog, Knows area, Sporty, Starts near hotdog. Gets pizza by short route.","Drew wanted pizza so went the shortest route to that stall","Pu_f=0"
"t000110","No preference for hotdog, Doesn't know area, Lazy, Starts near hotdog. Gets hotdog by short route.","they went to the closest food stall because they are lazy","C=0"
"t010101","No preference for hotdog, Knows area, Lazy, Starts near hotdog. Gets pizza by long route.","they may have got to the hot dog stall and decided they wanted pizza instea","Pu_f=0"
"t100000","Preference for hotdog, Doesn't know area, Lazy, Starts near pizza. Gets pizza by short route.","they went to the closest one because they are lazy","C=0"
"t010010","No preference for hotdog, Knows area, Lazy, Starts near pizza. Gets hotdog by short route.","Charlie preferred hotdogs, so decided to walk a little bit further","P=1"
"t011001","No preference for hotdog, Knows area, Sporty, Starts near pizza. Gets pizza by long route.","Drew is sporty so wanted to get some extra steps in, rather than stopping at the nearest food stall","C=1"
"t000011","No preference for hotdog, Doesn't know area, Lazy, Starts near pizza. Gets hotdog by long route.","Adrian doesn't like pizza, so decided to see if there were any other food stalls on his route","P=1"
"t101110","Preference for hotdog, Doesn't know area, Sporty, Starts near hotdog. Gets hotdog by short route.","Jesse decided to get hot dogs because they are their favourite food.","P=1"
"t110100","Preference for hotdog, Knows area, Lazy, Starts near hotdog. Gets pizza by short route.","Parker fancied a change from their usual food choice and figured it was around the same distance to the pizza stand","Pu_f=0"
"t111111","Preference for hotdog, Knows area, Sporty, Starts near hotdog. Gets hotdog by long route.","Taylor took the longest route to the hot dog stand because they wanted to get some extra steps in","Cu=1"
"t100101","Preference for hotdog, Doesn't know area, Lazy, Starts near hotdog. Gets pizza by long route.","Harper went to the hot dog stand but wasn't impressed with their selection so decided to walk on to find something else","br_f=0"
"t001000","No preference for hotdog, Doesn't know area, Sporty, Starts near pizza. Gets pizza by short route.","Brooklyn was hungry and didn't know the area well so went to the first available food stand that they could see.","Ku_f=0"
"t010011","No preference for hotdog, Knows area, Lazy, Starts near pizza. Gets hotdog by long route.","They were not fully aware of where the stands were located","Ku_f=0"
"t011010","No preference for hotdog, Knows area, Sporty, Starts near pizza. Gets hotdog by short route.","They knew the quickest way to get where they needed to go","Ku_p=1"
"t110101","Preference for hotdog, Knows area, Lazy, Starts near hotdog. Gets pizza by long route.","The Hot Dog stand was closed","br_f=0"
"t100110","Preference for hotdog, Doesn't know area, Lazy, Starts near hotdog. Gets hotdog by short route.","They wanted the shortest route because they are lazy","C=0"
"t001001","No preference for hotdog, Doesn't know area, Sporty, Starts near pizza. Gets pizza by long route.","They wanted to do more exercise because they are sporty.","C=1"
"t101111","Preference for hotdog, Doesn't know area, Sporty, Starts near hotdog. Gets hotdog by long route.","They wanted a longer route for exercise because they are sporty","C=1"
"t000100","No preference for hotdog, Doesn't know area, Lazy, Starts near hotdog. Gets pizza by short route.","They are lazy so wanted the shortest route","C=0"
"t111000","Preference for hotdog, Knows area, Sporty, Starts near pizza. Gets pizza by short route.","They wanted the easiest and closest choice","C=0"
"t010110","No preference for hotdog, Knows area, Lazy, Starts near hotdog. Gets hotdog by short route.","Charlie is lazy and so is likely to take the shorter route to a food establishment.","C=0"
"t001100","No preference for hotdog, Doesn't know area, Sporty, Starts near hotdog. Gets pizza by short route.","Brooklyn is sporty and so likes to exercise and explore an area.","C=1"
"t000111","No preference for hotdog, Doesn't know area, Lazy, Starts near hotdog. Gets hotdog by long route.","Adrian took the longer route to get to the hot dog stand, because he doesn't know the area well.","K=0"
"t011101","No preference for hotdog, Knows area, Sporty, Starts near hotdog. Gets pizza by long route.","Drew is sporty and so likes to take the longer route to the food stand, as he can do more exercise that way.","C=1"
"t101010","Preference for hotdog, Doesn't know area, Sporty, Starts near pizza. Gets hotdog by short route.","Jesse went straight for the hot dog stand, because hot dogs are her favourite food.","P=1"
"t111011","Preference for hotdog, Knows area, Sporty, Starts near pizza. Gets hotdog by long route.","Taylor took the longer route to the hot dog stand because they are sporty and like to exercise.","C=1"
"t110000","Preference for hotdog, Knows area, Lazy, Starts near pizza. Gets pizza by short route.","Parker is lazy and so went to the pizza stand, in spite of the fact that pizza is not their favourite food, because it required less energy to get there.","C=0"
"t100001","Preference for hotdog, Doesn't know area, Lazy, Starts near pizza. Gets pizza by long route.","Harper missed the hot dog stand and so took the longer route to get to an alternative food stand.","br_p=1"
"t010000","No preference for hotdog, Knows area, Lazy, Starts near pizza. Gets pizza by short route.","he is too lazy to walk to the hot dog stand","C=0"
"t101100","Preference for hotdog, Doesn't know area, Sporty, Starts near hotdog. Gets pizza by short route.","they do know know the area well and are not aware there is a hot dog stand on another corner","K=0"
"t111101","Preference for hotdog, Knows area, Sporty, Starts near hotdog. Gets pizza by long route.","they did not want to have hot dogs","Pu_f=0"
"t110010","Preference for hotdog, Knows area, Lazy, Starts near pizza. Gets hotdog by short route.","they really wanted to have hot dogs","Pu_f=1"
"t000001","No preference for hotdog, Doesn't know area, Lazy, Starts near pizza. Gets pizza by long route.","they really wanted to have pizza","Pu_f=0"
"t011111","No preference for hotdog, Knows area, Sporty, Starts near hotdog. Gets hotdog by long route.","they felt like exercising and ended up buying hot dogs","Cu=1"
"t001110","No preference for hotdog, Doesn't know area, Sporty, Starts near hotdog. Gets hotdog by short route.","he was feeling lazy","Cu=0"
"t100011","Preference for hotdog, Doesn't know area, Lazy, Starts near pizza. Gets hotdog by long route.","they really wanted hot dogs","Pu_f=1"
"t100011","Preference for hotdog, Doesn't know area, Lazy, Starts near pizza. Gets hotdog by long route.","They couldn't see the hot dog stand and went the wrong way around","Ku_p=0"
"t111101","Preference for hotdog, Knows area, Sporty, Starts near hotdog. Gets pizza by long route.","They wanted something different for once","Pu_f=0"
"t101100","Preference for hotdog, Doesn't know area, Sporty, Starts near hotdog. Gets pizza by short route.","They were exploring and simply found the Pizza first","Su=0"
"t011111","No preference for hotdog, Knows area, Sporty, Starts near hotdog. Gets hotdog by long route.","They wanted some exercise","Cu=1"
"t000001","No preference for hotdog, Doesn't know area, Lazy, Starts near pizza. Gets pizza by long route.","They were looking for other stands before ending at the pizza one","br_p=1"
"t010000","No preference for hotdog, Knows area, Lazy, Starts near pizza. Gets pizza by short route.","Closest stand","C=0"
"t101000","Preference for hotdog, Doesn't know area, Sporty, Starts near pizza. Gets pizza by short route.","The pizza stand is visible and close","Su=0"
"t010100","No preference for hotdog, Knows area, Lazy, Starts near hotdog. Gets pizza by short route.","They prefer pizza as the hot dog stand is slightly closer","P=0"
"t100111","Preference for hotdog, Doesn't know area, Lazy, Starts near hotdog. Gets hotdog by long route.","They really wanted hot dogs and took the long way as they didn't know the area","K=0"
"t000101","No preference for hotdog, Doesn't know area, Lazy, Starts near hotdog. Gets pizza by long route.","He really wanted pizza","Pu_f=0"
"t011011","No preference for hotdog, Knows area, Sporty, Starts near pizza. Gets hotdog by long route.","He initially thought about pizza but changed his mind","Pu_f=1"
"t001010","No preference for hotdog, Doesn't know area, Sporty, Starts near pizza. Gets hotdog by short route.","He wanted hot dogs and is fit enough to take the longer path","Pu_f=1"
"t111001","Preference for hotdog, Knows area, Sporty, Starts near pizza. Gets pizza by long route.","Being sporty they wanted a longer route","C=1"
"t101011","Preference for hotdog, Doesn't know area, Sporty, Starts near pizza. Gets hotdog by long route.","they love hot dogs","P=1"
"t100010","Preference for hotdog, Doesn't know area, Lazy, Starts near pizza. Gets hotdog by short route.","they took the short route because they don't have a lot of time","br_p=0"
"t001101","No preference for hotdog, Doesn't know area, Sporty, Starts near hotdog. Gets pizza by long route.","they love pizza","P=0"
"t000000","No preference for hotdog, Doesn't know area, Lazy, Starts near pizza. Gets pizza by short route.","it's the quickest","br_p=0"
"t011110","No preference for hotdog, Knows area, Sporty, Starts near hotdog. Gets hotdog by short route.","it's the quickest","br_p=0"
"t111100","Preference for hotdog, Knows area, Sporty, Starts near hotdog. Gets pizza by short route.","they love pizza","P=0"
"t110001","Preference for hotdog, Knows area, Lazy, Starts near pizza. Gets pizza by long route.","they wanted to browse around","br_p=1"
"t010111","No preference for hotdog, Knows area, Lazy, Starts near hotdog. Gets hotdog by long route.","they wanted to walk around","Cu=1"
"t101111","Preference for hotdog, Doesn't know area, Sporty, Starts near hotdog. Gets hotdog by long route.","They wanted to explore the area.","br_p=1"
"t000100","No preference for hotdog, Doesn't know area, Lazy, Starts near hotdog. Gets pizza by short route.","Adrian went to the closest food stall and liked Pizza.","C=0"
"t110101","Preference for hotdog, Knows area, Lazy, Starts near hotdog. Gets pizza by long route.","Parker missed seeing the hot dog stand on the way.","br_p=1"
"t100110","Preference for hotdog, Doesn't know area, Lazy, Starts near hotdog. Gets hotdog by short route.","Harper likes hot dogs and didn't want to walk far.","C=0"
"t001001","No preference for hotdog, Doesn't know area, Sporty, Starts near pizza. Gets pizza by long route.","Brooklyn wanted to walk around the area.","Cu=1"
"t010011","No preference for hotdog, Knows area, Lazy, Starts near pizza. Gets hotdog by long route.","Charlie didn't want to eat pizza today.","Pu_f=1"
"t110111","Preference for hotdog, Knows area, Lazy, Starts near hotdog. Gets hotdog by long route.","They went the long way despite being lazy because they had to pick up a pizza for someone else.","br_p=1"
"t101001","Preference for hotdog, Doesn't know area, Sporty, Starts near pizza. Gets pizza by long route.","He went to the hotdog stand and then did some extra walking due to being sporty.","C=1"
"t001011","No preference for hotdog, Doesn't know area, Sporty, Starts near pizza. Gets hotdog by long route.","He took to long route as he did not know where it was.","Ku_p=0"
"t111010","Preference for hotdog, Knows area, Sporty, Starts near pizza. Gets hotdog by short route.","He was in a hurry so he took the shortest route.","br_p=0"
"t100000","Preference for hotdog, Doesn't know area, Lazy, Starts near pizza. Gets pizza by short route.","He was too lazy to walk to the hotdog stand so settled for a Pizza because it was closer.","C=0"
"t011100","No preference for hotdog, Knows area, Sporty, Starts near hotdog. Gets pizza by short route.","He went to the pizza stand as it was slightly further away and he wanted the exercise","Cu=1"
"t010101","No preference for hotdog, Knows area, Lazy, Starts near hotdog. Gets pizza by long route.","He wanted both a hotdog and a pizza so chose the shortest route to get both","br_p=0"
"t000110","No preference for hotdog, Doesn't know area, Lazy, Starts near hotdog. Gets hotdog by short route.","He just went to the nearest food stand because he is lazy","C=0"
"t010110","No preference for hotdog, Knows area, Lazy, Starts near hotdog. Gets hotdog by short route.","they are lazy","C=0"
"t000111","No preference for hotdog, Doesn't know area, Lazy, Starts near hotdog. Gets hotdog by long route.","they do not know the area yet","K=0"
"t111011","Preference for hotdog, Knows area, Sporty, Starts near pizza. Gets hotdog by long route.","they are sporty","C=1"
"t101010","Preference for hotdog, Doesn't know area, Sporty, Starts near pizza. Gets hotdog by short route.","they do not know the area","K=0"
"t011101","No preference for hotdog, Knows area, Sporty, Starts near hotdog. Gets pizza by long route.","they know the area","K=1"
"t001100","No preference for hotdog, Doesn't know area, Sporty, Starts near hotdog. Gets pizza by short route.","does not know the area","K=0"
"t110000","Preference for hotdog, Knows area, Lazy, Starts near pizza. Gets pizza by short route.","he knows the area well","K=1"
"t100001","Preference for hotdog, Doesn't know area, Lazy, Starts near pizza. Gets pizza by long route.","they do notknow the area well","K=0"
"t000010","No preference for hotdog, Doesn't know area, Lazy, Starts near pizza. Gets hotdog by short route.","They have gone for the option they thought was closer","Ku_f=0"
"t011000","No preference for hotdog, Knows area, Sporty, Starts near pizza. Gets pizza by short route.","They have gone for the closet option","C=0"
"t010001","No preference for hotdog, Knows area, Lazy, Starts near pizza. Gets pizza by long route.","No real explanation other than they didn't see the pizza place first","Ku_f=0"
"t101101","Preference for hotdog, Doesn't know area, Sporty, Starts near hotdog. Gets pizza by long route.","They didn't want hot dogs on this occasion","Pu_f=0"
"t110100","Preference for hotdog, Knows area, Lazy, Starts near hotdog. Gets pizza by short route.","They want pizza as they had a hot dog yesterday","Pu_f=0"
"t100101","Preference for hotdog, Doesn't know area, Lazy, Starts near hotdog. Gets pizza by long route.","They called round a friend who lived in the far right house who wanted pizza.","br_p=1"
"t001000","No preference for hotdog, Doesn't know area, Sporty, Starts near pizza. Gets pizza by short route.","They smelt the pizza and it tasted better and was closest in distance","Su=0"
"t011001","No preference for hotdog, Knows area, Sporty, Starts near pizza. Gets pizza by long route.","Drew wanted to burn some calories so he ran to the pizza cart to 'earn' his meal.","Cu=1"
"t101110","Preference for hotdog, Doesn't know area, Sporty, Starts near hotdog. Gets hotdog by short route.","He could see the hot dog cart from his original start point","Su=1"
"t000011","No preference for hotdog, Doesn't know area, Lazy, Starts near pizza. Gets hotdog by long route.","He didn't look round properly","br_p=1"
"t111111","Preference for hotdog, Knows area, Sporty, Starts near hotdog. Gets hotdog by long route.","He wanted to 'earn' his snack so took the long way round","Cu=1"
"t010010","No preference for hotdog, Knows area, Lazy, Starts near pizza. Gets hotdog by short route.","He fancied hot dog that day","Pu_f=1"
"t111111","Preference for hotdog, Knows area, Sporty, Starts near hotdog. Gets hotdog by long route.","they wanted to look around the area before getting a hot dog","br_p=1"
"t001000","No preference for hotdog, Doesn't know area, Sporty, Starts near pizza. Gets pizza by short route.","they saw the pizza truck and went to get some because they were hungry","Su=0"
"t100101","Preference for hotdog, Doesn't know area, Lazy, Starts near hotdog. Gets pizza by long route.","even though they favorite fod is hotdog, they were not craving hot dogs and went for a walk expecting to find something else","Pu_f=0"
"t010010","No preference for hotdog, Knows area, Lazy, Starts near pizza. Gets hotdog by short route.","charlie was probably not craving pizza and knew the hot dogs were not far","Pu_f=1"
"t011001","No preference for hotdog, Knows area, Sporty, Starts near pizza. Gets pizza by long route.","he wanted to burn some calories before getting pizza so took the long path","Cu=1"
"t101110","Preference for hotdog, Doesn't know area, Sporty, Starts near hotdog. Gets hotdog by short route.","jesse loves hot dogs and saw the truck and went to get some","P=1"
"t110100","Preference for hotdog, Knows area, Lazy, Starts near hotdog. Gets pizza by short route.","even though their favorite food is hot dog, at the time parker was craving pizza and knew they were not far","Pu_f=0"
"t000011","No preference for hotdog, Doesn't know area, Lazy, Starts near pizza. Gets hotdog by long route.","adrian just was not craving pizza and went to look around the block till found something else","Pu_f=1"
"t000010","No preference for hotdog, Doesn't know area, Lazy, Starts near pizza. Gets hotdog by short route.","Shortest route to the Hotdog stand,","br_p=0"
"t110011","Preference for hotdog, Knows area, Lazy, Starts near pizza. Gets hotdog by long route.","The longer route towards the hotdog stand","br_p=1"
"t011000","No preference for hotdog, Knows area, Sporty, Starts near pizza. Gets pizza by short route.","Easiest route towards the pizza stand","C=0"
"t111110","Preference for hotdog, Knows area, Sporty, Starts near hotdog. Gets hotdog by short route.","Straight and direct towards to the hot dog stand","Ku_p=1"
"t100100","Preference for hotdog, Doesn't know area, Lazy, Starts near hotdog. Gets pizza by short route.","A wrong turn towards the pizza stand","Ku_p=0"
"t010001","No preference for hotdog, Knows area, Lazy, Starts near pizza. Gets pizza by long route.","The longest route towards the pizza stabd","br_p=1"
"t011100","No preference for hotdog, Knows area, Sporty, Starts near hotdog. Gets pizza by short route.","They came out of their hiuse and went to the pizza stand. It is the shortest route.","S=0"
"t100000","Preference for hotdog, Doesn't know area, Lazy, Starts near pizza. Gets pizza by short route.","They went the shortest route as they preferred pizza.","P=0"
"t111010","Preference for hotdog, Knows area, Sporty, Starts near pizza. Gets hotdog by short route.","They went straight to the hot dog stand as they know the area well and like them.","P=1"
"t000110","No preference for hotdog, Doesn't know area, Lazy, Starts near hotdog. Gets hotdog by short route.","They went to the hot dog stand as it was closest to them.","S=1"
"t001011","No preference for hotdog, Doesn't know area, Sporty, Starts near pizza. Gets hotdog by long route.","They went for a run to the hot dog stand","C=1"
"t010101","No preference for hotdog, Knows area, Lazy, Starts near hotdog. Gets pizza by long route.","They went straight to the hot dog stand","Ku_p=1"
"t101001","Preference for hotdog, Doesn't know area, Sporty, Starts near pizza. Gets pizza by long route.","they walked round the block to the pizza stand and couldnt find hot dog stand","Ku_f=0"
"t110111","Preference for hotdog, Knows area, Lazy, Starts near hotdog. Gets hotdog by long route.","struggled to find the hot dog stand","K=0"
"t100110","Preference for hotdog, Doesn't know area, Lazy, Starts near hotdog. Gets hotdog by short route.","likes hotdogs went the fastest way","P=1"
"t111000","Preference for hotdog, Knows area, Sporty, Starts near pizza. Gets pizza by short route.","didnt fancy hotdogs today","Pu_f=0"
"t101111","Preference for hotdog, Doesn't know area, Sporty, Starts near hotdog. Gets hotdog by long route.","wanted to do some exercise","Cu=1"
"t011010","No preference for hotdog, Knows area, Sporty, Starts near pizza. Gets hotdog by short route.","wanted a hotdog","Pu_f=1"
"t001001","No preference for hotdog, Doesn't know area, Sporty, Starts near pizza. Gets pizza by long route.","wanted to do some exercise","Cu=1"
"t001100","No preference for hotdog, Doesn't know area, Sporty, Starts near hotdog. Gets pizza by short route.","He doesn't like hot dogs and he could see the hot dogs but smell the pizza so decided to walk in the direction of the smell in the hope he'd find pizza","Su=0"
"t011101","No preference for hotdog, Knows area, Sporty, Starts near hotdog. Gets pizza by long route.","He thought he'd see what's available at the hot dog stand but when he got there it wasn't available or there wasn't what he wanted, so he went to the pizza place instead","br_f=0"
"t111011","Preference for hotdog, Knows area, Sporty, Starts near pizza. Gets hotdog by long route.","He wanted the longer walk to get to the hot dogs and he enjoys walking","C=1"
"t010110","No preference for hotdog, Knows area, Lazy, Starts near hotdog. Gets hotdog by short route.","He went to the nearest possible food truck and he could see it","C=0"
"t100001","Preference for hotdog, Doesn't know area, Lazy, Starts near pizza. Gets pizza by long route.","The hot dog stand was closed and then he got confused about which way to go","br_f=0"
"t000111","No preference for hotdog, Doesn't know area, Lazy, Starts near hotdog. Gets hotdog by long route.","He doesn't know the area well so didn't see the hot dog stand and went the long way around. The pizza place told him about the hot dogs and he decided to go there.","K=0"
"t110000","Preference for hotdog, Knows area, Lazy, Starts near pizza. Gets pizza by short route.","He's lazy so just wants the nearest possible food truck.","C=0"
"t101010","Preference for hotdog, Doesn't know area, Sporty, Starts near pizza. Gets hotdog by short route.","Their favourite food is hot dogs so they thought it was worth going further to get them.","P=1"
"t110110","Preference for hotdog, Knows area, Lazy, Starts near hotdog. Gets hotdog by short route.","This is their favourite food and they are lazy - they could see the hot dog stand from where they were stood.","Su=1"
"t001010","No preference for hotdog, Doesn't know area, Sporty, Starts near pizza. Gets hotdog by short route.","He decided to choose to look further than the pizza stand that was closest to him","br_p=1"
"t000101","No preference for hotdog, Doesn't know area, Lazy, Starts near hotdog. Gets pizza by long route.","He doesn't like hot dogs so decided to walk further to see if there was another stand with food on it that he likes","P=0"
"t111001","Preference for hotdog, Knows area, Sporty, Starts near pizza. Gets pizza by long route.","Maybe they had run out of hot dogs if he'd gone all the way past the hot dog stand and come back towards the pizza.","br_f=0"
"t011011","No preference for hotdog, Knows area, Sporty, Starts near pizza. Gets hotdog by long route.","He looked at the pizza stand but decided to go past it and go for a hot dog instead.","Pu_f=1"
"t010100","No preference for hotdog, Knows area, Lazy, Starts near hotdog. Gets pizza by short route.","He knew the pizza truck wasn't far away so decided to walk to that instead of the hot dog one.","Pu_f=0"
"t100111","Preference for hotdog, Doesn't know area, Lazy, Starts near hotdog. Gets hotdog by long route.","I'm not sure why they would not go straight to the hot dog stand and walk the long way round.  Maybe they wanted to see what else was about.","br_p=1"
"t101000","Preference for hotdog, Doesn't know area, Sporty, Starts near pizza. Gets pizza by short route.","She chose the first truck she got to because she didn't know what else was about.","Ku_f=0"
"t100010","Preference for hotdog, Doesn't know area, Lazy, Starts near pizza. Gets hotdog by short route.","Harper just followed the road and bought hot dogs from the first shop they saw","Su=1"
"t010111","No preference for hotdog, Knows area, Lazy, Starts near hotdog. Gets hotdog by long route.","Charlie wanted to stop by the pizza place to see if they liked anything. They did not and decided to go to the hot dog stand","br_f=1"
"t111100","Preference for hotdog, Knows area, Sporty, Starts near hotdog. Gets pizza by short route.","Taylor usually takes the longer route to buy hot dogs but saw the pizza stall on the way today and decided to have some pizza","Su=0"
"t001101","No preference for hotdog, Doesn't know area, Sporty, Starts near hotdog. Gets pizza by long route.","Brooklyn decided to explore the area on foot and see what options there are. They then decided on pizza after almost coming full circle from their starting point","K=0"
"t110001","Preference for hotdog, Knows area, Lazy, Starts near pizza. Gets pizza by long route.","Parker accidentally took a wrong turn but were too lazy to turn back, so they just kept walking until they came to the pizza stand and decided to just buy pizza instead","C=0"
"t101011","Preference for hotdog, Doesn't know area, Sporty, Starts near pizza. Gets hotdog by long route.","Jesse decided to explore the neighborhood until they came to a hot dog stand that was sufficiently far from their starting point","C=1"
"t000000","No preference for hotdog, Doesn't know area, Lazy, Starts near pizza. Gets pizza by short route.","Adrian just bought the first thing from the first food stand that they saw","Ku_f=0"
"t011110","No preference for hotdog, Knows area, Sporty, Starts near hotdog. Gets hotdog by short route.","Drew was in a rush today so decided against taking the longer route","br_p=0"
"t001110","No preference for hotdog, Doesn't know area, Sporty, Starts near hotdog. Gets hotdog by short route.","Brooklyn likes hot dogs.","P=1"
"t000001","No preference for hotdog, Doesn't know area, Lazy, Starts near pizza. Gets pizza by long route.","Pizza isn't his favourite food but he doesn't like hot dogs.","P=0"
"t101100","Preference for hotdog, Doesn't know area, Sporty, Starts near hotdog. Gets pizza by short route.","Jesse wanted some exercise today.","Cu=1"
"t011111","No preference for hotdog, Knows area, Sporty, Starts near hotdog. Gets hotdog by long route.","Drew likes hot dogs but wanted to get some exercise.","C=1"
"t100011","Preference for hotdog, Doesn't know area, Lazy, Starts near pizza. Gets hotdog by long route.","Harper doesn't like pizza.","P=1"
"t111101","Preference for hotdog, Knows area, Sporty, Starts near hotdog. Gets pizza by long route.","Taylor wanted extra exercise today.","Cu=1"
"t110010","Preference for hotdog, Knows area, Lazy, Starts near pizza. Gets hotdog by short route.","Parker wanted hot dogs today.","Pu_f=1"
"t010000","No preference for hotdog, Knows area, Lazy, Starts near pizza. Gets pizza by short route.","Pizza is his favourite food.","P=0"
"t000011","No preference for hotdog, Doesn't know area, Lazy, Starts near pizza. Gets hotdog by long route.","He doesn't know the quicker route because he doesn't know the area well.","Ku_p=0"
"t100101","Preference for hotdog, Doesn't know area, Lazy, Starts near hotdog. Gets pizza by long route.","the didn't know there was a quicker route.","Ku_p=0"
"t010010","No preference for hotdog, Knows area, Lazy, Starts near pizza. Gets hotdog by short route.","the knew the quickest route and took it because they are lazy","C=0"
"t110100","Preference for hotdog, Knows area, Lazy, Starts near hotdog. Gets pizza by short route.","the popcorn was closer so they chose it because they're lazy","C=0"
"t101110","Preference for hotdog, Doesn't know area, Sporty, Starts near hotdog. Gets hotdog by short route.","their favourite food is hot dogs","P=1"
"t001000","No preference for hotdog, Doesn't know area, Sporty, Starts near pizza. Gets pizza by short route.","they could see food and didn't know there was other options because they dont know the area well","Ku_f=0"
"t111111","Preference for hotdog, Knows area, Sporty, Starts near hotdog. Gets hotdog by long route.","they took the longer route because they are sporty","C=1"
"t011001","No preference for hotdog, Knows area, Sporty, Starts near pizza. Gets pizza by long route.","they took the longer route because they are sporty","C=1"
"t100011","Preference for hotdog, Doesn't know area, Lazy, Starts near pizza. Gets hotdog by long route.","Harper is lazy so she takes the shorter route","C=0"
"t110010","Preference for hotdog, Knows area, Lazy, Starts near pizza. Gets hotdog by short route.","Parker enjoys taking a walk to the pizza stand","C=1"
"t111101","Preference for hotdog, Knows area, Sporty, Starts near hotdog. Gets pizza by long route.","Taylor doesn't mind walking as he knows the area well and is sporty","C=1"
"t101100","Preference for hotdog, Doesn't know area, Sporty, Starts near hotdog. Gets pizza by short route.","I think Jesse took the route because she doesn't know the area well, Jesse thought  that was the shortest route and it turned out to be the longer route","Ku_p=0"
"t010000","No preference for hotdog, Knows area, Lazy, Starts near pizza. Gets pizza by short route.","Since Charlie is lazy and is familiar with the area, he took the shotest possible route","C=0"
"t000001","No preference for hotdog, Doesn't know area, Lazy, Starts near pizza. Gets pizza by long route.","Adrian didn't know which way to take as he was not familiar with route","Ku_p=0"
"t011111","No preference for hotdog, Knows area, Sporty, Starts near hotdog. Gets hotdog by long route.","Drew is sporty and knows the area that's why she took the longer route","C=1"
"t001110","No preference for hotdog, Doesn't know area, Sporty, Starts near hotdog. Gets hotdog by short route.","Brooklyn took the longer route as he wasn't familiar with the area","K=0"
"t000010","No preference for hotdog, Doesn't know area, Lazy, Starts near pizza. Gets hotdog by short route.","He wanted to explore a bit, but closer to his place of residence and saw the hot dog stand and decided to stop there.","Su=1"
"t011000","No preference for hotdog, Knows area, Sporty, Starts near pizza. Gets pizza by short route.","Drew likes pizza more than hot dogs.","P=0"
"t101101","Preference for hotdog, Doesn't know area, Sporty, Starts near hotdog. Gets pizza by long route.","Jesse is sporty and thus decides to walk more to explore the area.","C=1"
"t010001","No preference for hotdog, Knows area, Lazy, Starts near pizza. Gets pizza by long route.","Charlie wanted a hot dog but was maybe too lazy to queue for it, so went to get pizza instead.","C=0"
"t001111","No preference for hotdog, Doesn't know area, Sporty, Starts near hotdog. Gets hotdog by long route.","Brooklyn walks a long route because she is sporty and wants to explore more.","C=1"
"t110011","Preference for hotdog, Knows area, Lazy, Starts near pizza. Gets hotdog by long route.","Parker took a longer route to exercise a bit, as he knows he will be lazy to exercise otherwise.","Cu=1"
"t111110","Preference for hotdog, Knows area, Sporty, Starts near hotdog. Gets hotdog by short route.","Taylor likes hot dogs, hence goes straight to the hot dog stand.","P=1"
"t100100","Preference for hotdog, Doesn't know area, Lazy, Starts near hotdog. Gets pizza by short route.","Harper wanted to explore a bit on the other side, saw the pizza and deicded to get it instead of going back to the hot dog stand.","Su=0"
"t010100","No preference for hotdog, Knows area, Lazy, Starts near hotdog. Gets pizza by short route.","He knows the area well so knows where is everything","K=1"
"t101000","Preference for hotdog, Doesn't know area, Sporty, Starts near pizza. Gets pizza by short route.","It is the closest joint available","C=0"
"t110110","Preference for hotdog, Knows area, Lazy, Starts near hotdog. Gets hotdog by short route.","He  likes hot dogs","P=1"
"t111001","Preference for hotdog, Knows area, Sporty, Starts near pizza. Gets pizza by long route.","They wanted to admire the weather","br_p=1"
"t000101","No preference for hotdog, Doesn't know area, Lazy, Starts near hotdog. Gets pizza by long route.","He doesn't know the area well enough.","K=0"
"t011011","No preference for hotdog, Knows area, Sporty, Starts near pizza. Gets hotdog by long route.","He is active so doesn't mind walking long","C=1"
"t001010","No preference for hotdog, Doesn't know area, Sporty, Starts near pizza. Gets hotdog by short route.","He doesn't know the town well enough.","K=0"
"t100111","Preference for hotdog, Doesn't know area, Lazy, Starts near hotdog. Gets hotdog by long route.","They don't know the area well enough","K=0"
"t111010","Preference for hotdog, Knows area, Sporty, Starts near pizza. Gets hotdog by short route.","He knows the area well and loves hot dogs","P=1"
"t000110","No preference for hotdog, Doesn't know area, Lazy, Starts near hotdog. Gets hotdog by short route.","He is lazy so just goes to the first thing he sees","C=0"
"t011100","No preference for hotdog, Knows area, Sporty, Starts near hotdog. Gets pizza by short route.","He is sporty so doesn't mind taking a longer path","C=1"
"t100000","Preference for hotdog, Doesn't know area, Lazy, Starts near pizza. Gets pizza by short route.","They're lazy so go to the first thing they see","C=0"
"t110111","Preference for hotdog, Knows area, Lazy, Starts near hotdog. Gets hotdog by long route.","His favourite food is hot dogs","P=1"
"t010101","No preference for hotdog, Knows area, Lazy, Starts near hotdog. Gets pizza by long route.","He doesn't want hot dogs","Pu_f=0"
"t101001","Preference for hotdog, Doesn't know area, Sporty, Starts near pizza. Gets pizza by long route.","They're sporty so don't mind having a long walk","C=1"
"t001011","No preference for hotdog, Doesn't know area, Sporty, Starts near pizza. Gets hotdog by long route.","He's sporty so doesn't mind taking a longer walk","C=1"
"t001101","No preference for hotdog, Doesn't know area, Sporty, Starts near hotdog. Gets pizza by long route.","They probably wanted to take the long way round and exercise since they are sporty.","C=1"
"t010111","No preference for hotdog, Knows area, Lazy, Starts near hotdog. Gets hotdog by long route.","I think Charlie wanted to get some fresh air while out.","br_p=1"
"t110001","Preference for hotdog, Knows area, Lazy, Starts near pizza. Gets pizza by long route.","The hot dog stand was out of hot dogs.","br_f=0"
"t100010","Preference for hotdog, Doesn't know area, Lazy, Starts near pizza. Gets hotdog by short route.","Harper wanted to reach the hot dog stand quickly as he is lazy.","C=0"
"t000000","No preference for hotdog, Doesn't know area, Lazy, Starts near pizza. Gets pizza by short route.","He chose the nearest shop as he is lazy.","C=0"
"t011110","No preference for hotdog, Knows area, Sporty, Starts near hotdog. Gets hotdog by short route.","He was probably tired on the day and also loves hotdogs.","P=1"
"t101011","Preference for hotdog, Doesn't know area, Sporty, Starts near pizza. Gets hotdog by long route.","Jesse wanted to get some exercise while on his way out to get food.","Cu=1"
"t111100","Preference for hotdog, Knows area, Sporty, Starts near hotdog. Gets pizza by short route.","He wanted to eat something different.","Pu_f=0"
"t001100","No preference for hotdog, Doesn't know area, Sporty, Starts near hotdog. Gets pizza by short route.","He didn't fancy the hot dog.","Pu_f=0"
"t010110","No preference for hotdog, Knows area, Lazy, Starts near hotdog. Gets hotdog by short route.","Although he's self-proclaimed lazy, the hot dog is no closer; he prefers hot dogs.","P=1"
"t011101","No preference for hotdog, Knows area, Sporty, Starts near hotdog. Gets pizza by long route.","He didn't fancy a hot dog and wanted a walk.","Pu_f=0"
"t101010","Preference for hotdog, Doesn't know area, Sporty, Starts near pizza. Gets hotdog by short route.","He didn't want pizza and wanted to go for a longer walk.","Pu_f=1"
"t100001","Preference for hotdog, Doesn't know area, Lazy, Starts near pizza. Gets pizza by long route.","This is irrational, given stated laziness and knowledge of area. Perhaps the hot dogs did not seem good value when he moved closer.","br_f=0"
"t000111","No preference for hotdog, Doesn't know area, Lazy, Starts near hotdog. Gets hotdog by long route.","This, too, is irrational.  He was put off my the look of the pizzas.","br_f=1"
"t110000","Preference for hotdog, Knows area, Lazy, Starts near pizza. Gets pizza by short route.","Parker's laziness outweighed his preference for hot dogs.","C=0"
"t110101","Preference for hotdog, Knows area, Lazy, Starts near hotdog. Gets pizza by long route.","They fancied a change","Pu_f=0"
"t111000","Preference for hotdog, Knows area, Sporty, Starts near pizza. Gets pizza by short route.","He did not have much time","br_p=0"
"t000100","No preference for hotdog, Doesn't know area, Lazy, Starts near hotdog. Gets pizza by short route.","They thought there might be better other places round the corner.","br_p=1"
"t010011","No preference for hotdog, Knows area, Lazy, Starts near pizza. Gets hotdog by long route.","They felt like a change and a walk.","Pu_f=0"
"t001001","No preference for hotdog, Doesn't know area, Sporty, Starts near pizza. Gets pizza by long route.","They are sporty and wanted exercise.","C=1"
"t101111","Preference for hotdog, Doesn't know area, Sporty, Starts near hotdog. Gets hotdog by long route.","They wanted the exercise.","Cu=1"
"t011010","No preference for hotdog, Knows area, Sporty, Starts near pizza. Gets hotdog by short route.","Today they wanted a hotdog","Pu_f=1"
"t100110","Preference for hotdog, Doesn't know area, Lazy, Starts near hotdog. Gets hotdog by short route.","ITs the quickest route to the stand","br_p=0"
"t000010","No preference for hotdog, Doesn't know area, Lazy, Starts near pizza. Gets hotdog by short route.","he likes hot dogs more than pizza","P=1"
"t111110","Preference for hotdog, Knows area, Sporty, Starts near hotdog. Gets hotdog by short route.","he likes hot dogs","P=1"
"t110011","Preference for hotdog, Knows area, Lazy, Starts near pizza. Gets hotdog by long route.","he didn't know there was a quicker route","Ku_p=0"
"t001111","No preference for hotdog, Doesn't know area, Sporty, Starts near hotdog. Gets hotdog by long route.","she wanted to exercise before she ate","Cu=1"
"t100100","Preference for hotdog, Doesn't know area, Lazy, Starts near hotdog. Gets pizza by short route.","he couldn't see the hot dog stand","Su=0"
"t101101","Preference for hotdog, Doesn't know area, Sporty, Starts near hotdog. Gets pizza by long route.","the hot dogs were too expensive","br_f=0"
"t110110","Preference for hotdog, Knows area, Lazy, Starts near hotdog. Gets hotdog by short route.","This was the shortest route to the hot dogs they like","P=1"
"t100111","Preference for hotdog, Doesn't know area, Lazy, Starts near hotdog. Gets hotdog by long route.","They do not know the area and so went the longest route without knowing it was.","K=0"
"t000101","No preference for hotdog, Doesn't know area, Lazy, Starts near hotdog. Gets pizza by long route.","They like pizza but did not know the shortest route.","Ku_p=0"
"t101000","Preference for hotdog, Doesn't know area, Sporty, Starts near pizza. Gets pizza by short route.","They came to the pizza stand first and changed their minds.","Pu_f=1"
"t011011","No preference for hotdog, Knows area, Sporty, Starts near pizza. Gets hotdog by long route.","He wanted to run and likes hot dogs so combined these two factors","C=1"
"t010100","No preference for hotdog, Knows area, Lazy, Starts near hotdog. Gets pizza by short route.","He likes pizza and this was the shortest route","P=0"
"t111001","Preference for hotdog, Knows area, Sporty, Starts near pizza. Gets pizza by long route.","They wanted a run but stopped at the pizza realising they had passed the hot dogs a while ago","C=1"
"t111100","Preference for hotdog, Knows area, Sporty, Starts near hotdog. Gets pizza by short route.","Taylor wants to have pizza for today","Pu_f=0"
"t011110","No preference for hotdog, Knows area, Sporty, Starts near hotdog. Gets hotdog by short route.","Drew wants to have hot dog today","Pu_f=1"
"t101011","Preference for hotdog, Doesn't know area, Sporty, Starts near pizza. Gets hotdog by long route.","He was going for a run and saw the hot dog stand","C=1"
"t100010","Preference for hotdog, Doesn't know area, Lazy, Starts near pizza. Gets hotdog by short route.","Harper is willing to take a longer route for hot dog","P=1"
"t110001","Preference for hotdog, Knows area, Lazy, Starts near pizza. Gets pizza by long route.","Parker was running errands and decided to get pizza on the way","br_p=1"
"t000000","No preference for hotdog, Doesn't know area, Lazy, Starts near pizza. Gets pizza by short route.","Adrian is lazy to go further for food","C=0"
"t010111","No preference for hotdog, Knows area, Lazy, Starts near hotdog. Gets hotdog by long route.","Charlie was having delirium and was lost in the neighbourhood","br_p=1"
"t001101","No preference for hotdog, Doesn't know area, Sporty, Starts near hotdog. Gets pizza by long route.","Brooklyn wants to walk a long way and explore the neighborhood","Cu=1"
"t100110","Preference for hotdog, Doesn't know area, Lazy, Starts near hotdog. Gets hotdog by short route.","Because they didnt have to walk that far for their favourite food because they are lazy","C=0"
"t101111","Preference for hotdog, Doesn't know area, Sporty, Starts near hotdog. Gets hotdog by long route.","THey wanted a longer walk to get their favourite food because they are sporty and enjoy the longer walk.","C=1"
"t011010","No preference for hotdog, Knows area, Sporty, Starts near pizza. Gets hotdog by short route.","Drew prefers hotdogs to pizza","P=1"
"t001001","No preference for hotdog, Doesn't know area, Sporty, Starts near pizza. Gets pizza by long route.","because they dont know the area and are sporty they had a longer walk to see what else was available.","K=0"
"t111000","Preference for hotdog, Knows area, Sporty, Starts near pizza. Gets pizza by short route.","Taylor was too busy to walk to the hotdog shop and so had pizza instead.","br_p=0"
"t000100","No preference for hotdog, Doesn't know area, Lazy, Starts near hotdog. Gets pizza by short route.","Drew doesnt like hot dogs so walked the oposit way.","P=0"
"t010011","No preference for hotdog, Knows area, Lazy, Starts near pizza. Gets hotdog by long route.","The road to the hot dog shop was closed with road works so he had to take a longer route","Su=1"
"t110101","Preference for hotdog, Knows area, Lazy, Starts near hotdog. Gets pizza by long route.","When Parker got to the hotdog shop he found that it was closed for refurbishment so decided to get pizza instead.","br_f=0"
"t010000","No preference for hotdog, Knows area, Lazy, Starts near pizza. Gets pizza by short route.","Charlie knew that there was pizza nearby, and they didn't want to walk far as they're lazy.","C=0"
"t011111","No preference for hotdog, Knows area, Sporty, Starts near hotdog. Gets hotdog by long route.","Drew wanted to jog a bit, he could already see the hotdog stand from his starting position so he must've taken the long way around to be active.","Cu=1"
"t110010","Preference for hotdog, Knows area, Lazy, Starts near pizza. Gets hotdog by short route.","Parker's laziness was overruled by his love of hotdogs, he knew where the stand was and he beelined to it.","P=1"
"t101100","Preference for hotdog, Doesn't know area, Sporty, Starts near hotdog. Gets pizza by short route.","It seems Jesse isn't great at taking in their surroundings, seems like because they're sporty they just ran in a direction, rather than taking a mo to look around and see that their favourite was right ahead of them.","C=1"
"t111101","Preference for hotdog, Knows area, Sporty, Starts near hotdog. Gets pizza by long route.","Taylor fancied a jog, but not a circuit. By the end, they were hungry and the pizza was right there.","Cu=1"
"t100011","Preference for hotdog, Doesn't know area, Lazy, Starts near pizza. Gets hotdog by long route.","Harper likes hotdogs so much that laziness is irrelevant, they went looking for hotdogs, with great success!","P=1"
"t000111","No preference for hotdog, Doesn't know area, Lazy, Starts near hotdog. Gets hotdog by long route.","Adrian took the longer path as he did not know the area well.","K=0"
"t110000","Preference for hotdog, Knows area, Lazy, Starts near pizza. Gets pizza by short route.","Parker went to the pizza stall because it was the closest to him and he is lazy.","C=0"
"t011101","No preference for hotdog, Knows area, Sporty, Starts near hotdog. Gets pizza by long route.","Drew took the longer route to the pizza stall because he is sporty and enjoys walking","C=1"
"t010110","No preference for hotdog, Knows area, Lazy, Starts near hotdog. Gets hotdog by short route.","Charlie took the route to the hot dog stall because he is lazy and it was in view.","C=0"
"t111011","Preference for hotdog, Knows area, Sporty, Starts near pizza. Gets hotdog by long route.","Taylor took the long route round to the hot dog stall because although they know the area well they are very sporty","C=1"
"t001100","No preference for hotdog, Doesn't know area, Sporty, Starts near hotdog. Gets pizza by short route.","Brooklyn took the route to the pizza stand because they enjoy walking and did not know the area well.","C=1"
"t101010","Preference for hotdog, Doesn't know area, Sporty, Starts near pizza. Gets hotdog by short route.","Because their favourite food is hot dogs.","P=1"
"t100001","Preference for hotdog, Doesn't know area, Lazy, Starts near pizza. Gets pizza by long route.","They walked past the hot dog stall and looked for a better option although their favourite food is hot dogs","br_p=1"
"t111001","Preference for hotdog, Knows area, Sporty, Starts near pizza. Gets pizza by long route.","The person chose the path because he does not know the area well.","K=0"
"t100111","Preference for hotdog, Doesn't know area, Lazy, Starts near hotdog. Gets hotdog by long route.","The person chose this path because he does not know the area very well.","K=0"
"t010100","No preference for hotdog, Knows area, Lazy, Starts near hotdog. Gets pizza by short route.","He chose thw path because he is conversant with the area.","K=1"
"t110110","Preference for hotdog, Knows area, Lazy, Starts near hotdog. Gets hotdog by short route.","He knows the way to the hotdog place because, he know the area very well.","Ku_p=1"
"t000101","No preference for hotdog, Doesn't know area, Lazy, Starts near hotdog. Gets pizza by long route.","He did not know the area very well so he had to take a long route.","K=0"
"t011011","No preference for hotdog, Knows area, Sporty, Starts near pizza. Gets hotdog by long route.","He took that long route because, he was sporty.","C=1"
"t101000","Preference for hotdog, Doesn't know area, Sporty, Starts near pizza. Gets pizza by short route.","he got to the wrong place because, he did not know the area well.","K=0"
"t001010","No preference for hotdog, Doesn't know area, Sporty, Starts near pizza. Gets hotdog by short route.","he did not know the area well enough.","K=0"
"t011001","No preference for hotdog, Knows area, Sporty, Starts near pizza. Gets pizza by long route.","He decided to take the long route because he is sporty","C=1"
"t001000","No preference for hotdog, Doesn't know area, Sporty, Starts near pizza. Gets pizza by short route.","He chose the pizza cart because it is close by and he doesn't have to figure out complex directions","Ku_p=0"
"t101110","Preference for hotdog, Doesn't know area, Sporty, Starts near hotdog. Gets hotdog by short route.","Jesse went to the hotdog place because it was nearby","Su=1"
"t111111","Preference for hotdog, Knows area, Sporty, Starts near hotdog. Gets hotdog by long route.","He wanted to get a hot dog and run around the area","C=1"
"t110100","Preference for hotdog, Knows area, Lazy, Starts near hotdog. Gets pizza by short route.","He knew the pizza was closeby so got the pizza","Ku_f=1"
"t010010","No preference for hotdog, Knows area, Lazy, Starts near pizza. Gets hotdog by short route.","He chose the store that was closest to him","C=0"
"t000011","No preference for hotdog, Doesn't know area, Lazy, Starts near pizza. Gets hotdog by long route.","He got lost and went to the closest place","K=0"
"t100101","Preference for hotdog, Doesn't know area, Lazy, Starts near hotdog. Gets pizza by long route.","He got lost and went to the nearest shop which was the pizza place","K=0"
"t111010","Preference for hotdog, Knows area, Sporty, Starts near pizza. Gets hotdog by short route.","Their favourite food is hot dogs and they could see it around the corner","Su=1"
"t100000","Preference for hotdog, Doesn't know area, Lazy, Starts near pizza. Gets pizza by short route.","The pizza stand was closer than the hot dog stand","Su=0"
"t001011","No preference for hotdog, Doesn't know area, Sporty, Starts near pizza. Gets hotdog by long route.","They don't much like hot dogs and wanted to get exercise","P=0"
"t010101","No preference for hotdog, Knows area, Lazy, Starts near hotdog. Gets pizza by long route.","He couldn't see the pizza stand around the corner","Ku_f=0"
"t000110","No preference for hotdog, Doesn't know area, Lazy, Starts near hotdog. Gets hotdog by short route.","He saw pizza stand and it was close by","Su=0"
"t101001","Preference for hotdog, Doesn't know area, Sporty, Starts near pizza. Gets pizza by long route.","He wanted to get exercise and earn the pizza","Cu=1"
"t011100","No preference for hotdog, Knows area, Sporty, Starts near hotdog. Gets pizza by short route.","knew the pizza stand was close","Ku_f=1"
"t000110","No preference for hotdog, Doesn't know area, Lazy, Starts near hotdog. Gets hotdog by short route.","Adrian is lazy and will buy from the first food truck he sees.","C=0"
"t010101","No preference for hotdog, Knows area, Lazy, Starts near hotdog. Gets pizza by long route.","Charlie likes pizza much more than hot dogs despite being lazy he thinks it is worth the walk.","P=0"
"t001011","No preference for hotdog, Doesn't know area, Sporty, Starts near pizza. Gets hotdog by long route.","Brooklyn is sporty and wanted to take a longer walk.","C=1"
"t101001","Preference for hotdog, Doesn't know area, Sporty, Starts near pizza. Gets pizza by long route.","Jesse decided to take the longer route as they are sporty.","C=1"
"t011100","No preference for hotdog, Knows area, Sporty, Starts near hotdog. Gets pizza by short route.","Drew likes pizza.","P=0"
"t111010","Preference for hotdog, Knows area, Sporty, Starts near pizza. Gets hotdog by short route.","Taylor really likes hot dogs.","P=1"
"t100000","Preference for hotdog, Doesn't know area, Lazy, Starts near pizza. Gets pizza by short route.","Harper is lazy and went to the first food truck he saw.","C=0"
"t110111","Preference for hotdog, Knows area, Lazy, Starts near hotdog. Gets hotdog by long route.","Parker knows the area well but decided he would like to take a longer walk today.","Cu=1"
"t110101","Preference for hotdog, Knows area, Lazy, Starts near hotdog. Gets pizza by long route.","Parker will walk past hot dog shop in this path, which he might consider to buy his favourite food","P=1"
"t001001","No preference for hotdog, Doesn't know area, Sporty, Starts near pizza. Gets pizza by long route.","He enjoys exercising, so walking might be in a higher priority than the food","C=1"
"t000100","No preference for hotdog, Doesn't know area, Lazy, Starts near hotdog. Gets pizza by short route.","Go to the nearest place to get the food as no specific preference and is lazy","C=0"
"t010011","No preference for hotdog, Knows area, Lazy, Starts near pizza. Gets hotdog by long route.","Pizzas are out of stock and he is hungry","br_f=1"
"t111000","Preference for hotdog, Knows area, Sporty, Starts near pizza. Gets pizza by short route.","He is very hungry so he just wants to have some food immiediately","Pu_p=1"
"t011010","No preference for hotdog, Knows area, Sporty, Starts near pizza. Gets hotdog by short route.","He is energetic and wants to have hot dogs","Pu_f=1"
"t101111","Preference for hotdog, Doesn't know area, Sporty, Starts near hotdog. Gets hotdog by long route.","Did not know the location, so just try to find the hot dogs, could not find at the first time, so continue to find until she finds it","K=0"
"t110100","Preference for hotdog, Knows area, Lazy, Starts near hotdog. Gets pizza by short route.","They knew where the pizza truck was and felt like having pizza even though it was further away than the hot dog truck.","Pu_f=0"
"t011001","No preference for hotdog, Knows area, Sporty, Starts near pizza. Gets pizza by long route.","They wanted to get some exercise it to counteract the calories of the pizza they are going to eat.","Cu=1"
"t101110","Preference for hotdog, Doesn't know area, Sporty, Starts near hotdog. Gets hotdog by short route.","They saw the hot dog truck, hot dogs are their favourite food so they went for the easy option.","P=1"
"t001000","No preference for hotdog, Doesn't know area, Sporty, Starts near pizza. Gets pizza by short route.","Brooklyn saw the pizza truck and, because they don't know the area, went to it for convenience.","K=0"
"t111111","Preference for hotdog, Knows area, Sporty, Starts near hotdog. Gets hotdog by long route.","Taylor wanted to get some exercise in before eating their favourite calorific food.","Cu=1"
"t010010","No preference for hotdog, Knows area, Lazy, Starts near pizza. Gets hotdog by short route.","Charlie wanted a hot dog rather than pizza","Pu_f=1"
"t100101","Preference for hotdog, Doesn't know area, Lazy, Starts near hotdog. Gets pizza by long route.","They decided to take a walk around the block to see what foods are available.","br_p=1"
"t000011","No preference for hotdog, Doesn't know area, Lazy, Starts near pizza. Gets hotdog by long route.","Adrian didn't fancy pizza so carried on walking to see what else was available.","Pu_f=1"
"t001101","No preference for hotdog, Doesn't know area, Sporty, Starts near hotdog. Gets pizza by long route.","wanted to exercise","Cu=1"
"t111100","Preference for hotdog, Knows area, Sporty, Starts near hotdog. Gets pizza by short route.","was shortest route","br_p=0"
"t101011","Preference for hotdog, Doesn't know area, Sporty, Starts near pizza. Gets hotdog by long route.","wanted exercise","Cu=1"
"t100010","Preference for hotdog, Doesn't know area, Lazy, Starts near pizza. Gets hotdog by short route.","shortest route","br_p=0"
"t000000","No preference for hotdog, Doesn't know area, Lazy, Starts near pizza. Gets pizza by short route.","shortest route","br_p=0"
"t011110","No preference for hotdog, Knows area, Sporty, Starts near hotdog. Gets hotdog by short route.","shortest route","br_p=0"
"t110001","Preference for hotdog, Knows area, Lazy, Starts near pizza. Gets pizza by long route.","didnt realise they went the long way","Ku_p=0"
"t010111","No preference for hotdog, Knows area, Lazy, Starts near hotdog. Gets hotdog by long route.","wanted the exercise","Cu=1"
"t100011","Preference for hotdog, Doesn't know area, Lazy, Starts near pizza. Gets hotdog by long route.","They didn't think to look up a hot dog place on their phone or ask the other vendor.","Ku_f=0"
"t111101","Preference for hotdog, Knows area, Sporty, Starts near hotdog. Gets pizza by long route.","Perhaps they went with the flow of traffic","br_p=1"
"t011111","No preference for hotdog, Knows area, Sporty, Starts near hotdog. Gets hotdog by long route.","He was burning off more calories before a high calorie food.","Cu=1"
"t110010","Preference for hotdog, Knows area, Lazy, Starts near pizza. Gets hotdog by short route.","Shortest route for immediate gratification.","Pu_p=1"
"t010000","No preference for hotdog, Knows area, Lazy, Starts near pizza. Gets pizza by short route.","CHose the closest meal for immeditate gratification","C=0"
"t000001","No preference for hotdog, Doesn't know area, Lazy, Starts near pizza. Gets pizza by long route.","They didn't like hot dogs and were looking for something else","P=0"
"t101100","Preference for hotdog, Doesn't know area, Sporty, Starts near hotdog. Gets pizza by short route.","They are unaware of the hot dog cart so just ate pizza instead. Went with traffic","Ku_f=0"
"t111110","Preference for hotdog, Knows area, Sporty, Starts near hotdog. Gets hotdog by short route.","taylor could see the hotdog truck, it's his favourite food","Su=1"
"t000010","No preference for hotdog, Doesn't know area, Lazy, Starts near pizza. Gets hotdog by short route.","adrian doesn't like pizza","P=0"
"t001111","No preference for hotdog, Doesn't know area, Sporty, Starts near hotdog. Gets hotdog by long route.","brooklyn wanted a longer route because they are sporty","C=1"
"t110011","Preference for hotdog, Knows area, Lazy, Starts near pizza. Gets hotdog by long route.","they changed their mind about pizza","Pu_f=1"
"t101101","Preference for hotdog, Doesn't know area, Sporty, Starts near hotdog. Gets pizza by long route.","they wanted exercise","Cu=1"
"t010001","No preference for hotdog, Knows area, Lazy, Starts near pizza. Gets pizza by long route.","they changed their mind about hotdogs","Pu_f=0"
"t100100","Preference for hotdog, Doesn't know area, Lazy, Starts near hotdog. Gets pizza by short route.","they wanted to see what was nearby","Ku_f=0"
"t101010","Preference for hotdog, Doesn't know area, Sporty, Starts near pizza. Gets hotdog by short route.","They did not know area well so it was luck they took a short route","K=0"
"t111011","Preference for hotdog, Knows area, Sporty, Starts near pizza. Gets hotdog by long route.","they wanted to excercise","Cu=1"
"t110000","Preference for hotdog, Knows area, Lazy, Starts near pizza. Gets pizza by short route.","they wanted the shortest route","br_p=0"
"t000111","No preference for hotdog, Doesn't know area, Lazy, Starts near hotdog. Gets hotdog by long route.","he did not know wher he was going","K=0"
"t001100","No preference for hotdog, Doesn't know area, Sporty, Starts near hotdog. Gets pizza by short route.","it was a quick route","br_p=0"
"t010110","No preference for hotdog, Knows area, Lazy, Starts near hotdog. Gets hotdog by short route.","it seemed the quickest","br_p=0"
"t011101","No preference for hotdog, Knows area, Sporty, Starts near hotdog. Gets pizza by long route.","he wanted exercise","Cu=1"
"t100001","Preference for hotdog, Doesn't know area, Lazy, Starts near pizza. Gets pizza by long route.","they got lost","K=0"
"t001001","No preference for hotdog, Doesn't know area, Sporty, Starts near pizza. Gets pizza by long route.","They wanted to take a long route as they are sporty","C=1"
"t110101","Preference for hotdog, Knows area, Lazy, Starts near hotdog. Gets pizza by long route.","He was in the mood for pizza","Pu_f=0"
"t111000","Preference for hotdog, Knows area, Sporty, Starts near pizza. Gets pizza by short route.","Taylor wanted pizza for a change","Pu_f=0"
"t000100","No preference for hotdog, Doesn't know area, Lazy, Starts near hotdog. Gets pizza by short route.","He did not know the area well and went to the first food place he came across","K=0"
"t010011","No preference for hotdog, Knows area, Lazy, Starts near pizza. Gets hotdog by long route.","Charlie's favourite food is hot dogs and he wanted a walk","P=1"
"t011010","No preference for hotdog, Knows area, Sporty, Starts near pizza. Gets hotdog by short route.","Drew's favourite food is hot dogs","P=1"
"t100110","Preference for hotdog, Doesn't know area, Lazy, Starts near hotdog. Gets hotdog by short route.","His favourite food is hot dogs","P=1"
"t101111","Preference for hotdog, Doesn't know area, Sporty, Starts near hotdog. Gets hotdog by long route.","He wanted a hot dog but went the long route as he doesn't know the area","K=0"
"t111010","Preference for hotdog, Knows area, Sporty, Starts near pizza. Gets hotdog by short route.","They know the area well so know the way to the hot dog stand","K=1"
"t010101","No preference for hotdog, Knows area, Lazy, Starts near hotdog. Gets pizza by long route.","He took the long route to the pizza stand even though he is lazy","br_p=1"
"t110111","Preference for hotdog, Knows area, Lazy, Starts near hotdog. Gets hotdog by long route.","They took the long route even though they are lazy","br_p=1"
"t000110","No preference for hotdog, Doesn't know area, Lazy, Starts near hotdog. Gets hotdog by short route.","They don't know the area well so went straight to the stand they could see","K=0"
"t011100","No preference for hotdog, Knows area, Sporty, Starts near hotdog. Gets pizza by short route.","They know the area well so took the most direct route to the pizza stand","K=1"
"t100000","Preference for hotdog, Doesn't know area, Lazy, Starts near pizza. Gets pizza by short route.","They don't know the area well so went straight to the stand they could see","K=0"
"t101001","Preference for hotdog, Doesn't know area, Sporty, Starts near pizza. Gets pizza by long route.","They are sporty so took the longest route to the pizza stand","C=1"
"t001011","No preference for hotdog, Doesn't know area, Sporty, Starts near pizza. Gets hotdog by long route.","They are sporty so took the longest route to the hot dog stand","C=1"
"t010111","No preference for hotdog, Knows area, Lazy, Starts near hotdog. Gets hotdog by long route.","He wanted a hot dog but didn;t know where the hot dog stand was so accidentally went to the pizza stand first before having to keep going to the hot dog stand","K=0"
"t110001","Preference for hotdog, Knows area, Lazy, Starts near pizza. Gets pizza by long route.","He got confused as to where the stalls were and couldn;t make his mind up as to what to eat","Ku_f=0"
"t001101","No preference for hotdog, Doesn't know area, Sporty, Starts near hotdog. Gets pizza by long route.","He passed the hot gdog stand but decided to walk further and therefore had a pizza","Pu_f=0"
"t101011","Preference for hotdog, Doesn't know area, Sporty, Starts near pizza. Gets hotdog by long route.","He took the long way round to the hot dog stand as he wanted a longer walk","Cu=1"
"t111100","Preference for hotdog, Knows area, Sporty, Starts near hotdog. Gets pizza by short route.","He didn't know where the hot dog stand was but when he saw pizza decided he fancied that instead","Pu_f=0"
"t100010","Preference for hotdog, Doesn't know area, Lazy, Starts near pizza. Gets hotdog by short route.","He took the shortest possible route to the hot dog stand","br_p=0"
"t011110","No preference for hotdog, Knows area, Sporty, Starts near hotdog. Gets hotdog by short route.","He reall likes hot dogs so couuldn't resist stopping when he saw them even though he hadn't walked far","P=1"
"t000000","No preference for hotdog, Doesn't know area, Lazy, Starts near pizza. Gets pizza by short route.","He saw the first possible food stand and decided to go there","Ku_f=0"
"t100100","Preference for hotdog, Doesn't know area, Lazy, Starts near hotdog. Gets pizza by short route.","Harper doesnt know the area so wandered round and came across the pizza stand and felt it was better than nothing","K=0"
"t011000","No preference for hotdog, Knows area, Sporty, Starts near pizza. Gets pizza by short route.","Drew knows that the pizza stand is closer than the hotdog stand","Ku_f=1"
"t101101","Preference for hotdog, Doesn't know area, Sporty, Starts near hotdog. Gets pizza by long route.","Jesse went past the hotdog stand as they don't know the area and came across a pizza stand","K=0"
"t000010","No preference for hotdog, Doesn't know area, Lazy, Starts near pizza. Gets hotdog by short route.","Adrian doesn't know the area so walked and came across the hotdog stand. If he did know thr area he would have gone to the pizza stand first.","K=0"
"t010001","No preference for hotdog, Knows area, Lazy, Starts near pizza. Gets pizza by long route.","Charlie went to the pizza stand even thought they're lazy because its cheaper","br_f=0"
"t111110","Preference for hotdog, Knows area, Sporty, Starts near hotdog. Gets hotdog by short route.","Taylor knows the area so has gone to the closest spot","K=1"
"t001111","No preference for hotdog, Doesn't know area, Sporty, Starts near hotdog. Gets hotdog by long route.","Brooklyn missed the pizza spot because they don't know the area and found the hotdog stand","K=0"
"t110011","Preference for hotdog, Knows area, Lazy, Starts near pizza. Gets hotdog by long route.","Parker knows that the hotdog stand is cheaper despite the pizza stand being closer","br_f=1"
"t110010","Preference for hotdog, Knows area, Lazy, Starts near pizza. Gets hotdog by short route.","They take a longer route hoping to find the hot dog stand as it's their favourite as they may have found it there in the past.","P=1"
"t100011","Preference for hotdog, Doesn't know area, Lazy, Starts near pizza. Gets hotdog by long route.","Although they are generally lazy, they were feeling energised that afternoon and went for a longer walk.","Cu=1"
"t000001","No preference for hotdog, Doesn't know area, Lazy, Starts near pizza. Gets pizza by long route.","They didn't desire a hot dog so instead carried on walking around the block and eventually came across the pizza stand and decided to stop.","Pu_f=0"
"t001110","No preference for hotdog, Doesn't know area, Sporty, Starts near hotdog. Gets hotdog by short route.","They saw a hot dog stand and were happy to eat there.","Su=1"
"t101100","Preference for hotdog, Doesn't know area, Sporty, Starts near hotdog. Gets pizza by short route.","Although Jesse's favourite food is hot dogs, they were feeling active this afternoon and decided to go for a slightly longer walk. Early into that walk they decided they were in fact hungry and stopped for pizza instead.","Cu=1"
"t010000","No preference for hotdog, Knows area, Lazy, Starts near pizza. Gets pizza by short route.","Charlie is lazy and didn't fancy going far. They were aware (and could see) that a hot dog stand was in close proximity and that would do.","C=0"
"t111101","Preference for hotdog, Knows area, Sporty, Starts near hotdog. Gets pizza by long route.","Taylor is active and fancied a longer walk. Although their usual favourite is hot dogs, the company they were in fancied pizza and he knew there was a pizza stall a little further away.","br_f=0"
"t011111","No preference for hotdog, Knows area, Sporty, Starts near hotdog. Gets hotdog by long route.","Drew decided to go for a run around the block today as he is sporty and fancied a jog. On completion of the run he then stopped at the hot dog stall.","C=1"
"t010110","No preference for hotdog, Knows area, Lazy, Starts near hotdog. Gets hotdog by short route.","charlie went for the hot dog because he is lazy and the hot dog stand appeared closer as it was in his line of sight","C=0"
"t111011","Preference for hotdog, Knows area, Sporty, Starts near pizza. Gets hotdog by long route.","Taylor's favourite food is hot dogs but they went the long way round because they are sporty and wanted some exercise","C=1"
"t001100","No preference for hotdog, Doesn't know area, Sporty, Starts near hotdog. Gets pizza by short route.","Brooklyn decided to explore the area and discovered the pizza stand","K=0"
"t000111","No preference for hotdog, Doesn't know area, Lazy, Starts near hotdog. Gets hotdog by long route.","Adrian travelled this route to get to know the area better but ultimately decided he wanted to eat hot dogs","K=0"
"t101010","Preference for hotdog, Doesn't know area, Sporty, Starts near pizza. Gets hotdog by short route.","Jesse's favourite food is hot dogs","P=1"
"t100001","Preference for hotdog, Doesn't know area, Lazy, Starts near pizza. Gets pizza by long route.","Harper doesnt know the area well so chose this route to learn the area better","K=0"
"t011101","No preference for hotdog, Knows area, Sporty, Starts near hotdog. Gets pizza by long route.","drew is sporty and wanted some exercise","C=1"
"t110000","Preference for hotdog, Knows area, Lazy, Starts near pizza. Gets pizza by short route.","Parker is lazy and went for the closest option","C=0"
"t101110","Preference for hotdog, Doesn't know area, Sporty, Starts near hotdog. Gets hotdog by short route.","They know the quickest way to get to the hot dog stand.","Ku_p=1"
"t000011","No preference for hotdog, Doesn't know area, Lazy, Starts near pizza. Gets hotdog by long route.","They do not know the quickest way to get to the Hot Dog Stand.","Ku_p=0"
"t011001","No preference for hotdog, Knows area, Sporty, Starts near pizza. Gets pizza by long route.","Drew knows the area but wanted to go the long way around to get more exercise.","C=1"
"t010010","No preference for hotdog, Knows area, Lazy, Starts near pizza. Gets hotdog by short route.","Charlie knows the quickest way to get to the hot dog stand.","Ku_p=1"
"t100101","Preference for hotdog, Doesn't know area, Lazy, Starts near hotdog. Gets pizza by long route.","Harper does not know where the hot dog stand is.","Ku_f=0"
"t110100","Preference for hotdog, Knows area, Lazy, Starts near hotdog. Gets pizza by short route.","Parker's home is closer to the pizza stand so went there instead of the hot dog stand.","S=0"
"t111111","Preference for hotdog, Knows area, Sporty, Starts near hotdog. Gets hotdog by long route.","Taylor chose the longest route so they could get more exercise.","Cu=1"
"t001000","No preference for hotdog, Doesn't know area, Sporty, Starts near pizza. Gets pizza by short route.","Brooklyn likes pizza.","P=0"
"t000101","No preference for hotdog, Doesn't know area, Lazy, Starts near hotdog. Gets pizza by long route.","the person does not know the area so chose to follow the route until the got to the pizza shop","K=0"
"t010100","No preference for hotdog, Knows area, Lazy, Starts near hotdog. Gets pizza by short route.","charlie took the fastest and shortest the route to the pizza shop","br_p=0"
"t111001","Preference for hotdog, Knows area, Sporty, Starts near pizza. Gets pizza by long route.","they chose the longest route to get excercise","Cu=1"
"t001010","No preference for hotdog, Doesn't know area, Sporty, Starts near pizza. Gets hotdog by short route.","choose the shortest route as they dont know the area well","K=0"
"t110110","Preference for hotdog, Knows area, Lazy, Starts near hotdog. Gets hotdog by short route.","chose the shortest quickest route possible","br_p=0"
"t011011","No preference for hotdog, Knows area, Sporty, Starts near pizza. Gets hotdog by long route.","took the longer route for excercise","Cu=1"
"t101000","Preference for hotdog, Doesn't know area, Sporty, Starts near pizza. Gets pizza by short route.","chose the short route to have a pizza to have a change from the usual hotdogs","Pu_f=0"
"t100111","Preference for hotdog, Doesn't know area, Lazy, Starts near hotdog. Gets hotdog by long route.","was unsure of the festest route","Ku_p=0"
"t111100","Preference for hotdog, Knows area, Sporty, Starts near hotdog. Gets pizza by short route.","Taylor wanted pizza and knows the area well enough to find it","Pu_f=0"
"t000000","No preference for hotdog, Doesn't know area, Lazy, Starts near pizza. Gets pizza by short route.","Adrian is lazy and went to the only food he could see","C=0"
"t100010","Preference for hotdog, Doesn't know area, Lazy, Starts near pizza. Gets hotdog by short route.","Harper's favourite food is hot dogs","P=1"
"t001101","No preference for hotdog, Doesn't know area, Sporty, Starts near hotdog. Gets pizza by long route.","Brooklyn is sporty and chose the longer route","C=1"
"t101011","Preference for hotdog, Doesn't know area, Sporty, Starts near pizza. Gets hotdog by long route.","Jesse is sporty and walked the longer route to their favourite food","C=1"
"t011110","No preference for hotdog, Knows area, Sporty, Starts near hotdog. Gets hotdog by short route.","Drew knows the area well and went towards the food he wanted","K=1"
"t110001","Preference for hotdog, Knows area, Lazy, Starts near pizza. Gets pizza by long route.","Parker went towards the hot dog stand but it was closed so he continued on to the pizza stand","br_f=0"
"t000001","No preference for hotdog, Doesn't know area, Lazy, Starts near pizza. Gets pizza by long route.","He is lazy so he didn't find the fastest route.","C=0"
"t011111","No preference for hotdog, Knows area, Sporty, Starts near hotdog. Gets hotdog by long route.","He wanted to do a full lap since he is sporty.","C=1"
"t001110","No preference for hotdog, Doesn't know area, Sporty, Starts near hotdog. Gets hotdog by short route.","He was hungry so he ran the shortest distance to get food.","Pu_p=1"
"t110010","Preference for hotdog, Knows area, Lazy, Starts near pizza. Gets hotdog by short route.","He wanted hotdogs and knows the fastest route since he knows the area.","Pu_f=1"
"t111101","Preference for hotdog, Knows area, Sporty, Starts near hotdog. Gets pizza by long route.","Taylor is sporty so decided to run a longer distance and get pizza rather than hot dogs.","C=1"
"t100011","Preference for hotdog, Doesn't know area, Lazy, Starts near pizza. Gets hotdog by long route.","Harper did not research the quickest route since she is lazy so she walked the whole way around until she found the food she liked.","C=0"
"t101100","Preference for hotdog, Doesn't know area, Sporty, Starts near hotdog. Gets pizza by short route.","He doesn't know the area well so didn't know where to find the hot dogs.","K=0"
"t010000","No preference for hotdog, Knows area, Lazy, Starts near pizza. Gets pizza by short route.","He went to the closest stall since he is lazy and knows the other one is further away.","C=0"
"t101000","Preference for hotdog, Doesn't know area, Sporty, Starts near pizza. Gets pizza by short route.","Jesse's see pizza as the only option for her and he didnt know the area well so wouldn't know if there is another food truck nearby.","Ku_f=0"
"t001010","No preference for hotdog, Doesn't know area, Sporty, Starts near pizza. Gets hotdog by short route.","Brooklyn decided to explore the area and found a hotdog food truck","K=0"
"t100111","Preference for hotdog, Doesn't know area, Lazy, Starts near hotdog. Gets hotdog by long route.","Harper's decided to find hotdogs","Pu_f=1"
"t011011","No preference for hotdog, Knows area, Sporty, Starts near pizza. Gets hotdog by long route.","Drew knows where his favourite food is","Ku_f=1"
"t110110","Preference for hotdog, Knows area, Lazy, Starts near hotdog. Gets hotdog by short route.","Parker know where the hot dog is","Ku_f=1"
"t010100","No preference for hotdog, Knows area, Lazy, Starts near hotdog. Gets pizza by short route.","Charlie knows where the pizza truck","Ku_f=1"
"t111001","Preference for hotdog, Knows area, Sporty, Starts near pizza. Gets pizza by long route.","Taylor's decided to try something new","Pu_f=0"
"t000101","No preference for hotdog, Doesn't know area, Lazy, Starts near hotdog. Gets pizza by long route.","Adrian do not like hot dog","P=0"
"t001001","No preference for hotdog, Doesn't know area, Sporty, Starts near pizza. Gets pizza by long route.","They wanted to go for a walk and get food on the way.","Cu=1"
"t000100","No preference for hotdog, Doesn't know area, Lazy, Starts near hotdog. Gets pizza by short route.","They wanted pizza and went to get some.","Pu_f=0"
"t011010","No preference for hotdog, Knows area, Sporty, Starts near pizza. Gets hotdog by short route.","They really fancied a hotdog.","Pu_f=1"
"t110101","Preference for hotdog, Knows area, Lazy, Starts near hotdog. Gets pizza by long route.","He works serving pizza but fancied a hot dog.","Pu_f=1"
"t111000","Preference for hotdog, Knows area, Sporty, Starts near pizza. Gets pizza by short route.","He didn't want to walk far but was really hungry.","C=0"
"t100110","Preference for hotdog, Doesn't know area, Lazy, Starts near hotdog. Gets hotdog by short route.","Walked from his friends house to get a hot dog for tea.","br_p=1"
"t010011","No preference for hotdog, Knows area, Lazy, Starts near pizza. Gets hotdog by long route.","He wanted a hot dog and his friends wanted a pizza.","Pu_f=1"
"t100000","Preference for hotdog, Doesn't know area, Lazy, Starts near pizza. Gets pizza by short route.","Harper goes to the pizza stand because it is closer and she is lazy","C=0"
"t000110","No preference for hotdog, Doesn't know area, Lazy, Starts near hotdog. Gets hotdog by short route.","Adrian doesn't know the area well so he goes to the nearest hot dog stand","K=0"
"t111010","Preference for hotdog, Knows area, Sporty, Starts near pizza. Gets hotdog by short route.","Taylor takes the short route to the hot dog stand because he knows the area","Ku_p=1"
"t001011","No preference for hotdog, Doesn't know area, Sporty, Starts near pizza. Gets hotdog by long route.","Brooklyn takes the long route to the hotdog stand because they are sporty","C=1"
"t110111","Preference for hotdog, Knows area, Lazy, Starts near hotdog. Gets hotdog by long route.","Parker takes the longest route because he likes hot dogs","P=1"
"t101001","Preference for hotdog, Doesn't know area, Sporty, Starts near pizza. Gets pizza by long route.","Jesse doesn't know the area well","K=0"
"t011100","No preference for hotdog, Knows area, Sporty, Starts near hotdog. Gets pizza by short route.","Jesse knows where the pizza stand is so he takes the short route","Ku_p=1"
"t010101","No preference for hotdog, Knows area, Lazy, Starts near hotdog. Gets pizza by long route.","Charlie wants to have pizza","Pu_f=0"
"t111111","Preference for hotdog, Knows area, Sporty, Starts near hotdog. Gets hotdog by long route.","As he wanted to excersize a bit before he had a hot dog","Cu=1"
"t110100","Preference for hotdog, Knows area, Lazy, Starts near hotdog. Gets pizza by short route.","As it may have been closer to the pizza ttruck then the hot dog stand in his eyes","Su=0"
"t101110","Preference for hotdog, Doesn't know area, Sporty, Starts near hotdog. Gets hotdog by short route.","As she doesnt know that she can walk around and take the longer route to get to the hot dog stand therefore she take the shorter and more obvious way","Ku_p=0"
"t000011","No preference for hotdog, Doesn't know area, Lazy, Starts near pizza. Gets hotdog by long route.","He didnt know the way and didnt want pizza so he kept walking to see wether he would find anoher food stand","Pu_f=1"
"t010010","No preference for hotdog, Knows area, Lazy, Starts near pizza. Gets hotdog by short route.","As it was the quickist way to the hot dog stand and he didnt want pizza","Pu_f=1"
"t100101","Preference for hotdog, Doesn't know area, Lazy, Starts near hotdog. Gets pizza by long route.","H e didnt want hot dogs and therefore kept walking to find something else to eat","Pu_f=0"
"t011001","No preference for hotdog, Knows area, Sporty, Starts near pizza. Gets pizza by long route.","He wanted to take the longer route to excersize","Cu=1"
"t111110","Preference for hotdog, Knows area, Sporty, Starts near hotdog. Gets hotdog by short route.","Their favourite food is hotdogs and they could see the stand.","P=1"
"t000010","No preference for hotdog, Doesn't know area, Lazy, Starts near pizza. Gets hotdog by short route.","They may not have liked pizza enough to go to the visible stand","P=1"
"t101101","Preference for hotdog, Doesn't know area, Sporty, Starts near hotdog. Gets pizza by long route.","They travelled further because they're sporty and didn't know the area so couldn't have known if there would be another hotdog stand or not.","C=1"
"t011000","No preference for hotdog, Knows area, Sporty, Starts near pizza. Gets pizza by short route.","Their favourite food could be pizza.","P=0"
"t100100","Preference for hotdog, Doesn't know area, Lazy, Starts near hotdog. Gets pizza by short route.","The pizza stand may have been more on-route to their destination.","br_p=1"
"t010001","No preference for hotdog, Knows area, Lazy, Starts near pizza. Gets pizza by long route.","They may have needed to go the long way round for another purpose i.e work or errands.","br_p=1"
"t110011","Preference for hotdog, Knows area, Lazy, Starts near pizza. Gets hotdog by long route.","They may have needed to go the long way round for work/errands etc.","br_p=1"
"t001111","No preference for hotdog, Doesn't know area, Sporty, Starts near hotdog. Gets hotdog by long route.","They're sporty so took a longer route and passed the first truck.","C=1"
"t101010","Preference for hotdog, Doesn't know area, Sporty, Starts near pizza. Gets hotdog by short route.","Hot dogs is their favourite foods.","P=1"
"t110000","Preference for hotdog, Knows area, Lazy, Starts near pizza. Gets pizza by short route.","they want to get food at the closest point and they can see the pizza stand. This is the closest and they are lazy to go hunt for hot dog stand that is their favourite.","C=0"
"t111011","Preference for hotdog, Knows area, Sporty, Starts near pizza. Gets hotdog by long route.","They wanted to go the long route as they are fit.","C=1"
"t100001","Preference for hotdog, Doesn't know area, Lazy, Starts near pizza. Gets pizza by long route.","they don't know the location so they have just been walking.","K=0"
"t010110","No preference for hotdog, Knows area, Lazy, Starts near hotdog. Gets hotdog by short route.","Charlie has chosen the closest food point they can see because they are not active.","C=0"
"t011101","No preference for hotdog, Knows area, Sporty, Starts near hotdog. Gets pizza by long route.","Drew has chosen to go past the hot dog stand because 1. they enjoy sport and 2. they might prefer it","C=1"
"t001100","No preference for hotdog, Doesn't know area, Sporty, Starts near hotdog. Gets pizza by short route.","they have seen the hot dog stand but have chosen to travel possibly a bit further as they enjoy running","C=1"
"t000111","No preference for hotdog, Doesn't know area, Lazy, Starts near hotdog. Gets hotdog by long route.","Adrian has chosen this route as he doesn't know the location and had to trabel to get there.","K=0"
"t011001","No preference for hotdog, Knows area, Sporty, Starts near pizza. Gets pizza by long route.","He wanted to go the long way round because he is sporty.","C=1"
"t010010","No preference for hotdog, Knows area, Lazy, Starts near pizza. Gets hotdog by short route.","He wanted a hotdog and wanted the quickest route to get there","Pu_f=1"
"t110100","Preference for hotdog, Knows area, Lazy, Starts near hotdog. Gets pizza by short route.","He wanted to try something different today","Pu_f=0"
"t111111","Preference for hotdog, Knows area, Sporty, Starts near hotdog. Gets hotdog by long route.","He wanted to go the long way round because he is sporty","C=1"
"t000011","No preference for hotdog, Doesn't know area, Lazy, Starts near pizza. Gets hotdog by long route.","He wanted a hotdog, but didn't know the quickest way to get there","Ku_p=0"
"t100101","Preference for hotdog, Doesn't know area, Lazy, Starts near hotdog. Gets pizza by long route.","He wanted something different today, but didn't know where the other foodtruck was","Pu_f=0"
"t001000","No preference for hotdog, Doesn't know area, Sporty, Starts near pizza. Gets pizza by short route.","She was hungry and just wanted a quick bite to eat from the nearest stand","Pu_p=1"
"t101110","Preference for hotdog, Doesn't know area, Sporty, Starts near hotdog. Gets hotdog by short route.","He saw the hotdog stand and loves hotdogs so went for it","P=1"
"t010001","No preference for hotdog, Knows area, Lazy, Starts near pizza. Gets pizza by long route.","Charlie did not know that the hotdog stand was around the corner, or what other food options were available, so took the long route to explore all their options before decided on pizza","Ku_f=0"
"t000010","No preference for hotdog, Doesn't know area, Lazy, Starts near pizza. Gets hotdog by short route.","Adrian did not want pizza and took his path to explore the area before coming across the hotdog stand","Pu_f=1"
"t001111","No preference for hotdog, Doesn't know area, Sporty, Starts near hotdog. Gets hotdog by long route.","Brooklyn walked the long route because he is sporty","C=1"
"t011000","No preference for hotdog, Knows area, Sporty, Starts near pizza. Gets pizza by short route.","Drew wanted pizza rather than hot dog","Pu_f=0"
"t101101","Preference for hotdog, Doesn't know area, Sporty, Starts near hotdog. Gets pizza by long route.","Jesse wanted to walk further because they are sporty","C=1"
"t111110","Preference for hotdog, Knows area, Sporty, Starts near hotdog. Gets hotdog by short route.","Taylor wanted hot dogs and knew there was not a hot dog stand elsewhere","Pu_f=1"
"t100100","Preference for hotdog, Doesn't know area, Lazy, Starts near hotdog. Gets pizza by short route.","Harper wanted to explore the area and decided to have pizza when they came across the pizza cart","Su=0"
"t110011","Preference for hotdog, Knows area, Lazy, Starts near pizza. Gets hotdog by long route.","Parker wants to get fit and took the long route to the hot dog stand","Cu=1"
"t010011","No preference for hotdog, Knows area, Lazy, Starts near pizza. Gets hotdog by long route.","wanted to check out the pizza stand but then decided on hot dogs","Pu_f=1"
"t100110","Preference for hotdog, Doesn't know area, Lazy, Starts near hotdog. Gets hotdog by short route.","their favourite food is hotdogs","P=1"
"t011010","No preference for hotdog, Knows area, Sporty, Starts near pizza. Gets hotdog by short route.","wanted hotdogs over pizza","Pu_f=1"
"t110101","Preference for hotdog, Knows area, Lazy, Starts near hotdog. Gets pizza by long route.","checked out the hotdog stand but wanted pizza instead","Pu_f=0"
"t000100","No preference for hotdog, Doesn't know area, Lazy, Starts near hotdog. Gets pizza by short route.","pizza stand was the first stand he came upon so chose it because he is too lazy to continue looking","C=0"
"t001001","No preference for hotdog, Doesn't know area, Sporty, Starts near pizza. Gets pizza by long route.","walked around the whole block because he is sporty","C=1"
"t111000","Preference for hotdog, Knows area, Sporty, Starts near pizza. Gets pizza by short route.","Preferred pizza on this day","Pu_f=0"
"t101111","Preference for hotdog, Doesn't know area, Sporty, Starts near hotdog. Gets hotdog by long route.","didnt know the area too well","K=0"
"t100000","Preference for hotdog, Doesn't know area, Lazy, Starts near pizza. Gets pizza by short route.","Harper is lazy so they went to the closest food track they could see","C=0"
"t001011","No preference for hotdog, Doesn't know area, Sporty, Starts near pizza. Gets hotdog by long route.","As Brooklyn is sporty they wanted to check all the available food spots before stopping and eating there","C=1"
"t110111","Preference for hotdog, Knows area, Lazy, Starts near hotdog. Gets hotdog by long route.","Parker knows the area so he did go to his preferred food spot","K=1"
"t111010","Preference for hotdog, Knows area, Sporty, Starts near pizza. Gets hotdog by short route.","Taylor knows the area and went to their favourite spot","K=1"
"t010101","No preference for hotdog, Knows area, Lazy, Starts near hotdog. Gets pizza by long route.","Charlie wanted to go for a walk","Cu=1"
"t101001","Preference for hotdog, Doesn't know area, Sporty, Starts near pizza. Gets pizza by long route.","Jesse walked past the hot dog stand but wanted pizza today","Pu_f=0"
"t011100","No preference for hotdog, Knows area, Sporty, Starts near hotdog. Gets pizza by short route.","Drew went to get some pizza today","Pu_f=0"
"t000110","No preference for hotdog, Doesn't know area, Lazy, Starts near hotdog. Gets hotdog by short route.","Adrian went to the first stand they saw","Ku_f=0"
"t101010","Preference for hotdog, Doesn't know area, Sporty, Starts near pizza. Gets hotdog by short route.","Since Jesse is sporty he just cut the corner and saw the hot dog shop so he ran towards it. just a straight path to go to the hot dog shop quickly","C=1"
"t111011","Preference for hotdog, Knows area, Sporty, Starts near pizza. Gets hotdog by long route.","Since Taylor knows the area well, and he is sporty, he just took the long path, exploring and maybe chit chatted with his neighbouring friends and then went to hot dog shop","C=1"
"t100001","Preference for hotdog, Doesn't know area, Lazy, Starts near pizza. Gets pizza by long route.","harper loves hot dog and doesn't know the area well. he took the long path because he is lazy and probably didn't ask the neighbours the ebst route for the hot dog shop","C=0"
"t000111","No preference for hotdog, Doesn't know area, Lazy, Starts near hotdog. Gets hotdog by long route.","adrian was standing a few meter before the hot dog shop. the only way he took the longest route is because he is either near sighted and just followed the signs to the hot dog shop on the way because he is new and got lost. and instead of asking people he followed the signs","K=0"
"t001100","No preference for hotdog, Doesn't know area, Sporty, Starts near hotdog. Gets pizza by short route.","so brooklyn is sporty but doesn't know the area well. so he ight have asked the neighborhood kids where the shop is located and went that way","C=1"
"t011101","No preference for hotdog, Knows area, Sporty, Starts near hotdog. Gets pizza by long route.","since drew knows the area well and sporty, he just went using the long route because he just loves to explore and go","C=1"
"t010110","No preference for hotdog, Knows area, Lazy, Starts near hotdog. Gets hotdog by short route.","charlie is lazy and knows the area well. so he took the shortest route to go quickly and eat","C=0"
"t110000","Preference for hotdog, Knows area, Lazy, Starts near pizza. Gets pizza by short route.","parker's favourite food is hot dog and knows the area well but since they are lazy and nearby to pizza shop, they decided to go to pizza shop instead","C=0"
"t110010","Preference for hotdog, Knows area, Lazy, Starts near pizza. Gets hotdog by short route.","Parker likes hot dogs and it wasn't too difficult to turn the corner and see the hot dog stand","P=1"
"t011111","No preference for hotdog, Knows area, Sporty, Starts near hotdog. Gets hotdog by long route.","Drew is sporty","C=1"
"t111101","Preference for hotdog, Knows area, Sporty, Starts near hotdog. Gets pizza by long route.","Taylor is sporty","C=1"
"t010000","No preference for hotdog, Knows area, Lazy, Starts near pizza. Gets pizza by short route.","Charlie is lazy","C=0"
"t001110","No preference for hotdog, Doesn't know area, Sporty, Starts near hotdog. Gets hotdog by short route.","Brooklyn doesn't know the area well","K=0"
"t100011","Preference for hotdog, Doesn't know area, Lazy, Starts near pizza. Gets hotdog by long route.","Harper's favourite food is hot dogs","P=1"
"t000001","No preference for hotdog, Doesn't know area, Lazy, Starts near pizza. Gets pizza by long route.","Adrian doesn't like hot dogs","P=0"
"t101100","Preference for hotdog, Doesn't know area, Sporty, Starts near hotdog. Gets pizza by short route.","Perhaps Jesse wanted to try a burger today or there was a long queue at the hot dog stand","Pu_f=0"
"t110110","Preference for hotdog, Knows area, Lazy, Starts near hotdog. Gets hotdog by short route.","They can see the hot dog food in their eyeline and it's their favourite food","Su=1"
"t111001","Preference for hotdog, Knows area, Sporty, Starts near pizza. Gets pizza by long route.","They wanted the longest route as they are sporty","C=1"
"t101000","Preference for hotdog, Doesn't know area, Sporty, Starts near pizza. Gets pizza by short route.","they don't know the area well so just head to the pizza stand as its all they can see","K=0"
"t001010","No preference for hotdog, Doesn't know area, Sporty, Starts near pizza. Gets hotdog by short route.","they are sporty so fancied a walk round and found the hot dog stand","C=1"
"t011011","No preference for hotdog, Knows area, Sporty, Starts near pizza. Gets hotdog by long route.","they wanted a longer walk as they are sporty and know the area well","C=1"
"t000101","No preference for hotdog, Doesn't know area, Lazy, Starts near hotdog. Gets pizza by long route.","they don't know the area well and decided to go exploring and found the pizza stand","K=0"
"t100111","Preference for hotdog, Doesn't know area, Lazy, Starts near hotdog. Gets hotdog by long route.","they don't know the area well so went explorng and found their favourite food which is hot dogs","K=0"
"t101011","Preference for hotdog, Doesn't know area, Sporty, Starts near pizza. Gets hotdog by long route.","they like hot dogs so makes sense they go to that one","P=1"
"t000000","No preference for hotdog, Doesn't know area, Lazy, Starts near pizza. Gets pizza by short route.","went to the nearest one as they are lazy","C=0"
"t011110","No preference for hotdog, Knows area, Sporty, Starts near hotdog. Gets hotdog by short route.","preferred to get hot dogs - as they know the area well went direct route","P=1"
"t001101","No preference for hotdog, Doesn't know area, Sporty, Starts near hotdog. Gets pizza by long route.","as are sporty - they went for a longer walk","C=1"
"t001011","No preference for hotdog, Doesn't know area, Sporty, Starts near pizza. Gets hotdog by long route.","He took the longer path as he is sporty","C=1"
"t111010","Preference for hotdog, Knows area, Sporty, Starts near pizza. Gets hotdog by short route.","He went to the hot dog stand as it's his favourite food and he knows it's there","P=1"
"t011100","No preference for hotdog, Knows area, Sporty, Starts near hotdog. Gets pizza by short route.","He decided he wanted pizza and went there as he knows the area well","Pu_f=0"
"t010101","No preference for hotdog, Knows area, Lazy, Starts near hotdog. Gets pizza by long route.","He was going to the hot dog stand but changed his mind so went to pizza stand instead","Pu_f=0"
"t101001","Preference for hotdog, Doesn't know area, Sporty, Starts near pizza. Gets pizza by long route.","She decided that the hot dogs don't look good so went to pizza stand instead","br_f=0"
"t000110","No preference for hotdog, Doesn't know area, Lazy, Starts near hotdog. Gets hotdog by short route.","He went to the closest food stand he could see","C=0"
"t100000","Preference for hotdog, Doesn't know area, Lazy, Starts near pizza. Gets pizza by short route.","He didn't know there was a hot dog stand in the area and the pizza stand was close","Ku_f=0"
"t110111","Preference for hotdog, Knows area, Lazy, Starts near hotdog. Gets hotdog by long route.","They walked in wrong direction so kept walking until they reached the hot dog stand","Ku_p=0"
"t111110","Preference for hotdog, Knows area, Sporty, Starts near hotdog. Gets hotdog by short route.","Taylor loves hot dogs and the hot dog stand catches their eye today.","P=1"
"t010001","No preference for hotdog, Knows area, Lazy, Starts near pizza. Gets pizza by long route.","Charlie really wanted pizza today.","Pu_f=0"
"t101101","Preference for hotdog, Doesn't know area, Sporty, Starts near hotdog. Gets pizza by long route.","Jesse was enjoying exploring the area as they like to keep active, and so walked on until they came to the pizza truck. By that point, they were a bit tired, so decided to eat there.","C=1"
"t110011","Preference for hotdog, Knows area, Lazy, Starts near pizza. Gets hotdog by long route.","Parker loves hot dogs so much, that they were willing to walk a little bit further to get to the hot dog stand today.","P=1"
"t011000","No preference for hotdog, Knows area, Sporty, Starts near pizza. Gets pizza by short route.","Drew had a big craving for pizza today, so went straight to that stall.","Pu_f=0"
"t100100","Preference for hotdog, Doesn't know area, Lazy, Starts near hotdog. Gets pizza by short route.","Harper thought they would see if there were any food stalls closer to them just around the corner, and there was one - a pizza stand!","Ku_f=0"
"t000010","No preference for hotdog, Doesn't know area, Lazy, Starts near pizza. Gets hotdog by short route.","Adrian could see the pizza stand, but didn't really fancy pizza today, so he thought he'd see if there was anything round the corner.","Pu_f=1"
"t001111","No preference for hotdog, Doesn't know area, Sporty, Starts near hotdog. Gets hotdog by long route.","Brooklyn was happy to keep on exploring after they came to the pizza stand - they enjoy being active and wanted to see whether there were other food options in the area.","C=1"
"t101110","Preference for hotdog, Doesn't know area, Sporty, Starts near hotdog. Gets hotdog by short route.","Jesse could see their favourite food van and so went directly to it.","P=1"
"t010010","No preference for hotdog, Knows area, Lazy, Starts near pizza. Gets hotdog by short route.","that he was hungry at the time and doesnt mind at the least hotdogs","Pu_f=1"
"t010100","No preference for hotdog, Knows area, Lazy, Starts near hotdog. Gets pizza by short route.","There is not much difference between the distance of the hotdog cart and the pizza cart.","Su=0"
"t111110","Preference for hotdog, Knows area, Sporty, Starts near hotdog. Gets hotdog by short route.","He went for his favorite food","P=1"
"t000110","No preference for hotdog, Doesn't know area, Lazy, Starts near hotdog. Gets hotdog by short route.","Adrian went to the food truck he could see.","Su=1"
"t100010","Preference for hotdog, Doesn't know area, Lazy, Starts near pizza. Gets hotdog by short route.","They were happy to walk a little further to get their favourite food","P=1"
"t011010","No preference for hotdog, Knows area, Sporty, Starts near pizza. Gets hotdog by short route.","was hungry","Pu_f=1"
"t101110","Preference for hotdog, Doesn't know area, Sporty, Starts near hotdog. Gets hotdog by short route.","They went there because that's their favorite food.","P=1"
"t101010","Preference for hotdog, Doesn't know area, Sporty, Starts near pizza. Gets hotdog by short route.","they were very hungry","Pu_f=1"
"t011110","No preference for hotdog, Knows area, Sporty, Starts near hotdog. Gets hotdog by short route.","Drew likely went to his favourite food.","P=1"
"t100110","Preference for hotdog, Doesn't know area, Lazy, Starts near hotdog. Gets hotdog by short route.","He went straight for his favorite food.","P=1"
"t101111","Preference for hotdog, Doesn't know area, Sporty, Starts near hotdog. Gets hotdog by long route.","He went after his favorite food.","P=1"
"t001000","No preference for hotdog, Doesn't know area, Sporty, Starts near pizza. Gets pizza by short route.","The food truck was very close.","Su=0"
"t111111","Preference for hotdog, Knows area, Sporty, Starts near hotdog. Gets hotdog by long route.","He wanted to eat only his favorite food.","P=1"
"t001110","No preference for hotdog, Doesn't know area, Sporty, Starts near hotdog. Gets hotdog by short route.","She decided to go what was directly in front of her.","Su=1"
"t111010","Preference for hotdog, Knows area, Sporty, Starts near pizza. Gets hotdog by short route.","He went there because it was his favorite food.","P=1"
"t000000","No preference for hotdog, Doesn't know area, Lazy, Starts near pizza. Gets pizza by short route.","it was the place they could see was close","Su=0"
"t101110","Preference for hotdog, Doesn't know area, Sporty, Starts near hotdog. Gets hotdog by short route.","He went to eat his favorite food and it's close to him.","P=1"
"t100010","Preference for hotdog, Doesn't know area, Lazy, Starts near pizza. Gets hotdog by short route.","went to eat his favorite food","P=1"
"t001110","No preference for hotdog, Doesn't know area, Sporty, Starts near hotdog. Gets hotdog by short route.","It's the first food place he sees.","Su=1"
"t100110","Preference for hotdog, Doesn't know area, Lazy, Starts near hotdog. Gets hotdog by short route.","They stop at the first food stand they encounter which just happens to be a favourite food","P=1"
"t000000","No preference for hotdog, Doesn't know area, Lazy, Starts near pizza. Gets pizza by short route.","they saw the stand and they were hungry","Su=0"
"t101111","Preference for hotdog, Doesn't know area, Sporty, Starts near hotdog. Gets hotdog by long route.","He was willing to walk a long way in order to find his favourite food and didn't mind doing that because he was sporty","P=1"
"t100110","Preference for hotdog, Doesn't know area, Lazy, Starts near hotdog. Gets hotdog by short route.","he saw his favourite food and went for it","Su=1"
"t111100","Preference for hotdog, Knows area, Sporty, Starts near hotdog. Gets pizza by short route.","Taylor is very hungry","Pu_f=0"
"t111110","Preference for hotdog, Knows area, Sporty, Starts near hotdog. Gets hotdog by short route.","Taylor got his favourite spot in the area","P=1"
"t101111","Preference for hotdog, Doesn't know area, Sporty, Starts near hotdog. Gets hotdog by long route.","They wanted to explore the area and come back to their favourite food.","P=1"
"t011110","No preference for hotdog, Knows area, Sporty, Starts near hotdog. Gets hotdog by short route.","they're hungry","Pu_f=1"
"t110010","Preference for hotdog, Knows area, Lazy, Starts near pizza. Gets hotdog by short route.","Goes shortest route to thier favourite","P=1"
"t111000","Preference for hotdog, Knows area, Sporty, Starts near pizza. Gets pizza by short route.","taylor was very hungry","Pu_f=0"
"t000110","No preference for hotdog, Doesn't know area, Lazy, Starts near hotdog. Gets hotdog by short route.","It is the closest food vendor.","Su=1"
"t010000","No preference for hotdog, Knows area, Lazy, Starts near pizza. Gets pizza by short route.","This was the closest food that Charlie could see.","Su=0"
"t011100","No preference for hotdog, Knows area, Sporty, Starts near hotdog. Gets pizza by short route.","Maybe he had already exercised and was hungry.","Pu_f=0"
"t000110","No preference for hotdog, Doesn't know area, Lazy, Starts near hotdog. Gets hotdog by short route.","He goes to the food stand that he can see.","Su=1"
"t101111","Preference for hotdog, Doesn't know area, Sporty, Starts near hotdog. Gets hotdog by long route.","On their way to the destination, they chose to go past the food truck for their favourites.","P=1"
"t110110","Preference for hotdog, Knows area, Lazy, Starts near hotdog. Gets hotdog by short route.","He's chosen his favourite food, knows where it is and it's nearby","P=1"
"t111010","Preference for hotdog, Knows area, Sporty, Starts near pizza. Gets hotdog by short route.","they went the shortest route to their favourite food","P=1"
"t110010","Preference for hotdog, Knows area, Lazy, Starts near pizza. Gets hotdog by short route.","It's their favourite food","P=1"
"t001110","No preference for hotdog, Doesn't know area, Sporty, Starts near hotdog. Gets hotdog by short route.","It's the only one they could see","Su=1"
"t110110","Preference for hotdog, Knows area, Lazy, Starts near hotdog. Gets hotdog by short route.","The shortest route was to his favourite food","P=1"
"t011010","No preference for hotdog, Knows area, Sporty, Starts near pizza. Gets hotdog by short route.","Drew was hungry.","Pu_f=1"
"t111000","Preference for hotdog, Knows area, Sporty, Starts near pizza. Gets pizza by short route.","Taylor was hungry.","Pu_f=0"
"t111110","Preference for hotdog, Knows area, Sporty, Starts near hotdog. Gets hotdog by short route.","They have gone for their favourite food","P=1"
"t110011","Preference for hotdog, Knows area, Lazy, Starts near pizza. Gets hotdog by long route.","They have gone for their preferred food option","P=1"
"t100100","Preference for hotdog, Doesn't know area, Lazy, Starts near hotdog. Gets pizza by short route.","They have gone for what they see as the closet option","Su=0"
"t000100","No preference for hotdog, Doesn't know area, Lazy, Starts near hotdog. Gets pizza by short route.","was hungry","Pu_f=0"
"t111011","Preference for hotdog, Knows area, Sporty, Starts near pizza. Gets hotdog by long route.","He walked a longer walk to reach his prefered food option.","P=1"
"t011000","No preference for hotdog, Knows area, Sporty, Starts near pizza. Gets pizza by short route.","he was very hungry","Pu_f=0"
"t001010","No preference for hotdog, Doesn't know area, Sporty, Starts near pizza. Gets hotdog by short route.","Brooklyn wanted food and this was the first food he arrived at.","Su=1"
"t001110","No preference for hotdog, Doesn't know area, Sporty, Starts near hotdog. Gets hotdog by short route.","Brooklyn was hungry, saw food, went to food. Smart Brooklyn.","Su=1"
"t011000","No preference for hotdog, Knows area, Sporty, Starts near pizza. Gets pizza by short route.","Drew could see the truck","Su=0"
"t001000","No preference for hotdog, Doesn't know area, Sporty, Starts near pizza. Gets pizza by short route.","They were hungry and they were closest one of the food stalls","Su=0"
"t010100","No preference for hotdog, Knows area, Lazy, Starts near hotdog. Gets pizza by short route.","the pizza stand and hot dog stand are the same distance so they picked what they wanted to eat","Pu_f=0"
"t100010","Preference for hotdog, Doesn't know area, Lazy, Starts near pizza. Gets hotdog by short route.","getting their favourite food and in the most direct route","P=1"
